2026-08-29T10:00:07.617Z CRITICAL db-pool[1801]: connection limit exceeded (100/100) for user 'app_user'
  SQL State: 53300 (too_many_connections) - User 'app_user' has reached maximum allowed connections
2026-08-29T10:00:21.202Z CRITICAL redis-cluster[6379]: RedisException: OOM command not allowed when used memory > 'maxmemory' (used memory: 2048MB)
2026-08-29T10:00:48.260Z WARNING redis-cluster[6379]: Memory usage at 94% (1920MB/2048MB). Eviction policy: noeviction
2026-08-29T10:01:02.368Z ERROR postgres-primary[18402]: ERROR: deadlock detected. Process 748 waits for ExclusiveLock on relation orders; blocked by process 180
2026-08-29T10:01:23.738Z CRITICAL redis-cluster[6379]: RedisException: OOM command not allowed when used memory > 'maxmemory' (used memory: 2048MB)
2026-08-29T10:01:50.949Z INFO postgres-primary[1801]: execute <JDBC Query>: SELECT * FROM orders WHERE user_id = 4159 AND status = 'active'
2026-08-29T10:02:10.212Z WARNING db-pool[1801]: Active database connection count at 93% of capacity (93/100)
2026-08-29T10:02:25.191Z INFO postgres-primary[1801]: execute <JDBC Query>: SELECT * FROM orders WHERE user_id = 8155 AND status = 'active'
2026-08-29T10:02:42.115Z CRITICAL db-pool[1801]: connection limit exceeded (100/100) for user 'app_user'
  SQL State: 53300 (too_many_connections) - User 'app_user' has reached maximum allowed connections
2026-08-29T10:03:02.953Z CRITICAL db-pool[1801]: connection limit exceeded (100/100) for user 'app_user'
  SQL State: 53300 (too_many_connections) - User 'app_user' has reached maximum allowed connections
2026-08-29T10:03:27.410Z CRITICAL db-pool[1801]: connection limit exceeded (100/100) for user 'app_user'
  SQL State: 53300 (too_many_connections) - User 'app_user' has reached maximum allowed connections
2026-08-29T10:03:49.309Z ERROR postgres-primary[18402]: ERROR: deadlock detected. Process 453 waits for ExclusiveLock on relation orders; blocked by process 152
2026-08-29T10:04:10.447Z WARNING db-pool[1801]: Active database connection count at 88% of capacity (88/100)
2026-08-29T10:04:22.431Z CRITICAL redis-cluster[6379]: RedisException: OOM command not allowed when used memory > 'maxmemory' (used memory: 2048MB)
2026-08-29T10:04:45.558Z INFO postgres-primary[1801]: execute <JDBC Query>: SELECT * FROM orders WHERE user_id = 2938 AND status = 'active'
2026-08-29T10:05:10.513Z WARNING db-pool[1801]: Active database connection count at 89% of capacity (89/100)
2026-08-29T10:05:24.716Z WARNING db-pool[1801]: Active database connection count at 88% of capacity (88/100)
2026-08-29T10:05:44.240Z CRITICAL db-pool[1801]: connection limit exceeded (100/100) for user 'app_user'
  SQL State: 53300 (too_many_connections) - User 'app_user' has reached maximum allowed connections
2026-08-29T10:06:08.588Z CRITICAL db-pool[1801]: connection limit exceeded (100/100) for user 'app_user'
  SQL State: 53300 (too_many_connections) - User 'app_user' has reached maximum allowed connections
2026-08-29T10:06:24.802Z CRITICAL db-pool[1801]: connection limit exceeded (100/100) for user 'app_user'
  SQL State: 53300 (too_many_connections) - User 'app_user' has reached maximum allowed connections
2026-08-29T10:06:47.315Z WARNING db-pool[1801]: Active database connection count at 94% of capacity (94/100)
2026-08-29T10:07:01.862Z WARNING redis-cluster[6379]: Memory usage at 94% (1920MB/2048MB). Eviction policy: noeviction
2026-08-29T10:07:30.590Z ERROR postgres-primary[18402]: ERROR: deadlock detected. Process 672 waits for ExclusiveLock on relation orders; blocked by process 309
2026-08-29T10:07:45.549Z CRITICAL db-pool[1801]: connection limit exceeded (100/100) for user 'app_user'
  SQL State: 53300 (too_many_connections) - User 'app_user' has reached maximum allowed connections
2026-08-29T10:08:03.429Z ERROR postgres-primary[18402]: ERROR: deadlock detected. Process 791 waits for ExclusiveLock on relation orders; blocked by process 724
2026-08-29T10:08:25.511Z CRITICAL redis-cluster[6379]: RedisException: OOM command not allowed when used memory > 'maxmemory' (used memory: 2048MB)
2026-08-29T10:08:44.778Z WARNING redis-cluster[6379]: Memory usage at 94% (1920MB/2048MB). Eviction policy: noeviction
2026-08-29T10:09:07.377Z ERROR postgres-primary[18402]: ERROR: deadlock detected. Process 819 waits for ExclusiveLock on relation orders; blocked by process 663
2026-08-29T10:09:28.379Z CRITICAL redis-cluster[6379]: RedisException: OOM command not allowed when used memory > 'maxmemory' (used memory: 2048MB)
2026-08-29T10:09:42.628Z CRITICAL redis-cluster[6379]: RedisException: OOM command not allowed when used memory > 'maxmemory' (used memory: 2048MB)
2026-08-29T10:10:09.715Z INFO postgres-primary[1801]: execute <JDBC Query>: SELECT * FROM orders WHERE user_id = 5147 AND status = 'active'
2026-08-29T10:10:27.638Z CRITICAL db-pool[1801]: connection limit exceeded (100/100) for user 'app_user'
  SQL State: 53300 (too_many_connections) - User 'app_user' has reached maximum allowed connections
2026-08-29T10:10:48.421Z ERROR postgres-primary[18402]: ERROR: deadlock detected. Process 380 waits for ExclusiveLock on relation orders; blocked by process 622
2026-08-29T10:11:07.679Z CRITICAL db-pool[1801]: connection limit exceeded (100/100) for user 'app_user'
  SQL State: 53300 (too_many_connections) - User 'app_user' has reached maximum allowed connections
2026-08-29T10:11:25.540Z WARNING redis-cluster[6379]: Memory usage at 94% (1920MB/2048MB). Eviction policy: noeviction
2026-08-29T10:11:48.914Z CRITICAL db-pool[1801]: connection limit exceeded (100/100) for user 'app_user'
  SQL State: 53300 (too_many_connections) - User 'app_user' has reached maximum allowed connections
2026-08-29T10:12:03.472Z INFO postgres-primary[1801]: execute <JDBC Query>: SELECT * FROM orders WHERE user_id = 2539 AND status = 'active'
2026-08-29T10:12:26.672Z WARNING redis-cluster[6379]: Memory usage at 94% (1920MB/2048MB). Eviction policy: noeviction
2026-08-29T10:12:47.560Z CRITICAL redis-cluster[6379]: RedisException: OOM command not allowed when used memory > 'maxmemory' (used memory: 2048MB)
2026-08-29T10:13:02.425Z WARNING db-pool[1801]: Active database connection count at 91% of capacity (91/100)
2026-08-29T10:13:29.522Z INFO postgres-primary[1801]: execute <JDBC Query>: SELECT * FROM orders WHERE user_id = 5543 AND status = 'active'
2026-08-29T10:13:49.215Z CRITICAL db-pool[1801]: connection limit exceeded (100/100) for user 'app_user'
  SQL State: 53300 (too_many_connections) - User 'app_user' has reached maximum allowed connections
2026-08-29T10:14:04.384Z WARNING db-pool[1801]: Active database connection count at 93% of capacity (93/100)
2026-08-29T10:14:23.732Z ERROR postgres-primary[18402]: ERROR: deadlock detected. Process 266 waits for ExclusiveLock on relation orders; blocked by process 292
2026-08-29T10:14:45.887Z WARNING db-pool[1801]: Active database connection count at 96% of capacity (96/100)
2026-08-29T10:15:01.228Z CRITICAL redis-cluster[6379]: RedisException: OOM command not allowed when used memory > 'maxmemory' (used memory: 2048MB)
2026-08-29T10:15:29.170Z INFO postgres-primary[1801]: execute <JDBC Query>: SELECT * FROM orders WHERE user_id = 6779 AND status = 'active'
2026-08-29T10:15:48.405Z CRITICAL redis-cluster[6379]: RedisException: OOM command not allowed when used memory > 'maxmemory' (used memory: 2048MB)
2026-08-29T10:16:01.236Z WARNING redis-cluster[6379]: Memory usage at 94% (1920MB/2048MB). Eviction policy: noeviction
2026-08-29T10:16:26.565Z CRITICAL db-pool[1801]: connection limit exceeded (100/100) for user 'app_user'
  SQL State: 53300 (too_many_connections) - User 'app_user' has reached maximum allowed connections
2026-08-29T10:16:41.218Z CRITICAL db-pool[1801]: connection limit exceeded (100/100) for user 'app_user'
  SQL State: 53300 (too_many_connections) - User 'app_user' has reached maximum allowed connections
2026-08-29T10:17:07.988Z INFO postgres-primary[1801]: execute <JDBC Query>: SELECT * FROM orders WHERE user_id = 7256 AND status = 'active'
2026-08-29T10:17:27.573Z WARNING db-pool[1801]: Active database connection count at 86% of capacity (86/100)
2026-08-29T10:17:43.359Z CRITICAL redis-cluster[6379]: RedisException: OOM command not allowed when used memory > 'maxmemory' (used memory: 2048MB)
2026-08-29T10:18:04.845Z WARNING redis-cluster[6379]: Memory usage at 94% (1920MB/2048MB). Eviction policy: noeviction
2026-08-29T10:18:29.183Z CRITICAL db-pool[1801]: connection limit exceeded (100/100) for user 'app_user'
  SQL State: 53300 (too_many_connections) - User 'app_user' has reached maximum allowed connections
2026-08-29T10:18:49.599Z WARNING redis-cluster[6379]: Memory usage at 94% (1920MB/2048MB). Eviction policy: noeviction
2026-08-29T10:19:10.306Z CRITICAL redis-cluster[6379]: RedisException: OOM command not allowed when used memory > 'maxmemory' (used memory: 2048MB)
2026-08-29T10:19:21.687Z ERROR postgres-primary[18402]: ERROR: deadlock detected. Process 878 waits for ExclusiveLock on relation orders; blocked by process 819
2026-08-29T10:19:46.336Z ERROR postgres-primary[18402]: ERROR: deadlock detected. Process 604 waits for ExclusiveLock on relation orders; blocked by process 850
2026-08-29T10:20:08.630Z ERROR postgres-primary[18402]: ERROR: deadlock detected. Process 233 waits for ExclusiveLock on relation orders; blocked by process 122
2026-08-29T10:20:26.681Z CRITICAL db-pool[1801]: connection limit exceeded (100/100) for user 'app_user'
  SQL State: 53300 (too_many_connections) - User 'app_user' has reached maximum allowed connections
2026-08-29T10:20:42.451Z INFO postgres-primary[1801]: execute <JDBC Query>: SELECT * FROM orders WHERE user_id = 4246 AND status = 'active'
2026-08-29T10:21:01.761Z CRITICAL db-pool[1801]: connection limit exceeded (100/100) for user 'app_user'
  SQL State: 53300 (too_many_connections) - User 'app_user' has reached maximum allowed connections
2026-08-29T10:21:21.935Z CRITICAL redis-cluster[6379]: RedisException: OOM command not allowed when used memory > 'maxmemory' (used memory: 2048MB)
2026-08-29T10:21:41.184Z CRITICAL db-pool[1801]: connection limit exceeded (100/100) for user 'app_user'
  SQL State: 53300 (too_many_connections) - User 'app_user' has reached maximum allowed connections
2026-08-29T10:22:05.846Z WARNING redis-cluster[6379]: Memory usage at 94% (1920MB/2048MB). Eviction policy: noeviction
2026-08-29T10:22:26.607Z CRITICAL db-pool[1801]: connection limit exceeded (100/100) for user 'app_user'
  SQL State: 53300 (too_many_connections) - User 'app_user' has reached maximum allowed connections
2026-08-29T10:22:46.518Z CRITICAL db-pool[1801]: connection limit exceeded (100/100) for user 'app_user'
  SQL State: 53300 (too_many_connections) - User 'app_user' has reached maximum allowed connections
2026-08-29T10:23:05.185Z ERROR postgres-primary[18402]: ERROR: deadlock detected. Process 210 waits for ExclusiveLock on relation orders; blocked by process 883
2026-08-29T10:23:29.582Z ERROR postgres-primary[18402]: ERROR: deadlock detected. Process 603 waits for ExclusiveLock on relation orders; blocked by process 498
2026-08-29T10:23:47.432Z ERROR postgres-primary[18402]: ERROR: deadlock detected. Process 272 waits for ExclusiveLock on relation orders; blocked by process 863
2026-08-29T10:24:04.209Z ERROR postgres-primary[18402]: ERROR: deadlock detected. Process 945 waits for ExclusiveLock on relation orders; blocked by process 203
2026-08-29T10:24:24.722Z INFO postgres-primary[1801]: execute <JDBC Query>: SELECT * FROM orders WHERE user_id = 5121 AND status = 'active'
2026-08-29T10:24:42.123Z WARNING db-pool[1801]: Active database connection count at 94% of capacity (94/100)
2026-08-29T10:25:08.965Z WARNING redis-cluster[6379]: Memory usage at 94% (1920MB/2048MB). Eviction policy: noeviction
2026-08-29T10:25:26.593Z WARNING db-pool[1801]: Active database connection count at 93% of capacity (93/100)
2026-08-29T10:25:49.677Z ERROR postgres-primary[18402]: ERROR: deadlock detected. Process 630 waits for ExclusiveLock on relation orders; blocked by process 585
2026-08-29T10:26:05.960Z ERROR postgres-primary[18402]: ERROR: deadlock detected. Process 221 waits for ExclusiveLock on relation orders; blocked by process 595
2026-08-29T10:26:27.661Z WARNING redis-cluster[6379]: Memory usage at 94% (1920MB/2048MB). Eviction policy: noeviction
2026-08-29T10:26:44.175Z ERROR postgres-primary[18402]: ERROR: deadlock detected. Process 864 waits for ExclusiveLock on relation orders; blocked by process 205
2026-08-29T10:27:06.873Z CRITICAL db-pool[1801]: connection limit exceeded (100/100) for user 'app_user'
  SQL State: 53300 (too_many_connections) - User 'app_user' has reached maximum allowed connections
2026-08-29T10:27:25.439Z CRITICAL db-pool[1801]: connection limit exceeded (100/100) for user 'app_user'
  SQL State: 53300 (too_many_connections) - User 'app_user' has reached maximum allowed connections
2026-08-29T10:27:50.340Z CRITICAL db-pool[1801]: connection limit exceeded (100/100) for user 'app_user'
  SQL State: 53300 (too_many_connections) - User 'app_user' has reached maximum allowed connections
2026-08-29T10:28:05.511Z CRITICAL db-pool[1801]: connection limit exceeded (100/100) for user 'app_user'
  SQL State: 53300 (too_many_connections) - User 'app_user' has reached maximum allowed connections
2026-08-29T10:28:29.242Z CRITICAL db-pool[1801]: connection limit exceeded (100/100) for user 'app_user'
  SQL State: 53300 (too_many_connections) - User 'app_user' has reached maximum allowed connections
2026-08-29T10:28:45.799Z ERROR postgres-primary[18402]: ERROR: deadlock detected. Process 750 waits for ExclusiveLock on relation orders; blocked by process 295
2026-08-29T10:29:09.524Z CRITICAL db-pool[1801]: connection limit exceeded (100/100) for user 'app_user'
  SQL State: 53300 (too_many_connections) - User 'app_user' has reached maximum allowed connections
2026-08-29T10:29:30.540Z WARNING redis-cluster[6379]: Memory usage at 94% (1920MB/2048MB). Eviction policy: noeviction
2026-08-29T10:29:45.737Z CRITICAL db-pool[1801]: connection limit exceeded (100/100) for user 'app_user'
  SQL State: 53300 (too_many_connections) - User 'app_user' has reached maximum allowed connections
2026-08-29T10:30:03.690Z CRITICAL redis-cluster[6379]: RedisException: OOM command not allowed when used memory > 'maxmemory' (used memory: 2048MB)
2026-08-29T10:30:27.532Z CRITICAL db-pool[1801]: connection limit exceeded (100/100) for user 'app_user'
  SQL State: 53300 (too_many_connections) - User 'app_user' has reached maximum allowed connections
2026-08-29T10:30:47.420Z WARNING db-pool[1801]: Active database connection count at 92% of capacity (92/100)
2026-08-29T10:31:08.528Z WARNING redis-cluster[6379]: Memory usage at 94% (1920MB/2048MB). Eviction policy: noeviction
2026-08-29T10:31:22.596Z WARNING db-pool[1801]: Active database connection count at 100% of capacity (100/100)
2026-08-29T10:31:47.502Z WARNING db-pool[1801]: Active database connection count at 95% of capacity (95/100)
2026-08-29T10:32:03.194Z CRITICAL redis-cluster[6379]: RedisException: OOM command not allowed when used memory > 'maxmemory' (used memory: 2048MB)
2026-08-29T10:32:22.342Z INFO postgres-primary[1801]: execute <JDBC Query>: SELECT * FROM orders WHERE user_id = 2519 AND status = 'active'
2026-08-29T10:32:49.650Z ERROR postgres-primary[18402]: ERROR: deadlock detected. Process 933 waits for ExclusiveLock on relation orders; blocked by process 688
2026-08-29T10:33:01.934Z INFO postgres-primary[1801]: execute <JDBC Query>: SELECT * FROM orders WHERE user_id = 3789 AND status = 'active'
2026-08-29T10:33:27.284Z ERROR postgres-primary[18402]: ERROR: deadlock detected. Process 807 waits for ExclusiveLock on relation orders; blocked by process 771
2026-08-29T10:33:41.719Z WARNING db-pool[1801]: Active database connection count at 91% of capacity (91/100)
2026-08-29T10:34:04.817Z WARNING redis-cluster[6379]: Memory usage at 94% (1920MB/2048MB). Eviction policy: noeviction
2026-08-29T10:34:22.635Z ERROR postgres-primary[18402]: ERROR: deadlock detected. Process 616 waits for ExclusiveLock on relation orders; blocked by process 727
2026-08-29T10:34:49.109Z ERROR postgres-primary[18402]: ERROR: deadlock detected. Process 393 waits for ExclusiveLock on relation orders; blocked by process 226
2026-08-29T10:35:07.688Z WARNING db-pool[1801]: Active database connection count at 88% of capacity (88/100)
2026-08-29T10:35:28.873Z WARNING redis-cluster[6379]: Memory usage at 94% (1920MB/2048MB). Eviction policy: noeviction
2026-08-29T10:35:45.196Z WARNING db-pool[1801]: Active database connection count at 88% of capacity (88/100)
2026-08-29T10:36:01.447Z CRITICAL db-pool[1801]: connection limit exceeded (100/100) for user 'app_user'
  SQL State: 53300 (too_many_connections) - User 'app_user' has reached maximum allowed connections
2026-08-29T10:36:23.280Z CRITICAL db-pool[1801]: connection limit exceeded (100/100) for user 'app_user'
  SQL State: 53300 (too_many_connections) - User 'app_user' has reached maximum allowed connections
2026-08-29T10:36:46.468Z ERROR postgres-primary[18402]: ERROR: deadlock detected. Process 557 waits for ExclusiveLock on relation orders; blocked by process 697
2026-08-29T10:37:03.327Z WARNING redis-cluster[6379]: Memory usage at 94% (1920MB/2048MB). Eviction policy: noeviction
2026-08-29T10:37:25.617Z WARNING redis-cluster[6379]: Memory usage at 94% (1920MB/2048MB). Eviction policy: noeviction
2026-08-29T10:37:48.814Z CRITICAL db-pool[1801]: connection limit exceeded (100/100) for user 'app_user'
  SQL State: 53300 (too_many_connections) - User 'app_user' has reached maximum allowed connections
2026-08-29T10:38:10.833Z WARNING redis-cluster[6379]: Memory usage at 94% (1920MB/2048MB). Eviction policy: noeviction
2026-08-29T10:38:27.392Z INFO postgres-primary[1801]: execute <JDBC Query>: SELECT * FROM orders WHERE user_id = 9508 AND status = 'active'
2026-08-29T10:38:42.100Z CRITICAL redis-cluster[6379]: RedisException: OOM command not allowed when used memory > 'maxmemory' (used memory: 2048MB)
2026-08-29T10:39:10.786Z CRITICAL redis-cluster[6379]: RedisException: OOM command not allowed when used memory > 'maxmemory' (used memory: 2048MB)
2026-08-29T10:39:21.704Z ERROR postgres-primary[18402]: ERROR: deadlock detected. Process 682 waits for ExclusiveLock on relation orders; blocked by process 516
2026-08-29T10:39:44.367Z CRITICAL redis-cluster[6379]: RedisException: OOM command not allowed when used memory > 'maxmemory' (used memory: 2048MB)
2026-08-29T10:40:06.296Z INFO postgres-primary[1801]: execute <JDBC Query>: SELECT * FROM orders WHERE user_id = 9361 AND status = 'active'
2026-08-29T10:40:30.147Z ERROR postgres-primary[18402]: ERROR: deadlock detected. Process 583 waits for ExclusiveLock on relation orders; blocked by process 847
2026-08-29T10:40:44.362Z CRITICAL redis-cluster[6379]: RedisException: OOM command not allowed when used memory > 'maxmemory' (used memory: 2048MB)
2026-08-29T10:41:08.636Z CRITICAL redis-cluster[6379]: RedisException: OOM command not allowed when used memory > 'maxmemory' (used memory: 2048MB)
2026-08-29T10:41:22.778Z ERROR postgres-primary[18402]: ERROR: deadlock detected. Process 232 waits for ExclusiveLock on relation orders; blocked by process 762
2026-08-29T10:41:45.349Z INFO postgres-primary[1801]: execute <JDBC Query>: SELECT * FROM orders WHERE user_id = 6034 AND status = 'active'
2026-08-29T10:42:03.410Z CRITICAL redis-cluster[6379]: RedisException: OOM command not allowed when used memory > 'maxmemory' (used memory: 2048MB)
2026-08-29T10:42:27.665Z WARNING redis-cluster[6379]: Memory usage at 94% (1920MB/2048MB). Eviction policy: noeviction
2026-08-29T10:42:45.941Z ERROR postgres-primary[18402]: ERROR: deadlock detected. Process 864 waits for ExclusiveLock on relation orders; blocked by process 708
2026-08-29T10:43:07.353Z CRITICAL redis-cluster[6379]: RedisException: OOM command not allowed when used memory > 'maxmemory' (used memory: 2048MB)
2026-08-29T10:43:30.707Z WARNING db-pool[1801]: Active database connection count at 100% of capacity (100/100)
2026-08-29T10:43:47.148Z CRITICAL redis-cluster[6379]: RedisException: OOM command not allowed when used memory > 'maxmemory' (used memory: 2048MB)
2026-08-29T10:44:08.774Z CRITICAL db-pool[1801]: connection limit exceeded (100/100) for user 'app_user'
  SQL State: 53300 (too_many_connections) - User 'app_user' has reached maximum allowed connections
2026-08-29T10:44:26.909Z WARNING redis-cluster[6379]: Memory usage at 94% (1920MB/2048MB). Eviction policy: noeviction
2026-08-29T10:44:46.447Z ERROR postgres-primary[18402]: ERROR: deadlock detected. Process 463 waits for ExclusiveLock on relation orders; blocked by process 150
2026-08-29T10:45:06.830Z ERROR postgres-primary[18402]: ERROR: deadlock detected. Process 543 waits for ExclusiveLock on relation orders; blocked by process 840
2026-08-29T10:45:26.458Z CRITICAL redis-cluster[6379]: RedisException: OOM command not allowed when used memory > 'maxmemory' (used memory: 2048MB)
2026-08-29T10:45:42.999Z WARNING redis-cluster[6379]: Memory usage at 94% (1920MB/2048MB). Eviction policy: noeviction
2026-08-29T10:46:01.278Z ERROR postgres-primary[18402]: ERROR: deadlock detected. Process 164 waits for ExclusiveLock on relation orders; blocked by process 244
2026-08-29T10:46:27.956Z WARNING redis-cluster[6379]: Memory usage at 94% (1920MB/2048MB). Eviction policy: noeviction
2026-08-29T10:46:41.610Z WARNING redis-cluster[6379]: Memory usage at 94% (1920MB/2048MB). Eviction policy: noeviction
2026-08-29T10:47:07.154Z ERROR postgres-primary[18402]: ERROR: deadlock detected. Process 823 waits for ExclusiveLock on relation orders; blocked by process 897
2026-08-29T10:47:26.149Z WARNING redis-cluster[6379]: Memory usage at 94% (1920MB/2048MB). Eviction policy: noeviction
2026-08-29T10:47:48.635Z CRITICAL redis-cluster[6379]: RedisException: OOM command not allowed when used memory > 'maxmemory' (used memory: 2048MB)
2026-08-29T10:48:10.840Z WARNING redis-cluster[6379]: Memory usage at 94% (1920MB/2048MB). Eviction policy: noeviction
2026-08-29T10:48:28.538Z CRITICAL db-pool[1801]: connection limit exceeded (100/100) for user 'app_user'
  SQL State: 53300 (too_many_connections) - User 'app_user' has reached maximum allowed connections
2026-08-29T10:48:44.102Z CRITICAL db-pool[1801]: connection limit exceeded (100/100) for user 'app_user'
  SQL State: 53300 (too_many_connections) - User 'app_user' has reached maximum allowed connections
2026-08-29T10:49:03.672Z WARNING redis-cluster[6379]: Memory usage at 94% (1920MB/2048MB). Eviction policy: noeviction
2026-08-29T10:49:21.727Z CRITICAL db-pool[1801]: connection limit exceeded (100/100) for user 'app_user'
  SQL State: 53300 (too_many_connections) - User 'app_user' has reached maximum allowed connections
2026-08-29T10:49:50.647Z CRITICAL db-pool[1801]: connection limit exceeded (100/100) for user 'app_user'
  SQL State: 53300 (too_many_connections) - User 'app_user' has reached maximum allowed connections
2026-08-30T14:10:25.766849Z ERROR [DBPool-19] postgres.connection.pool - Connection acquire timeout after 5000ms. Active: 100/100, Idle: 0, Waiting: 42.
  SQL State: 53300 (too_many_connections) - User 'app_user' has reached maximum allowed connections.

2026-08-30T14:10:49.826431Z CRITICAL [RedisEvent-67] redis.cluster.memory - Redis OOM threshold reached. Used: 2048MB / Max: 2048MB.
  Command 'SET' rejected for key 'cache:session:80110'. Policy 'noeviction' prevented key removal.

2026-08-30T14:10:58.842239Z CRITICAL [RedisEvent-42] redis.cluster.memory - Redis OOM threshold reached. Used: 2048MB / Max: 2048MB.
  Command 'SET' rejected for key 'cache:session:42290'. Policy 'noeviction' prevented key removal.

2026-08-30T14:11:10.866702Z CRITICAL [RedisEvent-19] redis.cluster.memory - Redis OOM threshold reached. Used: 2048MB / Max: 2048MB.
  Command 'SET' rejected for key 'cache:session:33874'. Policy 'noeviction' prevented key removal.

2026-08-30T14:11:19.906621Z ERROR [DBPool-45] postgres.connection.pool - Connection acquire timeout after 5000ms. Active: 100/100, Idle: 0, Waiting: 42.
  SQL State: 53300 (too_many_connections) - User 'app_user' has reached maximum allowed connections.

2026-08-30T14:11:22.913442Z ERROR [DBPool-52] postgres.connection.pool - Connection acquire timeout after 5000ms. Active: 100/100, Idle: 0, Waiting: 42.
  SQL State: 53300 (too_many_connections) - User 'app_user' has reached maximum allowed connections.

2026-08-30T14:11:25.921017Z CRITICAL [RedisEvent-49] redis.cluster.memory - Redis OOM threshold reached. Used: 2048MB / Max: 2048MB.
  Command 'SET' rejected for key 'cache:session:77058'. Policy 'noeviction' prevented key removal.

2026-08-30T14:11:28.926762Z ERROR [DBPool-91] postgres.connection.pool - Connection acquire timeout after 5000ms. Active: 100/100, Idle: 0, Waiting: 42.
  SQL State: 53300 (too_many_connections) - User 'app_user' has reached maximum allowed connections.

2026-08-30T14:11:40.947295Z CRITICAL [RedisEvent-40] redis.cluster.memory - Redis OOM threshold reached. Used: 2048MB / Max: 2048MB.
  Command 'SET' rejected for key 'cache:session:34071'. Policy 'noeviction' prevented key removal.

2026-08-30T14:11:43.951710Z ERROR [DBPool-47] postgres.connection.pool - Connection acquire timeout after 5000ms. Active: 100/100, Idle: 0, Waiting: 42.
  SQL State: 53300 (too_many_connections) - User 'app_user' has reached maximum allowed connections.

2026-08-30T14:12:07.996165Z CRITICAL [RedisEvent-44] redis.cluster.memory - Redis OOM threshold reached. Used: 2048MB / Max: 2048MB.
  Command 'SET' rejected for key 'cache:session:39066'. Policy 'noeviction' prevented key removal.

2026-08-30T14:12:17.010993Z ERROR [DBPool-78] postgres.connection.pool - Connection acquire timeout after 5000ms. Active: 100/100, Idle: 0, Waiting: 42.
  SQL State: 53300 (too_many_connections) - User 'app_user' has reached maximum allowed connections.

2026-08-30T14:12:23.032819Z ERROR [DBPool-75] postgres.connection.pool - Connection acquire timeout after 5000ms. Active: 100/100, Idle: 0, Waiting: 42.
  SQL State: 53300 (too_many_connections) - User 'app_user' has reached maximum allowed connections.

2026-08-30T14:12:53.094917Z ERROR [DBPool-11] postgres.connection.pool - Connection acquire timeout after 5000ms. Active: 100/100, Idle: 0, Waiting: 42.
  SQL State: 53300 (too_many_connections) - User 'app_user' has reached maximum allowed connections.

2026-08-30T14:12:56.100056Z CRITICAL [RedisEvent-89] redis.cluster.memory - Redis OOM threshold reached. Used: 2048MB / Max: 2048MB.
  Command 'SET' rejected for key 'cache:session:98703'. Policy 'noeviction' prevented key removal.

2026-08-30T14:13:02.111879Z CRITICAL [RedisEvent-79] redis.cluster.memory - Redis OOM threshold reached. Used: 2048MB / Max: 2048MB.
  Command 'SET' rejected for key 'cache:session:39117'. Policy 'noeviction' prevented key removal.

2026-08-30T14:13:23.162468Z CRITICAL [RedisEvent-38] redis.cluster.memory - Redis OOM threshold reached. Used: 2048MB / Max: 2048MB.
  Command 'SET' rejected for key 'cache:session:11976'. Policy 'noeviction' prevented key removal.

2026-08-30T14:13:26.167867Z ERROR [DBPool-20] postgres.connection.pool - Connection acquire timeout after 5000ms. Active: 100/100, Idle: 0, Waiting: 42.
  SQL State: 53300 (too_many_connections) - User 'app_user' has reached maximum allowed connections.

2026-08-30T14:13:29.178200Z CRITICAL [RedisEvent-86] redis.cluster.memory - Redis OOM threshold reached. Used: 2048MB / Max: 2048MB.
  Command 'SET' rejected for key 'cache:session:99225'. Policy 'noeviction' prevented key removal.

2026-08-30T14:13:32.184766Z ERROR [DBPool-35] postgres.connection.pool - Connection acquire timeout after 5000ms. Active: 100/100, Idle: 0, Waiting: 42.
  SQL State: 53300 (too_many_connections) - User 'app_user' has reached maximum allowed connections.

2026-08-30T14:13:35.189691Z CRITICAL [RedisEvent-76] redis.cluster.memory - Redis OOM threshold reached. Used: 2048MB / Max: 2048MB.
  Command 'SET' rejected for key 'cache:session:21471'. Policy 'noeviction' prevented key removal.

2026-08-30T14:13:38.195086Z CRITICAL [RedisEvent-86] redis.cluster.memory - Redis OOM threshold reached. Used: 2048MB / Max: 2048MB.
  Command 'SET' rejected for key 'cache:session:41073'. Policy 'noeviction' prevented key removal.

2026-08-30T14:13:41.205194Z CRITICAL [RedisEvent-42] redis.cluster.memory - Redis OOM threshold reached. Used: 2048MB / Max: 2048MB.
  Command 'SET' rejected for key 'cache:session:23945'. Policy 'noeviction' prevented key removal.

2026-08-30T14:13:56.251828Z ERROR [DBPool-52] postgres.connection.pool - Connection acquire timeout after 5000ms. Active: 100/100, Idle: 0, Waiting: 42.
  SQL State: 53300 (too_many_connections) - User 'app_user' has reached maximum allowed connections.

2026-08-30T14:14:17.308162Z CRITICAL [RedisEvent-33] redis.cluster.memory - Redis OOM threshold reached. Used: 2048MB / Max: 2048MB.
  Command 'SET' rejected for key 'cache:session:97191'. Policy 'noeviction' prevented key removal.

2026-08-30T14:14:20.317180Z CRITICAL [RedisEvent-45] redis.cluster.memory - Redis OOM threshold reached. Used: 2048MB / Max: 2048MB.
  Command 'SET' rejected for key 'cache:session:68428'. Policy 'noeviction' prevented key removal.

2026-08-30T14:14:29.333050Z ERROR [DBPool-84] postgres.connection.pool - Connection acquire timeout after 5000ms. Active: 100/100, Idle: 0, Waiting: 42.
  SQL State: 53300 (too_many_connections) - User 'app_user' has reached maximum allowed connections.

2026-08-30T14:14:38.347736Z ERROR [DBPool-58] postgres.connection.pool - Connection acquire timeout after 5000ms. Active: 100/100, Idle: 0, Waiting: 42.
  SQL State: 53300 (too_many_connections) - User 'app_user' has reached maximum allowed connections.

2026-08-30T14:14:41.358398Z CRITICAL [RedisEvent-30] redis.cluster.memory - Redis OOM threshold reached. Used: 2048MB / Max: 2048MB.
  Command 'SET' rejected for key 'cache:session:71930'. Policy 'noeviction' prevented key removal.

2026-08-30T14:14:47.376916Z CRITICAL [RedisEvent-21] redis.cluster.memory - Redis OOM threshold reached. Used: 2048MB / Max: 2048MB.
  Command 'SET' rejected for key 'cache:session:42599'. Policy 'noeviction' prevented key removal.

2026-08-30T14:14:59.414853Z ERROR [DBPool-28] postgres.connection.pool - Connection acquire timeout after 5000ms. Active: 100/100, Idle: 0, Waiting: 42.
  SQL State: 53300 (too_many_connections) - User 'app_user' has reached maximum allowed connections.

2026-08-30T14:15:05.427051Z CRITICAL [RedisEvent-86] redis.cluster.memory - Redis OOM threshold reached. Used: 2048MB / Max: 2048MB.
  Command 'SET' rejected for key 'cache:session:25654'. Policy 'noeviction' prevented key removal.

2026-08-30T14:15:29.484443Z CRITICAL [RedisEvent-56] redis.cluster.memory - Redis OOM threshold reached. Used: 2048MB / Max: 2048MB.
  Command 'SET' rejected for key 'cache:session:51629'. Policy 'noeviction' prevented key removal.

2026-08-30T14:15:32.489277Z ERROR [DBPool-55] postgres.connection.pool - Connection acquire timeout after 5000ms. Active: 100/100, Idle: 0, Waiting: 42.
  SQL State: 53300 (too_many_connections) - User 'app_user' has reached maximum allowed connections.

2026-08-30T14:15:44.522399Z ERROR [DBPool-46] postgres.connection.pool - Connection acquire timeout after 5000ms. Active: 100/100, Idle: 0, Waiting: 42.
  SQL State: 53300 (too_many_connections) - User 'app_user' has reached maximum allowed connections.

2026-08-30T14:16:02.561165Z ERROR [DBPool-55] postgres.connection.pool - Connection acquire timeout after 5000ms. Active: 100/100, Idle: 0, Waiting: 42.
  SQL State: 53300 (too_many_connections) - User 'app_user' has reached maximum allowed connections.

2026-08-30T14:16:05.573210Z CRITICAL [RedisEvent-64] redis.cluster.memory - Redis OOM threshold reached. Used: 2048MB / Max: 2048MB.
  Command 'SET' rejected for key 'cache:session:47443'. Policy 'noeviction' prevented key removal.

2026-08-30T14:16:11.582839Z CRITICAL [RedisEvent-24] redis.cluster.memory - Redis OOM threshold reached. Used: 2048MB / Max: 2048MB.
  Command 'SET' rejected for key 'cache:session:52617'. Policy 'noeviction' prevented key removal.

2026-08-30T14:16:20.605941Z CRITICAL [RedisEvent-72] redis.cluster.memory - Redis OOM threshold reached. Used: 2048MB / Max: 2048MB.
  Command 'SET' rejected for key 'cache:session:51005'. Policy 'noeviction' prevented key removal.

2026-08-30T14:16:23.611988Z ERROR [DBPool-83] postgres.connection.pool - Connection acquire timeout after 5000ms. Active: 100/100, Idle: 0, Waiting: 42.
  SQL State: 53300 (too_many_connections) - User 'app_user' has reached maximum allowed connections.

2026-08-30T14:16:55.217783Z CRITICAL [RedisEvent-36] redis.cluster.memory - Redis OOM threshold reached. Used: 2048MB / Max: 2048MB.
  Command 'SET' rejected for key 'cache:session:34009'. Policy 'noeviction' prevented key removal.

2026-08-30T14:17:13.255467Z CRITICAL [RedisEvent-19] redis.cluster.memory - Redis OOM threshold reached. Used: 2048MB / Max: 2048MB.
  Command 'SET' rejected for key 'cache:session:35167'. Policy 'noeviction' prevented key removal.

2026-08-30T14:17:16.261854Z ERROR [DBPool-19] postgres.connection.pool - Connection acquire timeout after 5000ms. Active: 100/100, Idle: 0, Waiting: 42.
  SQL State: 53300 (too_many_connections) - User 'app_user' has reached maximum allowed connections.

2026-08-30T14:17:19.267777Z ERROR [DBPool-83] postgres.connection.pool - Connection acquire timeout after 5000ms. Active: 100/100, Idle: 0, Waiting: 42.
  SQL State: 53300 (too_many_connections) - User 'app_user' has reached maximum allowed connections.

2026-08-30T14:17:31.290915Z ERROR [DBPool-87] postgres.connection.pool - Connection acquire timeout after 5000ms. Active: 100/100, Idle: 0, Waiting: 42.
  SQL State: 53300 (too_many_connections) - User 'app_user' has reached maximum allowed connections.

2026-08-30T14:17:55.344223Z ERROR [DBPool-76] postgres.connection.pool - Connection acquire timeout after 5000ms. Active: 100/100, Idle: 0, Waiting: 42.
  SQL State: 53300 (too_many_connections) - User 'app_user' has reached maximum allowed connections.

2026-08-30T14:18:25.404043Z ERROR [DBPool-92] postgres.connection.pool - Connection acquire timeout after 5000ms. Active: 100/100, Idle: 0, Waiting: 42.
  SQL State: 53300 (too_many_connections) - User 'app_user' has reached maximum allowed connections.

2026-08-30T14:18:31.414966Z ERROR [DBPool-51] postgres.connection.pool - Connection acquire timeout after 5000ms. Active: 100/100, Idle: 0, Waiting: 42.
  SQL State: 53300 (too_many_connections) - User 'app_user' has reached maximum allowed connections.

2026-08-30T14:19:10.900603Z ERROR [DBPool-96] postgres.connection.pool - Connection acquire timeout after 5000ms. Active: 100/100, Idle: 0, Waiting: 42.
  SQL State: 53300 (too_many_connections) - User 'app_user' has reached maximum allowed connections.

2026-08-30T14:19:13.904865Z CRITICAL [RedisEvent-72] redis.cluster.memory - Redis OOM threshold reached. Used: 2048MB / Max: 2048MB.
  Command 'SET' rejected for key 'cache:session:10739'. Policy 'noeviction' prevented key removal.

2026-08-30T14:19:22.927545Z ERROR [DBPool-66] postgres.connection.pool - Connection acquire timeout after 5000ms. Active: 100/100, Idle: 0, Waiting: 42.
  SQL State: 53300 (too_many_connections) - User 'app_user' has reached maximum allowed connections.

2026-08-30T14:19:28.937423Z CRITICAL [RedisEvent-46] redis.cluster.memory - Redis OOM threshold reached. Used: 2048MB / Max: 2048MB.
  Command 'SET' rejected for key 'cache:session:51338'. Policy 'noeviction' prevented key removal.

2026-08-30T14:19:46.972058Z CRITICAL [RedisEvent-99] redis.cluster.memory - Redis OOM threshold reached. Used: 2048MB / Max: 2048MB.
  Command 'SET' rejected for key 'cache:session:20006'. Policy 'noeviction' prevented key removal.

2026-08-30T14:19:52.983353Z ERROR [DBPool-88] postgres.connection.pool - Connection acquire timeout after 5000ms. Active: 100/100, Idle: 0, Waiting: 42.
  SQL State: 53300 (too_many_connections) - User 'app_user' has reached maximum allowed connections.

2026-08-30T14:20:08.018489Z CRITICAL [RedisEvent-35] redis.cluster.memory - Redis OOM threshold reached. Used: 2048MB / Max: 2048MB.
  Command 'SET' rejected for key 'cache:session:57508'. Policy 'noeviction' prevented key removal.

2026-08-30T14:20:11.024346Z CRITICAL [RedisEvent-55] redis.cluster.memory - Redis OOM threshold reached. Used: 2048MB / Max: 2048MB.
  Command 'SET' rejected for key 'cache:session:66420'. Policy 'noeviction' prevented key removal.

2026-08-30T14:20:32.141596Z CRITICAL [RedisEvent-64] redis.cluster.memory - Redis OOM threshold reached. Used: 2048MB / Max: 2048MB.
  Command 'SET' rejected for key 'cache:session:47481'. Policy 'noeviction' prevented key removal.

2026-08-30T14:20:38.152003Z CRITICAL [RedisEvent-76] redis.cluster.memory - Redis OOM threshold reached. Used: 2048MB / Max: 2048MB.
  Command 'SET' rejected for key 'cache:session:72326'. Policy 'noeviction' prevented key removal.

2026-08-30T14:20:56.186371Z ERROR [DBPool-45] postgres.connection.pool - Connection acquire timeout after 5000ms. Active: 100/100, Idle: 0, Waiting: 42.
  SQL State: 53300 (too_many_connections) - User 'app_user' has reached maximum allowed connections.

2026-08-30T14:21:02.197143Z ERROR [DBPool-12] postgres.connection.pool - Connection acquire timeout after 5000ms. Active: 100/100, Idle: 0, Waiting: 42.
  SQL State: 53300 (too_many_connections) - User 'app_user' has reached maximum allowed connections.

2026-08-30T14:21:20.251316Z CRITICAL [RedisEvent-72] redis.cluster.memory - Redis OOM threshold reached. Used: 2048MB / Max: 2048MB.
  Command 'SET' rejected for key 'cache:session:92578'. Policy 'noeviction' prevented key removal.

2026-08-30T14:21:26.269268Z CRITICAL [RedisEvent-64] redis.cluster.memory - Redis OOM threshold reached. Used: 2048MB / Max: 2048MB.
  Command 'SET' rejected for key 'cache:session:80923'. Policy 'noeviction' prevented key removal.

2026-08-30T14:21:29.276943Z CRITICAL [RedisEvent-20] redis.cluster.memory - Redis OOM threshold reached. Used: 2048MB / Max: 2048MB.
  Command 'SET' rejected for key 'cache:session:81169'. Policy 'noeviction' prevented key removal.

2026-08-30T14:21:35.289178Z ERROR [DBPool-29] postgres.connection.pool - Connection acquire timeout after 5000ms. Active: 100/100, Idle: 0, Waiting: 42.
  SQL State: 53300 (too_many_connections) - User 'app_user' has reached maximum allowed connections.

2026-08-30T14:21:53.326705Z ERROR [DBPool-56] postgres.connection.pool - Connection acquire timeout after 5000ms. Active: 100/100, Idle: 0, Waiting: 42.
  SQL State: 53300 (too_many_connections) - User 'app_user' has reached maximum allowed connections.

2026-08-30T14:22:02.353912Z ERROR [DBPool-40] postgres.connection.pool - Connection acquire timeout after 5000ms. Active: 100/100, Idle: 0, Waiting: 42.
  SQL State: 53300 (too_many_connections) - User 'app_user' has reached maximum allowed connections.

2026-08-30T14:22:05.360554Z ERROR [DBPool-45] postgres.connection.pool - Connection acquire timeout after 5000ms. Active: 100/100, Idle: 0, Waiting: 42.
  SQL State: 53300 (too_many_connections) - User 'app_user' has reached maximum allowed connections.

2026-08-30T14:22:08.365883Z CRITICAL [RedisEvent-75] redis.cluster.memory - Redis OOM threshold reached. Used: 2048MB / Max: 2048MB.
  Command 'SET' rejected for key 'cache:session:73747'. Policy 'noeviction' prevented key removal.

2026-08-30T14:22:17.389622Z CRITICAL [RedisEvent-31] redis.cluster.memory - Redis OOM threshold reached. Used: 2048MB / Max: 2048MB.
  Command 'SET' rejected for key 'cache:session:57209'. Policy 'noeviction' prevented key removal.

2026-08-30T14:22:23.410963Z CRITICAL [RedisEvent-35] redis.cluster.memory - Redis OOM threshold reached. Used: 2048MB / Max: 2048MB.
  Command 'SET' rejected for key 'cache:session:30884'. Policy 'noeviction' prevented key removal.

2026-08-30T14:22:32.435427Z CRITICAL [RedisEvent-76] redis.cluster.memory - Redis OOM threshold reached. Used: 2048MB / Max: 2048MB.
  Command 'SET' rejected for key 'cache:session:38387'. Policy 'noeviction' prevented key removal.

2026-08-30T14:22:35.447714Z CRITICAL [RedisEvent-53] redis.cluster.memory - Redis OOM threshold reached. Used: 2048MB / Max: 2048MB.
  Command 'SET' rejected for key 'cache:session:93332'. Policy 'noeviction' prevented key removal.

2026-08-30T14:22:53.491934Z ERROR [DBPool-57] postgres.connection.pool - Connection acquire timeout after 5000ms. Active: 100/100, Idle: 0, Waiting: 42.
  SQL State: 53300 (too_many_connections) - User 'app_user' has reached maximum allowed connections.

2026-08-30T14:22:56.498395Z CRITICAL [RedisEvent-36] redis.cluster.memory - Redis OOM threshold reached. Used: 2048MB / Max: 2048MB.
  Command 'SET' rejected for key 'cache:session:14278'. Policy 'noeviction' prevented key removal.

2026-08-30T14:22:59.505869Z CRITICAL [RedisEvent-84] redis.cluster.memory - Redis OOM threshold reached. Used: 2048MB / Max: 2048MB.
  Command 'SET' rejected for key 'cache:session:80162'. Policy 'noeviction' prevented key removal.

2026-08-30T14:23:08.522854Z ERROR [DBPool-84] postgres.connection.pool - Connection acquire timeout after 5000ms. Active: 100/100, Idle: 0, Waiting: 42.
  SQL State: 53300 (too_many_connections) - User 'app_user' has reached maximum allowed connections.

2026-08-30T14:23:17.546017Z ERROR [DBPool-35] postgres.connection.pool - Connection acquire timeout after 5000ms. Active: 100/100, Idle: 0, Waiting: 42.
  SQL State: 53300 (too_many_connections) - User 'app_user' has reached maximum allowed connections.

2026-08-30T14:23:20.551800Z ERROR [DBPool-10] postgres.connection.pool - Connection acquire timeout after 5000ms. Active: 100/100, Idle: 0, Waiting: 42.
  SQL State: 53300 (too_many_connections) - User 'app_user' has reached maximum allowed connections.

2026-08-30T14:23:26.567789Z ERROR [DBPool-87] postgres.connection.pool - Connection acquire timeout after 5000ms. Active: 100/100, Idle: 0, Waiting: 42.
  SQL State: 53300 (too_many_connections) - User 'app_user' has reached maximum allowed connections.

2026-08-30T14:23:32.578904Z ERROR [DBPool-45] postgres.connection.pool - Connection acquire timeout after 5000ms. Active: 100/100, Idle: 0, Waiting: 42.
  SQL State: 53300 (too_many_connections) - User 'app_user' has reached maximum allowed connections.

2026-08-30T14:23:35.584627Z CRITICAL [RedisEvent-79] redis.cluster.memory - Redis OOM threshold reached. Used: 2048MB / Max: 2048MB.
  Command 'SET' rejected for key 'cache:session:89198'. Policy 'noeviction' prevented key removal.

2026-08-30T14:23:41.595875Z ERROR [DBPool-12] postgres.connection.pool - Connection acquire timeout after 5000ms. Active: 100/100, Idle: 0, Waiting: 42.
  SQL State: 53300 (too_many_connections) - User 'app_user' has reached maximum allowed connections.

2026-08-30T14:23:44.600943Z CRITICAL [RedisEvent-35] redis.cluster.memory - Redis OOM threshold reached. Used: 2048MB / Max: 2048MB.
  Command 'SET' rejected for key 'cache:session:80745'. Policy 'noeviction' prevented key removal.

2026-08-30T14:23:53.627667Z ERROR [DBPool-90] postgres.connection.pool - Connection acquire timeout after 5000ms. Active: 100/100, Idle: 0, Waiting: 42.
  SQL State: 53300 (too_many_connections) - User 'app_user' has reached maximum allowed connections.

2026-08-30T14:23:59.640827Z CRITICAL [RedisEvent-74] redis.cluster.memory - Redis OOM threshold reached. Used: 2048MB / Max: 2048MB.
  Command 'SET' rejected for key 'cache:session:56626'. Policy 'noeviction' prevented key removal.

2026-08-30T14:24:26.700695Z CRITICAL [RedisEvent-65] redis.cluster.memory - Redis OOM threshold reached. Used: 2048MB / Max: 2048MB.
  Command 'SET' rejected for key 'cache:session:79250'. Policy 'noeviction' prevented key removal.

2026-08-30T14:24:29.706486Z CRITICAL [RedisEvent-32] redis.cluster.memory - Redis OOM threshold reached. Used: 2048MB / Max: 2048MB.
  Command 'SET' rejected for key 'cache:session:45262'. Policy 'noeviction' prevented key removal.

2026-08-30T14:24:38.722491Z CRITICAL [RedisEvent-26] redis.cluster.memory - Redis OOM threshold reached. Used: 2048MB / Max: 2048MB.
  Command 'SET' rejected for key 'cache:session:10293'. Policy 'noeviction' prevented key removal.

2026-08-30T14:24:41.727574Z ERROR [DBPool-54] postgres.connection.pool - Connection acquire timeout after 5000ms. Active: 100/100, Idle: 0, Waiting: 42.
  SQL State: 53300 (too_many_connections) - User 'app_user' has reached maximum allowed connections.

2026-08-30T14:24:56.757649Z ERROR [DBPool-44] postgres.connection.pool - Connection acquire timeout after 5000ms. Active: 100/100, Idle: 0, Waiting: 42.
  SQL State: 53300 (too_many_connections) - User 'app_user' has reached maximum allowed connections.

2026-08-30T14:25:05.789168Z CRITICAL [RedisEvent-93] redis.cluster.memory - Redis OOM threshold reached. Used: 2048MB / Max: 2048MB.
  Command 'SET' rejected for key 'cache:session:88060'. Policy 'noeviction' prevented key removal.

2026-08-30T14:25:38.902989Z CRITICAL [RedisEvent-43] redis.cluster.memory - Redis OOM threshold reached. Used: 2048MB / Max: 2048MB.
  Command 'SET' rejected for key 'cache:session:65628'. Policy 'noeviction' prevented key removal.

2026-08-30T14:25:41.909545Z CRITICAL [RedisEvent-58] redis.cluster.memory - Redis OOM threshold reached. Used: 2048MB / Max: 2048MB.
  Command 'SET' rejected for key 'cache:session:91155'. Policy 'noeviction' prevented key removal.

2026-08-30T14:25:44.923201Z CRITICAL [RedisEvent-44] redis.cluster.memory - Redis OOM threshold reached. Used: 2048MB / Max: 2048MB.
  Command 'SET' rejected for key 'cache:session:51104'. Policy 'noeviction' prevented key removal.

2026-08-30T14:25:59.962251Z CRITICAL [RedisEvent-37] redis.cluster.memory - Redis OOM threshold reached. Used: 2048MB / Max: 2048MB.
  Command 'SET' rejected for key 'cache:session:14922'. Policy 'noeviction' prevented key removal.

2026-08-30T14:26:08.978219Z ERROR [DBPool-95] postgres.connection.pool - Connection acquire timeout after 5000ms. Active: 100/100, Idle: 0, Waiting: 42.
  SQL State: 53300 (too_many_connections) - User 'app_user' has reached maximum allowed connections.

2026-08-30T14:26:11.984247Z ERROR [DBPool-49] postgres.connection.pool - Connection acquire timeout after 5000ms. Active: 100/100, Idle: 0, Waiting: 42.
  SQL State: 53300 (too_many_connections) - User 'app_user' has reached maximum allowed connections.

2026-08-30T14:26:14.991574Z ERROR [DBPool-70] postgres.connection.pool - Connection acquire timeout after 5000ms. Active: 100/100, Idle: 0, Waiting: 42.
  SQL State: 53300 (too_many_connections) - User 'app_user' has reached maximum allowed connections.

2026-08-30T14:26:18.002136Z CRITICAL [RedisEvent-87] redis.cluster.memory - Redis OOM threshold reached. Used: 2048MB / Max: 2048MB.
  Command 'SET' rejected for key 'cache:session:86944'. Policy 'noeviction' prevented key removal.

2026-08-30T14:26:21.008359Z ERROR [DBPool-87] postgres.connection.pool - Connection acquire timeout after 5000ms. Active: 100/100, Idle: 0, Waiting: 42.
  SQL State: 53300 (too_many_connections) - User 'app_user' has reached maximum allowed connections.

2026-08-30T14:26:24.019041Z ERROR [DBPool-96] postgres.connection.pool - Connection acquire timeout after 5000ms. Active: 100/100, Idle: 0, Waiting: 42.
  SQL State: 53300 (too_many_connections) - User 'app_user' has reached maximum allowed connections.

2026-08-30T14:26:39.048108Z ERROR [DBPool-51] postgres.connection.pool - Connection acquire timeout after 5000ms. Active: 100/100, Idle: 0, Waiting: 42.
  SQL State: 53300 (too_many_connections) - User 'app_user' has reached maximum allowed connections.

2026-08-30T14:27:12.125515Z CRITICAL [RedisEvent-62] redis.cluster.memory - Redis OOM threshold reached. Used: 2048MB / Max: 2048MB.
  Command 'SET' rejected for key 'cache:session:98027'. Policy 'noeviction' prevented key removal.

2026-08-30T14:27:24.151409Z ERROR [DBPool-33] postgres.connection.pool - Connection acquire timeout after 5000ms. Active: 100/100, Idle: 0, Waiting: 42.
  SQL State: 53300 (too_many_connections) - User 'app_user' has reached maximum allowed connections.

2026-08-30T14:27:27.156935Z ERROR [DBPool-49] postgres.connection.pool - Connection acquire timeout after 5000ms. Active: 100/100, Idle: 0, Waiting: 42.
  SQL State: 53300 (too_many_connections) - User 'app_user' has reached maximum allowed connections.

2026-08-30T14:28:03.275805Z CRITICAL [RedisEvent-34] redis.cluster.memory - Redis OOM threshold reached. Used: 2048MB / Max: 2048MB.
  Command 'SET' rejected for key 'cache:session:58580'. Policy 'noeviction' prevented key removal.

2026-08-30T14:28:12.302347Z CRITICAL [RedisEvent-51] redis.cluster.memory - Redis OOM threshold reached. Used: 2048MB / Max: 2048MB.
  Command 'SET' rejected for key 'cache:session:10003'. Policy 'noeviction' prevented key removal.

2026-08-30T14:28:21.332089Z ERROR [DBPool-32] postgres.connection.pool - Connection acquire timeout after 5000ms. Active: 100/100, Idle: 0, Waiting: 42.
  SQL State: 53300 (too_many_connections) - User 'app_user' has reached maximum allowed connections.

2026-08-30T14:28:24.337904Z ERROR [DBPool-22] postgres.connection.pool - Connection acquire timeout after 5000ms. Active: 100/100, Idle: 0, Waiting: 42.
  SQL State: 53300 (too_many_connections) - User 'app_user' has reached maximum allowed connections.

2026-08-30T14:28:36.372536Z ERROR [DBPool-52] postgres.connection.pool - Connection acquire timeout after 5000ms. Active: 100/100, Idle: 0, Waiting: 42.
  SQL State: 53300 (too_many_connections) - User 'app_user' has reached maximum allowed connections.

2026-08-30T14:28:39.384141Z ERROR [DBPool-85] postgres.connection.pool - Connection acquire timeout after 5000ms. Active: 100/100, Idle: 0, Waiting: 42.
  SQL State: 53300 (too_many_connections) - User 'app_user' has reached maximum allowed connections.

2026-08-30T14:28:45.396348Z ERROR [DBPool-60] postgres.connection.pool - Connection acquire timeout after 5000ms. Active: 100/100, Idle: 0, Waiting: 42.
  SQL State: 53300 (too_many_connections) - User 'app_user' has reached maximum allowed connections.

2026-08-30T14:28:51.407573Z ERROR [DBPool-93] postgres.connection.pool - Connection acquire timeout after 5000ms. Active: 100/100, Idle: 0, Waiting: 42.
  SQL State: 53300 (too_many_connections) - User 'app_user' has reached maximum allowed connections.

2026-08-30T14:28:54.412265Z CRITICAL [RedisEvent-70] redis.cluster.memory - Redis OOM threshold reached. Used: 2048MB / Max: 2048MB.
  Command 'SET' rejected for key 'cache:session:37770'. Policy 'noeviction' prevented key removal.

2026-08-30T14:29:00.426052Z ERROR [DBPool-10] postgres.connection.pool - Connection acquire timeout after 5000ms. Active: 100/100, Idle: 0, Waiting: 42.
  SQL State: 53300 (too_many_connections) - User 'app_user' has reached maximum allowed connections.

2026-08-30T14:29:36.515581Z ERROR [DBPool-99] postgres.connection.pool - Connection acquire timeout after 5000ms. Active: 100/100, Idle: 0, Waiting: 42.
  SQL State: 53300 (too_many_connections) - User 'app_user' has reached maximum allowed connections.

2026-08-30T14:29:54.550533Z ERROR [DBPool-82] postgres.connection.pool - Connection acquire timeout after 5000ms. Active: 100/100, Idle: 0, Waiting: 42.
  SQL State: 53300 (too_many_connections) - User 'app_user' has reached maximum allowed connections.

2026-08-30T14:29:57.555377Z ERROR [DBPool-85] postgres.connection.pool - Connection acquire timeout after 5000ms. Active: 100/100, Idle: 0, Waiting: 42.
  SQL State: 53300 (too_many_connections) - User 'app_user' has reached maximum allowed connections.

2026-08-30T14:30:06.583591Z ERROR [DBPool-17] postgres.connection.pool - Connection acquire timeout after 5000ms. Active: 100/100, Idle: 0, Waiting: 42.
  SQL State: 53300 (too_many_connections) - User 'app_user' has reached maximum allowed connections.

2026-08-30T14:30:33.648128Z ERROR [DBPool-60] postgres.connection.pool - Connection acquire timeout after 5000ms. Active: 100/100, Idle: 0, Waiting: 42.
  SQL State: 53300 (too_many_connections) - User 'app_user' has reached maximum allowed connections.

2026-08-30T14:30:42.666002Z ERROR [DBPool-49] postgres.connection.pool - Connection acquire timeout after 5000ms. Active: 100/100, Idle: 0, Waiting: 42.
  SQL State: 53300 (too_many_connections) - User 'app_user' has reached maximum allowed connections.

2026-08-30T14:30:48.677089Z ERROR [DBPool-66] postgres.connection.pool - Connection acquire timeout after 5000ms. Active: 100/100, Idle: 0, Waiting: 42.
  SQL State: 53300 (too_many_connections) - User 'app_user' has reached maximum allowed connections.

2026-08-30T14:30:51.683610Z ERROR [DBPool-83] postgres.connection.pool - Connection acquire timeout after 5000ms. Active: 100/100, Idle: 0, Waiting: 42.
  SQL State: 53300 (too_many_connections) - User 'app_user' has reached maximum allowed connections.

2026-08-30T14:30:57.695368Z ERROR [DBPool-97] postgres.connection.pool - Connection acquire timeout after 5000ms. Active: 100/100, Idle: 0, Waiting: 42.
  SQL State: 53300 (too_many_connections) - User 'app_user' has reached maximum allowed connections.

2026-08-30T14:31:15.730723Z ERROR [DBPool-49] postgres.connection.pool - Connection acquire timeout after 5000ms. Active: 100/100, Idle: 0, Waiting: 42.
  SQL State: 53300 (too_many_connections) - User 'app_user' has reached maximum allowed connections.

2026-08-30T14:31:24.748636Z ERROR [DBPool-81] postgres.connection.pool - Connection acquire timeout after 5000ms. Active: 100/100, Idle: 0, Waiting: 42.
  SQL State: 53300 (too_many_connections) - User 'app_user' has reached maximum allowed connections.

2026-08-30T14:31:30.762057Z CRITICAL [RedisEvent-68] redis.cluster.memory - Redis OOM threshold reached. Used: 2048MB / Max: 2048MB.
  Command 'SET' rejected for key 'cache:session:96737'. Policy 'noeviction' prevented key removal.

2026-08-30T14:31:36.772329Z ERROR [DBPool-67] postgres.connection.pool - Connection acquire timeout after 5000ms. Active: 100/100, Idle: 0, Waiting: 42.
  SQL State: 53300 (too_many_connections) - User 'app_user' has reached maximum allowed connections.

2026-08-30T14:31:48.795020Z CRITICAL [RedisEvent-22] redis.cluster.memory - Redis OOM threshold reached. Used: 2048MB / Max: 2048MB.
  Command 'SET' rejected for key 'cache:session:39472'. Policy 'noeviction' prevented key removal.

2026-08-30T14:31:54.824569Z ERROR [DBPool-76] postgres.connection.pool - Connection acquire timeout after 5000ms. Active: 100/100, Idle: 0, Waiting: 42.
  SQL State: 53300 (too_many_connections) - User 'app_user' has reached maximum allowed connections.

2026-08-30T14:31:57.889351Z CRITICAL [RedisEvent-39] redis.cluster.memory - Redis OOM threshold reached. Used: 2048MB / Max: 2048MB.
  Command 'SET' rejected for key 'cache:session:70397'. Policy 'noeviction' prevented key removal.

2026-08-30T14:32:18.930553Z CRITICAL [RedisEvent-83] redis.cluster.memory - Redis OOM threshold reached. Used: 2048MB / Max: 2048MB.
  Command 'SET' rejected for key 'cache:session:44615'. Policy 'noeviction' prevented key removal.

2026-08-30T14:32:21.942655Z CRITICAL [RedisEvent-87] redis.cluster.memory - Redis OOM threshold reached. Used: 2048MB / Max: 2048MB.
  Command 'SET' rejected for key 'cache:session:38844'. Policy 'noeviction' prevented key removal.

2026-08-30T14:32:24.952674Z CRITICAL [RedisEvent-50] redis.cluster.memory - Redis OOM threshold reached. Used: 2048MB / Max: 2048MB.
  Command 'SET' rejected for key 'cache:session:34063'. Policy 'noeviction' prevented key removal.

2026-08-30T14:32:37.065156Z CRITICAL [RedisEvent-84] redis.cluster.memory - Redis OOM threshold reached. Used: 2048MB / Max: 2048MB.
  Command 'SET' rejected for key 'cache:session:71919'. Policy 'noeviction' prevented key removal.

2026-08-30T14:32:43.074945Z ERROR [DBPool-16] postgres.connection.pool - Connection acquire timeout after 5000ms. Active: 100/100, Idle: 0, Waiting: 42.
  SQL State: 53300 (too_many_connections) - User 'app_user' has reached maximum allowed connections.

2026-08-30T14:33:01.109631Z ERROR [DBPool-20] postgres.connection.pool - Connection acquire timeout after 5000ms. Active: 100/100, Idle: 0, Waiting: 42.
  SQL State: 53300 (too_many_connections) - User 'app_user' has reached maximum allowed connections.

2026-08-30T14:33:13.141026Z CRITICAL [RedisEvent-11] redis.cluster.memory - Redis OOM threshold reached. Used: 2048MB / Max: 2048MB.
  Command 'SET' rejected for key 'cache:session:80653'. Policy 'noeviction' prevented key removal.

2026-08-30T14:33:34.257618Z ERROR [DBPool-83] postgres.connection.pool - Connection acquire timeout after 5000ms. Active: 100/100, Idle: 0, Waiting: 42.
  SQL State: 53300 (too_many_connections) - User 'app_user' has reached maximum allowed connections.

2026-08-30T14:33:40.267289Z ERROR [DBPool-69] postgres.connection.pool - Connection acquire timeout after 5000ms. Active: 100/100, Idle: 0, Waiting: 42.
  SQL State: 53300 (too_many_connections) - User 'app_user' has reached maximum allowed connections.

2026-08-30T14:34:10.342196Z CRITICAL [RedisEvent-73] redis.cluster.memory - Redis OOM threshold reached. Used: 2048MB / Max: 2048MB.
  Command 'SET' rejected for key 'cache:session:87914'. Policy 'noeviction' prevented key removal.

2026-08-30T14:34:16.356714Z ERROR [DBPool-53] postgres.connection.pool - Connection acquire timeout after 5000ms. Active: 100/100, Idle: 0, Waiting: 42.
  SQL State: 53300 (too_many_connections) - User 'app_user' has reached maximum allowed connections.

2026-08-30T14:34:22.368325Z ERROR [DBPool-36] postgres.connection.pool - Connection acquire timeout after 5000ms. Active: 100/100, Idle: 0, Waiting: 42.
  SQL State: 53300 (too_many_connections) - User 'app_user' has reached maximum allowed connections.

2026-08-30T14:34:31.393848Z ERROR [DBPool-25] postgres.connection.pool - Connection acquire timeout after 5000ms. Active: 100/100, Idle: 0, Waiting: 42.
  SQL State: 53300 (too_many_connections) - User 'app_user' has reached maximum allowed connections.

2026-08-30T14:34:37.412686Z ERROR [DBPool-34] postgres.connection.pool - Connection acquire timeout after 5000ms. Active: 100/100, Idle: 0, Waiting: 42.
  SQL State: 53300 (too_many_connections) - User 'app_user' has reached maximum allowed connections.

2026-08-30T14:34:52.446411Z CRITICAL [RedisEvent-32] redis.cluster.memory - Redis OOM threshold reached. Used: 2048MB / Max: 2048MB.
  Command 'SET' rejected for key 'cache:session:49316'. Policy 'noeviction' prevented key removal.

2026-08-30T14:34:55.452042Z CRITICAL [RedisEvent-58] redis.cluster.memory - Redis OOM threshold reached. Used: 2048MB / Max: 2048MB.
  Command 'SET' rejected for key 'cache:session:27182'. Policy 'noeviction' prevented key removal.

2026-08-30T14:34:58.457472Z ERROR [DBPool-33] postgres.connection.pool - Connection acquire timeout after 5000ms. Active: 100/100, Idle: 0, Waiting: 42.
  SQL State: 53300 (too_many_connections) - User 'app_user' has reached maximum allowed connections.

2026-08-30T14:35:04.468135Z CRITICAL [RedisEvent-87] redis.cluster.memory - Redis OOM threshold reached. Used: 2048MB / Max: 2048MB.
  Command 'SET' rejected for key 'cache:session:57863'. Policy 'noeviction' prevented key removal.

2026-08-30T14:35:07.473281Z CRITICAL [RedisEvent-48] redis.cluster.memory - Redis OOM threshold reached. Used: 2048MB / Max: 2048MB.
  Command 'SET' rejected for key 'cache:session:33739'. Policy 'noeviction' prevented key removal.

2026-08-30T14:35:10.478307Z ERROR [DBPool-70] postgres.connection.pool - Connection acquire timeout after 5000ms. Active: 100/100, Idle: 0, Waiting: 42.
  SQL State: 53300 (too_many_connections) - User 'app_user' has reached maximum allowed connections.

2026-08-30T14:35:13.483544Z ERROR [DBPool-90] postgres.connection.pool - Connection acquire timeout after 5000ms. Active: 100/100, Idle: 0, Waiting: 42.
  SQL State: 53300 (too_many_connections) - User 'app_user' has reached maximum allowed connections.

2026-08-30T14:35:31.516148Z CRITICAL [RedisEvent-33] redis.cluster.memory - Redis OOM threshold reached. Used: 2048MB / Max: 2048MB.
  Command 'SET' rejected for key 'cache:session:13644'. Policy 'noeviction' prevented key removal.

2026-08-30T14:35:37.769768Z ERROR [DBPool-88] postgres.connection.pool - Connection acquire timeout after 5000ms. Active: 100/100, Idle: 0, Waiting: 42.
  SQL State: 53300 (too_many_connections) - User 'app_user' has reached maximum allowed connections.

2026-08-30T14:35:43.783319Z ERROR [DBPool-65] postgres.connection.pool - Connection acquire timeout after 5000ms. Active: 100/100, Idle: 0, Waiting: 42.
  SQL State: 53300 (too_many_connections) - User 'app_user' has reached maximum allowed connections.

2026-08-30T14:35:46.797546Z CRITICAL [RedisEvent-82] redis.cluster.memory - Redis OOM threshold reached. Used: 2048MB / Max: 2048MB.
  Command 'SET' rejected for key 'cache:session:11020'. Policy 'noeviction' prevented key removal.

2026-08-30T14:36:07.846656Z CRITICAL [RedisEvent-29] redis.cluster.memory - Redis OOM threshold reached. Used: 2048MB / Max: 2048MB.
  Command 'SET' rejected for key 'cache:session:44618'. Policy 'noeviction' prevented key removal.

2026-08-30T14:36:16.875304Z ERROR [DBPool-11] postgres.connection.pool - Connection acquire timeout after 5000ms. Active: 100/100, Idle: 0, Waiting: 42.
  SQL State: 53300 (too_many_connections) - User 'app_user' has reached maximum allowed connections.

2026-08-30T14:36:25.897853Z ERROR [DBPool-83] postgres.connection.pool - Connection acquire timeout after 5000ms. Active: 100/100, Idle: 0, Waiting: 42.
  SQL State: 53300 (too_many_connections) - User 'app_user' has reached maximum allowed connections.

2026-08-30T14:36:34.915879Z ERROR [DBPool-80] postgres.connection.pool - Connection acquire timeout after 5000ms. Active: 100/100, Idle: 0, Waiting: 42.
  SQL State: 53300 (too_many_connections) - User 'app_user' has reached maximum allowed connections.

2026-08-30T14:36:46.940958Z ERROR [DBPool-25] postgres.connection.pool - Connection acquire timeout after 5000ms. Active: 100/100, Idle: 0, Waiting: 42.
  SQL State: 53300 (too_many_connections) - User 'app_user' has reached maximum allowed connections.

2026-08-30T14:36:49.945945Z CRITICAL [RedisEvent-24] redis.cluster.memory - Redis OOM threshold reached. Used: 2048MB / Max: 2048MB.
  Command 'SET' rejected for key 'cache:session:90140'. Policy 'noeviction' prevented key removal.

2026-08-30T14:36:55.960395Z ERROR [DBPool-85] postgres.connection.pool - Connection acquire timeout after 5000ms. Active: 100/100, Idle: 0, Waiting: 42.
  SQL State: 53300 (too_many_connections) - User 'app_user' has reached maximum allowed connections.

2026-08-30T14:36:58.966294Z ERROR [DBPool-84] postgres.connection.pool - Connection acquire timeout after 5000ms. Active: 100/100, Idle: 0, Waiting: 42.
  SQL State: 53300 (too_many_connections) - User 'app_user' has reached maximum allowed connections.

2026-08-30T14:37:01.971578Z CRITICAL [RedisEvent-99] redis.cluster.memory - Redis OOM threshold reached. Used: 2048MB / Max: 2048MB.
  Command 'SET' rejected for key 'cache:session:86723'. Policy 'noeviction' prevented key removal.

2026-08-30T14:37:20.019716Z ERROR [DBPool-28] postgres.connection.pool - Connection acquire timeout after 5000ms. Active: 100/100, Idle: 0, Waiting: 42.
  SQL State: 53300 (too_many_connections) - User 'app_user' has reached maximum allowed connections.

2026-08-30T14:37:35.076158Z ERROR [DBPool-95] postgres.connection.pool - Connection acquire timeout after 5000ms. Active: 100/100, Idle: 0, Waiting: 42.
  SQL State: 53300 (too_many_connections) - User 'app_user' has reached maximum allowed connections.

2026-08-30T14:37:38.081379Z ERROR [DBPool-47] postgres.connection.pool - Connection acquire timeout after 5000ms. Active: 100/100, Idle: 0, Waiting: 42.
  SQL State: 53300 (too_many_connections) - User 'app_user' has reached maximum allowed connections.

2026-08-30T14:37:47.105879Z ERROR [DBPool-63] postgres.connection.pool - Connection acquire timeout after 5000ms. Active: 100/100, Idle: 0, Waiting: 42.
  SQL State: 53300 (too_many_connections) - User 'app_user' has reached maximum allowed connections.

2026-08-30T14:38:02.143274Z ERROR [DBPool-48] postgres.connection.pool - Connection acquire timeout after 5000ms. Active: 100/100, Idle: 0, Waiting: 42.
  SQL State: 53300 (too_many_connections) - User 'app_user' has reached maximum allowed connections.

2026-08-30T14:38:14.175052Z ERROR [DBPool-34] postgres.connection.pool - Connection acquire timeout after 5000ms. Active: 100/100, Idle: 0, Waiting: 42.
  SQL State: 53300 (too_many_connections) - User 'app_user' has reached maximum allowed connections.

2026-08-30T14:38:20.185862Z CRITICAL [RedisEvent-89] redis.cluster.memory - Redis OOM threshold reached. Used: 2048MB / Max: 2048MB.
  Command 'SET' rejected for key 'cache:session:73433'. Policy 'noeviction' prevented key removal.

2026-08-30T14:38:29.222430Z ERROR [DBPool-46] postgres.connection.pool - Connection acquire timeout after 5000ms. Active: 100/100, Idle: 0, Waiting: 42.
  SQL State: 53300 (too_many_connections) - User 'app_user' has reached maximum allowed connections.

2026-08-30T14:38:38.249485Z ERROR [DBPool-31] postgres.connection.pool - Connection acquire timeout after 5000ms. Active: 100/100, Idle: 0, Waiting: 42.
  SQL State: 53300 (too_many_connections) - User 'app_user' has reached maximum allowed connections.

2026-08-30T14:38:41.254688Z ERROR [DBPool-74] postgres.connection.pool - Connection acquire timeout after 5000ms. Active: 100/100, Idle: 0, Waiting: 42.
  SQL State: 53300 (too_many_connections) - User 'app_user' has reached maximum allowed connections.

2026-08-30T14:38:59.490075Z CRITICAL [RedisEvent-24] redis.cluster.memory - Redis OOM threshold reached. Used: 2048MB / Max: 2048MB.
  Command 'SET' rejected for key 'cache:session:64181'. Policy 'noeviction' prevented key removal.

2026-08-30T14:39:14.526473Z ERROR [DBPool-83] postgres.connection.pool - Connection acquire timeout after 5000ms. Active: 100/100, Idle: 0, Waiting: 42.
  SQL State: 53300 (too_many_connections) - User 'app_user' has reached maximum allowed connections.

2026-08-30T14:39:20.536674Z ERROR [DBPool-30] postgres.connection.pool - Connection acquire timeout after 5000ms. Active: 100/100, Idle: 0, Waiting: 42.
  SQL State: 53300 (too_many_connections) - User 'app_user' has reached maximum allowed connections.

2026-08-30T14:39:32.565793Z CRITICAL [RedisEvent-44] redis.cluster.memory - Redis OOM threshold reached. Used: 2048MB / Max: 2048MB.
  Command 'SET' rejected for key 'cache:session:34342'. Policy 'noeviction' prevented key removal.

2026-08-30T14:39:38.576393Z ERROR [DBPool-62] postgres.connection.pool - Connection acquire timeout after 5000ms. Active: 100/100, Idle: 0, Waiting: 42.
  SQL State: 53300 (too_many_connections) - User 'app_user' has reached maximum allowed connections.

2026-08-30T14:39:50.601554Z ERROR [DBPool-44] postgres.connection.pool - Connection acquire timeout after 5000ms. Active: 100/100, Idle: 0, Waiting: 42.
  SQL State: 53300 (too_many_connections) - User 'app_user' has reached maximum allowed connections.

2026-08-30T14:39:59.616672Z CRITICAL [RedisEvent-49] redis.cluster.memory - Redis OOM threshold reached. Used: 2048MB / Max: 2048MB.
  Command 'SET' rejected for key 'cache:session:14378'. Policy 'noeviction' prevented key removal.

2026-08-30T14:40:05.636310Z ERROR [DBPool-20] postgres.connection.pool - Connection acquire timeout after 5000ms. Active: 100/100, Idle: 0, Waiting: 42.
  SQL State: 53300 (too_many_connections) - User 'app_user' has reached maximum allowed connections.

2026-08-30T14:40:41.728110Z CRITICAL [RedisEvent-11] redis.cluster.memory - Redis OOM threshold reached. Used: 2048MB / Max: 2048MB.
  Command 'SET' rejected for key 'cache:session:61229'. Policy 'noeviction' prevented key removal.

2026-08-30T14:40:50.753358Z CRITICAL [RedisEvent-56] redis.cluster.memory - Redis OOM threshold reached. Used: 2048MB / Max: 2048MB.
  Command 'SET' rejected for key 'cache:session:90470'. Policy 'noeviction' prevented key removal.

2026-08-30T14:40:53.758587Z CRITICAL [RedisEvent-31] redis.cluster.memory - Redis OOM threshold reached. Used: 2048MB / Max: 2048MB.
  Command 'SET' rejected for key 'cache:session:37715'. Policy 'noeviction' prevented key removal.

2026-08-30T14:40:59.768717Z ERROR [DBPool-94] postgres.connection.pool - Connection acquire timeout after 5000ms. Active: 100/100, Idle: 0, Waiting: 42.
  SQL State: 53300 (too_many_connections) - User 'app_user' has reached maximum allowed connections.

2026-08-30T14:41:11.797817Z CRITICAL [RedisEvent-32] redis.cluster.memory - Redis OOM threshold reached. Used: 2048MB / Max: 2048MB.
  Command 'SET' rejected for key 'cache:session:64563'. Policy 'noeviction' prevented key removal.

2026-08-30T14:41:14.803199Z ERROR [DBPool-36] postgres.connection.pool - Connection acquire timeout after 5000ms. Active: 100/100, Idle: 0, Waiting: 42.
  SQL State: 53300 (too_many_connections) - User 'app_user' has reached maximum allowed connections.

2026-08-30T14:41:20.813125Z ERROR [DBPool-27] postgres.connection.pool - Connection acquire timeout after 5000ms. Active: 100/100, Idle: 0, Waiting: 42.
  SQL State: 53300 (too_many_connections) - User 'app_user' has reached maximum allowed connections.

2026-08-30T14:41:23.818494Z ERROR [DBPool-15] postgres.connection.pool - Connection acquire timeout after 5000ms. Active: 100/100, Idle: 0, Waiting: 42.
  SQL State: 53300 (too_many_connections) - User 'app_user' has reached maximum allowed connections.

2026-08-30T14:41:29.833000Z ERROR [DBPool-51] postgres.connection.pool - Connection acquire timeout after 5000ms. Active: 100/100, Idle: 0, Waiting: 42.
  SQL State: 53300 (too_many_connections) - User 'app_user' has reached maximum allowed connections.

2026-08-30T14:41:38.852538Z CRITICAL [RedisEvent-26] redis.cluster.memory - Redis OOM threshold reached. Used: 2048MB / Max: 2048MB.
  Command 'SET' rejected for key 'cache:session:93934'. Policy 'noeviction' prevented key removal.

2026-08-30T14:41:41.856961Z ERROR [DBPool-90] postgres.connection.pool - Connection acquire timeout after 5000ms. Active: 100/100, Idle: 0, Waiting: 42.
  SQL State: 53300 (too_many_connections) - User 'app_user' has reached maximum allowed connections.

2026-08-30T14:41:50.881736Z ERROR [DBPool-38] postgres.connection.pool - Connection acquire timeout after 5000ms. Active: 100/100, Idle: 0, Waiting: 42.
  SQL State: 53300 (too_many_connections) - User 'app_user' has reached maximum allowed connections.

2026-08-30T14:41:59.897175Z ERROR [DBPool-30] postgres.connection.pool - Connection acquire timeout after 5000ms. Active: 100/100, Idle: 0, Waiting: 42.
  SQL State: 53300 (too_many_connections) - User 'app_user' has reached maximum allowed connections.

2026-08-30T14:42:02.911648Z ERROR [DBPool-55] postgres.connection.pool - Connection acquire timeout after 5000ms. Active: 100/100, Idle: 0, Waiting: 42.
  SQL State: 53300 (too_many_connections) - User 'app_user' has reached maximum allowed connections.

2026-08-30T14:42:11.936865Z ERROR [DBPool-73] postgres.connection.pool - Connection acquire timeout after 5000ms. Active: 100/100, Idle: 0, Waiting: 42.
  SQL State: 53300 (too_many_connections) - User 'app_user' has reached maximum allowed connections.

2026-08-30T14:42:23.962093Z CRITICAL [RedisEvent-52] redis.cluster.memory - Redis OOM threshold reached. Used: 2048MB / Max: 2048MB.
  Command 'SET' rejected for key 'cache:session:83622'. Policy 'noeviction' prevented key removal.

2026-08-30T14:42:26.972421Z CRITICAL [RedisEvent-46] redis.cluster.memory - Redis OOM threshold reached. Used: 2048MB / Max: 2048MB.
  Command 'SET' rejected for key 'cache:session:15669'. Policy 'noeviction' prevented key removal.

2026-08-30T14:42:45.012326Z ERROR [DBPool-91] postgres.connection.pool - Connection acquire timeout after 5000ms. Active: 100/100, Idle: 0, Waiting: 42.
  SQL State: 53300 (too_many_connections) - User 'app_user' has reached maximum allowed connections.

2026-08-30T14:42:57.035517Z CRITICAL [RedisEvent-16] redis.cluster.memory - Redis OOM threshold reached. Used: 2048MB / Max: 2048MB.
  Command 'SET' rejected for key 'cache:session:38885'. Policy 'noeviction' prevented key removal.

2026-08-30T14:43:09.057559Z ERROR [DBPool-93] postgres.connection.pool - Connection acquire timeout after 5000ms. Active: 100/100, Idle: 0, Waiting: 42.
  SQL State: 53300 (too_many_connections) - User 'app_user' has reached maximum allowed connections.

2026-08-30T14:43:12.063115Z ERROR [DBPool-46] postgres.connection.pool - Connection acquire timeout after 5000ms. Active: 100/100, Idle: 0, Waiting: 42.
  SQL State: 53300 (too_many_connections) - User 'app_user' has reached maximum allowed connections.

2026-08-30T14:43:15.067907Z CRITICAL [RedisEvent-81] redis.cluster.memory - Redis OOM threshold reached. Used: 2048MB / Max: 2048MB.
  Command 'SET' rejected for key 'cache:session:14536'. Policy 'noeviction' prevented key removal.

2026-08-30T14:43:21.080364Z ERROR [DBPool-11] postgres.connection.pool - Connection acquire timeout after 5000ms. Active: 100/100, Idle: 0, Waiting: 42.
  SQL State: 53300 (too_many_connections) - User 'app_user' has reached maximum allowed connections.

2026-08-30T14:43:27.094652Z ERROR [DBPool-26] postgres.connection.pool - Connection acquire timeout after 5000ms. Active: 100/100, Idle: 0, Waiting: 42.
  SQL State: 53300 (too_many_connections) - User 'app_user' has reached maximum allowed connections.

2026-08-30T14:43:36.116306Z ERROR [DBPool-39] postgres.connection.pool - Connection acquire timeout after 5000ms. Active: 100/100, Idle: 0, Waiting: 42.
  SQL State: 53300 (too_many_connections) - User 'app_user' has reached maximum allowed connections.

2026-08-30T14:43:51.146306Z CRITICAL [RedisEvent-27] redis.cluster.memory - Redis OOM threshold reached. Used: 2048MB / Max: 2048MB.
  Command 'SET' rejected for key 'cache:session:63468'. Policy 'noeviction' prevented key removal.

2026-08-30T14:43:54.151359Z CRITICAL [RedisEvent-93] redis.cluster.memory - Redis OOM threshold reached. Used: 2048MB / Max: 2048MB.
  Command 'SET' rejected for key 'cache:session:54892'. Policy 'noeviction' prevented key removal.

2026-08-30T14:44:00.164207Z CRITICAL [RedisEvent-72] redis.cluster.memory - Redis OOM threshold reached. Used: 2048MB / Max: 2048MB.
  Command 'SET' rejected for key 'cache:session:97324'. Policy 'noeviction' prevented key removal.

2026-08-30T14:44:12.189215Z ERROR [DBPool-34] postgres.connection.pool - Connection acquire timeout after 5000ms. Active: 100/100, Idle: 0, Waiting: 42.
  SQL State: 53300 (too_many_connections) - User 'app_user' has reached maximum allowed connections.

2026-08-30T14:44:36.298581Z ERROR [DBPool-81] postgres.connection.pool - Connection acquire timeout after 5000ms. Active: 100/100, Idle: 0, Waiting: 42.
  SQL State: 53300 (too_many_connections) - User 'app_user' has reached maximum allowed connections.

2026-08-30T14:44:48.323281Z ERROR [DBPool-74] postgres.connection.pool - Connection acquire timeout after 5000ms. Active: 100/100, Idle: 0, Waiting: 42.
  SQL State: 53300 (too_many_connections) - User 'app_user' has reached maximum allowed connections.

2026-08-30T14:44:51.338636Z CRITICAL [RedisEvent-66] redis.cluster.memory - Redis OOM threshold reached. Used: 2048MB / Max: 2048MB.
  Command 'SET' rejected for key 'cache:session:94213'. Policy 'noeviction' prevented key removal.

2026-08-30T14:44:57.349187Z CRITICAL [RedisEvent-31] redis.cluster.memory - Redis OOM threshold reached. Used: 2048MB / Max: 2048MB.
  Command 'SET' rejected for key 'cache:session:57860'. Policy 'noeviction' prevented key removal.

2026-08-30T14:45:09.387268Z ERROR [DBPool-73] postgres.connection.pool - Connection acquire timeout after 5000ms. Active: 100/100, Idle: 0, Waiting: 42.
  SQL State: 53300 (too_many_connections) - User 'app_user' has reached maximum allowed connections.

2026-08-30T14:45:24.419285Z CRITICAL [RedisEvent-25] redis.cluster.memory - Redis OOM threshold reached. Used: 2048MB / Max: 2048MB.
  Command 'SET' rejected for key 'cache:session:79234'. Policy 'noeviction' prevented key removal.

2026-08-30T14:45:33.436445Z CRITICAL [RedisEvent-58] redis.cluster.memory - Redis OOM threshold reached. Used: 2048MB / Max: 2048MB.
  Command 'SET' rejected for key 'cache:session:62588'. Policy 'noeviction' prevented key removal.

2026-08-30T14:45:36.446825Z ERROR [DBPool-43] postgres.connection.pool - Connection acquire timeout after 5000ms. Active: 100/100, Idle: 0, Waiting: 42.
  SQL State: 53300 (too_many_connections) - User 'app_user' has reached maximum allowed connections.

2026-08-30T14:45:39.459158Z CRITICAL [RedisEvent-83] redis.cluster.memory - Redis OOM threshold reached. Used: 2048MB / Max: 2048MB.
  Command 'SET' rejected for key 'cache:session:18058'. Policy 'noeviction' prevented key removal.

2026-08-30T14:46:00.495293Z CRITICAL [RedisEvent-75] redis.cluster.memory - Redis OOM threshold reached. Used: 2048MB / Max: 2048MB.
  Command 'SET' rejected for key 'cache:session:46824'. Policy 'noeviction' prevented key removal.

2026-08-30T14:46:03.500566Z ERROR [DBPool-76] postgres.connection.pool - Connection acquire timeout after 5000ms. Active: 100/100, Idle: 0, Waiting: 42.
  SQL State: 53300 (too_many_connections) - User 'app_user' has reached maximum allowed connections.

2026-08-30T14:46:06.505295Z CRITICAL [RedisEvent-44] redis.cluster.memory - Redis OOM threshold reached. Used: 2048MB / Max: 2048MB.
  Command 'SET' rejected for key 'cache:session:23382'. Policy 'noeviction' prevented key removal.

2026-08-30T14:46:15.526659Z ERROR [DBPool-59] postgres.connection.pool - Connection acquire timeout after 5000ms. Active: 100/100, Idle: 0, Waiting: 42.
  SQL State: 53300 (too_many_connections) - User 'app_user' has reached maximum allowed connections.

2026-08-30T14:46:36.591327Z CRITICAL [RedisEvent-19] redis.cluster.memory - Redis OOM threshold reached. Used: 2048MB / Max: 2048MB.
  Command 'SET' rejected for key 'cache:session:57036'. Policy 'noeviction' prevented key removal.

2026-08-30T14:46:39.598807Z ERROR [DBPool-60] postgres.connection.pool - Connection acquire timeout after 5000ms. Active: 100/100, Idle: 0, Waiting: 42.
  SQL State: 53300 (too_many_connections) - User 'app_user' has reached maximum allowed connections.

2026-08-30T14:47:03.664840Z ERROR [DBPool-98] postgres.connection.pool - Connection acquire timeout after 5000ms. Active: 100/100, Idle: 0, Waiting: 42.
  SQL State: 53300 (too_many_connections) - User 'app_user' has reached maximum allowed connections.

2026-08-30T14:47:15.694711Z CRITICAL [RedisEvent-43] redis.cluster.memory - Redis OOM threshold reached. Used: 2048MB / Max: 2048MB.
  Command 'SET' rejected for key 'cache:session:74420'. Policy 'noeviction' prevented key removal.

2026-08-30T14:47:24.720320Z ERROR [DBPool-18] postgres.connection.pool - Connection acquire timeout after 5000ms. Active: 100/100, Idle: 0, Waiting: 42.
  SQL State: 53300 (too_many_connections) - User 'app_user' has reached maximum allowed connections.

2026-08-30T14:47:27.730494Z ERROR [DBPool-13] postgres.connection.pool - Connection acquire timeout after 5000ms. Active: 100/100, Idle: 0, Waiting: 42.
  SQL State: 53300 (too_many_connections) - User 'app_user' has reached maximum allowed connections.

2026-08-30T14:47:33.741011Z ERROR [DBPool-67] postgres.connection.pool - Connection acquire timeout after 5000ms. Active: 100/100, Idle: 0, Waiting: 42.
  SQL State: 53300 (too_many_connections) - User 'app_user' has reached maximum allowed connections.

2026-08-30T14:47:54.790638Z ERROR [DBPool-85] postgres.connection.pool - Connection acquire timeout after 5000ms. Active: 100/100, Idle: 0, Waiting: 42.
  SQL State: 53300 (too_many_connections) - User 'app_user' has reached maximum allowed connections.

2026-08-30T14:48:00.800723Z CRITICAL [RedisEvent-15] redis.cluster.memory - Redis OOM threshold reached. Used: 2048MB / Max: 2048MB.
  Command 'SET' rejected for key 'cache:session:67388'. Policy 'noeviction' prevented key removal.

2026-08-30T14:48:36.989567Z CRITICAL [RedisEvent-78] redis.cluster.memory - Redis OOM threshold reached. Used: 2048MB / Max: 2048MB.
  Command 'SET' rejected for key 'cache:session:35574'. Policy 'noeviction' prevented key removal.

2026-08-30T14:48:39.994412Z ERROR [DBPool-54] postgres.connection.pool - Connection acquire timeout after 5000ms. Active: 100/100, Idle: 0, Waiting: 42.
  SQL State: 53300 (too_many_connections) - User 'app_user' has reached maximum allowed connections.

2026-08-30T14:49:01.029556Z CRITICAL [RedisEvent-13] redis.cluster.memory - Redis OOM threshold reached. Used: 2048MB / Max: 2048MB.
  Command 'SET' rejected for key 'cache:session:84350'. Policy 'noeviction' prevented key removal.

2026-08-30T14:49:19.079267Z CRITICAL [RedisEvent-51] redis.cluster.memory - Redis OOM threshold reached. Used: 2048MB / Max: 2048MB.
  Command 'SET' rejected for key 'cache:session:87738'. Policy 'noeviction' prevented key removal.

2026-08-30T14:49:25.089825Z CRITICAL [RedisEvent-81] redis.cluster.memory - Redis OOM threshold reached. Used: 2048MB / Max: 2048MB.
  Command 'SET' rejected for key 'cache:session:75799'. Policy 'noeviction' prevented key removal.

2026-08-30T14:49:28.097730Z ERROR [DBPool-98] postgres.connection.pool - Connection acquire timeout after 5000ms. Active: 100/100, Idle: 0, Waiting: 42.
  SQL State: 53300 (too_many_connections) - User 'app_user' has reached maximum allowed connections.

2026-08-30T14:49:31.102803Z ERROR [DBPool-83] postgres.connection.pool - Connection acquire timeout after 5000ms. Active: 100/100, Idle: 0, Waiting: 42.
  SQL State: 53300 (too_many_connections) - User 'app_user' has reached maximum allowed connections.

2026-08-30T14:49:37.117231Z ERROR [DBPool-24] postgres.connection.pool - Connection acquire timeout after 5000ms. Active: 100/100, Idle: 0, Waiting: 42.
  SQL State: 53300 (too_many_connections) - User 'app_user' has reached maximum allowed connections.

2026-08-30T14:49:40.122377Z ERROR [DBPool-87] postgres.connection.pool - Connection acquire timeout after 5000ms. Active: 100/100, Idle: 0, Waiting: 42.
  SQL State: 53300 (too_many_connections) - User 'app_user' has reached maximum allowed connections.

2026-08-30T14:49:52.153239Z ERROR [DBPool-77] postgres.connection.pool - Connection acquire timeout after 5000ms. Active: 100/100, Idle: 0, Waiting: 42.
  SQL State: 53300 (too_many_connections) - User 'app_user' has reached maximum allowed connections.

2026-08-30T14:50:04.174565Z ERROR [DBPool-35] postgres.connection.pool - Connection acquire timeout after 5000ms. Active: 100/100, Idle: 0, Waiting: 42.
  SQL State: 53300 (too_many_connections) - User 'app_user' has reached maximum allowed connections.

2026-08-30T14:50:07.179717Z ERROR [DBPool-52] postgres.connection.pool - Connection acquire timeout after 5000ms. Active: 100/100, Idle: 0, Waiting: 42.
  SQL State: 53300 (too_many_connections) - User 'app_user' has reached maximum allowed connections.

2026-08-30T14:50:16.206325Z CRITICAL [RedisEvent-28] redis.cluster.memory - Redis OOM threshold reached. Used: 2048MB / Max: 2048MB.
  Command 'SET' rejected for key 'cache:session:35973'. Policy 'noeviction' prevented key removal.

2026-08-30T14:50:19.212321Z CRITICAL [RedisEvent-29] redis.cluster.memory - Redis OOM threshold reached. Used: 2048MB / Max: 2048MB.
  Command 'SET' rejected for key 'cache:session:97196'. Policy 'noeviction' prevented key removal.

2026-08-30T14:50:22.217594Z ERROR [DBPool-30] postgres.connection.pool - Connection acquire timeout after 5000ms. Active: 100/100, Idle: 0, Waiting: 42.
  SQL State: 53300 (too_many_connections) - User 'app_user' has reached maximum allowed connections.

2026-08-30T14:50:28.229263Z ERROR [DBPool-48] postgres.connection.pool - Connection acquire timeout after 5000ms. Active: 100/100, Idle: 0, Waiting: 42.
  SQL State: 53300 (too_many_connections) - User 'app_user' has reached maximum allowed connections.

2026-08-30T14:50:34.238945Z CRITICAL [RedisEvent-44] redis.cluster.memory - Redis OOM threshold reached. Used: 2048MB / Max: 2048MB.
  Command 'SET' rejected for key 'cache:session:56858'. Policy 'noeviction' prevented key removal.

2026-08-30T14:50:40.249383Z CRITICAL [RedisEvent-25] redis.cluster.memory - Redis OOM threshold reached. Used: 2048MB / Max: 2048MB.
  Command 'SET' rejected for key 'cache:session:15662'. Policy 'noeviction' prevented key removal.

2026-08-30T14:50:49.281535Z CRITICAL [RedisEvent-24] redis.cluster.memory - Redis OOM threshold reached. Used: 2048MB / Max: 2048MB.
  Command 'SET' rejected for key 'cache:session:17409'. Policy 'noeviction' prevented key removal.

2026-08-30T14:50:55.292611Z ERROR [DBPool-62] postgres.connection.pool - Connection acquire timeout after 5000ms. Active: 100/100, Idle: 0, Waiting: 42.
  SQL State: 53300 (too_many_connections) - User 'app_user' has reached maximum allowed connections.

2026-08-30T14:50:58.297671Z CRITICAL [RedisEvent-23] redis.cluster.memory - Redis OOM threshold reached. Used: 2048MB / Max: 2048MB.
  Command 'SET' rejected for key 'cache:session:53570'. Policy 'noeviction' prevented key removal.

2026-08-30T14:51:04.320156Z ERROR [DBPool-97] postgres.connection.pool - Connection acquire timeout after 5000ms. Active: 100/100, Idle: 0, Waiting: 42.
  SQL State: 53300 (too_many_connections) - User 'app_user' has reached maximum allowed connections.

2026-08-30T14:51:10.508744Z ERROR [DBPool-80] postgres.connection.pool - Connection acquire timeout after 5000ms. Active: 100/100, Idle: 0, Waiting: 42.
  SQL State: 53300 (too_many_connections) - User 'app_user' has reached maximum allowed connections.

2026-08-30T14:51:19.528982Z CRITICAL [RedisEvent-37] redis.cluster.memory - Redis OOM threshold reached. Used: 2048MB / Max: 2048MB.
  Command 'SET' rejected for key 'cache:session:40504'. Policy 'noeviction' prevented key removal.

2026-08-30T14:51:25.546200Z ERROR [DBPool-75] postgres.connection.pool - Connection acquire timeout after 5000ms. Active: 100/100, Idle: 0, Waiting: 42.
  SQL State: 53300 (too_many_connections) - User 'app_user' has reached maximum allowed connections.

2026-08-30T14:51:28.555060Z CRITICAL [RedisEvent-33] redis.cluster.memory - Redis OOM threshold reached. Used: 2048MB / Max: 2048MB.
  Command 'SET' rejected for key 'cache:session:45456'. Policy 'noeviction' prevented key removal.

2026-08-30T14:51:37.572983Z ERROR [DBPool-30] postgres.connection.pool - Connection acquire timeout after 5000ms. Active: 100/100, Idle: 0, Waiting: 42.
  SQL State: 53300 (too_many_connections) - User 'app_user' has reached maximum allowed connections.

2026-08-30T14:51:46.590533Z CRITICAL [RedisEvent-99] redis.cluster.memory - Redis OOM threshold reached. Used: 2048MB / Max: 2048MB.
  Command 'SET' rejected for key 'cache:session:57103'. Policy 'noeviction' prevented key removal.

2026-08-30T14:51:55.617104Z ERROR [DBPool-38] postgres.connection.pool - Connection acquire timeout after 5000ms. Active: 100/100, Idle: 0, Waiting: 42.
  SQL State: 53300 (too_many_connections) - User 'app_user' has reached maximum allowed connections.

2026-08-30T14:59:05.532369Z ERROR [DBPool-52] postgres.connection.pool - Connection acquire timeout after 5000ms. Active: 100/100, Idle: 0, Waiting: 42.
  SQL State: 53300 (too_many_connections) - User 'app_user' has reached maximum allowed connections.

2026-08-30T14:59:14.550570Z ERROR [DBPool-63] postgres.connection.pool - Connection acquire timeout after 5000ms. Active: 100/100, Idle: 0, Waiting: 42.
  SQL State: 53300 (too_many_connections) - User 'app_user' has reached maximum allowed connections.

2026-08-30T14:59:26.576983Z ERROR [DBPool-57] postgres.connection.pool - Connection acquire timeout after 5000ms. Active: 100/100, Idle: 0, Waiting: 42.
  SQL State: 53300 (too_many_connections) - User 'app_user' has reached maximum allowed connections.

2026-08-30T14:59:38.606608Z ERROR [DBPool-49] postgres.connection.pool - Connection acquire timeout after 5000ms. Active: 100/100, Idle: 0, Waiting: 42.
  SQL State: 53300 (too_many_connections) - User 'app_user' has reached maximum allowed connections.

2026-08-30T14:59:56.711384Z CRITICAL [RedisEvent-17] redis.cluster.memory - Redis OOM threshold reached. Used: 2048MB / Max: 2048MB.
  Command 'SET' rejected for key 'cache:session:57759'. Policy 'noeviction' prevented key removal.

2026-08-30T15:00:17.774152Z ERROR [DBPool-70] postgres.connection.pool - Connection acquire timeout after 5000ms. Active: 100/100, Idle: 0, Waiting: 42.
  SQL State: 53300 (too_many_connections) - User 'app_user' has reached maximum allowed connections.

2026-08-30T15:00:20.781214Z ERROR [DBPool-28] postgres.connection.pool - Connection acquire timeout after 5000ms. Active: 100/100, Idle: 0, Waiting: 42.
  SQL State: 53300 (too_many_connections) - User 'app_user' has reached maximum allowed connections.

2026-08-30T15:00:35.814490Z ERROR [DBPool-55] postgres.connection.pool - Connection acquire timeout after 5000ms. Active: 100/100, Idle: 0, Waiting: 42.
  SQL State: 53300 (too_many_connections) - User 'app_user' has reached maximum allowed connections.

2026-08-30T15:00:41.825919Z ERROR [DBPool-12] postgres.connection.pool - Connection acquire timeout after 5000ms. Active: 100/100, Idle: 0, Waiting: 42.
  SQL State: 53300 (too_many_connections) - User 'app_user' has reached maximum allowed connections.

2026-08-30T15:00:53.849491Z ERROR [DBPool-51] postgres.connection.pool - Connection acquire timeout after 5000ms. Active: 100/100, Idle: 0, Waiting: 42.
  SQL State: 53300 (too_many_connections) - User 'app_user' has reached maximum allowed connections.

2026-08-30T15:00:56.855770Z ERROR [DBPool-46] postgres.connection.pool - Connection acquire timeout after 5000ms. Active: 100/100, Idle: 0, Waiting: 42.
  SQL State: 53300 (too_many_connections) - User 'app_user' has reached maximum allowed connections.

2026-08-30T15:00:59.861644Z ERROR [DBPool-71] postgres.connection.pool - Connection acquire timeout after 5000ms. Active: 100/100, Idle: 0, Waiting: 42.
  SQL State: 53300 (too_many_connections) - User 'app_user' has reached maximum allowed connections.

2026-08-30T15:01:14.895403Z CRITICAL [RedisEvent-20] redis.cluster.memory - Redis OOM threshold reached. Used: 2048MB / Max: 2048MB.
  Command 'SET' rejected for key 'cache:session:26759'. Policy 'noeviction' prevented key removal.

2026-08-30T15:01:29.929908Z CRITICAL [RedisEvent-35] redis.cluster.memory - Redis OOM threshold reached. Used: 2048MB / Max: 2048MB.
  Command 'SET' rejected for key 'cache:session:57897'. Policy 'noeviction' prevented key removal.

2026-08-30T15:01:32.935969Z CRITICAL [RedisEvent-20] redis.cluster.memory - Redis OOM threshold reached. Used: 2048MB / Max: 2048MB.
  Command 'SET' rejected for key 'cache:session:40940'. Policy 'noeviction' prevented key removal.

2026-08-30T15:01:41.965868Z ERROR [DBPool-43] postgres.connection.pool - Connection acquire timeout after 5000ms. Active: 100/100, Idle: 0, Waiting: 42.
  SQL State: 53300 (too_many_connections) - User 'app_user' has reached maximum allowed connections.

2026-08-30T15:01:50.983154Z ERROR [DBPool-19] postgres.connection.pool - Connection acquire timeout after 5000ms. Active: 100/100, Idle: 0, Waiting: 42.
  SQL State: 53300 (too_many_connections) - User 'app_user' has reached maximum allowed connections.

2026-08-30T15:02:06.014291Z ERROR [DBPool-26] postgres.connection.pool - Connection acquire timeout after 5000ms. Active: 100/100, Idle: 0, Waiting: 42.
  SQL State: 53300 (too_many_connections) - User 'app_user' has reached maximum allowed connections.

2026-08-30T15:02:24.064297Z CRITICAL [RedisEvent-98] redis.cluster.memory - Redis OOM threshold reached. Used: 2048MB / Max: 2048MB.
  Command 'SET' rejected for key 'cache:session:32072'. Policy 'noeviction' prevented key removal.

2026-08-30T15:02:27.070932Z ERROR [DBPool-84] postgres.connection.pool - Connection acquire timeout after 5000ms. Active: 100/100, Idle: 0, Waiting: 42.
  SQL State: 53300 (too_many_connections) - User 'app_user' has reached maximum allowed connections.

2026-08-30T15:02:30.076709Z ERROR [DBPool-94] postgres.connection.pool - Connection acquire timeout after 5000ms. Active: 100/100, Idle: 0, Waiting: 42.
  SQL State: 53300 (too_many_connections) - User 'app_user' has reached maximum allowed connections.

2026-08-30T15:02:39.095199Z ERROR [DBPool-87] postgres.connection.pool - Connection acquire timeout after 5000ms. Active: 100/100, Idle: 0, Waiting: 42.
  SQL State: 53300 (too_many_connections) - User 'app_user' has reached maximum allowed connections.

2026-08-30T15:03:33.219708Z CRITICAL [RedisEvent-47] redis.cluster.memory - Redis OOM threshold reached. Used: 2048MB / Max: 2048MB.
  Command 'SET' rejected for key 'cache:session:69982'. Policy 'noeviction' prevented key removal.

2026-08-30T15:03:36.229337Z ERROR [DBPool-52] postgres.connection.pool - Connection acquire timeout after 5000ms. Active: 100/100, Idle: 0, Waiting: 42.
  SQL State: 53300 (too_many_connections) - User 'app_user' has reached maximum allowed connections.

2026-08-30T15:03:39.234974Z ERROR [DBPool-79] postgres.connection.pool - Connection acquire timeout after 5000ms. Active: 100/100, Idle: 0, Waiting: 42.
  SQL State: 53300 (too_many_connections) - User 'app_user' has reached maximum allowed connections.

2026-08-30T15:03:45.247848Z ERROR [DBPool-81] postgres.connection.pool - Connection acquire timeout after 5000ms. Active: 100/100, Idle: 0, Waiting: 42.
  SQL State: 53300 (too_many_connections) - User 'app_user' has reached maximum allowed connections.

2026-08-30T15:03:54.267186Z CRITICAL [RedisEvent-33] redis.cluster.memory - Redis OOM threshold reached. Used: 2048MB / Max: 2048MB.
  Command 'SET' rejected for key 'cache:session:73191'. Policy 'noeviction' prevented key removal.

2026-08-30T15:04:03.293179Z CRITICAL [RedisEvent-10] redis.cluster.memory - Redis OOM threshold reached. Used: 2048MB / Max: 2048MB.
  Command 'SET' rejected for key 'cache:session:54171'. Policy 'noeviction' prevented key removal.

2026-08-30T15:04:21.343188Z ERROR [DBPool-87] postgres.connection.pool - Connection acquire timeout after 5000ms. Active: 100/100, Idle: 0, Waiting: 42.
  SQL State: 53300 (too_many_connections) - User 'app_user' has reached maximum allowed connections.

2026-08-30T15:04:24.349637Z CRITICAL [RedisEvent-74] redis.cluster.memory - Redis OOM threshold reached. Used: 2048MB / Max: 2048MB.
  Command 'SET' rejected for key 'cache:session:95342'. Policy 'noeviction' prevented key removal.

2026-08-30T15:04:36.378517Z CRITICAL [RedisEvent-56] redis.cluster.memory - Redis OOM threshold reached. Used: 2048MB / Max: 2048MB.
  Command 'SET' rejected for key 'cache:session:95066'. Policy 'noeviction' prevented key removal.

2026-08-30T15:04:42.396410Z ERROR [DBPool-54] postgres.connection.pool - Connection acquire timeout after 5000ms. Active: 100/100, Idle: 0, Waiting: 42.
  SQL State: 53300 (too_many_connections) - User 'app_user' has reached maximum allowed connections.

2026-08-30T15:04:57.442382Z ERROR [DBPool-82] postgres.connection.pool - Connection acquire timeout after 5000ms. Active: 100/100, Idle: 0, Waiting: 42.
  SQL State: 53300 (too_many_connections) - User 'app_user' has reached maximum allowed connections.

2026-08-30T15:05:15.686244Z CRITICAL [RedisEvent-11] redis.cluster.memory - Redis OOM threshold reached. Used: 2048MB / Max: 2048MB.
  Command 'SET' rejected for key 'cache:session:60845'. Policy 'noeviction' prevented key removal.

2026-08-30T15:05:21.697791Z ERROR [DBPool-58] postgres.connection.pool - Connection acquire timeout after 5000ms. Active: 100/100, Idle: 0, Waiting: 42.
  SQL State: 53300 (too_many_connections) - User 'app_user' has reached maximum allowed connections.

2026-08-30T15:05:42.752342Z ERROR [DBPool-29] postgres.connection.pool - Connection acquire timeout after 5000ms. Active: 100/100, Idle: 0, Waiting: 42.
  SQL State: 53300 (too_many_connections) - User 'app_user' has reached maximum allowed connections.

2026-08-30T15:05:45.759268Z ERROR [DBPool-22] postgres.connection.pool - Connection acquire timeout after 5000ms. Active: 100/100, Idle: 0, Waiting: 42.
  SQL State: 53300 (too_many_connections) - User 'app_user' has reached maximum allowed connections.

2026-08-30T15:05:51.779254Z CRITICAL [RedisEvent-98] redis.cluster.memory - Redis OOM threshold reached. Used: 2048MB / Max: 2048MB.
  Command 'SET' rejected for key 'cache:session:51684'. Policy 'noeviction' prevented key removal.

2026-08-30T15:05:57.792150Z ERROR [DBPool-39] postgres.connection.pool - Connection acquire timeout after 5000ms. Active: 100/100, Idle: 0, Waiting: 42.
  SQL State: 53300 (too_many_connections) - User 'app_user' has reached maximum allowed connections.

2026-08-30T15:06:00.801667Z CRITICAL [RedisEvent-86] redis.cluster.memory - Redis OOM threshold reached. Used: 2048MB / Max: 2048MB.
  Command 'SET' rejected for key 'cache:session:32265'. Policy 'noeviction' prevented key removal.

2026-08-30T15:06:03.808160Z CRITICAL [RedisEvent-48] redis.cluster.memory - Redis OOM threshold reached. Used: 2048MB / Max: 2048MB.
  Command 'SET' rejected for key 'cache:session:73849'. Policy 'noeviction' prevented key removal.

2026-08-30T15:06:15.839650Z ERROR [DBPool-66] postgres.connection.pool - Connection acquire timeout after 5000ms. Active: 100/100, Idle: 0, Waiting: 42.
  SQL State: 53300 (too_many_connections) - User 'app_user' has reached maximum allowed connections.

2026-08-30T15:06:24.874750Z ERROR [DBPool-17] postgres.connection.pool - Connection acquire timeout after 5000ms. Active: 100/100, Idle: 0, Waiting: 42.
  SQL State: 53300 (too_many_connections) - User 'app_user' has reached maximum allowed connections.

2026-08-30T15:06:27.881373Z CRITICAL [RedisEvent-60] redis.cluster.memory - Redis OOM threshold reached. Used: 2048MB / Max: 2048MB.
  Command 'SET' rejected for key 'cache:session:66320'. Policy 'noeviction' prevented key removal.

2026-08-30T15:06:30.895487Z CRITICAL [RedisEvent-20] redis.cluster.memory - Redis OOM threshold reached. Used: 2048MB / Max: 2048MB.
  Command 'SET' rejected for key 'cache:session:66448'. Policy 'noeviction' prevented key removal.

2026-08-30T15:06:45.941408Z CRITICAL [RedisEvent-72] redis.cluster.memory - Redis OOM threshold reached. Used: 2048MB / Max: 2048MB.
  Command 'SET' rejected for key 'cache:session:49978'. Policy 'noeviction' prevented key removal.

2026-08-30T15:06:48.947978Z CRITICAL [RedisEvent-60] redis.cluster.memory - Redis OOM threshold reached. Used: 2048MB / Max: 2048MB.
  Command 'SET' rejected for key 'cache:session:55070'. Policy 'noeviction' prevented key removal.

2026-08-30T15:06:54.966903Z ERROR [DBPool-86] postgres.connection.pool - Connection acquire timeout after 5000ms. Active: 100/100, Idle: 0, Waiting: 42.
  SQL State: 53300 (too_many_connections) - User 'app_user' has reached maximum allowed connections.

2026-08-30T15:06:57.973713Z ERROR [DBPool-15] postgres.connection.pool - Connection acquire timeout after 5000ms. Active: 100/100, Idle: 0, Waiting: 42.
  SQL State: 53300 (too_many_connections) - User 'app_user' has reached maximum allowed connections.

2026-08-30T15:07:00.987563Z ERROR [DBPool-68] postgres.connection.pool - Connection acquire timeout after 5000ms. Active: 100/100, Idle: 0, Waiting: 42.
  SQL State: 53300 (too_many_connections) - User 'app_user' has reached maximum allowed connections.

2026-08-30T15:07:04.003136Z CRITICAL [RedisEvent-92] redis.cluster.memory - Redis OOM threshold reached. Used: 2048MB / Max: 2048MB.
  Command 'SET' rejected for key 'cache:session:96153'. Policy 'noeviction' prevented key removal.

2026-08-30T15:07:16.047498Z ERROR [DBPool-44] postgres.connection.pool - Connection acquire timeout after 5000ms. Active: 100/100, Idle: 0, Waiting: 42.
  SQL State: 53300 (too_many_connections) - User 'app_user' has reached maximum allowed connections.

2026-08-30T15:07:25.066435Z ERROR [DBPool-33] postgres.connection.pool - Connection acquire timeout after 5000ms. Active: 100/100, Idle: 0, Waiting: 42.
  SQL State: 53300 (too_many_connections) - User 'app_user' has reached maximum allowed connections.

2026-08-30T15:07:34.083359Z CRITICAL [RedisEvent-65] redis.cluster.memory - Redis OOM threshold reached. Used: 2048MB / Max: 2048MB.
  Command 'SET' rejected for key 'cache:session:47014'. Policy 'noeviction' prevented key removal.

2026-08-30T15:07:40.094026Z CRITICAL [RedisEvent-81] redis.cluster.memory - Redis OOM threshold reached. Used: 2048MB / Max: 2048MB.
  Command 'SET' rejected for key 'cache:session:21076'. Policy 'noeviction' prevented key removal.

2026-08-30T15:07:49.121202Z CRITICAL [RedisEvent-41] redis.cluster.memory - Redis OOM threshold reached. Used: 2048MB / Max: 2048MB.
  Command 'SET' rejected for key 'cache:session:96650'. Policy 'noeviction' prevented key removal.

2026-08-30T15:07:52.130914Z ERROR [DBPool-57] postgres.connection.pool - Connection acquire timeout after 5000ms. Active: 100/100, Idle: 0, Waiting: 42.
  SQL State: 53300 (too_many_connections) - User 'app_user' has reached maximum allowed connections.

2026-08-30T15:07:55.135461Z ERROR [DBPool-11] postgres.connection.pool - Connection acquire timeout after 5000ms. Active: 100/100, Idle: 0, Waiting: 42.
  SQL State: 53300 (too_many_connections) - User 'app_user' has reached maximum allowed connections.

2026-08-30T15:07:58.141784Z CRITICAL [RedisEvent-28] redis.cluster.memory - Redis OOM threshold reached. Used: 2048MB / Max: 2048MB.
  Command 'SET' rejected for key 'cache:session:91751'. Policy 'noeviction' prevented key removal.

2026-08-30T15:08:04.162353Z ERROR [DBPool-27] postgres.connection.pool - Connection acquire timeout after 5000ms. Active: 100/100, Idle: 0, Waiting: 42.
  SQL State: 53300 (too_many_connections) - User 'app_user' has reached maximum allowed connections.

2026-08-30T15:08:10.174468Z ERROR [DBPool-37] postgres.connection.pool - Connection acquire timeout after 5000ms. Active: 100/100, Idle: 0, Waiting: 42.
  SQL State: 53300 (too_many_connections) - User 'app_user' has reached maximum allowed connections.

2026-08-30T15:08:19.191827Z CRITICAL [RedisEvent-56] redis.cluster.memory - Redis OOM threshold reached. Used: 2048MB / Max: 2048MB.
  Command 'SET' rejected for key 'cache:session:46574'. Policy 'noeviction' prevented key removal.

2026-08-30T15:08:22.202497Z CRITICAL [RedisEvent-50] redis.cluster.memory - Redis OOM threshold reached. Used: 2048MB / Max: 2048MB.
  Command 'SET' rejected for key 'cache:session:30317'. Policy 'noeviction' prevented key removal.

2026-08-30T15:08:25.207849Z CRITICAL [RedisEvent-23] redis.cluster.memory - Redis OOM threshold reached. Used: 2048MB / Max: 2048MB.
  Command 'SET' rejected for key 'cache:session:30207'. Policy 'noeviction' prevented key removal.

2026-08-30T15:08:28.214219Z CRITICAL [RedisEvent-53] redis.cluster.memory - Redis OOM threshold reached. Used: 2048MB / Max: 2048MB.
  Command 'SET' rejected for key 'cache:session:26599'. Policy 'noeviction' prevented key removal.

2026-08-30T15:08:46.254254Z CRITICAL [RedisEvent-98] redis.cluster.memory - Redis OOM threshold reached. Used: 2048MB / Max: 2048MB.
  Command 'SET' rejected for key 'cache:session:48104'. Policy 'noeviction' prevented key removal.

2026-08-30T15:08:52.272334Z CRITICAL [RedisEvent-58] redis.cluster.memory - Redis OOM threshold reached. Used: 2048MB / Max: 2048MB.
  Command 'SET' rejected for key 'cache:session:10292'. Policy 'noeviction' prevented key removal.

2026-08-30T15:08:58.281892Z CRITICAL [RedisEvent-34] redis.cluster.memory - Redis OOM threshold reached. Used: 2048MB / Max: 2048MB.
  Command 'SET' rejected for key 'cache:session:31609'. Policy 'noeviction' prevented key removal.

2026-08-30T15:09:07.299167Z ERROR [DBPool-81] postgres.connection.pool - Connection acquire timeout after 5000ms. Active: 100/100, Idle: 0, Waiting: 42.
  SQL State: 53300 (too_many_connections) - User 'app_user' has reached maximum allowed connections.

2026-08-30T15:09:10.305167Z ERROR [DBPool-35] postgres.connection.pool - Connection acquire timeout after 5000ms. Active: 100/100, Idle: 0, Waiting: 42.
  SQL State: 53300 (too_many_connections) - User 'app_user' has reached maximum allowed connections.

2026-08-30T15:09:28.359523Z ERROR [DBPool-75] postgres.connection.pool - Connection acquire timeout after 5000ms. Active: 100/100, Idle: 0, Waiting: 42.
  SQL State: 53300 (too_many_connections) - User 'app_user' has reached maximum allowed connections.

2026-08-30T15:09:40.398943Z ERROR [DBPool-42] postgres.connection.pool - Connection acquire timeout after 5000ms. Active: 100/100, Idle: 0, Waiting: 42.
  SQL State: 53300 (too_many_connections) - User 'app_user' has reached maximum allowed connections.

2026-08-30T15:09:58.458018Z ERROR [DBPool-71] postgres.connection.pool - Connection acquire timeout after 5000ms. Active: 100/100, Idle: 0, Waiting: 42.
  SQL State: 53300 (too_many_connections) - User 'app_user' has reached maximum allowed connections.

2026-08-30T15:10:07.477483Z CRITICAL [RedisEvent-20] redis.cluster.memory - Redis OOM threshold reached. Used: 2048MB / Max: 2048MB.
  Command 'SET' rejected for key 'cache:session:32819'. Policy 'noeviction' prevented key removal.

2026-08-30T15:10:19.499633Z ERROR [DBPool-81] postgres.connection.pool - Connection acquire timeout after 5000ms. Active: 100/100, Idle: 0, Waiting: 42.
  SQL State: 53300 (too_many_connections) - User 'app_user' has reached maximum allowed connections.

2026-08-30T15:10:37.545159Z ERROR [DBPool-92] postgres.connection.pool - Connection acquire timeout after 5000ms. Active: 100/100, Idle: 0, Waiting: 42.
  SQL State: 53300 (too_many_connections) - User 'app_user' has reached maximum allowed connections.

2026-08-30T15:10:46.566485Z ERROR [DBPool-91] postgres.connection.pool - Connection acquire timeout after 5000ms. Active: 100/100, Idle: 0, Waiting: 42.
  SQL State: 53300 (too_many_connections) - User 'app_user' has reached maximum allowed connections.

2026-08-30T15:10:49.572567Z CRITICAL [RedisEvent-19] redis.cluster.memory - Redis OOM threshold reached. Used: 2048MB / Max: 2048MB.
  Command 'SET' rejected for key 'cache:session:13876'. Policy 'noeviction' prevented key removal.

2026-08-30T15:10:55.585503Z CRITICAL [RedisEvent-23] redis.cluster.memory - Redis OOM threshold reached. Used: 2048MB / Max: 2048MB.
  Command 'SET' rejected for key 'cache:session:13286'. Policy 'noeviction' prevented key removal.

2026-08-30T15:11:28.676486Z CRITICAL [RedisEvent-75] redis.cluster.memory - Redis OOM threshold reached. Used: 2048MB / Max: 2048MB.
  Command 'SET' rejected for key 'cache:session:87107'. Policy 'noeviction' prevented key removal.

2026-08-30T15:11:37.739452Z CRITICAL [RedisEvent-22] redis.cluster.memory - Redis OOM threshold reached. Used: 2048MB / Max: 2048MB.
  Command 'SET' rejected for key 'cache:session:49389'. Policy 'noeviction' prevented key removal.

2026-08-30T15:11:46.767018Z CRITICAL [RedisEvent-15] redis.cluster.memory - Redis OOM threshold reached. Used: 2048MB / Max: 2048MB.
  Command 'SET' rejected for key 'cache:session:17794'. Policy 'noeviction' prevented key removal.

2026-08-30T15:11:58.801022Z CRITICAL [RedisEvent-79] redis.cluster.memory - Redis OOM threshold reached. Used: 2048MB / Max: 2048MB.
  Command 'SET' rejected for key 'cache:session:14969'. Policy 'noeviction' prevented key removal.

2026-08-30T15:12:04.812439Z CRITICAL [RedisEvent-71] redis.cluster.memory - Redis OOM threshold reached. Used: 2048MB / Max: 2048MB.
  Command 'SET' rejected for key 'cache:session:36194'. Policy 'noeviction' prevented key removal.

2026-08-30T15:12:10.824839Z CRITICAL [RedisEvent-91] redis.cluster.memory - Redis OOM threshold reached. Used: 2048MB / Max: 2048MB.
  Command 'SET' rejected for key 'cache:session:28500'. Policy 'noeviction' prevented key removal.

2026-08-30T15:12:16.846292Z ERROR [DBPool-81] postgres.connection.pool - Connection acquire timeout after 5000ms. Active: 100/100, Idle: 0, Waiting: 42.
  SQL State: 53300 (too_many_connections) - User 'app_user' has reached maximum allowed connections.

2026-08-30T15:12:28.880536Z CRITICAL [RedisEvent-69] redis.cluster.memory - Redis OOM threshold reached. Used: 2048MB / Max: 2048MB.
  Command 'SET' rejected for key 'cache:session:18468'. Policy 'noeviction' prevented key removal.

2026-08-30T15:13:10.989230Z CRITICAL [RedisEvent-97] redis.cluster.memory - Redis OOM threshold reached. Used: 2048MB / Max: 2048MB.
  Command 'SET' rejected for key 'cache:session:18037'. Policy 'noeviction' prevented key removal.

2026-08-30T15:13:17.001271Z CRITICAL [RedisEvent-48] redis.cluster.memory - Redis OOM threshold reached. Used: 2048MB / Max: 2048MB.
  Command 'SET' rejected for key 'cache:session:31133'. Policy 'noeviction' prevented key removal.

2026-08-30T15:13:29.034180Z CRITICAL [RedisEvent-76] redis.cluster.memory - Redis OOM threshold reached. Used: 2048MB / Max: 2048MB.
  Command 'SET' rejected for key 'cache:session:57053'. Policy 'noeviction' prevented key removal.

2026-08-30T15:13:32.040357Z CRITICAL [RedisEvent-82] redis.cluster.memory - Redis OOM threshold reached. Used: 2048MB / Max: 2048MB.
  Command 'SET' rejected for key 'cache:session:90744'. Policy 'noeviction' prevented key removal.

2026-08-30T15:13:35.046313Z CRITICAL [RedisEvent-93] redis.cluster.memory - Redis OOM threshold reached. Used: 2048MB / Max: 2048MB.
  Command 'SET' rejected for key 'cache:session:13100'. Policy 'noeviction' prevented key removal.

2026-08-30T15:13:38.056185Z ERROR [DBPool-35] postgres.connection.pool - Connection acquire timeout after 5000ms. Active: 100/100, Idle: 0, Waiting: 42.
  SQL State: 53300 (too_many_connections) - User 'app_user' has reached maximum allowed connections.

2026-08-30T15:13:44.066946Z CRITICAL [RedisEvent-38] redis.cluster.memory - Redis OOM threshold reached. Used: 2048MB / Max: 2048MB.
  Command 'SET' rejected for key 'cache:session:10840'. Policy 'noeviction' prevented key removal.

2026-08-30T15:13:47.072684Z CRITICAL [RedisEvent-51] redis.cluster.memory - Redis OOM threshold reached. Used: 2048MB / Max: 2048MB.
  Command 'SET' rejected for key 'cache:session:43221'. Policy 'noeviction' prevented key removal.

2026-08-30T15:13:59.098073Z CRITICAL [RedisEvent-17] redis.cluster.memory - Redis OOM threshold reached. Used: 2048MB / Max: 2048MB.
  Command 'SET' rejected for key 'cache:session:14120'. Policy 'noeviction' prevented key removal.

2026-08-30T15:14:17.404153Z CRITICAL [RedisEvent-60] redis.cluster.memory - Redis OOM threshold reached. Used: 2048MB / Max: 2048MB.
  Command 'SET' rejected for key 'cache:session:98339'. Policy 'noeviction' prevented key removal.

2026-08-30T15:14:20.410327Z ERROR [DBPool-53] postgres.connection.pool - Connection acquire timeout after 5000ms. Active: 100/100, Idle: 0, Waiting: 42.
  SQL State: 53300 (too_many_connections) - User 'app_user' has reached maximum allowed connections.

2026-08-30T15:14:26.427018Z CRITICAL [RedisEvent-92] redis.cluster.memory - Redis OOM threshold reached. Used: 2048MB / Max: 2048MB.
  Command 'SET' rejected for key 'cache:session:11444'. Policy 'noeviction' prevented key removal.

2026-08-30T15:14:32.438919Z ERROR [DBPool-88] postgres.connection.pool - Connection acquire timeout after 5000ms. Active: 100/100, Idle: 0, Waiting: 42.
  SQL State: 53300 (too_many_connections) - User 'app_user' has reached maximum allowed connections.

2026-08-30T15:14:35.444962Z ERROR [DBPool-96] postgres.connection.pool - Connection acquire timeout after 5000ms. Active: 100/100, Idle: 0, Waiting: 42.
  SQL State: 53300 (too_many_connections) - User 'app_user' has reached maximum allowed connections.

2026-08-30T15:14:47.485094Z CRITICAL [RedisEvent-23] redis.cluster.memory - Redis OOM threshold reached. Used: 2048MB / Max: 2048MB.
  Command 'SET' rejected for key 'cache:session:24491'. Policy 'noeviction' prevented key removal.

2026-08-30T15:15:17.544789Z ERROR [DBPool-85] postgres.connection.pool - Connection acquire timeout after 5000ms. Active: 100/100, Idle: 0, Waiting: 42.
  SQL State: 53300 (too_many_connections) - User 'app_user' has reached maximum allowed connections.

2026-08-30T15:15:32.576540Z ERROR [DBPool-92] postgres.connection.pool - Connection acquire timeout after 5000ms. Active: 100/100, Idle: 0, Waiting: 42.
  SQL State: 53300 (too_many_connections) - User 'app_user' has reached maximum allowed connections.

2026-08-30T15:15:38.598902Z ERROR [DBPool-65] postgres.connection.pool - Connection acquire timeout after 5000ms. Active: 100/100, Idle: 0, Waiting: 42.
  SQL State: 53300 (too_many_connections) - User 'app_user' has reached maximum allowed connections.

2026-08-30T15:15:41.612915Z CRITICAL [RedisEvent-42] redis.cluster.memory - Redis OOM threshold reached. Used: 2048MB / Max: 2048MB.
  Command 'SET' rejected for key 'cache:session:36812'. Policy 'noeviction' prevented key removal.

2026-08-30T15:16:05.674450Z CRITICAL [RedisEvent-11] redis.cluster.memory - Redis OOM threshold reached. Used: 2048MB / Max: 2048MB.
  Command 'SET' rejected for key 'cache:session:78943'. Policy 'noeviction' prevented key removal.

2026-08-30T15:16:08.680613Z CRITICAL [RedisEvent-75] redis.cluster.memory - Redis OOM threshold reached. Used: 2048MB / Max: 2048MB.
  Command 'SET' rejected for key 'cache:session:48846'. Policy 'noeviction' prevented key removal.

2026-08-30T15:16:20.715835Z ERROR [DBPool-29] postgres.connection.pool - Connection acquire timeout after 5000ms. Active: 100/100, Idle: 0, Waiting: 42.
  SQL State: 53300 (too_many_connections) - User 'app_user' has reached maximum allowed connections.

2026-08-30T15:16:38.787985Z CRITICAL [RedisEvent-78] redis.cluster.memory - Redis OOM threshold reached. Used: 2048MB / Max: 2048MB.
  Command 'SET' rejected for key 'cache:session:41736'. Policy 'noeviction' prevented key removal.

2026-08-30T15:16:53.827288Z ERROR [DBPool-98] postgres.connection.pool - Connection acquire timeout after 5000ms. Active: 100/100, Idle: 0, Waiting: 42.
  SQL State: 53300 (too_many_connections) - User 'app_user' has reached maximum allowed connections.

2026-08-30T15:17:11.862957Z CRITICAL [RedisEvent-39] redis.cluster.memory - Redis OOM threshold reached. Used: 2048MB / Max: 2048MB.
  Command 'SET' rejected for key 'cache:session:20969'. Policy 'noeviction' prevented key removal.

2026-08-30T15:17:17.872861Z ERROR [DBPool-76] postgres.connection.pool - Connection acquire timeout after 5000ms. Active: 100/100, Idle: 0, Waiting: 42.
  SQL State: 53300 (too_many_connections) - User 'app_user' has reached maximum allowed connections.

2026-08-30T15:17:32.903050Z ERROR [DBPool-16] postgres.connection.pool - Connection acquire timeout after 5000ms. Active: 100/100, Idle: 0, Waiting: 42.
  SQL State: 53300 (too_many_connections) - User 'app_user' has reached maximum allowed connections.

2026-08-30T15:17:56.968705Z ERROR [DBPool-91] postgres.connection.pool - Connection acquire timeout after 5000ms. Active: 100/100, Idle: 0, Waiting: 42.
  SQL State: 53300 (too_many_connections) - User 'app_user' has reached maximum allowed connections.

2026-08-30T15:18:05.986931Z ERROR [DBPool-95] postgres.connection.pool - Connection acquire timeout after 5000ms. Active: 100/100, Idle: 0, Waiting: 42.
  SQL State: 53300 (too_many_connections) - User 'app_user' has reached maximum allowed connections.

2026-08-30T15:18:24.040997Z ERROR [DBPool-18] postgres.connection.pool - Connection acquire timeout after 5000ms. Active: 100/100, Idle: 0, Waiting: 42.
  SQL State: 53300 (too_many_connections) - User 'app_user' has reached maximum allowed connections.

2026-08-30T15:18:39.101208Z ERROR [DBPool-55] postgres.connection.pool - Connection acquire timeout after 5000ms. Active: 100/100, Idle: 0, Waiting: 42.
  SQL State: 53300 (too_many_connections) - User 'app_user' has reached maximum allowed connections.

2026-08-30T15:18:42.106757Z ERROR [DBPool-44] postgres.connection.pool - Connection acquire timeout after 5000ms. Active: 100/100, Idle: 0, Waiting: 42.
  SQL State: 53300 (too_many_connections) - User 'app_user' has reached maximum allowed connections.

2026-08-30T15:18:51.135867Z CRITICAL [RedisEvent-77] redis.cluster.memory - Redis OOM threshold reached. Used: 2048MB / Max: 2048MB.
  Command 'SET' rejected for key 'cache:session:35882'. Policy 'noeviction' prevented key removal.

2026-08-30T15:18:57.147524Z ERROR [DBPool-95] postgres.connection.pool - Connection acquire timeout after 5000ms. Active: 100/100, Idle: 0, Waiting: 42.
  SQL State: 53300 (too_many_connections) - User 'app_user' has reached maximum allowed connections.

2026-08-30T15:19:06.169734Z ERROR [DBPool-14] postgres.connection.pool - Connection acquire timeout after 5000ms. Active: 100/100, Idle: 0, Waiting: 42.
  SQL State: 53300 (too_many_connections) - User 'app_user' has reached maximum allowed connections.

2026-08-30T15:19:18.212725Z CRITICAL [RedisEvent-41] redis.cluster.memory - Redis OOM threshold reached. Used: 2048MB / Max: 2048MB.
  Command 'SET' rejected for key 'cache:session:49499'. Policy 'noeviction' prevented key removal.

2026-08-30T15:19:30.246518Z CRITICAL [RedisEvent-33] redis.cluster.memory - Redis OOM threshold reached. Used: 2048MB / Max: 2048MB.
  Command 'SET' rejected for key 'cache:session:28361'. Policy 'noeviction' prevented key removal.

2026-08-30T15:19:39.277877Z ERROR [DBPool-99] postgres.connection.pool - Connection acquire timeout after 5000ms. Active: 100/100, Idle: 0, Waiting: 42.
  SQL State: 53300 (too_many_connections) - User 'app_user' has reached maximum allowed connections.

2026-08-30T15:19:45.299386Z CRITICAL [RedisEvent-72] redis.cluster.memory - Redis OOM threshold reached. Used: 2048MB / Max: 2048MB.
  Command 'SET' rejected for key 'cache:session:16289'. Policy 'noeviction' prevented key removal.

2026-08-30T15:19:54.327185Z ERROR [DBPool-27] postgres.connection.pool - Connection acquire timeout after 5000ms. Active: 100/100, Idle: 0, Waiting: 42.
  SQL State: 53300 (too_many_connections) - User 'app_user' has reached maximum allowed connections.

2026-08-30T15:19:57.332682Z ERROR [DBPool-19] postgres.connection.pool - Connection acquire timeout after 5000ms. Active: 100/100, Idle: 0, Waiting: 42.
  SQL State: 53300 (too_many_connections) - User 'app_user' has reached maximum allowed connections.

2026-08-30T15:20:00.345057Z CRITICAL [RedisEvent-35] redis.cluster.memory - Redis OOM threshold reached. Used: 2048MB / Max: 2048MB.
  Command 'SET' rejected for key 'cache:session:24831'. Policy 'noeviction' prevented key removal.

2026-08-30T15:20:15.394614Z CRITICAL [RedisEvent-71] redis.cluster.memory - Redis OOM threshold reached. Used: 2048MB / Max: 2048MB.
  Command 'SET' rejected for key 'cache:session:63279'. Policy 'noeviction' prevented key removal.

2026-08-30T15:20:24.419118Z CRITICAL [RedisEvent-26] redis.cluster.memory - Redis OOM threshold reached. Used: 2048MB / Max: 2048MB.
  Command 'SET' rejected for key 'cache:session:68849'. Policy 'noeviction' prevented key removal.

2026-08-30T15:20:30.440025Z ERROR [DBPool-94] postgres.connection.pool - Connection acquire timeout after 5000ms. Active: 100/100, Idle: 0, Waiting: 42.
  SQL State: 53300 (too_many_connections) - User 'app_user' has reached maximum allowed connections.

2026-08-30T15:20:42.484410Z CRITICAL [RedisEvent-81] redis.cluster.memory - Redis OOM threshold reached. Used: 2048MB / Max: 2048MB.
  Command 'SET' rejected for key 'cache:session:94840'. Policy 'noeviction' prevented key removal.

2026-08-30T15:20:45.492540Z ERROR [DBPool-35] postgres.connection.pool - Connection acquire timeout after 5000ms. Active: 100/100, Idle: 0, Waiting: 42.
  SQL State: 53300 (too_many_connections) - User 'app_user' has reached maximum allowed connections.

2026-08-30T15:20:57.530260Z CRITICAL [RedisEvent-37] redis.cluster.memory - Redis OOM threshold reached. Used: 2048MB / Max: 2048MB.
  Command 'SET' rejected for key 'cache:session:69825'. Policy 'noeviction' prevented key removal.

2026-08-30T15:21:03.542844Z CRITICAL [RedisEvent-73] redis.cluster.memory - Redis OOM threshold reached. Used: 2048MB / Max: 2048MB.
  Command 'SET' rejected for key 'cache:session:37123'. Policy 'noeviction' prevented key removal.

2026-08-30T15:21:06.548926Z ERROR [DBPool-69] postgres.connection.pool - Connection acquire timeout after 5000ms. Active: 100/100, Idle: 0, Waiting: 42.
  SQL State: 53300 (too_many_connections) - User 'app_user' has reached maximum allowed connections.

2026-08-30T15:21:09.555735Z ERROR [DBPool-66] postgres.connection.pool - Connection acquire timeout after 5000ms. Active: 100/100, Idle: 0, Waiting: 42.
  SQL State: 53300 (too_many_connections) - User 'app_user' has reached maximum allowed connections.

2026-08-30T15:21:21.583864Z ERROR [DBPool-61] postgres.connection.pool - Connection acquire timeout after 5000ms. Active: 100/100, Idle: 0, Waiting: 42.
  SQL State: 53300 (too_many_connections) - User 'app_user' has reached maximum allowed connections.

2026-08-30T15:21:24.588928Z ERROR [DBPool-34] postgres.connection.pool - Connection acquire timeout after 5000ms. Active: 100/100, Idle: 0, Waiting: 42.
  SQL State: 53300 (too_many_connections) - User 'app_user' has reached maximum allowed connections.

2026-08-30T15:21:30.604410Z ERROR [DBPool-88] postgres.connection.pool - Connection acquire timeout after 5000ms. Active: 100/100, Idle: 0, Waiting: 42.
  SQL State: 53300 (too_many_connections) - User 'app_user' has reached maximum allowed connections.

2026-08-30T15:21:39.634098Z ERROR [DBPool-31] postgres.connection.pool - Connection acquire timeout after 5000ms. Active: 100/100, Idle: 0, Waiting: 42.
  SQL State: 53300 (too_many_connections) - User 'app_user' has reached maximum allowed connections.

2026-08-30T15:22:00.698848Z CRITICAL [RedisEvent-89] redis.cluster.memory - Redis OOM threshold reached. Used: 2048MB / Max: 2048MB.
  Command 'SET' rejected for key 'cache:session:37654'. Policy 'noeviction' prevented key removal.

2026-08-30T15:22:12.733128Z ERROR [DBPool-44] postgres.connection.pool - Connection acquire timeout after 5000ms. Active: 100/100, Idle: 0, Waiting: 42.
  SQL State: 53300 (too_many_connections) - User 'app_user' has reached maximum allowed connections.

2026-08-30T15:22:30.773570Z CRITICAL [RedisEvent-26] redis.cluster.memory - Redis OOM threshold reached. Used: 2048MB / Max: 2048MB.
  Command 'SET' rejected for key 'cache:session:16070'. Policy 'noeviction' prevented key removal.

2026-08-30T15:22:36.786067Z ERROR [DBPool-26] postgres.connection.pool - Connection acquire timeout after 5000ms. Active: 100/100, Idle: 0, Waiting: 42.
  SQL State: 53300 (too_many_connections) - User 'app_user' has reached maximum allowed connections.

2026-08-30T15:22:39.792145Z ERROR [DBPool-58] postgres.connection.pool - Connection acquire timeout after 5000ms. Active: 100/100, Idle: 0, Waiting: 42.
  SQL State: 53300 (too_many_connections) - User 'app_user' has reached maximum allowed connections.

2026-08-30T15:23:09.855914Z ERROR [DBPool-46] postgres.connection.pool - Connection acquire timeout after 5000ms. Active: 100/100, Idle: 0, Waiting: 42.
  SQL State: 53300 (too_many_connections) - User 'app_user' has reached maximum allowed connections.

2026-08-30T15:23:12.862130Z CRITICAL [RedisEvent-27] redis.cluster.memory - Redis OOM threshold reached. Used: 2048MB / Max: 2048MB.
  Command 'SET' rejected for key 'cache:session:82608'. Policy 'noeviction' prevented key removal.

2026-08-30T15:23:18.874183Z CRITICAL [RedisEvent-91] redis.cluster.memory - Redis OOM threshold reached. Used: 2048MB / Max: 2048MB.
  Command 'SET' rejected for key 'cache:session:84449'. Policy 'noeviction' prevented key removal.

2026-08-30T15:23:24.885543Z ERROR [DBPool-38] postgres.connection.pool - Connection acquire timeout after 5000ms. Active: 100/100, Idle: 0, Waiting: 42.
  SQL State: 53300 (too_many_connections) - User 'app_user' has reached maximum allowed connections.

2026-08-30T15:23:27.892678Z ERROR [DBPool-60] postgres.connection.pool - Connection acquire timeout after 5000ms. Active: 100/100, Idle: 0, Waiting: 42.
  SQL State: 53300 (too_many_connections) - User 'app_user' has reached maximum allowed connections.

2026-08-30T15:23:30.898619Z CRITICAL [RedisEvent-22] redis.cluster.memory - Redis OOM threshold reached. Used: 2048MB / Max: 2048MB.
  Command 'SET' rejected for key 'cache:session:76749'. Policy 'noeviction' prevented key removal.

2026-08-30T15:23:36.910101Z ERROR [DBPool-91] postgres.connection.pool - Connection acquire timeout after 5000ms. Active: 100/100, Idle: 0, Waiting: 42.
  SQL State: 53300 (too_many_connections) - User 'app_user' has reached maximum allowed connections.

2026-08-30T15:23:42.940207Z ERROR [DBPool-21] postgres.connection.pool - Connection acquire timeout after 5000ms. Active: 100/100, Idle: 0, Waiting: 42.
  SQL State: 53300 (too_many_connections) - User 'app_user' has reached maximum allowed connections.

2026-08-30T15:23:45.946354Z ERROR [DBPool-56] postgres.connection.pool - Connection acquire timeout after 5000ms. Active: 100/100, Idle: 0, Waiting: 42.
  SQL State: 53300 (too_many_connections) - User 'app_user' has reached maximum allowed connections.

2026-08-30T15:23:48.954580Z CRITICAL [RedisEvent-28] redis.cluster.memory - Redis OOM threshold reached. Used: 2048MB / Max: 2048MB.
  Command 'SET' rejected for key 'cache:session:19339'. Policy 'noeviction' prevented key removal.

2026-08-30T15:23:51.961725Z CRITICAL [RedisEvent-37] redis.cluster.memory - Redis OOM threshold reached. Used: 2048MB / Max: 2048MB.
  Command 'SET' rejected for key 'cache:session:41076'. Policy 'noeviction' prevented key removal.

2026-08-30T15:24:34.095995Z CRITICAL [RedisEvent-41] redis.cluster.memory - Redis OOM threshold reached. Used: 2048MB / Max: 2048MB.
  Command 'SET' rejected for key 'cache:session:16088'. Policy 'noeviction' prevented key removal.

2026-08-30T15:24:37.103593Z ERROR [DBPool-63] postgres.connection.pool - Connection acquire timeout after 5000ms. Active: 100/100, Idle: 0, Waiting: 42.
  SQL State: 53300 (too_many_connections) - User 'app_user' has reached maximum allowed connections.

2026-08-30T15:24:52.151923Z CRITICAL [RedisEvent-96] redis.cluster.memory - Redis OOM threshold reached. Used: 2048MB / Max: 2048MB.
  Command 'SET' rejected for key 'cache:session:72977'. Policy 'noeviction' prevented key removal.

2026-08-30T15:24:58.165291Z ERROR [DBPool-65] postgres.connection.pool - Connection acquire timeout after 5000ms. Active: 100/100, Idle: 0, Waiting: 42.
  SQL State: 53300 (too_many_connections) - User 'app_user' has reached maximum allowed connections.

2026-08-30T15:25:07.195140Z ERROR [DBPool-64] postgres.connection.pool - Connection acquire timeout after 5000ms. Active: 100/100, Idle: 0, Waiting: 42.
  SQL State: 53300 (too_many_connections) - User 'app_user' has reached maximum allowed connections.

2026-08-30T15:25:10.201213Z ERROR [DBPool-86] postgres.connection.pool - Connection acquire timeout after 5000ms. Active: 100/100, Idle: 0, Waiting: 42.
  SQL State: 53300 (too_many_connections) - User 'app_user' has reached maximum allowed connections.

2026-08-30T15:25:16.214552Z ERROR [DBPool-46] postgres.connection.pool - Connection acquire timeout after 5000ms. Active: 100/100, Idle: 0, Waiting: 42.
  SQL State: 53300 (too_many_connections) - User 'app_user' has reached maximum allowed connections.

2026-08-30T15:25:19.220545Z CRITICAL [RedisEvent-80] redis.cluster.memory - Redis OOM threshold reached. Used: 2048MB / Max: 2048MB.
  Command 'SET' rejected for key 'cache:session:51422'. Policy 'noeviction' prevented key removal.

2026-08-30T15:25:31.251732Z CRITICAL [RedisEvent-19] redis.cluster.memory - Redis OOM threshold reached. Used: 2048MB / Max: 2048MB.
  Command 'SET' rejected for key 'cache:session:36449'. Policy 'noeviction' prevented key removal.

2026-08-30T15:25:37.270296Z ERROR [DBPool-96] postgres.connection.pool - Connection acquire timeout after 5000ms. Active: 100/100, Idle: 0, Waiting: 42.
  SQL State: 53300 (too_many_connections) - User 'app_user' has reached maximum allowed connections.

2026-08-30T15:25:49.303672Z CRITICAL [RedisEvent-45] redis.cluster.memory - Redis OOM threshold reached. Used: 2048MB / Max: 2048MB.
  Command 'SET' rejected for key 'cache:session:33417'. Policy 'noeviction' prevented key removal.

2026-08-30T15:25:52.312531Z CRITICAL [RedisEvent-53] redis.cluster.memory - Redis OOM threshold reached. Used: 2048MB / Max: 2048MB.
  Command 'SET' rejected for key 'cache:session:24169'. Policy 'noeviction' prevented key removal.

2026-08-30T15:26:04.338828Z ERROR [DBPool-98] postgres.connection.pool - Connection acquire timeout after 5000ms. Active: 100/100, Idle: 0, Waiting: 42.
  SQL State: 53300 (too_many_connections) - User 'app_user' has reached maximum allowed connections.

2026-08-30T15:26:07.345432Z CRITICAL [RedisEvent-44] redis.cluster.memory - Redis OOM threshold reached. Used: 2048MB / Max: 2048MB.
  Command 'SET' rejected for key 'cache:session:56056'. Policy 'noeviction' prevented key removal.

2026-08-30T15:26:10.353272Z CRITICAL [RedisEvent-64] redis.cluster.memory - Redis OOM threshold reached. Used: 2048MB / Max: 2048MB.
  Command 'SET' rejected for key 'cache:session:52426'. Policy 'noeviction' prevented key removal.

2026-08-30T15:26:16.365161Z ERROR [DBPool-71] postgres.connection.pool - Connection acquire timeout after 5000ms. Active: 100/100, Idle: 0, Waiting: 42.
  SQL State: 53300 (too_many_connections) - User 'app_user' has reached maximum allowed connections.

2026-08-30T15:26:22.377735Z ERROR [DBPool-86] postgres.connection.pool - Connection acquire timeout after 5000ms. Active: 100/100, Idle: 0, Waiting: 42.
  SQL State: 53300 (too_many_connections) - User 'app_user' has reached maximum allowed connections.

2026-08-30T15:26:25.393933Z ERROR [DBPool-22] postgres.connection.pool - Connection acquire timeout after 5000ms. Active: 100/100, Idle: 0, Waiting: 42.
  SQL State: 53300 (too_many_connections) - User 'app_user' has reached maximum allowed connections.

2026-08-30T15:26:58.473870Z ERROR [DBPool-19] postgres.connection.pool - Connection acquire timeout after 5000ms. Active: 100/100, Idle: 0, Waiting: 42.
  SQL State: 53300 (too_many_connections) - User 'app_user' has reached maximum allowed connections.

2026-08-30T15:27:01.480466Z CRITICAL [RedisEvent-95] redis.cluster.memory - Redis OOM threshold reached. Used: 2048MB / Max: 2048MB.
  Command 'SET' rejected for key 'cache:session:74308'. Policy 'noeviction' prevented key removal.

2026-08-30T15:27:07.491168Z ERROR [DBPool-49] postgres.connection.pool - Connection acquire timeout after 5000ms. Active: 100/100, Idle: 0, Waiting: 42.
  SQL State: 53300 (too_many_connections) - User 'app_user' has reached maximum allowed connections.

2026-08-30T15:27:13.503143Z CRITICAL [RedisEvent-88] redis.cluster.memory - Redis OOM threshold reached. Used: 2048MB / Max: 2048MB.
  Command 'SET' rejected for key 'cache:session:70438'. Policy 'noeviction' prevented key removal.

2026-08-30T15:27:19.520475Z CRITICAL [RedisEvent-94] redis.cluster.memory - Redis OOM threshold reached. Used: 2048MB / Max: 2048MB.
  Command 'SET' rejected for key 'cache:session:81178'. Policy 'noeviction' prevented key removal.

2026-08-30T15:27:31.552544Z ERROR [DBPool-48] postgres.connection.pool - Connection acquire timeout after 5000ms. Active: 100/100, Idle: 0, Waiting: 42.
  SQL State: 53300 (too_many_connections) - User 'app_user' has reached maximum allowed connections.

2026-08-30T15:27:40.570812Z CRITICAL [RedisEvent-88] redis.cluster.memory - Redis OOM threshold reached. Used: 2048MB / Max: 2048MB.
  Command 'SET' rejected for key 'cache:session:44797'. Policy 'noeviction' prevented key removal.

2026-08-30T15:28:01.633784Z ERROR [DBPool-40] postgres.connection.pool - Connection acquire timeout after 5000ms. Active: 100/100, Idle: 0, Waiting: 42.
  SQL State: 53300 (too_many_connections) - User 'app_user' has reached maximum allowed connections.

2026-08-30T15:28:19.686503Z CRITICAL [RedisEvent-32] redis.cluster.memory - Redis OOM threshold reached. Used: 2048MB / Max: 2048MB.
  Command 'SET' rejected for key 'cache:session:51427'. Policy 'noeviction' prevented key removal.

2026-08-30T15:28:34.724372Z ERROR [DBPool-76] postgres.connection.pool - Connection acquire timeout after 5000ms. Active: 100/100, Idle: 0, Waiting: 42.
  SQL State: 53300 (too_many_connections) - User 'app_user' has reached maximum allowed connections.

2026-08-30T15:28:37.737847Z ERROR [DBPool-52] postgres.connection.pool - Connection acquire timeout after 5000ms. Active: 100/100, Idle: 0, Waiting: 42.
  SQL State: 53300 (too_many_connections) - User 'app_user' has reached maximum allowed connections.

2026-08-30T15:28:40.750095Z ERROR [DBPool-57] postgres.connection.pool - Connection acquire timeout after 5000ms. Active: 100/100, Idle: 0, Waiting: 42.
  SQL State: 53300 (too_many_connections) - User 'app_user' has reached maximum allowed connections.

2026-08-30T15:28:55.804534Z CRITICAL [RedisEvent-91] redis.cluster.memory - Redis OOM threshold reached. Used: 2048MB / Max: 2048MB.
  Command 'SET' rejected for key 'cache:session:81647'. Policy 'noeviction' prevented key removal.

2026-08-30T15:29:19.883092Z CRITICAL [RedisEvent-34] redis.cluster.memory - Redis OOM threshold reached. Used: 2048MB / Max: 2048MB.
  Command 'SET' rejected for key 'cache:session:36793'. Policy 'noeviction' prevented key removal.

2026-08-30T15:29:31.932572Z CRITICAL [RedisEvent-17] redis.cluster.memory - Redis OOM threshold reached. Used: 2048MB / Max: 2048MB.
  Command 'SET' rejected for key 'cache:session:53660'. Policy 'noeviction' prevented key removal.

2026-08-30T15:29:37.943458Z CRITICAL [RedisEvent-79] redis.cluster.memory - Redis OOM threshold reached. Used: 2048MB / Max: 2048MB.
  Command 'SET' rejected for key 'cache:session:72222'. Policy 'noeviction' prevented key removal.

2026-08-30T15:29:43.979875Z CRITICAL [RedisEvent-73] redis.cluster.memory - Redis OOM threshold reached. Used: 2048MB / Max: 2048MB.
  Command 'SET' rejected for key 'cache:session:66740'. Policy 'noeviction' prevented key removal.

2026-08-30T15:29:53.008951Z ERROR [DBPool-40] postgres.connection.pool - Connection acquire timeout after 5000ms. Active: 100/100, Idle: 0, Waiting: 42.
  SQL State: 53300 (too_many_connections) - User 'app_user' has reached maximum allowed connections.

2026-08-30T15:30:05.049297Z ERROR [DBPool-86] postgres.connection.pool - Connection acquire timeout after 5000ms. Active: 100/100, Idle: 0, Waiting: 42.
  SQL State: 53300 (too_many_connections) - User 'app_user' has reached maximum allowed connections.

2026-08-30T15:31:02.235644Z ERROR [DBPool-74] postgres.connection.pool - Connection acquire timeout after 5000ms. Active: 100/100, Idle: 0, Waiting: 42.
  SQL State: 53300 (too_many_connections) - User 'app_user' has reached maximum allowed connections.

2026-08-30T15:31:05.242413Z ERROR [DBPool-25] postgres.connection.pool - Connection acquire timeout after 5000ms. Active: 100/100, Idle: 0, Waiting: 42.
  SQL State: 53300 (too_many_connections) - User 'app_user' has reached maximum allowed connections.

2026-08-30T15:31:08.248627Z CRITICAL [RedisEvent-52] redis.cluster.memory - Redis OOM threshold reached. Used: 2048MB / Max: 2048MB.
  Command 'SET' rejected for key 'cache:session:57639'. Policy 'noeviction' prevented key removal.

2026-08-30T15:31:23.288653Z ERROR [DBPool-39] postgres.connection.pool - Connection acquire timeout after 5000ms. Active: 100/100, Idle: 0, Waiting: 42.
  SQL State: 53300 (too_many_connections) - User 'app_user' has reached maximum allowed connections.

2026-08-30T15:31:26.295549Z ERROR [DBPool-31] postgres.connection.pool - Connection acquire timeout after 5000ms. Active: 100/100, Idle: 0, Waiting: 42.
  SQL State: 53300 (too_many_connections) - User 'app_user' has reached maximum allowed connections.

2026-08-30T15:31:32.313930Z CRITICAL [RedisEvent-49] redis.cluster.memory - Redis OOM threshold reached. Used: 2048MB / Max: 2048MB.
  Command 'SET' rejected for key 'cache:session:22949'. Policy 'noeviction' prevented key removal.

2026-08-30T15:31:44.365065Z ERROR [DBPool-12] postgres.connection.pool - Connection acquire timeout after 5000ms. Active: 100/100, Idle: 0, Waiting: 42.
  SQL State: 53300 (too_many_connections) - User 'app_user' has reached maximum allowed connections.

2026-08-30T15:31:47.370752Z ERROR [DBPool-34] postgres.connection.pool - Connection acquire timeout after 5000ms. Active: 100/100, Idle: 0, Waiting: 42.
  SQL State: 53300 (too_many_connections) - User 'app_user' has reached maximum allowed connections.

2026-08-30T15:31:50.377407Z CRITICAL [RedisEvent-88] redis.cluster.memory - Redis OOM threshold reached. Used: 2048MB / Max: 2048MB.
  Command 'SET' rejected for key 'cache:session:53858'. Policy 'noeviction' prevented key removal.

2026-08-30T15:31:53.392500Z ERROR [DBPool-11] postgres.connection.pool - Connection acquire timeout after 5000ms. Active: 100/100, Idle: 0, Waiting: 42.
  SQL State: 53300 (too_many_connections) - User 'app_user' has reached maximum allowed connections.

2026-08-30T15:31:56.399067Z ERROR [DBPool-51] postgres.connection.pool - Connection acquire timeout after 5000ms. Active: 100/100, Idle: 0, Waiting: 42.
  SQL State: 53300 (too_many_connections) - User 'app_user' has reached maximum allowed connections.

2026-08-30T15:32:05.435482Z CRITICAL [RedisEvent-56] redis.cluster.memory - Redis OOM threshold reached. Used: 2048MB / Max: 2048MB.
  Command 'SET' rejected for key 'cache:session:59735'. Policy 'noeviction' prevented key removal.

2026-08-30T15:32:20.477434Z CRITICAL [RedisEvent-78] redis.cluster.memory - Redis OOM threshold reached. Used: 2048MB / Max: 2048MB.
  Command 'SET' rejected for key 'cache:session:26275'. Policy 'noeviction' prevented key removal.

2026-08-30T15:32:23.483091Z CRITICAL [RedisEvent-66] redis.cluster.memory - Redis OOM threshold reached. Used: 2048MB / Max: 2048MB.
  Command 'SET' rejected for key 'cache:session:29732'. Policy 'noeviction' prevented key removal.

2026-08-30T15:32:32.501338Z ERROR [DBPool-90] postgres.connection.pool - Connection acquire timeout after 5000ms. Active: 100/100, Idle: 0, Waiting: 42.
  SQL State: 53300 (too_many_connections) - User 'app_user' has reached maximum allowed connections.

2026-08-30T15:32:35.506714Z ERROR [DBPool-17] postgres.connection.pool - Connection acquire timeout after 5000ms. Active: 100/100, Idle: 0, Waiting: 42.
  SQL State: 53300 (too_many_connections) - User 'app_user' has reached maximum allowed connections.

2026-08-30T15:32:53.561018Z ERROR [DBPool-85] postgres.connection.pool - Connection acquire timeout after 5000ms. Active: 100/100, Idle: 0, Waiting: 42.
  SQL State: 53300 (too_many_connections) - User 'app_user' has reached maximum allowed connections.

2026-08-30T15:32:59.575700Z CRITICAL [RedisEvent-71] redis.cluster.memory - Redis OOM threshold reached. Used: 2048MB / Max: 2048MB.
  Command 'SET' rejected for key 'cache:session:40368'. Policy 'noeviction' prevented key removal.

2026-08-30T15:33:11.607894Z ERROR [DBPool-31] postgres.connection.pool - Connection acquire timeout after 5000ms. Active: 100/100, Idle: 0, Waiting: 42.
  SQL State: 53300 (too_many_connections) - User 'app_user' has reached maximum allowed connections.

2026-08-30T15:33:17.626670Z CRITICAL [RedisEvent-33] redis.cluster.memory - Redis OOM threshold reached. Used: 2048MB / Max: 2048MB.
  Command 'SET' rejected for key 'cache:session:70866'. Policy 'noeviction' prevented key removal.

2026-08-30T15:33:20.632827Z CRITICAL [RedisEvent-78] redis.cluster.memory - Redis OOM threshold reached. Used: 2048MB / Max: 2048MB.
  Command 'SET' rejected for key 'cache:session:20604'. Policy 'noeviction' prevented key removal.

2026-08-30T15:33:23.639442Z CRITICAL [RedisEvent-13] redis.cluster.memory - Redis OOM threshold reached. Used: 2048MB / Max: 2048MB.
  Command 'SET' rejected for key 'cache:session:46032'. Policy 'noeviction' prevented key removal.

2026-08-30T15:33:26.651185Z CRITICAL [RedisEvent-86] redis.cluster.memory - Redis OOM threshold reached. Used: 2048MB / Max: 2048MB.
  Command 'SET' rejected for key 'cache:session:75698'. Policy 'noeviction' prevented key removal.

2026-08-30T15:33:29.657512Z ERROR [DBPool-56] postgres.connection.pool - Connection acquire timeout after 5000ms. Active: 100/100, Idle: 0, Waiting: 42.
  SQL State: 53300 (too_many_connections) - User 'app_user' has reached maximum allowed connections.

2026-08-30T15:33:41.707863Z ERROR [DBPool-58] postgres.connection.pool - Connection acquire timeout after 5000ms. Active: 100/100, Idle: 0, Waiting: 42.
  SQL State: 53300 (too_many_connections) - User 'app_user' has reached maximum allowed connections.

2026-08-30T15:33:50.735657Z CRITICAL [RedisEvent-44] redis.cluster.memory - Redis OOM threshold reached. Used: 2048MB / Max: 2048MB.
  Command 'SET' rejected for key 'cache:session:14286'. Policy 'noeviction' prevented key removal.

2026-08-30T15:34:26.862594Z ERROR [DBPool-33] postgres.connection.pool - Connection acquire timeout after 5000ms. Active: 100/100, Idle: 0, Waiting: 42.
  SQL State: 53300 (too_many_connections) - User 'app_user' has reached maximum allowed connections.

2026-08-30T15:34:29.893630Z CRITICAL [RedisEvent-64] redis.cluster.memory - Redis OOM threshold reached. Used: 2048MB / Max: 2048MB.
  Command 'SET' rejected for key 'cache:session:86488'. Policy 'noeviction' prevented key removal.

2026-08-30T15:34:41.933010Z CRITICAL [RedisEvent-93] redis.cluster.memory - Redis OOM threshold reached. Used: 2048MB / Max: 2048MB.
  Command 'SET' rejected for key 'cache:session:90039'. Policy 'noeviction' prevented key removal.

2026-08-30T15:34:47.954257Z ERROR [DBPool-30] postgres.connection.pool - Connection acquire timeout after 5000ms. Active: 100/100, Idle: 0, Waiting: 42.
  SQL State: 53300 (too_many_connections) - User 'app_user' has reached maximum allowed connections.

2026-08-30T15:34:59.986705Z CRITICAL [RedisEvent-20] redis.cluster.memory - Redis OOM threshold reached. Used: 2048MB / Max: 2048MB.
  Command 'SET' rejected for key 'cache:session:68931'. Policy 'noeviction' prevented key removal.

2026-08-30T15:35:05.998511Z ERROR [DBPool-36] postgres.connection.pool - Connection acquire timeout after 5000ms. Active: 100/100, Idle: 0, Waiting: 42.
  SQL State: 53300 (too_many_connections) - User 'app_user' has reached maximum allowed connections.

2026-08-30T15:35:15.034685Z CRITICAL [RedisEvent-69] redis.cluster.memory - Redis OOM threshold reached. Used: 2048MB / Max: 2048MB.
  Command 'SET' rejected for key 'cache:session:67830'. Policy 'noeviction' prevented key removal.

2026-08-30T15:35:18.040337Z ERROR [DBPool-92] postgres.connection.pool - Connection acquire timeout after 5000ms. Active: 100/100, Idle: 0, Waiting: 42.
  SQL State: 53300 (too_many_connections) - User 'app_user' has reached maximum allowed connections.

2026-08-30T15:35:39.106961Z ERROR [DBPool-55] postgres.connection.pool - Connection acquire timeout after 5000ms. Active: 100/100, Idle: 0, Waiting: 42.
  SQL State: 53300 (too_many_connections) - User 'app_user' has reached maximum allowed connections.

2026-08-30T15:35:42.133071Z CRITICAL [RedisEvent-59] redis.cluster.memory - Redis OOM threshold reached. Used: 2048MB / Max: 2048MB.
  Command 'SET' rejected for key 'cache:session:70240'. Policy 'noeviction' prevented key removal.

2026-08-30T15:35:48.146008Z CRITICAL [RedisEvent-64] redis.cluster.memory - Redis OOM threshold reached. Used: 2048MB / Max: 2048MB.
  Command 'SET' rejected for key 'cache:session:13649'. Policy 'noeviction' prevented key removal.

2026-08-30T15:35:51.160978Z CRITICAL [RedisEvent-13] redis.cluster.memory - Redis OOM threshold reached. Used: 2048MB / Max: 2048MB.
  Command 'SET' rejected for key 'cache:session:17274'. Policy 'noeviction' prevented key removal.

2026-08-30T15:35:54.165754Z CRITICAL [RedisEvent-41] redis.cluster.memory - Redis OOM threshold reached. Used: 2048MB / Max: 2048MB.
  Command 'SET' rejected for key 'cache:session:47876'. Policy 'noeviction' prevented key removal.

2026-08-30T15:36:15.238023Z ERROR [DBPool-30] postgres.connection.pool - Connection acquire timeout after 5000ms. Active: 100/100, Idle: 0, Waiting: 42.
  SQL State: 53300 (too_many_connections) - User 'app_user' has reached maximum allowed connections.

2026-08-30T15:36:21.251175Z CRITICAL [RedisEvent-94] redis.cluster.memory - Redis OOM threshold reached. Used: 2048MB / Max: 2048MB.
  Command 'SET' rejected for key 'cache:session:70526'. Policy 'noeviction' prevented key removal.

2026-08-30T15:36:27.270865Z ERROR [DBPool-48] postgres.connection.pool - Connection acquire timeout after 5000ms. Active: 100/100, Idle: 0, Waiting: 42.
  SQL State: 53300 (too_many_connections) - User 'app_user' has reached maximum allowed connections.

2026-08-30T15:36:30.276638Z ERROR [DBPool-95] postgres.connection.pool - Connection acquire timeout after 5000ms. Active: 100/100, Idle: 0, Waiting: 42.
  SQL State: 53300 (too_many_connections) - User 'app_user' has reached maximum allowed connections.

2026-08-30T15:36:48.316826Z ERROR [DBPool-94] postgres.connection.pool - Connection acquire timeout after 5000ms. Active: 100/100, Idle: 0, Waiting: 42.
  SQL State: 53300 (too_many_connections) - User 'app_user' has reached maximum allowed connections.

2026-08-30T15:36:51.322861Z CRITICAL [RedisEvent-15] redis.cluster.memory - Redis OOM threshold reached. Used: 2048MB / Max: 2048MB.
  Command 'SET' rejected for key 'cache:session:32469'. Policy 'noeviction' prevented key removal.

2026-08-30T15:37:06.354983Z ERROR [DBPool-62] postgres.connection.pool - Connection acquire timeout after 5000ms. Active: 100/100, Idle: 0, Waiting: 42.
  SQL State: 53300 (too_many_connections) - User 'app_user' has reached maximum allowed connections.

2026-08-30T15:37:18.379082Z CRITICAL [RedisEvent-56] redis.cluster.memory - Redis OOM threshold reached. Used: 2048MB / Max: 2048MB.
  Command 'SET' rejected for key 'cache:session:80669'. Policy 'noeviction' prevented key removal.

2026-08-30T15:37:21.385413Z CRITICAL [RedisEvent-50] redis.cluster.memory - Redis OOM threshold reached. Used: 2048MB / Max: 2048MB.
  Command 'SET' rejected for key 'cache:session:29663'. Policy 'noeviction' prevented key removal.

2026-08-30T15:37:36.572722Z CRITICAL [RedisEvent-73] redis.cluster.memory - Redis OOM threshold reached. Used: 2048MB / Max: 2048MB.
  Command 'SET' rejected for key 'cache:session:10502'. Policy 'noeviction' prevented key removal.

2026-08-30T15:37:45.599166Z ERROR [DBPool-52] postgres.connection.pool - Connection acquire timeout after 5000ms. Active: 100/100, Idle: 0, Waiting: 42.
  SQL State: 53300 (too_many_connections) - User 'app_user' has reached maximum allowed connections.

2026-08-30T15:37:48.606093Z ERROR [DBPool-39] postgres.connection.pool - Connection acquire timeout after 5000ms. Active: 100/100, Idle: 0, Waiting: 42.
  SQL State: 53300 (too_many_connections) - User 'app_user' has reached maximum allowed connections.

2026-08-30T15:37:51.614386Z ERROR [DBPool-61] postgres.connection.pool - Connection acquire timeout after 5000ms. Active: 100/100, Idle: 0, Waiting: 42.
  SQL State: 53300 (too_many_connections) - User 'app_user' has reached maximum allowed connections.

2026-08-30T15:38:00.634762Z CRITICAL [RedisEvent-67] redis.cluster.memory - Redis OOM threshold reached. Used: 2048MB / Max: 2048MB.
  Command 'SET' rejected for key 'cache:session:32716'. Policy 'noeviction' prevented key removal.

2026-08-30T15:38:15.668916Z ERROR [DBPool-97] postgres.connection.pool - Connection acquire timeout after 5000ms. Active: 100/100, Idle: 0, Waiting: 42.
  SQL State: 53300 (too_many_connections) - User 'app_user' has reached maximum allowed connections.

2026-08-30T15:38:51.760777Z CRITICAL [RedisEvent-39] redis.cluster.memory - Redis OOM threshold reached. Used: 2048MB / Max: 2048MB.
  Command 'SET' rejected for key 'cache:session:79976'. Policy 'noeviction' prevented key removal.

2026-08-30T15:38:57.773182Z CRITICAL [RedisEvent-75] redis.cluster.memory - Redis OOM threshold reached. Used: 2048MB / Max: 2048MB.
  Command 'SET' rejected for key 'cache:session:91817'. Policy 'noeviction' prevented key removal.

2026-08-30T15:39:00.779524Z ERROR [DBPool-83] postgres.connection.pool - Connection acquire timeout after 5000ms. Active: 100/100, Idle: 0, Waiting: 42.
  SQL State: 53300 (too_many_connections) - User 'app_user' has reached maximum allowed connections.

2026-08-30T15:39:06.792570Z ERROR [DBPool-11] postgres.connection.pool - Connection acquire timeout after 5000ms. Active: 100/100, Idle: 0, Waiting: 42.
  SQL State: 53300 (too_many_connections) - User 'app_user' has reached maximum allowed connections.

2026-08-30T15:39:12.804341Z ERROR [DBPool-68] postgres.connection.pool - Connection acquire timeout after 5000ms. Active: 100/100, Idle: 0, Waiting: 42.
  SQL State: 53300 (too_many_connections) - User 'app_user' has reached maximum allowed connections.

2026-08-30T15:39:21.828525Z ERROR [DBPool-96] postgres.connection.pool - Connection acquire timeout after 5000ms. Active: 100/100, Idle: 0, Waiting: 42.
  SQL State: 53300 (too_many_connections) - User 'app_user' has reached maximum allowed connections.

2026-08-30T15:39:24.832936Z ERROR [DBPool-55] postgres.connection.pool - Connection acquire timeout after 5000ms. Active: 100/100, Idle: 0, Waiting: 42.
  SQL State: 53300 (too_many_connections) - User 'app_user' has reached maximum allowed connections.

2026-08-30T15:39:30.968382Z CRITICAL [RedisEvent-20] redis.cluster.memory - Redis OOM threshold reached. Used: 2048MB / Max: 2048MB.
  Command 'SET' rejected for key 'cache:session:81946'. Policy 'noeviction' prevented key removal.

2026-08-30T15:39:39.983733Z CRITICAL [RedisEvent-49] redis.cluster.memory - Redis OOM threshold reached. Used: 2048MB / Max: 2048MB.
  Command 'SET' rejected for key 'cache:session:89027'. Policy 'noeviction' prevented key removal.

2026-08-30T15:39:49.015424Z ERROR [DBPool-46] postgres.connection.pool - Connection acquire timeout after 5000ms. Active: 100/100, Idle: 0, Waiting: 42.
  SQL State: 53300 (too_many_connections) - User 'app_user' has reached maximum allowed connections.

2026-08-30T15:39:55.026950Z ERROR [DBPool-88] postgres.connection.pool - Connection acquire timeout after 5000ms. Active: 100/100, Idle: 0, Waiting: 42.
  SQL State: 53300 (too_many_connections) - User 'app_user' has reached maximum allowed connections.

2026-08-30T15:40:01.043055Z ERROR [DBPool-69] postgres.connection.pool - Connection acquire timeout after 5000ms. Active: 100/100, Idle: 0, Waiting: 42.
  SQL State: 53300 (too_many_connections) - User 'app_user' has reached maximum allowed connections.

2026-08-30T15:40:07.056207Z CRITICAL [RedisEvent-96] redis.cluster.memory - Redis OOM threshold reached. Used: 2048MB / Max: 2048MB.
  Command 'SET' rejected for key 'cache:session:51124'. Policy 'noeviction' prevented key removal.

2026-08-30T15:40:10.066455Z ERROR [DBPool-80] postgres.connection.pool - Connection acquire timeout after 5000ms. Active: 100/100, Idle: 0, Waiting: 42.
  SQL State: 53300 (too_many_connections) - User 'app_user' has reached maximum allowed connections.

2026-08-30T15:40:13.071345Z CRITICAL [RedisEvent-45] redis.cluster.memory - Redis OOM threshold reached. Used: 2048MB / Max: 2048MB.
  Command 'SET' rejected for key 'cache:session:23377'. Policy 'noeviction' prevented key removal.

2026-08-30T15:40:35.355159Z CRITICAL [RedisEvent-70] redis.cluster.memory - Redis OOM threshold reached. Used: 2048MB / Max: 2048MB.
  Command 'SET' rejected for key 'cache:session:90761'. Policy 'noeviction' prevented key removal.

2026-08-30T15:40:47.382683Z CRITICAL [RedisEvent-45] redis.cluster.memory - Redis OOM threshold reached. Used: 2048MB / Max: 2048MB.
  Command 'SET' rejected for key 'cache:session:23491'. Policy 'noeviction' prevented key removal.

2026-08-30T15:40:50.388830Z ERROR [DBPool-62] postgres.connection.pool - Connection acquire timeout after 5000ms. Active: 100/100, Idle: 0, Waiting: 42.
  SQL State: 53300 (too_many_connections) - User 'app_user' has reached maximum allowed connections.

2026-08-30T15:41:08.439196Z CRITICAL [RedisEvent-34] redis.cluster.memory - Redis OOM threshold reached. Used: 2048MB / Max: 2048MB.
  Command 'SET' rejected for key 'cache:session:91606'. Policy 'noeviction' prevented key removal.

2026-08-30T15:41:17.457866Z CRITICAL [RedisEvent-86] redis.cluster.memory - Redis OOM threshold reached. Used: 2048MB / Max: 2048MB.
  Command 'SET' rejected for key 'cache:session:47618'. Policy 'noeviction' prevented key removal.

2026-08-30T15:41:32.491481Z ERROR [DBPool-19] postgres.connection.pool - Connection acquire timeout after 5000ms. Active: 100/100, Idle: 0, Waiting: 42.
  SQL State: 53300 (too_many_connections) - User 'app_user' has reached maximum allowed connections.

2026-08-30T15:41:41.515036Z CRITICAL [RedisEvent-37] redis.cluster.memory - Redis OOM threshold reached. Used: 2048MB / Max: 2048MB.
  Command 'SET' rejected for key 'cache:session:52345'. Policy 'noeviction' prevented key removal.

2026-08-30T15:41:47.531360Z CRITICAL [RedisEvent-61] redis.cluster.memory - Redis OOM threshold reached. Used: 2048MB / Max: 2048MB.
  Command 'SET' rejected for key 'cache:session:13038'. Policy 'noeviction' prevented key removal.

2026-08-30T15:41:53.544896Z CRITICAL [RedisEvent-96] redis.cluster.memory - Redis OOM threshold reached. Used: 2048MB / Max: 2048MB.
  Command 'SET' rejected for key 'cache:session:40806'. Policy 'noeviction' prevented key removal.

2026-08-30T15:41:59.564797Z ERROR [DBPool-46] postgres.connection.pool - Connection acquire timeout after 5000ms. Active: 100/100, Idle: 0, Waiting: 42.
  SQL State: 53300 (too_many_connections) - User 'app_user' has reached maximum allowed connections.

2026-08-30T15:42:05.576870Z CRITICAL [RedisEvent-89] redis.cluster.memory - Redis OOM threshold reached. Used: 2048MB / Max: 2048MB.
  Command 'SET' rejected for key 'cache:session:83697'. Policy 'noeviction' prevented key removal.

2026-08-30T15:42:08.581602Z CRITICAL [RedisEvent-65] redis.cluster.memory - Redis OOM threshold reached. Used: 2048MB / Max: 2048MB.
  Command 'SET' rejected for key 'cache:session:12259'. Policy 'noeviction' prevented key removal.

2026-08-30T15:42:20.610917Z CRITICAL [RedisEvent-76] redis.cluster.memory - Redis OOM threshold reached. Used: 2048MB / Max: 2048MB.
  Command 'SET' rejected for key 'cache:session:40796'. Policy 'noeviction' prevented key removal.

2026-08-30T15:42:23.618620Z ERROR [DBPool-90] postgres.connection.pool - Connection acquire timeout after 5000ms. Active: 100/100, Idle: 0, Waiting: 42.
  SQL State: 53300 (too_many_connections) - User 'app_user' has reached maximum allowed connections.

2026-08-30T15:42:26.626516Z CRITICAL [RedisEvent-30] redis.cluster.memory - Redis OOM threshold reached. Used: 2048MB / Max: 2048MB.
  Command 'SET' rejected for key 'cache:session:37736'. Policy 'noeviction' prevented key removal.

2026-08-30T15:42:41.660430Z CRITICAL [RedisEvent-37] redis.cluster.memory - Redis OOM threshold reached. Used: 2048MB / Max: 2048MB.
  Command 'SET' rejected for key 'cache:session:47573'. Policy 'noeviction' prevented key removal.

2026-08-30T15:42:44.670520Z ERROR [DBPool-96] postgres.connection.pool - Connection acquire timeout after 5000ms. Active: 100/100, Idle: 0, Waiting: 42.
  SQL State: 53300 (too_many_connections) - User 'app_user' has reached maximum allowed connections.

2026-08-30T15:43:14.743771Z CRITICAL [RedisEvent-75] redis.cluster.memory - Redis OOM threshold reached. Used: 2048MB / Max: 2048MB.
  Command 'SET' rejected for key 'cache:session:90288'. Policy 'noeviction' prevented key removal.

2026-08-30T15:43:20.777429Z ERROR [DBPool-81] postgres.connection.pool - Connection acquire timeout after 5000ms. Active: 100/100, Idle: 0, Waiting: 42.
  SQL State: 53300 (too_many_connections) - User 'app_user' has reached maximum allowed connections.

2026-08-30T15:43:32.812224Z CRITICAL [RedisEvent-52] redis.cluster.memory - Redis OOM threshold reached. Used: 2048MB / Max: 2048MB.
  Command 'SET' rejected for key 'cache:session:66788'. Policy 'noeviction' prevented key removal.

2026-08-30T15:43:41.842325Z ERROR [DBPool-52] postgres.connection.pool - Connection acquire timeout after 5000ms. Active: 100/100, Idle: 0, Waiting: 42.
  SQL State: 53300 (too_many_connections) - User 'app_user' has reached maximum allowed connections.

2026-08-30T15:43:44.852091Z CRITICAL [RedisEvent-57] redis.cluster.memory - Redis OOM threshold reached. Used: 2048MB / Max: 2048MB.
  Command 'SET' rejected for key 'cache:session:60153'. Policy 'noeviction' prevented key removal.

2026-08-30T15:43:50.864069Z ERROR [DBPool-94] postgres.connection.pool - Connection acquire timeout after 5000ms. Active: 100/100, Idle: 0, Waiting: 42.
  SQL State: 53300 (too_many_connections) - User 'app_user' has reached maximum allowed connections.

2026-08-30T15:43:56.879998Z CRITICAL [RedisEvent-29] redis.cluster.memory - Redis OOM threshold reached. Used: 2048MB / Max: 2048MB.
  Command 'SET' rejected for key 'cache:session:69949'. Policy 'noeviction' prevented key removal.

2026-08-30T15:44:11.917592Z CRITICAL [RedisEvent-92] redis.cluster.memory - Redis OOM threshold reached. Used: 2048MB / Max: 2048MB.
  Command 'SET' rejected for key 'cache:session:41921'. Policy 'noeviction' prevented key removal.

2026-08-30T15:44:17.928635Z CRITICAL [RedisEvent-80] redis.cluster.memory - Redis OOM threshold reached. Used: 2048MB / Max: 2048MB.
  Command 'SET' rejected for key 'cache:session:92802'. Policy 'noeviction' prevented key removal.

2026-08-30T15:44:20.964895Z ERROR [DBPool-52] postgres.connection.pool - Connection acquire timeout after 5000ms. Active: 100/100, Idle: 0, Waiting: 42.
  SQL State: 53300 (too_many_connections) - User 'app_user' has reached maximum allowed connections.

2026-08-30T15:44:35.993670Z CRITICAL [RedisEvent-51] redis.cluster.memory - Redis OOM threshold reached. Used: 2048MB / Max: 2048MB.
  Command 'SET' rejected for key 'cache:session:84132'. Policy 'noeviction' prevented key removal.

2026-08-30T15:44:42.005076Z ERROR [DBPool-81] postgres.connection.pool - Connection acquire timeout after 5000ms. Active: 100/100, Idle: 0, Waiting: 42.
  SQL State: 53300 (too_many_connections) - User 'app_user' has reached maximum allowed connections.

2026-08-30T15:44:45.018891Z CRITICAL [RedisEvent-24] redis.cluster.memory - Redis OOM threshold reached. Used: 2048MB / Max: 2048MB.
  Command 'SET' rejected for key 'cache:session:23847'. Policy 'noeviction' prevented key removal.

2026-08-30T15:45:00.048096Z CRITICAL [RedisEvent-54] redis.cluster.memory - Redis OOM threshold reached. Used: 2048MB / Max: 2048MB.
  Command 'SET' rejected for key 'cache:session:56393'. Policy 'noeviction' prevented key removal.

2026-08-30T15:45:06.061281Z CRITICAL [RedisEvent-84] redis.cluster.memory - Redis OOM threshold reached. Used: 2048MB / Max: 2048MB.
  Command 'SET' rejected for key 'cache:session:63265'. Policy 'noeviction' prevented key removal.

2026-08-30T15:45:18.086718Z CRITICAL [RedisEvent-74] redis.cluster.memory - Redis OOM threshold reached. Used: 2048MB / Max: 2048MB.
  Command 'SET' rejected for key 'cache:session:10800'. Policy 'noeviction' prevented key removal.

2026-08-30T15:45:21.093610Z ERROR [DBPool-70] postgres.connection.pool - Connection acquire timeout after 5000ms. Active: 100/100, Idle: 0, Waiting: 42.
  SQL State: 53300 (too_many_connections) - User 'app_user' has reached maximum allowed connections.

2026-08-30T15:45:30.111016Z CRITICAL [RedisEvent-90] redis.cluster.memory - Redis OOM threshold reached. Used: 2048MB / Max: 2048MB.
  Command 'SET' rejected for key 'cache:session:75225'. Policy 'noeviction' prevented key removal.

2026-08-30T15:45:36.122535Z CRITICAL [RedisEvent-60] redis.cluster.memory - Redis OOM threshold reached. Used: 2048MB / Max: 2048MB.
  Command 'SET' rejected for key 'cache:session:21255'. Policy 'noeviction' prevented key removal.

2026-08-30T15:45:45.145190Z CRITICAL [RedisEvent-18] redis.cluster.memory - Redis OOM threshold reached. Used: 2048MB / Max: 2048MB.
  Command 'SET' rejected for key 'cache:session:52077'. Policy 'noeviction' prevented key removal.

2026-08-30T15:45:48.152951Z CRITICAL [RedisEvent-42] redis.cluster.memory - Redis OOM threshold reached. Used: 2048MB / Max: 2048MB.
  Command 'SET' rejected for key 'cache:session:39568'. Policy 'noeviction' prevented key removal.

2026-08-30T15:45:54.166689Z CRITICAL [RedisEvent-72] redis.cluster.memory - Redis OOM threshold reached. Used: 2048MB / Max: 2048MB.
  Command 'SET' rejected for key 'cache:session:60859'. Policy 'noeviction' prevented key removal.

2026-08-30T15:45:57.171314Z CRITICAL [RedisEvent-84] redis.cluster.memory - Redis OOM threshold reached. Used: 2048MB / Max: 2048MB.
  Command 'SET' rejected for key 'cache:session:14252'. Policy 'noeviction' prevented key removal.

2026-08-30T15:46:03.183940Z ERROR [DBPool-81] postgres.connection.pool - Connection acquire timeout after 5000ms. Active: 100/100, Idle: 0, Waiting: 42.
  SQL State: 53300 (too_many_connections) - User 'app_user' has reached maximum allowed connections.

2026-08-30T15:46:06.189892Z CRITICAL [RedisEvent-22] redis.cluster.memory - Redis OOM threshold reached. Used: 2048MB / Max: 2048MB.
  Command 'SET' rejected for key 'cache:session:90035'. Policy 'noeviction' prevented key removal.

2026-08-30T15:46:15.208962Z ERROR [DBPool-11] postgres.connection.pool - Connection acquire timeout after 5000ms. Active: 100/100, Idle: 0, Waiting: 42.
  SQL State: 53300 (too_many_connections) - User 'app_user' has reached maximum allowed connections.

2026-08-30T15:46:18.213746Z CRITICAL [RedisEvent-99] redis.cluster.memory - Redis OOM threshold reached. Used: 2048MB / Max: 2048MB.
  Command 'SET' rejected for key 'cache:session:77417'. Policy 'noeviction' prevented key removal.

2026-08-30T15:46:42.257395Z ERROR [DBPool-49] postgres.connection.pool - Connection acquire timeout after 5000ms. Active: 100/100, Idle: 0, Waiting: 42.
  SQL State: 53300 (too_many_connections) - User 'app_user' has reached maximum allowed connections.

2026-08-30T15:46:54.290192Z CRITICAL [RedisEvent-10] redis.cluster.memory - Redis OOM threshold reached. Used: 2048MB / Max: 2048MB.
  Command 'SET' rejected for key 'cache:session:64651'. Policy 'noeviction' prevented key removal.

2026-08-30T15:46:57.296271Z ERROR [DBPool-89] postgres.connection.pool - Connection acquire timeout after 5000ms. Active: 100/100, Idle: 0, Waiting: 42.
  SQL State: 53300 (too_many_connections) - User 'app_user' has reached maximum allowed connections.

2026-08-30T15:47:00.302058Z ERROR [DBPool-11] postgres.connection.pool - Connection acquire timeout after 5000ms. Active: 100/100, Idle: 0, Waiting: 42.
  SQL State: 53300 (too_many_connections) - User 'app_user' has reached maximum allowed connections.

2026-08-30T15:47:09.320869Z CRITICAL [RedisEvent-69] redis.cluster.memory - Redis OOM threshold reached. Used: 2048MB / Max: 2048MB.
  Command 'SET' rejected for key 'cache:session:98107'. Policy 'noeviction' prevented key removal.

2026-08-30T15:47:15.333741Z CRITICAL [RedisEvent-57] redis.cluster.memory - Redis OOM threshold reached. Used: 2048MB / Max: 2048MB.
  Command 'SET' rejected for key 'cache:session:86883'. Policy 'noeviction' prevented key removal.

2026-08-30T15:47:18.340499Z CRITICAL [RedisEvent-31] redis.cluster.memory - Redis OOM threshold reached. Used: 2048MB / Max: 2048MB.
  Command 'SET' rejected for key 'cache:session:50475'. Policy 'noeviction' prevented key removal.

2026-08-30T15:47:24.357940Z CRITICAL [RedisEvent-22] redis.cluster.memory - Redis OOM threshold reached. Used: 2048MB / Max: 2048MB.
  Command 'SET' rejected for key 'cache:session:36128'. Policy 'noeviction' prevented key removal.

2026-08-30T15:47:30.369400Z ERROR [DBPool-94] postgres.connection.pool - Connection acquire timeout after 5000ms. Active: 100/100, Idle: 0, Waiting: 42.
  SQL State: 53300 (too_many_connections) - User 'app_user' has reached maximum allowed connections.

2026-08-30T15:47:33.376253Z CRITICAL [RedisEvent-79] redis.cluster.memory - Redis OOM threshold reached. Used: 2048MB / Max: 2048MB.
  Command 'SET' rejected for key 'cache:session:14112'. Policy 'noeviction' prevented key removal.

2026-08-30T15:47:42.396571Z CRITICAL [RedisEvent-19] redis.cluster.memory - Redis OOM threshold reached. Used: 2048MB / Max: 2048MB.
  Command 'SET' rejected for key 'cache:session:93330'. Policy 'noeviction' prevented key removal.

2026-08-30T15:47:48.417433Z CRITICAL [RedisEvent-87] redis.cluster.memory - Redis OOM threshold reached. Used: 2048MB / Max: 2048MB.
  Command 'SET' rejected for key 'cache:session:14642'. Policy 'noeviction' prevented key removal.

2026-08-30T15:47:51.428020Z ERROR [DBPool-13] postgres.connection.pool - Connection acquire timeout after 5000ms. Active: 100/100, Idle: 0, Waiting: 42.
  SQL State: 53300 (too_many_connections) - User 'app_user' has reached maximum allowed connections.

2026-08-30T15:48:00.452583Z ERROR [DBPool-79] postgres.connection.pool - Connection acquire timeout after 5000ms. Active: 100/100, Idle: 0, Waiting: 42.
  SQL State: 53300 (too_many_connections) - User 'app_user' has reached maximum allowed connections.

2026-08-30T15:48:06.468929Z ERROR [DBPool-92] postgres.connection.pool - Connection acquire timeout after 5000ms. Active: 100/100, Idle: 0, Waiting: 42.
  SQL State: 53300 (too_many_connections) - User 'app_user' has reached maximum allowed connections.

2026-08-30T15:48:18.491621Z ERROR [DBPool-31] postgres.connection.pool - Connection acquire timeout after 5000ms. Active: 100/100, Idle: 0, Waiting: 42.
  SQL State: 53300 (too_many_connections) - User 'app_user' has reached maximum allowed connections.

2026-08-30T15:48:27.508968Z ERROR [DBPool-51] postgres.connection.pool - Connection acquire timeout after 5000ms. Active: 100/100, Idle: 0, Waiting: 42.
  SQL State: 53300 (too_many_connections) - User 'app_user' has reached maximum allowed connections.

2026-08-30T15:48:36.527630Z ERROR [DBPool-72] postgres.connection.pool - Connection acquire timeout after 5000ms. Active: 100/100, Idle: 0, Waiting: 42.
  SQL State: 53300 (too_many_connections) - User 'app_user' has reached maximum allowed connections.

2026-08-30T15:48:39.533450Z ERROR [DBPool-95] postgres.connection.pool - Connection acquire timeout after 5000ms. Active: 100/100, Idle: 0, Waiting: 42.
  SQL State: 53300 (too_many_connections) - User 'app_user' has reached maximum allowed connections.

2026-08-30T15:48:42.542363Z ERROR [DBPool-61] postgres.connection.pool - Connection acquire timeout after 5000ms. Active: 100/100, Idle: 0, Waiting: 42.
  SQL State: 53300 (too_many_connections) - User 'app_user' has reached maximum allowed connections.

2026-08-30T15:48:57.589517Z CRITICAL [RedisEvent-38] redis.cluster.memory - Redis OOM threshold reached. Used: 2048MB / Max: 2048MB.
  Command 'SET' rejected for key 'cache:session:92503'. Policy 'noeviction' prevented key removal.

2026-08-30T15:49:18.656461Z CRITICAL [RedisEvent-34] redis.cluster.memory - Redis OOM threshold reached. Used: 2048MB / Max: 2048MB.
  Command 'SET' rejected for key 'cache:session:60312'. Policy 'noeviction' prevented key removal.

2026-08-30T15:49:39.716001Z ERROR [DBPool-13] postgres.connection.pool - Connection acquire timeout after 5000ms. Active: 100/100, Idle: 0, Waiting: 42.
  SQL State: 53300 (too_many_connections) - User 'app_user' has reached maximum allowed connections.

2026-08-30T15:49:51.755610Z ERROR [DBPool-17] postgres.connection.pool - Connection acquire timeout after 5000ms. Active: 100/100, Idle: 0, Waiting: 42.
  SQL State: 53300 (too_many_connections) - User 'app_user' has reached maximum allowed connections.

2026-08-30T15:49:54.761520Z CRITICAL [RedisEvent-60] redis.cluster.memory - Redis OOM threshold reached. Used: 2048MB / Max: 2048MB.
  Command 'SET' rejected for key 'cache:session:53793'. Policy 'noeviction' prevented key removal.

2026-08-30T15:50:00.772654Z ERROR [DBPool-77] postgres.connection.pool - Connection acquire timeout after 5000ms. Active: 100/100, Idle: 0, Waiting: 42.
  SQL State: 53300 (too_many_connections) - User 'app_user' has reached maximum allowed connections.

2026-08-30T15:50:09.797734Z ERROR [DBPool-49] postgres.connection.pool - Connection acquire timeout after 5000ms. Active: 100/100, Idle: 0, Waiting: 42.
  SQL State: 53300 (too_many_connections) - User 'app_user' has reached maximum allowed connections.

2026-08-30T15:50:33.852883Z CRITICAL [RedisEvent-51] redis.cluster.memory - Redis OOM threshold reached. Used: 2048MB / Max: 2048MB.
  Command 'SET' rejected for key 'cache:session:45847'. Policy 'noeviction' prevented key removal.

2026-08-30T15:50:36.858602Z CRITICAL [RedisEvent-61] redis.cluster.memory - Redis OOM threshold reached. Used: 2048MB / Max: 2048MB.
  Command 'SET' rejected for key 'cache:session:52441'. Policy 'noeviction' prevented key removal.

2026-08-30T15:50:39.865801Z ERROR [DBPool-56] postgres.connection.pool - Connection acquire timeout after 5000ms. Active: 100/100, Idle: 0, Waiting: 42.
  SQL State: 53300 (too_many_connections) - User 'app_user' has reached maximum allowed connections.

2026-08-30T15:50:42.873438Z CRITICAL [RedisEvent-46] redis.cluster.memory - Redis OOM threshold reached. Used: 2048MB / Max: 2048MB.
  Command 'SET' rejected for key 'cache:session:68374'. Policy 'noeviction' prevented key removal.

2026-08-30T15:50:45.895719Z ERROR [DBPool-60] postgres.connection.pool - Connection acquire timeout after 5000ms. Active: 100/100, Idle: 0, Waiting: 42.
  SQL State: 53300 (too_many_connections) - User 'app_user' has reached maximum allowed connections.

2026-08-30T15:50:51.907985Z ERROR [DBPool-77] postgres.connection.pool - Connection acquire timeout after 5000ms. Active: 100/100, Idle: 0, Waiting: 42.
  SQL State: 53300 (too_many_connections) - User 'app_user' has reached maximum allowed connections.

2026-08-30T15:50:54.912601Z ERROR [DBPool-91] postgres.connection.pool - Connection acquire timeout after 5000ms. Active: 100/100, Idle: 0, Waiting: 42.
  SQL State: 53300 (too_many_connections) - User 'app_user' has reached maximum allowed connections.

2026-08-30T15:51:24.989623Z ERROR [DBPool-37] postgres.connection.pool - Connection acquire timeout after 5000ms. Active: 100/100, Idle: 0, Waiting: 42.
  SQL State: 53300 (too_many_connections) - User 'app_user' has reached maximum allowed connections.

2026-08-30T15:51:27.999240Z ERROR [DBPool-67] postgres.connection.pool - Connection acquire timeout after 5000ms. Active: 100/100, Idle: 0, Waiting: 42.
  SQL State: 53300 (too_many_connections) - User 'app_user' has reached maximum allowed connections.

2026-08-30T15:51:52.059417Z ERROR [DBPool-25] postgres.connection.pool - Connection acquire timeout after 5000ms. Active: 100/100, Idle: 0, Waiting: 42.
  SQL State: 53300 (too_many_connections) - User 'app_user' has reached maximum allowed connections.

2026-08-30T15:51:58.082561Z CRITICAL [RedisEvent-96] redis.cluster.memory - Redis OOM threshold reached. Used: 2048MB / Max: 2048MB.
  Command 'SET' rejected for key 'cache:session:40204'. Policy 'noeviction' prevented key removal.

2026-08-30T15:52:01.089149Z ERROR [DBPool-57] postgres.connection.pool - Connection acquire timeout after 5000ms. Active: 100/100, Idle: 0, Waiting: 42.
  SQL State: 53300 (too_many_connections) - User 'app_user' has reached maximum allowed connections.

2026-08-30T15:52:04.095347Z CRITICAL [RedisEvent-79] redis.cluster.memory - Redis OOM threshold reached. Used: 2048MB / Max: 2048MB.
  Command 'SET' rejected for key 'cache:session:86266'. Policy 'noeviction' prevented key removal.

2026-08-30T15:52:07.108422Z ERROR [DBPool-47] postgres.connection.pool - Connection acquire timeout after 5000ms. Active: 100/100, Idle: 0, Waiting: 42.
  SQL State: 53300 (too_many_connections) - User 'app_user' has reached maximum allowed connections.

2026-08-30T15:52:13.123078Z ERROR [DBPool-20] postgres.connection.pool - Connection acquire timeout after 5000ms. Active: 100/100, Idle: 0, Waiting: 42.
  SQL State: 53300 (too_many_connections) - User 'app_user' has reached maximum allowed connections.

2026-08-30T15:52:22.140074Z ERROR [DBPool-61] postgres.connection.pool - Connection acquire timeout after 5000ms. Active: 100/100, Idle: 0, Waiting: 42.
  SQL State: 53300 (too_many_connections) - User 'app_user' has reached maximum allowed connections.

2026-08-30T15:52:28.154328Z CRITICAL [RedisEvent-91] redis.cluster.memory - Redis OOM threshold reached. Used: 2048MB / Max: 2048MB.
  Command 'SET' rejected for key 'cache:session:45697'. Policy 'noeviction' prevented key removal.

2026-08-30T15:52:37.171041Z ERROR [DBPool-26] postgres.connection.pool - Connection acquire timeout after 5000ms. Active: 100/100, Idle: 0, Waiting: 42.
  SQL State: 53300 (too_many_connections) - User 'app_user' has reached maximum allowed connections.

2026-08-30T15:52:40.177380Z ERROR [DBPool-37] postgres.connection.pool - Connection acquire timeout after 5000ms. Active: 100/100, Idle: 0, Waiting: 42.
  SQL State: 53300 (too_many_connections) - User 'app_user' has reached maximum allowed connections.

2026-08-30T15:52:58.219100Z CRITICAL [RedisEvent-50] redis.cluster.memory - Redis OOM threshold reached. Used: 2048MB / Max: 2048MB.
  Command 'SET' rejected for key 'cache:session:96904'. Policy 'noeviction' prevented key removal.

2026-08-30T15:53:10.258326Z ERROR [DBPool-36] postgres.connection.pool - Connection acquire timeout after 5000ms. Active: 100/100, Idle: 0, Waiting: 42.
  SQL State: 53300 (too_many_connections) - User 'app_user' has reached maximum allowed connections.

2026-08-30T15:53:16.269776Z ERROR [DBPool-99] postgres.connection.pool - Connection acquire timeout after 5000ms. Active: 100/100, Idle: 0, Waiting: 42.
  SQL State: 53300 (too_many_connections) - User 'app_user' has reached maximum allowed connections.

2026-08-30T15:53:25.297466Z ERROR [DBPool-94] postgres.connection.pool - Connection acquire timeout after 5000ms. Active: 100/100, Idle: 0, Waiting: 42.
  SQL State: 53300 (too_many_connections) - User 'app_user' has reached maximum allowed connections.

2026-08-30T15:53:28.303311Z CRITICAL [RedisEvent-31] redis.cluster.memory - Redis OOM threshold reached. Used: 2048MB / Max: 2048MB.
  Command 'SET' rejected for key 'cache:session:18387'. Policy 'noeviction' prevented key removal.

2026-08-30T15:53:34.314819Z CRITICAL [RedisEvent-15] redis.cluster.memory - Redis OOM threshold reached. Used: 2048MB / Max: 2048MB.
  Command 'SET' rejected for key 'cache:session:45253'. Policy 'noeviction' prevented key removal.

2026-08-30T15:53:37.320932Z ERROR [DBPool-35] postgres.connection.pool - Connection acquire timeout after 5000ms. Active: 100/100, Idle: 0, Waiting: 42.
  SQL State: 53300 (too_many_connections) - User 'app_user' has reached maximum allowed connections.

2026-08-30T15:53:58.367398Z CRITICAL [RedisEvent-62] redis.cluster.memory - Redis OOM threshold reached. Used: 2048MB / Max: 2048MB.
  Command 'SET' rejected for key 'cache:session:22420'. Policy 'noeviction' prevented key removal.

2026-08-30T15:54:01.372883Z ERROR [DBPool-81] postgres.connection.pool - Connection acquire timeout after 5000ms. Active: 100/100, Idle: 0, Waiting: 42.
  SQL State: 53300 (too_many_connections) - User 'app_user' has reached maximum allowed connections.

2026-08-30T15:54:07.392136Z CRITICAL [RedisEvent-39] redis.cluster.memory - Redis OOM threshold reached. Used: 2048MB / Max: 2048MB.
  Command 'SET' rejected for key 'cache:session:30880'. Policy 'noeviction' prevented key removal.

2026-08-30T15:54:13.405894Z CRITICAL [RedisEvent-48] redis.cluster.memory - Redis OOM threshold reached. Used: 2048MB / Max: 2048MB.
  Command 'SET' rejected for key 'cache:session:19471'. Policy 'noeviction' prevented key removal.

2026-08-30T15:54:25.437219Z ERROR [DBPool-81] postgres.connection.pool - Connection acquire timeout after 5000ms. Active: 100/100, Idle: 0, Waiting: 42.
  SQL State: 53300 (too_many_connections) - User 'app_user' has reached maximum allowed connections.

2026-08-30T15:54:28.442945Z ERROR [DBPool-90] postgres.connection.pool - Connection acquire timeout after 5000ms. Active: 100/100, Idle: 0, Waiting: 42.
  SQL State: 53300 (too_many_connections) - User 'app_user' has reached maximum allowed connections.

2026-08-30T15:54:40.473963Z ERROR [DBPool-67] postgres.connection.pool - Connection acquire timeout after 5000ms. Active: 100/100, Idle: 0, Waiting: 42.
  SQL State: 53300 (too_many_connections) - User 'app_user' has reached maximum allowed connections.

2026-08-30T15:54:46.505095Z CRITICAL [RedisEvent-73] redis.cluster.memory - Redis OOM threshold reached. Used: 2048MB / Max: 2048MB.
  Command 'SET' rejected for key 'cache:session:32444'. Policy 'noeviction' prevented key removal.

2026-08-30T15:54:49.510851Z CRITICAL [RedisEvent-65] redis.cluster.memory - Redis OOM threshold reached. Used: 2048MB / Max: 2048MB.
  Command 'SET' rejected for key 'cache:session:26324'. Policy 'noeviction' prevented key removal.

2026-08-30T15:54:58.527773Z CRITICAL [RedisEvent-26] redis.cluster.memory - Redis OOM threshold reached. Used: 2048MB / Max: 2048MB.
  Command 'SET' rejected for key 'cache:session:94842'. Policy 'noeviction' prevented key removal.

2026-08-30T15:55:04.539741Z CRITICAL [RedisEvent-36] redis.cluster.memory - Redis OOM threshold reached. Used: 2048MB / Max: 2048MB.
  Command 'SET' rejected for key 'cache:session:76277'. Policy 'noeviction' prevented key removal.

2026-08-30T15:55:07.545226Z CRITICAL [RedisEvent-96] redis.cluster.memory - Redis OOM threshold reached. Used: 2048MB / Max: 2048MB.
  Command 'SET' rejected for key 'cache:session:57692'. Policy 'noeviction' prevented key removal.

2026-08-30T15:55:13.557915Z CRITICAL [RedisEvent-31] redis.cluster.memory - Redis OOM threshold reached. Used: 2048MB / Max: 2048MB.
  Command 'SET' rejected for key 'cache:session:92640'. Policy 'noeviction' prevented key removal.

2026-08-30T15:55:22.575621Z ERROR [DBPool-94] postgres.connection.pool - Connection acquire timeout after 5000ms. Active: 100/100, Idle: 0, Waiting: 42.
  SQL State: 53300 (too_many_connections) - User 'app_user' has reached maximum allowed connections.

2026-08-30T15:55:25.590380Z ERROR [DBPool-96] postgres.connection.pool - Connection acquire timeout after 5000ms. Active: 100/100, Idle: 0, Waiting: 42.
  SQL State: 53300 (too_many_connections) - User 'app_user' has reached maximum allowed connections.

2026-08-30T15:55:49.647301Z ERROR [DBPool-16] postgres.connection.pool - Connection acquire timeout after 5000ms. Active: 100/100, Idle: 0, Waiting: 42.
  SQL State: 53300 (too_many_connections) - User 'app_user' has reached maximum allowed connections.

2026-08-30T15:55:52.653760Z CRITICAL [RedisEvent-39] redis.cluster.memory - Redis OOM threshold reached. Used: 2048MB / Max: 2048MB.
  Command 'SET' rejected for key 'cache:session:23459'. Policy 'noeviction' prevented key removal.

2026-08-30T15:56:13.709598Z CRITICAL [RedisEvent-98] redis.cluster.memory - Redis OOM threshold reached. Used: 2048MB / Max: 2048MB.
  Command 'SET' rejected for key 'cache:session:59936'. Policy 'noeviction' prevented key removal.

2026-08-30T15:56:19.730893Z ERROR [DBPool-47] postgres.connection.pool - Connection acquire timeout after 5000ms. Active: 100/100, Idle: 0, Waiting: 42.
  SQL State: 53300 (too_many_connections) - User 'app_user' has reached maximum allowed connections.

2026-08-30T15:56:22.737107Z CRITICAL [RedisEvent-90] redis.cluster.memory - Redis OOM threshold reached. Used: 2048MB / Max: 2048MB.
  Command 'SET' rejected for key 'cache:session:41950'. Policy 'noeviction' prevented key removal.

2026-08-30T15:56:40.788003Z CRITICAL [RedisEvent-73] redis.cluster.memory - Redis OOM threshold reached. Used: 2048MB / Max: 2048MB.
  Command 'SET' rejected for key 'cache:session:75605'. Policy 'noeviction' prevented key removal.

2026-08-30T15:56:55.826250Z ERROR [DBPool-75] postgres.connection.pool - Connection acquire timeout after 5000ms. Active: 100/100, Idle: 0, Waiting: 42.
  SQL State: 53300 (too_many_connections) - User 'app_user' has reached maximum allowed connections.

2026-08-30T15:57:04.847104Z ERROR [DBPool-43] postgres.connection.pool - Connection acquire timeout after 5000ms. Active: 100/100, Idle: 0, Waiting: 42.
  SQL State: 53300 (too_many_connections) - User 'app_user' has reached maximum allowed connections.

2026-08-30T15:57:22.891862Z CRITICAL [RedisEvent-64] redis.cluster.memory - Redis OOM threshold reached. Used: 2048MB / Max: 2048MB.
  Command 'SET' rejected for key 'cache:session:54146'. Policy 'noeviction' prevented key removal.

2026-08-30T15:57:28.903813Z CRITICAL [RedisEvent-18] redis.cluster.memory - Redis OOM threshold reached. Used: 2048MB / Max: 2048MB.
  Command 'SET' rejected for key 'cache:session:45697'. Policy 'noeviction' prevented key removal.

2026-08-30T15:57:31.909435Z ERROR [DBPool-18] postgres.connection.pool - Connection acquire timeout after 5000ms. Active: 100/100, Idle: 0, Waiting: 42.
  SQL State: 53300 (too_many_connections) - User 'app_user' has reached maximum allowed connections.

2026-08-30T15:57:46.941528Z CRITICAL [RedisEvent-23] redis.cluster.memory - Redis OOM threshold reached. Used: 2048MB / Max: 2048MB.
  Command 'SET' rejected for key 'cache:session:47730'. Policy 'noeviction' prevented key removal.

2026-08-30T15:57:55.957691Z CRITICAL [RedisEvent-15] redis.cluster.memory - Redis OOM threshold reached. Used: 2048MB / Max: 2048MB.
  Command 'SET' rejected for key 'cache:session:35172'. Policy 'noeviction' prevented key removal.

2026-08-30T15:58:01.979017Z CRITICAL [RedisEvent-86] redis.cluster.memory - Redis OOM threshold reached. Used: 2048MB / Max: 2048MB.
  Command 'SET' rejected for key 'cache:session:94078'. Policy 'noeviction' prevented key removal.

2026-08-30T15:58:04.991857Z CRITICAL [RedisEvent-43] redis.cluster.memory - Redis OOM threshold reached. Used: 2048MB / Max: 2048MB.
  Command 'SET' rejected for key 'cache:session:95003'. Policy 'noeviction' prevented key removal.

2026-08-30T15:58:32.051253Z ERROR [DBPool-41] postgres.connection.pool - Connection acquire timeout after 5000ms. Active: 100/100, Idle: 0, Waiting: 42.
  SQL State: 53300 (too_many_connections) - User 'app_user' has reached maximum allowed connections.

2026-08-30T15:58:35.056804Z CRITICAL [RedisEvent-76] redis.cluster.memory - Redis OOM threshold reached. Used: 2048MB / Max: 2048MB.
  Command 'SET' rejected for key 'cache:session:44103'. Policy 'noeviction' prevented key removal.

2026-08-30T15:58:38.063085Z ERROR [DBPool-95] postgres.connection.pool - Connection acquire timeout after 5000ms. Active: 100/100, Idle: 0, Waiting: 42.
  SQL State: 53300 (too_many_connections) - User 'app_user' has reached maximum allowed connections.

2026-08-30T15:58:41.068602Z ERROR [DBPool-92] postgres.connection.pool - Connection acquire timeout after 5000ms. Active: 100/100, Idle: 0, Waiting: 42.
  SQL State: 53300 (too_many_connections) - User 'app_user' has reached maximum allowed connections.

2026-08-30T15:58:47.084975Z CRITICAL [RedisEvent-25] redis.cluster.memory - Redis OOM threshold reached. Used: 2048MB / Max: 2048MB.
  Command 'SET' rejected for key 'cache:session:48496'. Policy 'noeviction' prevented key removal.

2026-08-30T15:59:38.196772Z CRITICAL [RedisEvent-13] redis.cluster.memory - Redis OOM threshold reached. Used: 2048MB / Max: 2048MB.
  Command 'SET' rejected for key 'cache:session:71307'. Policy 'noeviction' prevented key removal.

2026-08-30T15:59:50.226446Z CRITICAL [RedisEvent-67] redis.cluster.memory - Redis OOM threshold reached. Used: 2048MB / Max: 2048MB.
  Command 'SET' rejected for key 'cache:session:75161'. Policy 'noeviction' prevented key removal.

2026-08-30T15:59:56.238871Z CRITICAL [RedisEvent-14] redis.cluster.memory - Redis OOM threshold reached. Used: 2048MB / Max: 2048MB.
  Command 'SET' rejected for key 'cache:session:58752'. Policy 'noeviction' prevented key removal.

2026-08-30T15:59:59.247812Z ERROR [DBPool-96] postgres.connection.pool - Connection acquire timeout after 5000ms. Active: 100/100, Idle: 0, Waiting: 42.
  SQL State: 53300 (too_many_connections) - User 'app_user' has reached maximum allowed connections.

2026-08-30T16:00:02.259538Z ERROR [DBPool-69] postgres.connection.pool - Connection acquire timeout after 5000ms. Active: 100/100, Idle: 0, Waiting: 42.
  SQL State: 53300 (too_many_connections) - User 'app_user' has reached maximum allowed connections.

2026-08-30T16:00:14.285026Z ERROR [DBPool-41] postgres.connection.pool - Connection acquire timeout after 5000ms. Active: 100/100, Idle: 0, Waiting: 42.
  SQL State: 53300 (too_many_connections) - User 'app_user' has reached maximum allowed connections.

2026-08-30T16:00:20.295688Z ERROR [DBPool-47] postgres.connection.pool - Connection acquire timeout after 5000ms. Active: 100/100, Idle: 0, Waiting: 42.
  SQL State: 53300 (too_many_connections) - User 'app_user' has reached maximum allowed connections.

2026-08-30T16:00:26.314931Z ERROR [DBPool-19] postgres.connection.pool - Connection acquire timeout after 5000ms. Active: 100/100, Idle: 0, Waiting: 42.
  SQL State: 53300 (too_many_connections) - User 'app_user' has reached maximum allowed connections.

2026-08-30T16:00:29.323255Z ERROR [DBPool-34] postgres.connection.pool - Connection acquire timeout after 5000ms. Active: 100/100, Idle: 0, Waiting: 42.
  SQL State: 53300 (too_many_connections) - User 'app_user' has reached maximum allowed connections.

2026-08-30T16:00:41.350905Z ERROR [DBPool-37] postgres.connection.pool - Connection acquire timeout after 5000ms. Active: 100/100, Idle: 0, Waiting: 42.
  SQL State: 53300 (too_many_connections) - User 'app_user' has reached maximum allowed connections.

2026-08-30T16:00:44.356935Z ERROR [DBPool-12] postgres.connection.pool - Connection acquire timeout after 5000ms. Active: 100/100, Idle: 0, Waiting: 42.
  SQL State: 53300 (too_many_connections) - User 'app_user' has reached maximum allowed connections.

2026-08-30T16:00:50.377236Z CRITICAL [RedisEvent-95] redis.cluster.memory - Redis OOM threshold reached. Used: 2048MB / Max: 2048MB.
  Command 'SET' rejected for key 'cache:session:94850'. Policy 'noeviction' prevented key removal.

2026-08-30T16:00:59.404616Z ERROR [DBPool-90] postgres.connection.pool - Connection acquire timeout after 5000ms. Active: 100/100, Idle: 0, Waiting: 42.
  SQL State: 53300 (too_many_connections) - User 'app_user' has reached maximum allowed connections.

2026-08-30T16:01:11.437139Z CRITICAL [RedisEvent-28] redis.cluster.memory - Redis OOM threshold reached. Used: 2048MB / Max: 2048MB.
  Command 'SET' rejected for key 'cache:session:42694'. Policy 'noeviction' prevented key removal.

2026-08-30T16:01:17.448890Z ERROR [DBPool-96] postgres.connection.pool - Connection acquire timeout after 5000ms. Active: 100/100, Idle: 0, Waiting: 42.
  SQL State: 53300 (too_many_connections) - User 'app_user' has reached maximum allowed connections.

2026-08-30T16:01:20.455294Z ERROR [DBPool-39] postgres.connection.pool - Connection acquire timeout after 5000ms. Active: 100/100, Idle: 0, Waiting: 42.
  SQL State: 53300 (too_many_connections) - User 'app_user' has reached maximum allowed connections.

2026-08-30T16:02:08.573211Z CRITICAL [RedisEvent-70] redis.cluster.memory - Redis OOM threshold reached. Used: 2048MB / Max: 2048MB.
  Command 'SET' rejected for key 'cache:session:65033'. Policy 'noeviction' prevented key removal.

2026-08-30T16:02:14.584063Z ERROR [DBPool-37] postgres.connection.pool - Connection acquire timeout after 5000ms. Active: 100/100, Idle: 0, Waiting: 42.
  SQL State: 53300 (too_many_connections) - User 'app_user' has reached maximum allowed connections.

2026-08-30T16:02:42.472018Z ERROR [DBPool-53] postgres.connection.pool - Connection acquire timeout after 5000ms. Active: 100/100, Idle: 0, Waiting: 42.
  SQL State: 53300 (too_many_connections) - User 'app_user' has reached maximum allowed connections.

2026-08-30T16:03:24.586801Z ERROR [DBPool-94] postgres.connection.pool - Connection acquire timeout after 5000ms. Active: 100/100, Idle: 0, Waiting: 42.
  SQL State: 53300 (too_many_connections) - User 'app_user' has reached maximum allowed connections.

2026-08-30T16:03:39.619740Z ERROR [DBPool-35] postgres.connection.pool - Connection acquire timeout after 5000ms. Active: 100/100, Idle: 0, Waiting: 42.
  SQL State: 53300 (too_many_connections) - User 'app_user' has reached maximum allowed connections.

2026-08-30T16:03:45.632649Z ERROR [DBPool-33] postgres.connection.pool - Connection acquire timeout after 5000ms. Active: 100/100, Idle: 0, Waiting: 42.
  SQL State: 53300 (too_many_connections) - User 'app_user' has reached maximum allowed connections.

2026-08-30T16:04:03.690400Z ERROR [DBPool-94] postgres.connection.pool - Connection acquire timeout after 5000ms. Active: 100/100, Idle: 0, Waiting: 42.
  SQL State: 53300 (too_many_connections) - User 'app_user' has reached maximum allowed connections.

2026-08-30T16:04:06.696417Z ERROR [DBPool-43] postgres.connection.pool - Connection acquire timeout after 5000ms. Active: 100/100, Idle: 0, Waiting: 42.
  SQL State: 53300 (too_many_connections) - User 'app_user' has reached maximum allowed connections.

2026-08-30T16:04:24.806710Z ERROR [DBPool-13] postgres.connection.pool - Connection acquire timeout after 5000ms. Active: 100/100, Idle: 0, Waiting: 42.
  SQL State: 53300 (too_many_connections) - User 'app_user' has reached maximum allowed connections.

2026-08-30T16:04:33.825911Z ERROR [DBPool-48] postgres.connection.pool - Connection acquire timeout after 5000ms. Active: 100/100, Idle: 0, Waiting: 42.
  SQL State: 53300 (too_many_connections) - User 'app_user' has reached maximum allowed connections.

2026-08-30T16:04:42.850341Z CRITICAL [RedisEvent-48] redis.cluster.memory - Redis OOM threshold reached. Used: 2048MB / Max: 2048MB.
  Command 'SET' rejected for key 'cache:session:66034'. Policy 'noeviction' prevented key removal.

2026-08-30T16:05:03.908020Z ERROR [DBPool-95] postgres.connection.pool - Connection acquire timeout after 5000ms. Active: 100/100, Idle: 0, Waiting: 42.
  SQL State: 53300 (too_many_connections) - User 'app_user' has reached maximum allowed connections.

2026-08-30T16:05:18.936829Z ERROR [DBPool-22] postgres.connection.pool - Connection acquire timeout after 5000ms. Active: 100/100, Idle: 0, Waiting: 42.
  SQL State: 53300 (too_many_connections) - User 'app_user' has reached maximum allowed connections.

2026-08-30T16:05:24.949392Z CRITICAL [RedisEvent-62] redis.cluster.memory - Redis OOM threshold reached. Used: 2048MB / Max: 2048MB.
  Command 'SET' rejected for key 'cache:session:56407'. Policy 'noeviction' prevented key removal.

2026-08-30T16:05:30.969414Z ERROR [DBPool-19] postgres.connection.pool - Connection acquire timeout after 5000ms. Active: 100/100, Idle: 0, Waiting: 42.
  SQL State: 53300 (too_many_connections) - User 'app_user' has reached maximum allowed connections.

2026-08-30T16:05:36.984417Z ERROR [DBPool-92] postgres.connection.pool - Connection acquire timeout after 5000ms. Active: 100/100, Idle: 0, Waiting: 42.
  SQL State: 53300 (too_many_connections) - User 'app_user' has reached maximum allowed connections.

2026-08-30T16:05:40.000173Z CRITICAL [RedisEvent-22] redis.cluster.memory - Redis OOM threshold reached. Used: 2048MB / Max: 2048MB.
  Command 'SET' rejected for key 'cache:session:69485'. Policy 'noeviction' prevented key removal.

2026-08-30T16:05:43.006450Z ERROR [DBPool-36] postgres.connection.pool - Connection acquire timeout after 5000ms. Active: 100/100, Idle: 0, Waiting: 42.
  SQL State: 53300 (too_many_connections) - User 'app_user' has reached maximum allowed connections.

2026-08-30T16:06:04.060465Z CRITICAL [RedisEvent-89] redis.cluster.memory - Redis OOM threshold reached. Used: 2048MB / Max: 2048MB.
  Command 'SET' rejected for key 'cache:session:14430'. Policy 'noeviction' prevented key removal.

2026-08-30T16:06:13.079116Z CRITICAL [RedisEvent-53] redis.cluster.memory - Redis OOM threshold reached. Used: 2048MB / Max: 2048MB.
  Command 'SET' rejected for key 'cache:session:52673'. Policy 'noeviction' prevented key removal.

2026-08-30T16:06:19.091229Z CRITICAL [RedisEvent-88] redis.cluster.memory - Redis OOM threshold reached. Used: 2048MB / Max: 2048MB.
  Command 'SET' rejected for key 'cache:session:62972'. Policy 'noeviction' prevented key removal.

2026-08-30T16:06:31.117788Z ERROR [DBPool-14] postgres.connection.pool - Connection acquire timeout after 5000ms. Active: 100/100, Idle: 0, Waiting: 42.
  SQL State: 53300 (too_many_connections) - User 'app_user' has reached maximum allowed connections.

2026-08-30T16:06:37.127522Z ERROR [DBPool-72] postgres.connection.pool - Connection acquire timeout after 5000ms. Active: 100/100, Idle: 0, Waiting: 42.
  SQL State: 53300 (too_many_connections) - User 'app_user' has reached maximum allowed connections.

2026-08-30T16:06:49.160143Z ERROR [DBPool-55] postgres.connection.pool - Connection acquire timeout after 5000ms. Active: 100/100, Idle: 0, Waiting: 42.
  SQL State: 53300 (too_many_connections) - User 'app_user' has reached maximum allowed connections.

2026-08-30T16:07:04.193466Z ERROR [DBPool-83] postgres.connection.pool - Connection acquire timeout after 5000ms. Active: 100/100, Idle: 0, Waiting: 42.
  SQL State: 53300 (too_many_connections) - User 'app_user' has reached maximum allowed connections.

2026-08-30T16:07:31.266240Z ERROR [DBPool-66] postgres.connection.pool - Connection acquire timeout after 5000ms. Active: 100/100, Idle: 0, Waiting: 42.
  SQL State: 53300 (too_many_connections) - User 'app_user' has reached maximum allowed connections.

2026-08-30T16:07:49.305321Z CRITICAL [RedisEvent-20] redis.cluster.memory - Redis OOM threshold reached. Used: 2048MB / Max: 2048MB.
  Command 'SET' rejected for key 'cache:session:37928'. Policy 'noeviction' prevented key removal.

2026-08-30T16:08:04.346374Z ERROR [DBPool-28] postgres.connection.pool - Connection acquire timeout after 5000ms. Active: 100/100, Idle: 0, Waiting: 42.
  SQL State: 53300 (too_many_connections) - User 'app_user' has reached maximum allowed connections.

2026-08-30T16:08:07.353560Z ERROR [DBPool-68] postgres.connection.pool - Connection acquire timeout after 5000ms. Active: 100/100, Idle: 0, Waiting: 42.
  SQL State: 53300 (too_many_connections) - User 'app_user' has reached maximum allowed connections.

2026-08-30T16:08:10.358908Z ERROR [DBPool-79] postgres.connection.pool - Connection acquire timeout after 5000ms. Active: 100/100, Idle: 0, Waiting: 42.
  SQL State: 53300 (too_many_connections) - User 'app_user' has reached maximum allowed connections.

2026-08-30T16:08:19.379422Z ERROR [DBPool-94] postgres.connection.pool - Connection acquire timeout after 5000ms. Active: 100/100, Idle: 0, Waiting: 42.
  SQL State: 53300 (too_many_connections) - User 'app_user' has reached maximum allowed connections.

2026-08-30T16:08:34.455380Z CRITICAL [RedisEvent-80] redis.cluster.memory - Redis OOM threshold reached. Used: 2048MB / Max: 2048MB.
  Command 'SET' rejected for key 'cache:session:90936'. Policy 'noeviction' prevented key removal.

2026-08-30T16:08:37.461971Z ERROR [DBPool-12] postgres.connection.pool - Connection acquire timeout after 5000ms. Active: 100/100, Idle: 0, Waiting: 42.
  SQL State: 53300 (too_many_connections) - User 'app_user' has reached maximum allowed connections.

2026-08-30T16:08:40.470701Z CRITICAL [RedisEvent-20] redis.cluster.memory - Redis OOM threshold reached. Used: 2048MB / Max: 2048MB.
  Command 'SET' rejected for key 'cache:session:96938'. Policy 'noeviction' prevented key removal.

2026-08-30T16:09:04.542510Z CRITICAL [RedisEvent-81] redis.cluster.memory - Redis OOM threshold reached. Used: 2048MB / Max: 2048MB.
  Command 'SET' rejected for key 'cache:session:59812'. Policy 'noeviction' prevented key removal.

2026-08-30T16:09:10.553301Z CRITICAL [RedisEvent-12] redis.cluster.memory - Redis OOM threshold reached. Used: 2048MB / Max: 2048MB.
  Command 'SET' rejected for key 'cache:session:55781'. Policy 'noeviction' prevented key removal.

2026-08-30T16:09:13.558770Z CRITICAL [RedisEvent-93] redis.cluster.memory - Redis OOM threshold reached. Used: 2048MB / Max: 2048MB.
  Command 'SET' rejected for key 'cache:session:33892'. Policy 'noeviction' prevented key removal.

2026-08-30T16:09:40.626349Z CRITICAL [RedisEvent-45] redis.cluster.memory - Redis OOM threshold reached. Used: 2048MB / Max: 2048MB.
  Command 'SET' rejected for key 'cache:session:12779'. Policy 'noeviction' prevented key removal.

2026-08-30T16:09:43.632002Z ERROR [DBPool-84] postgres.connection.pool - Connection acquire timeout after 5000ms. Active: 100/100, Idle: 0, Waiting: 42.
  SQL State: 53300 (too_many_connections) - User 'app_user' has reached maximum allowed connections.

2026-08-30T16:09:46.637423Z ERROR [DBPool-58] postgres.connection.pool - Connection acquire timeout after 5000ms. Active: 100/100, Idle: 0, Waiting: 42.
  SQL State: 53300 (too_many_connections) - User 'app_user' has reached maximum allowed connections.

2026-08-30T16:09:55.659117Z CRITICAL [RedisEvent-80] redis.cluster.memory - Redis OOM threshold reached. Used: 2048MB / Max: 2048MB.
  Command 'SET' rejected for key 'cache:session:86077'. Policy 'noeviction' prevented key removal.

2026-08-30T16:10:01.672824Z CRITICAL [RedisEvent-26] redis.cluster.memory - Redis OOM threshold reached. Used: 2048MB / Max: 2048MB.
  Command 'SET' rejected for key 'cache:session:79846'. Policy 'noeviction' prevented key removal.

2026-08-30T16:10:04.679478Z CRITICAL [RedisEvent-64] redis.cluster.memory - Redis OOM threshold reached. Used: 2048MB / Max: 2048MB.
  Command 'SET' rejected for key 'cache:session:92467'. Policy 'noeviction' prevented key removal.

2026-08-30T16:10:10.697782Z CRITICAL [RedisEvent-31] redis.cluster.memory - Redis OOM threshold reached. Used: 2048MB / Max: 2048MB.
  Command 'SET' rejected for key 'cache:session:26238'. Policy 'noeviction' prevented key removal.

2026-08-30T16:10:22.723915Z CRITICAL [RedisEvent-90] redis.cluster.memory - Redis OOM threshold reached. Used: 2048MB / Max: 2048MB.
  Command 'SET' rejected for key 'cache:session:69562'. Policy 'noeviction' prevented key removal.

2026-08-30T16:10:43.781898Z CRITICAL [RedisEvent-69] redis.cluster.memory - Redis OOM threshold reached. Used: 2048MB / Max: 2048MB.
  Command 'SET' rejected for key 'cache:session:34105'. Policy 'noeviction' prevented key removal.

2026-08-30T16:10:46.787502Z CRITICAL [RedisEvent-16] redis.cluster.memory - Redis OOM threshold reached. Used: 2048MB / Max: 2048MB.
  Command 'SET' rejected for key 'cache:session:28810'. Policy 'noeviction' prevented key removal.

2026-08-30T16:10:49.793618Z ERROR [DBPool-35] postgres.connection.pool - Connection acquire timeout after 5000ms. Active: 100/100, Idle: 0, Waiting: 42.
  SQL State: 53300 (too_many_connections) - User 'app_user' has reached maximum allowed connections.

2026-08-30T16:10:58.813866Z CRITICAL [RedisEvent-54] redis.cluster.memory - Redis OOM threshold reached. Used: 2048MB / Max: 2048MB.
  Command 'SET' rejected for key 'cache:session:11954'. Policy 'noeviction' prevented key removal.

2026-08-30T16:11:01.819607Z ERROR [DBPool-83] postgres.connection.pool - Connection acquire timeout after 5000ms. Active: 100/100, Idle: 0, Waiting: 42.
  SQL State: 53300 (too_many_connections) - User 'app_user' has reached maximum allowed connections.

2026-08-30T16:11:31.910473Z CRITICAL [RedisEvent-70] redis.cluster.memory - Redis OOM threshold reached. Used: 2048MB / Max: 2048MB.
  Command 'SET' rejected for key 'cache:session:54253'. Policy 'noeviction' prevented key removal.

2026-08-30T16:11:43.962881Z CRITICAL [RedisEvent-50] redis.cluster.memory - Redis OOM threshold reached. Used: 2048MB / Max: 2048MB.
  Command 'SET' rejected for key 'cache:session:43761'. Policy 'noeviction' prevented key removal.

2026-08-30T16:11:59.010867Z ERROR [DBPool-46] postgres.connection.pool - Connection acquire timeout after 5000ms. Active: 100/100, Idle: 0, Waiting: 42.
  SQL State: 53300 (too_many_connections) - User 'app_user' has reached maximum allowed connections.

2026-08-30T16:12:02.016607Z ERROR [DBPool-27] postgres.connection.pool - Connection acquire timeout after 5000ms. Active: 100/100, Idle: 0, Waiting: 42.
  SQL State: 53300 (too_many_connections) - User 'app_user' has reached maximum allowed connections.

2026-08-30T16:12:14.049686Z CRITICAL [RedisEvent-55] redis.cluster.memory - Redis OOM threshold reached. Used: 2048MB / Max: 2048MB.
  Command 'SET' rejected for key 'cache:session:20418'. Policy 'noeviction' prevented key removal.

2026-08-30T16:12:17.064272Z CRITICAL [RedisEvent-52] redis.cluster.memory - Redis OOM threshold reached. Used: 2048MB / Max: 2048MB.
  Command 'SET' rejected for key 'cache:session:28751'. Policy 'noeviction' prevented key removal.

2026-08-30T16:12:23.076967Z ERROR [DBPool-13] postgres.connection.pool - Connection acquire timeout after 5000ms. Active: 100/100, Idle: 0, Waiting: 42.
  SQL State: 53300 (too_many_connections) - User 'app_user' has reached maximum allowed connections.

2026-08-30T16:12:26.091280Z CRITICAL [RedisEvent-45] redis.cluster.memory - Redis OOM threshold reached. Used: 2048MB / Max: 2048MB.
  Command 'SET' rejected for key 'cache:session:25327'. Policy 'noeviction' prevented key removal.

2026-08-30T16:12:29.101724Z ERROR [DBPool-90] postgres.connection.pool - Connection acquire timeout after 5000ms. Active: 100/100, Idle: 0, Waiting: 42.
  SQL State: 53300 (too_many_connections) - User 'app_user' has reached maximum allowed connections.

2026-08-30T16:12:35.113226Z CRITICAL [RedisEvent-15] redis.cluster.memory - Redis OOM threshold reached. Used: 2048MB / Max: 2048MB.
  Command 'SET' rejected for key 'cache:session:14154'. Policy 'noeviction' prevented key removal.

2026-08-30T16:12:41.125322Z ERROR [DBPool-58] postgres.connection.pool - Connection acquire timeout after 5000ms. Active: 100/100, Idle: 0, Waiting: 42.
  SQL State: 53300 (too_many_connections) - User 'app_user' has reached maximum allowed connections.

2026-08-30T16:12:44.132503Z ERROR [DBPool-81] postgres.connection.pool - Connection acquire timeout after 5000ms. Active: 100/100, Idle: 0, Waiting: 42.
  SQL State: 53300 (too_many_connections) - User 'app_user' has reached maximum allowed connections.

2026-08-30T16:12:59.167556Z CRITICAL [RedisEvent-88] redis.cluster.memory - Redis OOM threshold reached. Used: 2048MB / Max: 2048MB.
  Command 'SET' rejected for key 'cache:session:81872'. Policy 'noeviction' prevented key removal.

2026-08-30T16:13:05.188110Z ERROR [DBPool-41] postgres.connection.pool - Connection acquire timeout after 5000ms. Active: 100/100, Idle: 0, Waiting: 42.
  SQL State: 53300 (too_many_connections) - User 'app_user' has reached maximum allowed connections.

2026-08-30T16:13:11.201069Z ERROR [DBPool-58] postgres.connection.pool - Connection acquire timeout after 5000ms. Active: 100/100, Idle: 0, Waiting: 42.
  SQL State: 53300 (too_many_connections) - User 'app_user' has reached maximum allowed connections.

2026-08-30T16:13:14.206972Z ERROR [DBPool-11] postgres.connection.pool - Connection acquire timeout after 5000ms. Active: 100/100, Idle: 0, Waiting: 42.
  SQL State: 53300 (too_many_connections) - User 'app_user' has reached maximum allowed connections.

2026-08-30T16:13:17.213902Z CRITICAL [RedisEvent-95] redis.cluster.memory - Redis OOM threshold reached. Used: 2048MB / Max: 2048MB.
  Command 'SET' rejected for key 'cache:session:67506'. Policy 'noeviction' prevented key removal.

2026-08-30T16:13:29.240258Z ERROR [DBPool-65] postgres.connection.pool - Connection acquire timeout after 5000ms. Active: 100/100, Idle: 0, Waiting: 42.
  SQL State: 53300 (too_many_connections) - User 'app_user' has reached maximum allowed connections.

2026-08-30T16:13:35.256509Z ERROR [DBPool-76] postgres.connection.pool - Connection acquire timeout after 5000ms. Active: 100/100, Idle: 0, Waiting: 42.
  SQL State: 53300 (too_many_connections) - User 'app_user' has reached maximum allowed connections.

2026-08-30T16:13:38.261365Z CRITICAL [RedisEvent-80] redis.cluster.memory - Redis OOM threshold reached. Used: 2048MB / Max: 2048MB.
  Command 'SET' rejected for key 'cache:session:79995'. Policy 'noeviction' prevented key removal.

2026-08-30T16:13:41.266703Z CRITICAL [RedisEvent-83] redis.cluster.memory - Redis OOM threshold reached. Used: 2048MB / Max: 2048MB.
  Command 'SET' rejected for key 'cache:session:17674'. Policy 'noeviction' prevented key removal.

2026-08-30T16:14:09.166014Z CRITICAL [RedisEvent-15] redis.cluster.memory - Redis OOM threshold reached. Used: 2048MB / Max: 2048MB.
  Command 'SET' rejected for key 'cache:session:49367'. Policy 'noeviction' prevented key removal.

2026-08-30T16:14:12.175449Z ERROR [DBPool-21] postgres.connection.pool - Connection acquire timeout after 5000ms. Active: 100/100, Idle: 0, Waiting: 42.
  SQL State: 53300 (too_many_connections) - User 'app_user' has reached maximum allowed connections.

2026-08-30T16:14:18.186554Z ERROR [DBPool-43] postgres.connection.pool - Connection acquire timeout after 5000ms. Active: 100/100, Idle: 0, Waiting: 42.
  SQL State: 53300 (too_many_connections) - User 'app_user' has reached maximum allowed connections.

2026-08-30T16:14:24.201323Z CRITICAL [RedisEvent-37] redis.cluster.memory - Redis OOM threshold reached. Used: 2048MB / Max: 2048MB.
  Command 'SET' rejected for key 'cache:session:90331'. Policy 'noeviction' prevented key removal.

2026-08-30T16:14:27.207736Z CRITICAL [RedisEvent-85] redis.cluster.memory - Redis OOM threshold reached. Used: 2048MB / Max: 2048MB.
  Command 'SET' rejected for key 'cache:session:36546'. Policy 'noeviction' prevented key removal.

2026-08-30T16:14:48.409475Z ERROR [DBPool-31] postgres.connection.pool - Connection acquire timeout after 5000ms. Active: 100/100, Idle: 0, Waiting: 42.
  SQL State: 53300 (too_many_connections) - User 'app_user' has reached maximum allowed connections.

2026-08-30T16:15:00.433700Z ERROR [DBPool-65] postgres.connection.pool - Connection acquire timeout after 5000ms. Active: 100/100, Idle: 0, Waiting: 42.
  SQL State: 53300 (too_many_connections) - User 'app_user' has reached maximum allowed connections.

2026-08-30T16:15:12.457653Z CRITICAL [RedisEvent-21] redis.cluster.memory - Redis OOM threshold reached. Used: 2048MB / Max: 2048MB.
  Command 'SET' rejected for key 'cache:session:69214'. Policy 'noeviction' prevented key removal.

2026-08-30T16:15:24.488504Z ERROR [DBPool-25] postgres.connection.pool - Connection acquire timeout after 5000ms. Active: 100/100, Idle: 0, Waiting: 42.
  SQL State: 53300 (too_many_connections) - User 'app_user' has reached maximum allowed connections.

2026-08-30T16:15:27.493672Z CRITICAL [RedisEvent-71] redis.cluster.memory - Redis OOM threshold reached. Used: 2048MB / Max: 2048MB.
  Command 'SET' rejected for key 'cache:session:54037'. Policy 'noeviction' prevented key removal.

2026-08-30T16:15:30.499261Z CRITICAL [RedisEvent-25] redis.cluster.memory - Redis OOM threshold reached. Used: 2048MB / Max: 2048MB.
  Command 'SET' rejected for key 'cache:session:77846'. Policy 'noeviction' prevented key removal.

2026-08-30T16:15:42.527110Z ERROR [DBPool-68] postgres.connection.pool - Connection acquire timeout after 5000ms. Active: 100/100, Idle: 0, Waiting: 42.
  SQL State: 53300 (too_many_connections) - User 'app_user' has reached maximum allowed connections.

2026-08-30T16:16:00.571859Z ERROR [DBPool-41] postgres.connection.pool - Connection acquire timeout after 5000ms. Active: 100/100, Idle: 0, Waiting: 42.
  SQL State: 53300 (too_many_connections) - User 'app_user' has reached maximum allowed connections.

2026-08-30T16:16:03.577794Z CRITICAL [RedisEvent-48] redis.cluster.memory - Redis OOM threshold reached. Used: 2048MB / Max: 2048MB.
  Command 'SET' rejected for key 'cache:session:28691'. Policy 'noeviction' prevented key removal.

2026-08-30T16:16:06.585087Z CRITICAL [RedisEvent-22] redis.cluster.memory - Redis OOM threshold reached. Used: 2048MB / Max: 2048MB.
  Command 'SET' rejected for key 'cache:session:78371'. Policy 'noeviction' prevented key removal.

2026-08-30T16:16:12.608326Z ERROR [DBPool-62] postgres.connection.pool - Connection acquire timeout after 5000ms. Active: 100/100, Idle: 0, Waiting: 42.
  SQL State: 53300 (too_many_connections) - User 'app_user' has reached maximum allowed connections.

2026-08-30T16:16:18.621555Z CRITICAL [RedisEvent-14] redis.cluster.memory - Redis OOM threshold reached. Used: 2048MB / Max: 2048MB.
  Command 'SET' rejected for key 'cache:session:26963'. Policy 'noeviction' prevented key removal.

2026-08-30T16:16:21.628256Z CRITICAL [RedisEvent-88] redis.cluster.memory - Redis OOM threshold reached. Used: 2048MB / Max: 2048MB.
  Command 'SET' rejected for key 'cache:session:61304'. Policy 'noeviction' prevented key removal.

2026-08-30T16:16:42.680575Z CRITICAL [RedisEvent-47] redis.cluster.memory - Redis OOM threshold reached. Used: 2048MB / Max: 2048MB.
  Command 'SET' rejected for key 'cache:session:93659'. Policy 'noeviction' prevented key removal.

2026-08-30T16:17:03.731063Z CRITICAL [RedisEvent-42] redis.cluster.memory - Redis OOM threshold reached. Used: 2048MB / Max: 2048MB.
  Command 'SET' rejected for key 'cache:session:74605'. Policy 'noeviction' prevented key removal.

2026-08-30T16:17:30.796609Z CRITICAL [RedisEvent-56] redis.cluster.memory - Redis OOM threshold reached. Used: 2048MB / Max: 2048MB.
  Command 'SET' rejected for key 'cache:session:41616'. Policy 'noeviction' prevented key removal.

2026-08-30T16:18:00.904014Z ERROR [DBPool-23] postgres.connection.pool - Connection acquire timeout after 5000ms. Active: 100/100, Idle: 0, Waiting: 42.
  SQL State: 53300 (too_many_connections) - User 'app_user' has reached maximum allowed connections.

2026-08-30T16:18:03.913951Z CRITICAL [RedisEvent-89] redis.cluster.memory - Redis OOM threshold reached. Used: 2048MB / Max: 2048MB.
  Command 'SET' rejected for key 'cache:session:43969'. Policy 'noeviction' prevented key removal.

2026-08-30T16:18:06.919073Z CRITICAL [RedisEvent-71] redis.cluster.memory - Redis OOM threshold reached. Used: 2048MB / Max: 2048MB.
  Command 'SET' rejected for key 'cache:session:56471'. Policy 'noeviction' prevented key removal.

2026-08-30T16:18:09.932605Z CRITICAL [RedisEvent-26] redis.cluster.memory - Redis OOM threshold reached. Used: 2048MB / Max: 2048MB.
  Command 'SET' rejected for key 'cache:session:44810'. Policy 'noeviction' prevented key removal.

2026-08-30T16:18:34.078899Z CRITICAL [RedisEvent-12] redis.cluster.memory - Redis OOM threshold reached. Used: 2048MB / Max: 2048MB.
  Command 'SET' rejected for key 'cache:session:96035'. Policy 'noeviction' prevented key removal.

2026-08-30T16:18:49.107775Z CRITICAL [RedisEvent-40] redis.cluster.memory - Redis OOM threshold reached. Used: 2048MB / Max: 2048MB.
  Command 'SET' rejected for key 'cache:session:15119'. Policy 'noeviction' prevented key removal.

2026-08-30T16:18:52.120905Z CRITICAL [RedisEvent-89] redis.cluster.memory - Redis OOM threshold reached. Used: 2048MB / Max: 2048MB.
  Command 'SET' rejected for key 'cache:session:49710'. Policy 'noeviction' prevented key removal.

2026-08-30T16:18:58.134727Z ERROR [DBPool-10] postgres.connection.pool - Connection acquire timeout after 5000ms. Active: 100/100, Idle: 0, Waiting: 42.
  SQL State: 53300 (too_many_connections) - User 'app_user' has reached maximum allowed connections.

2026-08-30T16:19:01.141836Z CRITICAL [RedisEvent-16] redis.cluster.memory - Redis OOM threshold reached. Used: 2048MB / Max: 2048MB.
  Command 'SET' rejected for key 'cache:session:77794'. Policy 'noeviction' prevented key removal.

2026-08-30T16:19:04.158024Z CRITICAL [RedisEvent-55] redis.cluster.memory - Redis OOM threshold reached. Used: 2048MB / Max: 2048MB.
  Command 'SET' rejected for key 'cache:session:16626'. Policy 'noeviction' prevented key removal.

2026-08-30T16:19:25.203366Z ERROR [DBPool-16] postgres.connection.pool - Connection acquire timeout after 5000ms. Active: 100/100, Idle: 0, Waiting: 42.
  SQL State: 53300 (too_many_connections) - User 'app_user' has reached maximum allowed connections.

2026-08-30T16:19:28.213563Z ERROR [DBPool-33] postgres.connection.pool - Connection acquire timeout after 5000ms. Active: 100/100, Idle: 0, Waiting: 42.
  SQL State: 53300 (too_many_connections) - User 'app_user' has reached maximum allowed connections.

2026-08-30T16:19:52.277936Z CRITICAL [RedisEvent-81] redis.cluster.memory - Redis OOM threshold reached. Used: 2048MB / Max: 2048MB.
  Command 'SET' rejected for key 'cache:session:89776'. Policy 'noeviction' prevented key removal.

2026-08-30T16:19:55.284732Z CRITICAL [RedisEvent-55] redis.cluster.memory - Redis OOM threshold reached. Used: 2048MB / Max: 2048MB.
  Command 'SET' rejected for key 'cache:session:14929'. Policy 'noeviction' prevented key removal.

2026-08-30T16:20:01.304012Z CRITICAL [RedisEvent-14] redis.cluster.memory - Redis OOM threshold reached. Used: 2048MB / Max: 2048MB.
  Command 'SET' rejected for key 'cache:session:51573'. Policy 'noeviction' prevented key removal.

2026-08-30T16:20:16.339675Z CRITICAL [RedisEvent-60] redis.cluster.memory - Redis OOM threshold reached. Used: 2048MB / Max: 2048MB.
  Command 'SET' rejected for key 'cache:session:23944'. Policy 'noeviction' prevented key removal.

2026-08-30T16:20:25.364322Z CRITICAL [RedisEvent-63] redis.cluster.memory - Redis OOM threshold reached. Used: 2048MB / Max: 2048MB.
  Command 'SET' rejected for key 'cache:session:95062'. Policy 'noeviction' prevented key removal.

2026-08-30T16:20:28.370650Z CRITICAL [RedisEvent-20] redis.cluster.memory - Redis OOM threshold reached. Used: 2048MB / Max: 2048MB.
  Command 'SET' rejected for key 'cache:session:84820'. Policy 'noeviction' prevented key removal.

2026-08-30T16:20:34.382236Z ERROR [DBPool-17] postgres.connection.pool - Connection acquire timeout after 5000ms. Active: 100/100, Idle: 0, Waiting: 42.
  SQL State: 53300 (too_many_connections) - User 'app_user' has reached maximum allowed connections.

2026-08-30T16:20:40.394721Z CRITICAL [RedisEvent-13] redis.cluster.memory - Redis OOM threshold reached. Used: 2048MB / Max: 2048MB.
  Command 'SET' rejected for key 'cache:session:70835'. Policy 'noeviction' prevented key removal.

2026-08-30T16:20:43.400213Z CRITICAL [RedisEvent-36] redis.cluster.memory - Redis OOM threshold reached. Used: 2048MB / Max: 2048MB.
  Command 'SET' rejected for key 'cache:session:15832'. Policy 'noeviction' prevented key removal.

2026-08-30T16:21:01.444712Z ERROR [DBPool-90] postgres.connection.pool - Connection acquire timeout after 5000ms. Active: 100/100, Idle: 0, Waiting: 42.
  SQL State: 53300 (too_many_connections) - User 'app_user' has reached maximum allowed connections.

2026-08-30T16:21:34.560359Z CRITICAL [RedisEvent-93] redis.cluster.memory - Redis OOM threshold reached. Used: 2048MB / Max: 2048MB.
  Command 'SET' rejected for key 'cache:session:59517'. Policy 'noeviction' prevented key removal.

2026-08-30T16:21:40.574718Z ERROR [DBPool-82] postgres.connection.pool - Connection acquire timeout after 5000ms. Active: 100/100, Idle: 0, Waiting: 42.
  SQL State: 53300 (too_many_connections) - User 'app_user' has reached maximum allowed connections.

2026-08-30T16:21:55.620760Z CRITICAL [RedisEvent-40] redis.cluster.memory - Redis OOM threshold reached. Used: 2048MB / Max: 2048MB.
  Command 'SET' rejected for key 'cache:session:70092'. Policy 'noeviction' prevented key removal.

2026-08-30T16:22:01.632684Z ERROR [DBPool-52] postgres.connection.pool - Connection acquire timeout after 5000ms. Active: 100/100, Idle: 0, Waiting: 42.
  SQL State: 53300 (too_many_connections) - User 'app_user' has reached maximum allowed connections.

2026-08-30T16:22:07.650694Z ERROR [DBPool-60] postgres.connection.pool - Connection acquire timeout after 5000ms. Active: 100/100, Idle: 0, Waiting: 42.
  SQL State: 53300 (too_many_connections) - User 'app_user' has reached maximum allowed connections.

2026-08-30T16:22:10.656136Z ERROR [DBPool-13] postgres.connection.pool - Connection acquire timeout after 5000ms. Active: 100/100, Idle: 0, Waiting: 42.
  SQL State: 53300 (too_many_connections) - User 'app_user' has reached maximum allowed connections.

2026-08-30T16:22:16.693404Z CRITICAL [RedisEvent-61] redis.cluster.memory - Redis OOM threshold reached. Used: 2048MB / Max: 2048MB.
  Command 'SET' rejected for key 'cache:session:71303'. Policy 'noeviction' prevented key removal.

2026-08-30T16:22:28.775062Z CRITICAL [RedisEvent-71] redis.cluster.memory - Redis OOM threshold reached. Used: 2048MB / Max: 2048MB.
  Command 'SET' rejected for key 'cache:session:55012'. Policy 'noeviction' prevented key removal.

2026-08-30T16:22:32.072473Z CRITICAL [RedisEvent-76] redis.cluster.memory - Redis OOM threshold reached. Used: 2048MB / Max: 2048MB.
  Command 'SET' rejected for key 'cache:session:77976'. Policy 'noeviction' prevented key removal.

2026-08-30T16:22:41.118471Z CRITICAL [RedisEvent-42] redis.cluster.memory - Redis OOM threshold reached. Used: 2048MB / Max: 2048MB.
  Command 'SET' rejected for key 'cache:session:27166'. Policy 'noeviction' prevented key removal.

2026-08-30T16:22:44.124166Z CRITICAL [RedisEvent-23] redis.cluster.memory - Redis OOM threshold reached. Used: 2048MB / Max: 2048MB.
  Command 'SET' rejected for key 'cache:session:23747'. Policy 'noeviction' prevented key removal.

2026-08-30T16:22:47.130317Z CRITICAL [RedisEvent-63] redis.cluster.memory - Redis OOM threshold reached. Used: 2048MB / Max: 2048MB.
  Command 'SET' rejected for key 'cache:session:10849'. Policy 'noeviction' prevented key removal.

2026-08-30T16:22:50.139037Z CRITICAL [RedisEvent-89] redis.cluster.memory - Redis OOM threshold reached. Used: 2048MB / Max: 2048MB.
  Command 'SET' rejected for key 'cache:session:94358'. Policy 'noeviction' prevented key removal.

2026-08-30T16:22:56.168685Z ERROR [DBPool-29] postgres.connection.pool - Connection acquire timeout after 5000ms. Active: 100/100, Idle: 0, Waiting: 42.
  SQL State: 53300 (too_many_connections) - User 'app_user' has reached maximum allowed connections.

2026-08-30T16:23:02.180288Z ERROR [DBPool-97] postgres.connection.pool - Connection acquire timeout after 5000ms. Active: 100/100, Idle: 0, Waiting: 42.
  SQL State: 53300 (too_many_connections) - User 'app_user' has reached maximum allowed connections.

2026-08-30T16:23:05.185905Z CRITICAL [RedisEvent-34] redis.cluster.memory - Redis OOM threshold reached. Used: 2048MB / Max: 2048MB.
  Command 'SET' rejected for key 'cache:session:41569'. Policy 'noeviction' prevented key removal.

2026-08-30T16:23:08.191551Z CRITICAL [RedisEvent-92] redis.cluster.memory - Redis OOM threshold reached. Used: 2048MB / Max: 2048MB.
  Command 'SET' rejected for key 'cache:session:93593'. Policy 'noeviction' prevented key removal.

2026-08-30T16:23:11.196738Z CRITICAL [RedisEvent-50] redis.cluster.memory - Redis OOM threshold reached. Used: 2048MB / Max: 2048MB.
  Command 'SET' rejected for key 'cache:session:94851'. Policy 'noeviction' prevented key removal.

2026-08-30T16:23:32.254901Z ERROR [DBPool-33] postgres.connection.pool - Connection acquire timeout after 5000ms. Active: 100/100, Idle: 0, Waiting: 42.
  SQL State: 53300 (too_many_connections) - User 'app_user' has reached maximum allowed connections.

2026-08-30T16:23:38.267617Z ERROR [DBPool-96] postgres.connection.pool - Connection acquire timeout after 5000ms. Active: 100/100, Idle: 0, Waiting: 42.
  SQL State: 53300 (too_many_connections) - User 'app_user' has reached maximum allowed connections.

2026-08-30T16:23:53.310983Z CRITICAL [RedisEvent-51] redis.cluster.memory - Redis OOM threshold reached. Used: 2048MB / Max: 2048MB.
  Command 'SET' rejected for key 'cache:session:27572'. Policy 'noeviction' prevented key removal.

2026-08-30T16:23:59.325102Z ERROR [DBPool-18] postgres.connection.pool - Connection acquire timeout after 5000ms. Active: 100/100, Idle: 0, Waiting: 42.
  SQL State: 53300 (too_many_connections) - User 'app_user' has reached maximum allowed connections.

2026-08-30T16:24:05.337020Z ERROR [DBPool-28] postgres.connection.pool - Connection acquire timeout after 5000ms. Active: 100/100, Idle: 0, Waiting: 42.
  SQL State: 53300 (too_many_connections) - User 'app_user' has reached maximum allowed connections.

2026-08-30T16:24:11.349662Z ERROR [DBPool-52] postgres.connection.pool - Connection acquire timeout after 5000ms. Active: 100/100, Idle: 0, Waiting: 42.
  SQL State: 53300 (too_many_connections) - User 'app_user' has reached maximum allowed connections.

2026-08-30T16:24:14.355164Z ERROR [DBPool-76] postgres.connection.pool - Connection acquire timeout after 5000ms. Active: 100/100, Idle: 0, Waiting: 42.
  SQL State: 53300 (too_many_connections) - User 'app_user' has reached maximum allowed connections.

2026-08-30T16:24:20.366932Z ERROR [DBPool-85] postgres.connection.pool - Connection acquire timeout after 5000ms. Active: 100/100, Idle: 0, Waiting: 42.
  SQL State: 53300 (too_many_connections) - User 'app_user' has reached maximum allowed connections.

2026-08-30T16:24:29.385214Z ERROR [DBPool-59] postgres.connection.pool - Connection acquire timeout after 5000ms. Active: 100/100, Idle: 0, Waiting: 42.
  SQL State: 53300 (too_many_connections) - User 'app_user' has reached maximum allowed connections.

2026-08-30T16:24:32.391388Z ERROR [DBPool-26] postgres.connection.pool - Connection acquire timeout after 5000ms. Active: 100/100, Idle: 0, Waiting: 42.
  SQL State: 53300 (too_many_connections) - User 'app_user' has reached maximum allowed connections.

2026-08-30T16:24:35.397891Z CRITICAL [RedisEvent-52] redis.cluster.memory - Redis OOM threshold reached. Used: 2048MB / Max: 2048MB.
  Command 'SET' rejected for key 'cache:session:25912'. Policy 'noeviction' prevented key removal.

2026-08-30T16:24:44.413666Z CRITICAL [RedisEvent-80] redis.cluster.memory - Redis OOM threshold reached. Used: 2048MB / Max: 2048MB.
  Command 'SET' rejected for key 'cache:session:34160'. Policy 'noeviction' prevented key removal.

2026-08-30T16:24:50.433126Z ERROR [DBPool-36] postgres.connection.pool - Connection acquire timeout after 5000ms. Active: 100/100, Idle: 0, Waiting: 42.
  SQL State: 53300 (too_many_connections) - User 'app_user' has reached maximum allowed connections.

2026-08-30T16:24:56.444621Z ERROR [DBPool-15] postgres.connection.pool - Connection acquire timeout after 5000ms. Active: 100/100, Idle: 0, Waiting: 42.
  SQL State: 53300 (too_many_connections) - User 'app_user' has reached maximum allowed connections.

2026-08-30T16:24:59.450088Z ERROR [DBPool-92] postgres.connection.pool - Connection acquire timeout after 5000ms. Active: 100/100, Idle: 0, Waiting: 42.
  SQL State: 53300 (too_many_connections) - User 'app_user' has reached maximum allowed connections.

2026-08-30T16:25:05.462034Z ERROR [DBPool-43] postgres.connection.pool - Connection acquire timeout after 5000ms. Active: 100/100, Idle: 0, Waiting: 42.
  SQL State: 53300 (too_many_connections) - User 'app_user' has reached maximum allowed connections.

2026-08-30T16:25:08.467881Z CRITICAL [RedisEvent-54] redis.cluster.memory - Redis OOM threshold reached. Used: 2048MB / Max: 2048MB.
  Command 'SET' rejected for key 'cache:session:83299'. Policy 'noeviction' prevented key removal.

2026-08-30T16:25:11.472996Z ERROR [DBPool-50] postgres.connection.pool - Connection acquire timeout after 5000ms. Active: 100/100, Idle: 0, Waiting: 42.
  SQL State: 53300 (too_many_connections) - User 'app_user' has reached maximum allowed connections.

2026-08-30T16:25:23.494774Z ERROR [DBPool-61] postgres.connection.pool - Connection acquire timeout after 5000ms. Active: 100/100, Idle: 0, Waiting: 42.
  SQL State: 53300 (too_many_connections) - User 'app_user' has reached maximum allowed connections.

2026-08-30T16:25:26.500370Z ERROR [DBPool-27] postgres.connection.pool - Connection acquire timeout after 5000ms. Active: 100/100, Idle: 0, Waiting: 42.
  SQL State: 53300 (too_many_connections) - User 'app_user' has reached maximum allowed connections.

2026-08-30T16:25:29.505954Z CRITICAL [RedisEvent-47] redis.cluster.memory - Redis OOM threshold reached. Used: 2048MB / Max: 2048MB.
  Command 'SET' rejected for key 'cache:session:21569'. Policy 'noeviction' prevented key removal.

2026-08-30T16:25:38.534275Z CRITICAL [RedisEvent-95] redis.cluster.memory - Redis OOM threshold reached. Used: 2048MB / Max: 2048MB.
  Command 'SET' rejected for key 'cache:session:36160'. Policy 'noeviction' prevented key removal.

2026-08-30T16:25:41.541969Z ERROR [DBPool-63] postgres.connection.pool - Connection acquire timeout after 5000ms. Active: 100/100, Idle: 0, Waiting: 42.
  SQL State: 53300 (too_many_connections) - User 'app_user' has reached maximum allowed connections.

2026-08-30T16:25:44.547776Z CRITICAL [RedisEvent-34] redis.cluster.memory - Redis OOM threshold reached. Used: 2048MB / Max: 2048MB.
  Command 'SET' rejected for key 'cache:session:57152'. Policy 'noeviction' prevented key removal.

2026-08-30T16:25:47.553054Z ERROR [DBPool-92] postgres.connection.pool - Connection acquire timeout after 5000ms. Active: 100/100, Idle: 0, Waiting: 42.
  SQL State: 53300 (too_many_connections) - User 'app_user' has reached maximum allowed connections.

2026-08-30T16:25:53.566543Z CRITICAL [RedisEvent-74] redis.cluster.memory - Redis OOM threshold reached. Used: 2048MB / Max: 2048MB.
  Command 'SET' rejected for key 'cache:session:52234'. Policy 'noeviction' prevented key removal.

2026-08-30T16:26:02.585274Z CRITICAL [RedisEvent-70] redis.cluster.memory - Redis OOM threshold reached. Used: 2048MB / Max: 2048MB.
  Command 'SET' rejected for key 'cache:session:22455'. Policy 'noeviction' prevented key removal.

2026-08-30T16:26:14.608279Z ERROR [DBPool-50] postgres.connection.pool - Connection acquire timeout after 5000ms. Active: 100/100, Idle: 0, Waiting: 42.
  SQL State: 53300 (too_many_connections) - User 'app_user' has reached maximum allowed connections.

2026-08-30T16:26:23.625967Z ERROR [DBPool-60] postgres.connection.pool - Connection acquire timeout after 5000ms. Active: 100/100, Idle: 0, Waiting: 42.
  SQL State: 53300 (too_many_connections) - User 'app_user' has reached maximum allowed connections.

2026-08-30T16:26:26.631409Z CRITICAL [RedisEvent-95] redis.cluster.memory - Redis OOM threshold reached. Used: 2048MB / Max: 2048MB.
  Command 'SET' rejected for key 'cache:session:16409'. Policy 'noeviction' prevented key removal.

2026-08-30T16:26:29.639953Z ERROR [DBPool-95] postgres.connection.pool - Connection acquire timeout after 5000ms. Active: 100/100, Idle: 0, Waiting: 42.
  SQL State: 53300 (too_many_connections) - User 'app_user' has reached maximum allowed connections.

2026-08-30T16:26:38.659716Z CRITICAL [RedisEvent-93] redis.cluster.memory - Redis OOM threshold reached. Used: 2048MB / Max: 2048MB.
  Command 'SET' rejected for key 'cache:session:15905'. Policy 'noeviction' prevented key removal.

2026-08-30T16:26:56.714092Z CRITICAL [RedisEvent-93] redis.cluster.memory - Redis OOM threshold reached. Used: 2048MB / Max: 2048MB.
  Command 'SET' rejected for key 'cache:session:20971'. Policy 'noeviction' prevented key removal.

2026-08-30T16:26:59.719205Z ERROR [DBPool-28] postgres.connection.pool - Connection acquire timeout after 5000ms. Active: 100/100, Idle: 0, Waiting: 42.
  SQL State: 53300 (too_many_connections) - User 'app_user' has reached maximum allowed connections.

2026-08-30T16:27:02.727751Z ERROR [DBPool-92] postgres.connection.pool - Connection acquire timeout after 5000ms. Active: 100/100, Idle: 0, Waiting: 42.
  SQL State: 53300 (too_many_connections) - User 'app_user' has reached maximum allowed connections.

2026-08-30T16:27:08.739666Z CRITICAL [RedisEvent-19] redis.cluster.memory - Redis OOM threshold reached. Used: 2048MB / Max: 2048MB.
  Command 'SET' rejected for key 'cache:session:46272'. Policy 'noeviction' prevented key removal.

2026-08-30T16:27:11.751212Z CRITICAL [RedisEvent-81] redis.cluster.memory - Redis OOM threshold reached. Used: 2048MB / Max: 2048MB.
  Command 'SET' rejected for key 'cache:session:67826'. Policy 'noeviction' prevented key removal.

2026-08-30T16:27:23.781772Z ERROR [DBPool-99] postgres.connection.pool - Connection acquire timeout after 5000ms. Active: 100/100, Idle: 0, Waiting: 42.
  SQL State: 53300 (too_many_connections) - User 'app_user' has reached maximum allowed connections.

2026-08-30T16:27:26.787479Z ERROR [DBPool-13] postgres.connection.pool - Connection acquire timeout after 5000ms. Active: 100/100, Idle: 0, Waiting: 42.
  SQL State: 53300 (too_many_connections) - User 'app_user' has reached maximum allowed connections.

2026-08-30T16:27:50.844282Z CRITICAL [RedisEvent-13] redis.cluster.memory - Redis OOM threshold reached. Used: 2048MB / Max: 2048MB.
  Command 'SET' rejected for key 'cache:session:32971'. Policy 'noeviction' prevented key removal.

2026-08-30T16:27:53.854204Z CRITICAL [RedisEvent-55] redis.cluster.memory - Redis OOM threshold reached. Used: 2048MB / Max: 2048MB.
  Command 'SET' rejected for key 'cache:session:25257'. Policy 'noeviction' prevented key removal.

2026-08-30T16:27:56.864381Z CRITICAL [RedisEvent-56] redis.cluster.memory - Redis OOM threshold reached. Used: 2048MB / Max: 2048MB.
  Command 'SET' rejected for key 'cache:session:18802'. Policy 'noeviction' prevented key removal.

2026-08-30T16:28:14.902142Z CRITICAL [RedisEvent-61] redis.cluster.memory - Redis OOM threshold reached. Used: 2048MB / Max: 2048MB.
  Command 'SET' rejected for key 'cache:session:89559'. Policy 'noeviction' prevented key removal.

2026-08-30T16:28:29.952064Z ERROR [DBPool-44] postgres.connection.pool - Connection acquire timeout after 5000ms. Active: 100/100, Idle: 0, Waiting: 42.
  SQL State: 53300 (too_many_connections) - User 'app_user' has reached maximum allowed connections.

2026-08-30T16:28:32.957757Z ERROR [DBPool-66] postgres.connection.pool - Connection acquire timeout after 5000ms. Active: 100/100, Idle: 0, Waiting: 42.
  SQL State: 53300 (too_many_connections) - User 'app_user' has reached maximum allowed connections.

2026-08-30T16:28:35.963013Z ERROR [DBPool-69] postgres.connection.pool - Connection acquire timeout after 5000ms. Active: 100/100, Idle: 0, Waiting: 42.
  SQL State: 53300 (too_many_connections) - User 'app_user' has reached maximum allowed connections.

2026-08-30T16:28:38.977777Z CRITICAL [RedisEvent-70] redis.cluster.memory - Redis OOM threshold reached. Used: 2048MB / Max: 2048MB.
  Command 'SET' rejected for key 'cache:session:74401'. Policy 'noeviction' prevented key removal.

2026-08-30T16:28:48.012957Z CRITICAL [RedisEvent-28] redis.cluster.memory - Redis OOM threshold reached. Used: 2048MB / Max: 2048MB.
  Command 'SET' rejected for key 'cache:session:90903'. Policy 'noeviction' prevented key removal.

2026-08-30T16:28:51.019549Z CRITICAL [RedisEvent-42] redis.cluster.memory - Redis OOM threshold reached. Used: 2048MB / Max: 2048MB.
  Command 'SET' rejected for key 'cache:session:83220'. Policy 'noeviction' prevented key removal.

2026-08-30T16:28:54.028900Z ERROR [DBPool-13] postgres.connection.pool - Connection acquire timeout after 5000ms. Active: 100/100, Idle: 0, Waiting: 42.
  SQL State: 53300 (too_many_connections) - User 'app_user' has reached maximum allowed connections.

2026-08-30T16:28:57.034532Z ERROR [DBPool-40] postgres.connection.pool - Connection acquire timeout after 5000ms. Active: 100/100, Idle: 0, Waiting: 42.
  SQL State: 53300 (too_many_connections) - User 'app_user' has reached maximum allowed connections.

2026-08-30T16:29:00.048192Z CRITICAL [RedisEvent-17] redis.cluster.memory - Redis OOM threshold reached. Used: 2048MB / Max: 2048MB.
  Command 'SET' rejected for key 'cache:session:29255'. Policy 'noeviction' prevented key removal.

2026-08-30T16:29:21.093412Z CRITICAL [RedisEvent-33] redis.cluster.memory - Redis OOM threshold reached. Used: 2048MB / Max: 2048MB.
  Command 'SET' rejected for key 'cache:session:34663'. Policy 'noeviction' prevented key removal.

2026-08-30T16:29:39.146601Z ERROR [DBPool-88] postgres.connection.pool - Connection acquire timeout after 5000ms. Active: 100/100, Idle: 0, Waiting: 42.
  SQL State: 53300 (too_many_connections) - User 'app_user' has reached maximum allowed connections.

2026-08-30T16:29:54.188669Z CRITICAL [RedisEvent-73] redis.cluster.memory - Redis OOM threshold reached. Used: 2048MB / Max: 2048MB.
  Command 'SET' rejected for key 'cache:session:60860'. Policy 'noeviction' prevented key removal.

2026-08-30T16:29:57.194415Z CRITICAL [RedisEvent-17] redis.cluster.memory - Redis OOM threshold reached. Used: 2048MB / Max: 2048MB.
  Command 'SET' rejected for key 'cache:session:56318'. Policy 'noeviction' prevented key removal.

2026-08-30T16:30:00.199848Z ERROR [DBPool-64] postgres.connection.pool - Connection acquire timeout after 5000ms. Active: 100/100, Idle: 0, Waiting: 42.
  SQL State: 53300 (too_many_connections) - User 'app_user' has reached maximum allowed connections.

2026-08-30T16:30:09.224547Z ERROR [DBPool-22] postgres.connection.pool - Connection acquire timeout after 5000ms. Active: 100/100, Idle: 0, Waiting: 42.
  SQL State: 53300 (too_many_connections) - User 'app_user' has reached maximum allowed connections.

2026-08-30T16:31:06.376617Z CRITICAL [RedisEvent-48] redis.cluster.memory - Redis OOM threshold reached. Used: 2048MB / Max: 2048MB.
  Command 'SET' rejected for key 'cache:session:68959'. Policy 'noeviction' prevented key removal.

2026-08-30T16:31:09.387995Z CRITICAL [RedisEvent-66] redis.cluster.memory - Redis OOM threshold reached. Used: 2048MB / Max: 2048MB.
  Command 'SET' rejected for key 'cache:session:56452'. Policy 'noeviction' prevented key removal.

2026-08-30T16:31:12.399961Z CRITICAL [RedisEvent-85] redis.cluster.memory - Redis OOM threshold reached. Used: 2048MB / Max: 2048MB.
  Command 'SET' rejected for key 'cache:session:48570'. Policy 'noeviction' prevented key removal.

2026-08-30T16:31:45.468911Z ERROR [DBPool-24] postgres.connection.pool - Connection acquire timeout after 5000ms. Active: 100/100, Idle: 0, Waiting: 42.
  SQL State: 53300 (too_many_connections) - User 'app_user' has reached maximum allowed connections.

2026-08-30T16:31:48.474417Z CRITICAL [RedisEvent-21] redis.cluster.memory - Redis OOM threshold reached. Used: 2048MB / Max: 2048MB.
  Command 'SET' rejected for key 'cache:session:11671'. Policy 'noeviction' prevented key removal.

2026-08-30T16:31:51.480090Z CRITICAL [RedisEvent-18] redis.cluster.memory - Redis OOM threshold reached. Used: 2048MB / Max: 2048MB.
  Command 'SET' rejected for key 'cache:session:51852'. Policy 'noeviction' prevented key removal.

2026-08-30T16:31:54.510285Z CRITICAL [RedisEvent-48] redis.cluster.memory - Redis OOM threshold reached. Used: 2048MB / Max: 2048MB.
  Command 'SET' rejected for key 'cache:session:91457'. Policy 'noeviction' prevented key removal.

2026-08-30T16:31:57.516017Z CRITICAL [RedisEvent-77] redis.cluster.memory - Redis OOM threshold reached. Used: 2048MB / Max: 2048MB.
  Command 'SET' rejected for key 'cache:session:51443'. Policy 'noeviction' prevented key removal.

2026-08-30T16:32:06.535731Z ERROR [DBPool-98] postgres.connection.pool - Connection acquire timeout after 5000ms. Active: 100/100, Idle: 0, Waiting: 42.
  SQL State: 53300 (too_many_connections) - User 'app_user' has reached maximum allowed connections.

2026-08-30T16:32:09.541579Z ERROR [DBPool-37] postgres.connection.pool - Connection acquire timeout after 5000ms. Active: 100/100, Idle: 0, Waiting: 42.
  SQL State: 53300 (too_many_connections) - User 'app_user' has reached maximum allowed connections.

2026-08-30T16:32:12.547666Z ERROR [DBPool-15] postgres.connection.pool - Connection acquire timeout after 5000ms. Active: 100/100, Idle: 0, Waiting: 42.
  SQL State: 53300 (too_many_connections) - User 'app_user' has reached maximum allowed connections.

2026-08-30T16:32:24.570504Z ERROR [DBPool-36] postgres.connection.pool - Connection acquire timeout after 5000ms. Active: 100/100, Idle: 0, Waiting: 42.
  SQL State: 53300 (too_many_connections) - User 'app_user' has reached maximum allowed connections.

2026-08-30T16:32:39.597455Z CRITICAL [RedisEvent-68] redis.cluster.memory - Redis OOM threshold reached. Used: 2048MB / Max: 2048MB.
  Command 'SET' rejected for key 'cache:session:51648'. Policy 'noeviction' prevented key removal.

2026-08-30T16:32:54.623929Z ERROR [DBPool-29] postgres.connection.pool - Connection acquire timeout after 5000ms. Active: 100/100, Idle: 0, Waiting: 42.
  SQL State: 53300 (too_many_connections) - User 'app_user' has reached maximum allowed connections.

2026-08-30T16:32:57.629605Z CRITICAL [RedisEvent-40] redis.cluster.memory - Redis OOM threshold reached. Used: 2048MB / Max: 2048MB.
  Command 'SET' rejected for key 'cache:session:83280'. Policy 'noeviction' prevented key removal.

2026-08-30T16:33:00.634856Z ERROR [DBPool-79] postgres.connection.pool - Connection acquire timeout after 5000ms. Active: 100/100, Idle: 0, Waiting: 42.
  SQL State: 53300 (too_many_connections) - User 'app_user' has reached maximum allowed connections.

2026-08-30T16:33:03.640540Z ERROR [DBPool-82] postgres.connection.pool - Connection acquire timeout after 5000ms. Active: 100/100, Idle: 0, Waiting: 42.
  SQL State: 53300 (too_many_connections) - User 'app_user' has reached maximum allowed connections.

2026-08-30T16:33:48.736763Z ERROR [DBPool-28] postgres.connection.pool - Connection acquire timeout after 5000ms. Active: 100/100, Idle: 0, Waiting: 42.
  SQL State: 53300 (too_many_connections) - User 'app_user' has reached maximum allowed connections.

2026-08-30T16:33:54.747132Z CRITICAL [RedisEvent-91] redis.cluster.memory - Redis OOM threshold reached. Used: 2048MB / Max: 2048MB.
  Command 'SET' rejected for key 'cache:session:28508'. Policy 'noeviction' prevented key removal.

2026-08-30T16:33:57.752870Z ERROR [DBPool-20] postgres.connection.pool - Connection acquire timeout after 5000ms. Active: 100/100, Idle: 0, Waiting: 42.
  SQL State: 53300 (too_many_connections) - User 'app_user' has reached maximum allowed connections.

2026-08-30T16:34:00.758384Z ERROR [DBPool-19] postgres.connection.pool - Connection acquire timeout after 5000ms. Active: 100/100, Idle: 0, Waiting: 42.
  SQL State: 53300 (too_many_connections) - User 'app_user' has reached maximum allowed connections.

2026-08-30T16:34:03.763765Z CRITICAL [RedisEvent-68] redis.cluster.memory - Redis OOM threshold reached. Used: 2048MB / Max: 2048MB.
  Command 'SET' rejected for key 'cache:session:52297'. Policy 'noeviction' prevented key removal.

2026-08-30T16:34:24.815237Z ERROR [DBPool-50] postgres.connection.pool - Connection acquire timeout after 5000ms. Active: 100/100, Idle: 0, Waiting: 42.
  SQL State: 53300 (too_many_connections) - User 'app_user' has reached maximum allowed connections.

2026-08-30T16:34:33.833620Z CRITICAL [RedisEvent-40] redis.cluster.memory - Redis OOM threshold reached. Used: 2048MB / Max: 2048MB.
  Command 'SET' rejected for key 'cache:session:78800'. Policy 'noeviction' prevented key removal.

2026-08-30T16:34:36.841481Z ERROR [DBPool-68] postgres.connection.pool - Connection acquire timeout after 5000ms. Active: 100/100, Idle: 0, Waiting: 42.
  SQL State: 53300 (too_many_connections) - User 'app_user' has reached maximum allowed connections.

2026-08-30T16:34:45.884159Z ERROR [DBPool-77] postgres.connection.pool - Connection acquire timeout after 5000ms. Active: 100/100, Idle: 0, Waiting: 42.
  SQL State: 53300 (too_many_connections) - User 'app_user' has reached maximum allowed connections.

2026-08-30T16:34:51.897588Z ERROR [DBPool-42] postgres.connection.pool - Connection acquire timeout after 5000ms. Active: 100/100, Idle: 0, Waiting: 42.
  SQL State: 53300 (too_many_connections) - User 'app_user' has reached maximum allowed connections.

2026-08-30T16:34:57.910461Z CRITICAL [RedisEvent-17] redis.cluster.memory - Redis OOM threshold reached. Used: 2048MB / Max: 2048MB.
  Command 'SET' rejected for key 'cache:session:48115'. Policy 'noeviction' prevented key removal.

2026-08-30T16:35:00.916326Z ERROR [DBPool-12] postgres.connection.pool - Connection acquire timeout after 5000ms. Active: 100/100, Idle: 0, Waiting: 42.
  SQL State: 53300 (too_many_connections) - User 'app_user' has reached maximum allowed connections.

2026-08-30T16:35:06.928618Z CRITICAL [RedisEvent-62] redis.cluster.memory - Redis OOM threshold reached. Used: 2048MB / Max: 2048MB.
  Command 'SET' rejected for key 'cache:session:28881'. Policy 'noeviction' prevented key removal.

2026-08-30T16:35:12.939796Z CRITICAL [RedisEvent-16] redis.cluster.memory - Redis OOM threshold reached. Used: 2048MB / Max: 2048MB.
  Command 'SET' rejected for key 'cache:session:90290'. Policy 'noeviction' prevented key removal.

2026-08-30T16:35:27.981350Z ERROR [DBPool-69] postgres.connection.pool - Connection acquire timeout after 5000ms. Active: 100/100, Idle: 0, Waiting: 42.
  SQL State: 53300 (too_many_connections) - User 'app_user' has reached maximum allowed connections.

2026-08-30T16:35:40.007456Z ERROR [DBPool-85] postgres.connection.pool - Connection acquire timeout after 5000ms. Active: 100/100, Idle: 0, Waiting: 42.
  SQL State: 53300 (too_many_connections) - User 'app_user' has reached maximum allowed connections.

2026-08-30T16:35:49.026244Z ERROR [DBPool-70] postgres.connection.pool - Connection acquire timeout after 5000ms. Active: 100/100, Idle: 0, Waiting: 42.
  SQL State: 53300 (too_many_connections) - User 'app_user' has reached maximum allowed connections.

2026-08-30T16:35:52.032878Z ERROR [DBPool-25] postgres.connection.pool - Connection acquire timeout after 5000ms. Active: 100/100, Idle: 0, Waiting: 42.
  SQL State: 53300 (too_many_connections) - User 'app_user' has reached maximum allowed connections.

2026-08-30T16:35:58.046940Z ERROR [DBPool-28] postgres.connection.pool - Connection acquire timeout after 5000ms. Active: 100/100, Idle: 0, Waiting: 42.
  SQL State: 53300 (too_many_connections) - User 'app_user' has reached maximum allowed connections.

2026-08-30T16:36:07.065581Z CRITICAL [RedisEvent-12] redis.cluster.memory - Redis OOM threshold reached. Used: 2048MB / Max: 2048MB.
  Command 'SET' rejected for key 'cache:session:49776'. Policy 'noeviction' prevented key removal.

2026-08-30T16:36:13.078173Z CRITICAL [RedisEvent-10] redis.cluster.memory - Redis OOM threshold reached. Used: 2048MB / Max: 2048MB.
  Command 'SET' rejected for key 'cache:session:59511'. Policy 'noeviction' prevented key removal.

2026-08-30T16:36:16.084016Z ERROR [DBPool-46] postgres.connection.pool - Connection acquire timeout after 5000ms. Active: 100/100, Idle: 0, Waiting: 42.
  SQL State: 53300 (too_many_connections) - User 'app_user' has reached maximum allowed connections.

2026-08-30T16:36:19.090183Z ERROR [DBPool-19] postgres.connection.pool - Connection acquire timeout after 5000ms. Active: 100/100, Idle: 0, Waiting: 42.
  SQL State: 53300 (too_many_connections) - User 'app_user' has reached maximum allowed connections.

2026-08-30T16:36:34.132535Z ERROR [DBPool-30] postgres.connection.pool - Connection acquire timeout after 5000ms. Active: 100/100, Idle: 0, Waiting: 42.
  SQL State: 53300 (too_many_connections) - User 'app_user' has reached maximum allowed connections.

2026-08-30T16:36:37.154942Z ERROR [DBPool-20] postgres.connection.pool - Connection acquire timeout after 5000ms. Active: 100/100, Idle: 0, Waiting: 42.
  SQL State: 53300 (too_many_connections) - User 'app_user' has reached maximum allowed connections.

2026-08-30T16:36:40.169160Z ERROR [DBPool-86] postgres.connection.pool - Connection acquire timeout after 5000ms. Active: 100/100, Idle: 0, Waiting: 42.
  SQL State: 53300 (too_many_connections) - User 'app_user' has reached maximum allowed connections.

2026-08-30T16:36:46.184253Z ERROR [DBPool-92] postgres.connection.pool - Connection acquire timeout after 5000ms. Active: 100/100, Idle: 0, Waiting: 42.
  SQL State: 53300 (too_many_connections) - User 'app_user' has reached maximum allowed connections.

2026-08-30T16:37:07.229203Z CRITICAL [RedisEvent-50] redis.cluster.memory - Redis OOM threshold reached. Used: 2048MB / Max: 2048MB.
  Command 'SET' rejected for key 'cache:session:23084'. Policy 'noeviction' prevented key removal.

2026-08-30T16:37:10.235941Z ERROR [DBPool-24] postgres.connection.pool - Connection acquire timeout after 5000ms. Active: 100/100, Idle: 0, Waiting: 42.
  SQL State: 53300 (too_many_connections) - User 'app_user' has reached maximum allowed connections.

2026-08-30T16:37:28.283828Z CRITICAL [RedisEvent-96] redis.cluster.memory - Redis OOM threshold reached. Used: 2048MB / Max: 2048MB.
  Command 'SET' rejected for key 'cache:session:32186'. Policy 'noeviction' prevented key removal.

2026-08-30T16:37:31.290646Z CRITICAL [RedisEvent-71] redis.cluster.memory - Redis OOM threshold reached. Used: 2048MB / Max: 2048MB.
  Command 'SET' rejected for key 'cache:session:15964'. Policy 'noeviction' prevented key removal.

2026-08-30T16:37:40.310811Z ERROR [DBPool-37] postgres.connection.pool - Connection acquire timeout after 5000ms. Active: 100/100, Idle: 0, Waiting: 42.
  SQL State: 53300 (too_many_connections) - User 'app_user' has reached maximum allowed connections.

2026-08-30T16:37:43.318280Z CRITICAL [RedisEvent-36] redis.cluster.memory - Redis OOM threshold reached. Used: 2048MB / Max: 2048MB.
  Command 'SET' rejected for key 'cache:session:87083'. Policy 'noeviction' prevented key removal.

2026-08-30T16:38:07.371522Z CRITICAL [RedisEvent-70] redis.cluster.memory - Redis OOM threshold reached. Used: 2048MB / Max: 2048MB.
  Command 'SET' rejected for key 'cache:session:66531'. Policy 'noeviction' prevented key removal.

2026-08-30T16:38:13.384209Z CRITICAL [RedisEvent-22] redis.cluster.memory - Redis OOM threshold reached. Used: 2048MB / Max: 2048MB.
  Command 'SET' rejected for key 'cache:session:71629'. Policy 'noeviction' prevented key removal.

2026-08-30T16:38:19.396220Z CRITICAL [RedisEvent-64] redis.cluster.memory - Redis OOM threshold reached. Used: 2048MB / Max: 2048MB.
  Command 'SET' rejected for key 'cache:session:81445'. Policy 'noeviction' prevented key removal.

2026-08-30T16:38:25.420014Z ERROR [DBPool-70] postgres.connection.pool - Connection acquire timeout after 5000ms. Active: 100/100, Idle: 0, Waiting: 42.
  SQL State: 53300 (too_many_connections) - User 'app_user' has reached maximum allowed connections.

2026-08-30T16:38:55.481183Z CRITICAL [RedisEvent-61] redis.cluster.memory - Redis OOM threshold reached. Used: 2048MB / Max: 2048MB.
  Command 'SET' rejected for key 'cache:session:96756'. Policy 'noeviction' prevented key removal.

2026-08-30T16:39:04.499338Z ERROR [DBPool-23] postgres.connection.pool - Connection acquire timeout after 5000ms. Active: 100/100, Idle: 0, Waiting: 42.
  SQL State: 53300 (too_many_connections) - User 'app_user' has reached maximum allowed connections.

2026-08-30T16:39:16.527063Z CRITICAL [RedisEvent-20] redis.cluster.memory - Redis OOM threshold reached. Used: 2048MB / Max: 2048MB.
  Command 'SET' rejected for key 'cache:session:79368'. Policy 'noeviction' prevented key removal.

2026-08-30T16:39:25.555763Z CRITICAL [RedisEvent-77] redis.cluster.memory - Redis OOM threshold reached. Used: 2048MB / Max: 2048MB.
  Command 'SET' rejected for key 'cache:session:58116'. Policy 'noeviction' prevented key removal.

2026-08-30T16:39:34.574983Z CRITICAL [RedisEvent-28] redis.cluster.memory - Redis OOM threshold reached. Used: 2048MB / Max: 2048MB.
  Command 'SET' rejected for key 'cache:session:89669'. Policy 'noeviction' prevented key removal.

2026-08-30T16:39:37.582136Z CRITICAL [RedisEvent-81] redis.cluster.memory - Redis OOM threshold reached. Used: 2048MB / Max: 2048MB.
  Command 'SET' rejected for key 'cache:session:61302'. Policy 'noeviction' prevented key removal.

2026-08-30T16:39:40.589043Z ERROR [DBPool-54] postgres.connection.pool - Connection acquire timeout after 5000ms. Active: 100/100, Idle: 0, Waiting: 42.
  SQL State: 53300 (too_many_connections) - User 'app_user' has reached maximum allowed connections.

2026-08-30T16:40:07.647159Z ERROR [DBPool-91] postgres.connection.pool - Connection acquire timeout after 5000ms. Active: 100/100, Idle: 0, Waiting: 42.
  SQL State: 53300 (too_many_connections) - User 'app_user' has reached maximum allowed connections.

2026-08-30T16:40:19.675660Z CRITICAL [RedisEvent-65] redis.cluster.memory - Redis OOM threshold reached. Used: 2048MB / Max: 2048MB.
  Command 'SET' rejected for key 'cache:session:58300'. Policy 'noeviction' prevented key removal.

2026-08-30T16:40:37.721864Z CRITICAL [RedisEvent-65] redis.cluster.memory - Redis OOM threshold reached. Used: 2048MB / Max: 2048MB.
  Command 'SET' rejected for key 'cache:session:69019'. Policy 'noeviction' prevented key removal.

2026-08-30T16:40:40.728394Z CRITICAL [RedisEvent-14] redis.cluster.memory - Redis OOM threshold reached. Used: 2048MB / Max: 2048MB.
  Command 'SET' rejected for key 'cache:session:55419'. Policy 'noeviction' prevented key removal.

2026-08-30T16:40:43.738321Z CRITICAL [RedisEvent-84] redis.cluster.memory - Redis OOM threshold reached. Used: 2048MB / Max: 2048MB.
  Command 'SET' rejected for key 'cache:session:65395'. Policy 'noeviction' prevented key removal.

2026-08-30T16:40:49.750924Z ERROR [DBPool-42] postgres.connection.pool - Connection acquire timeout after 5000ms. Active: 100/100, Idle: 0, Waiting: 42.
  SQL State: 53300 (too_many_connections) - User 'app_user' has reached maximum allowed connections.

2026-08-30T16:40:52.756479Z ERROR [DBPool-82] postgres.connection.pool - Connection acquire timeout after 5000ms. Active: 100/100, Idle: 0, Waiting: 42.
  SQL State: 53300 (too_many_connections) - User 'app_user' has reached maximum allowed connections.

2026-08-30T16:41:18.368012Z ERROR [DBPool-17] postgres.connection.pool - Connection acquire timeout after 5000ms. Active: 100/100, Idle: 0, Waiting: 42.
  SQL State: 53300 (too_many_connections) - User 'app_user' has reached maximum allowed connections.

2026-08-30T16:41:21.374864Z WARNING [QueryMonitor-69] postgres.slow_query - Long running transaction detected: PID 81572 running for 537s.
  Query: SELECT * FROM orders WHERE status = 'PENDING' AND created_at < NOW() - INTERVAL '1 day' ORDER BY created_at DESC;
  Execution State: active | Wait Event: IO:DataFileRead | Locks Held: ExclusiveLock on relation 'orders'
  Context: Unindexed sequential scan (seq_scan) on table 'orders' (12,450,000 rows scanned).

2026-08-30T16:41:24.382440Z WARNING [QueryMonitor-96] postgres.slow_query - Long running transaction detected: PID 23821 running for 716s.
  Query: SELECT * FROM orders WHERE status = 'PENDING' AND created_at < NOW() - INTERVAL '1 day' ORDER BY created_at DESC;
  Execution State: active | Wait Event: IO:DataFileRead | Locks Held: ExclusiveLock on relation 'orders'
  Context: Unindexed sequential scan (seq_scan) on table 'orders' (12,450,000 rows scanned).

2026-08-30T16:41:27.390179Z CRITICAL [RedisEvent-94] redis.cluster.memory - Redis OOM threshold reached. Used: 2048MB / Max: 2048MB.
  Command 'SET' rejected for key 'cache:session:81165'. Policy 'noeviction' prevented key removal.

2026-08-30T16:41:30.396287Z WARNING [QueryMonitor-33] postgres.slow_query - Long running transaction detected: PID 94602 running for 572s.
  Query: SELECT * FROM orders WHERE status = 'PENDING' AND created_at < NOW() - INTERVAL '1 day' ORDER BY created_at DESC;
  Execution State: active | Wait Event: IO:DataFileRead | Locks Held: ExclusiveLock on relation 'orders'
  Context: Unindexed sequential scan (seq_scan) on table 'orders' (12,450,000 rows scanned).

2026-08-30T16:41:39.419250Z WARNING [QueryMonitor-42] postgres.slow_query - Long running transaction detected: PID 77105 running for 438s.
  Query: SELECT * FROM orders WHERE status = 'PENDING' AND created_at < NOW() - INTERVAL '1 day' ORDER BY created_at DESC;
  Execution State: active | Wait Event: IO:DataFileRead | Locks Held: ExclusiveLock on relation 'orders'
  Context: Unindexed sequential scan (seq_scan) on table 'orders' (12,450,000 rows scanned).

2026-08-30T16:41:42.425905Z WARNING [QueryMonitor-86] postgres.slow_query - Long running transaction detected: PID 82657 running for 635s.
  Query: SELECT * FROM orders WHERE status = 'PENDING' AND created_at < NOW() - INTERVAL '1 day' ORDER BY created_at DESC;
  Execution State: active | Wait Event: IO:DataFileRead | Locks Held: ExclusiveLock on relation 'orders'
  Context: Unindexed sequential scan (seq_scan) on table 'orders' (12,450,000 rows scanned).

2026-08-30T16:41:54.460249Z CRITICAL [RedisEvent-84] redis.cluster.memory - Redis OOM threshold reached. Used: 2048MB / Max: 2048MB.
  Command 'SET' rejected for key 'cache:session:78110'. Policy 'noeviction' prevented key removal.

2026-08-30T16:41:57.474858Z WARNING [QueryMonitor-86] postgres.slow_query - Long running transaction detected: PID 92644 running for 504s.
  Query: SELECT * FROM orders WHERE status = 'PENDING' AND created_at < NOW() - INTERVAL '1 day' ORDER BY created_at DESC;
  Execution State: active | Wait Event: IO:DataFileRead | Locks Held: ExclusiveLock on relation 'orders'
  Context: Unindexed sequential scan (seq_scan) on table 'orders' (12,450,000 rows scanned).

2026-08-30T16:42:03.487045Z ERROR [DBPool-41] postgres.connection.pool - Connection acquire timeout after 5000ms. Active: 100/100, Idle: 0, Waiting: 42.
  SQL State: 53300 (too_many_connections) - User 'app_user' has reached maximum allowed connections.

2026-08-30T16:42:06.492453Z WARNING [QueryMonitor-99] postgres.slow_query - Long running transaction detected: PID 65944 running for 551s.
  Query: SELECT * FROM orders WHERE status = 'PENDING' AND created_at < NOW() - INTERVAL '1 day' ORDER BY created_at DESC;
  Execution State: active | Wait Event: IO:DataFileRead | Locks Held: ExclusiveLock on relation 'orders'
  Context: Unindexed sequential scan (seq_scan) on table 'orders' (12,450,000 rows scanned).

2026-08-30T16:42:09.498205Z ERROR [DBPool-54] postgres.connection.pool - Connection acquire timeout after 5000ms. Active: 100/100, Idle: 0, Waiting: 42.
  SQL State: 53300 (too_many_connections) - User 'app_user' has reached maximum allowed connections.

2026-08-30T16:42:12.505194Z CRITICAL [RedisEvent-35] redis.cluster.memory - Redis OOM threshold reached. Used: 2048MB / Max: 2048MB.
  Command 'SET' rejected for key 'cache:session:23047'. Policy 'noeviction' prevented key removal.

2026-08-30T16:42:21.523966Z WARNING [QueryMonitor-26] postgres.slow_query - Long running transaction detected: PID 66204 running for 391s.
  Query: SELECT * FROM orders WHERE status = 'PENDING' AND created_at < NOW() - INTERVAL '1 day' ORDER BY created_at DESC;
  Execution State: active | Wait Event: IO:DataFileRead | Locks Held: ExclusiveLock on relation 'orders'
  Context: Unindexed sequential scan (seq_scan) on table 'orders' (12,450,000 rows scanned).

2026-08-30T16:42:33.547835Z CRITICAL [RedisEvent-69] redis.cluster.memory - Redis OOM threshold reached. Used: 2048MB / Max: 2048MB.
  Command 'SET' rejected for key 'cache:session:88953'. Policy 'noeviction' prevented key removal.

2026-08-30T16:42:36.553627Z ERROR [DBPool-16] postgres.connection.pool - Connection acquire timeout after 5000ms. Active: 100/100, Idle: 0, Waiting: 42.
  SQL State: 53300 (too_many_connections) - User 'app_user' has reached maximum allowed connections.

2026-08-30T16:42:57.602322Z ERROR [DBPool-48] postgres.connection.pool - Connection acquire timeout after 5000ms. Active: 100/100, Idle: 0, Waiting: 42.
  SQL State: 53300 (too_many_connections) - User 'app_user' has reached maximum allowed connections.

2026-08-30T16:43:00.610328Z ERROR [DBPool-26] postgres.connection.pool - Connection acquire timeout after 5000ms. Active: 100/100, Idle: 0, Waiting: 42.
  SQL State: 53300 (too_many_connections) - User 'app_user' has reached maximum allowed connections.

2026-08-30T16:43:09.628658Z ERROR [DBPool-51] postgres.connection.pool - Connection acquire timeout after 5000ms. Active: 100/100, Idle: 0, Waiting: 42.
  SQL State: 53300 (too_many_connections) - User 'app_user' has reached maximum allowed connections.

2026-08-30T16:43:39.699719Z WARNING [QueryMonitor-68] postgres.slow_query - Long running transaction detected: PID 86847 running for 848s.
  Query: SELECT * FROM orders WHERE status = 'PENDING' AND created_at < NOW() - INTERVAL '1 day' ORDER BY created_at DESC;
  Execution State: active | Wait Event: IO:DataFileRead | Locks Held: ExclusiveLock on relation 'orders'
  Context: Unindexed sequential scan (seq_scan) on table 'orders' (12,450,000 rows scanned).

2026-08-30T16:43:48.719052Z ERROR [DBPool-58] postgres.connection.pool - Connection acquire timeout after 5000ms. Active: 100/100, Idle: 0, Waiting: 42.
  SQL State: 53300 (too_many_connections) - User 'app_user' has reached maximum allowed connections.

2026-08-30T16:43:51.724994Z CRITICAL [RedisEvent-73] redis.cluster.memory - Redis OOM threshold reached. Used: 2048MB / Max: 2048MB.
  Command 'SET' rejected for key 'cache:session:65114'. Policy 'noeviction' prevented key removal.

2026-08-30T16:43:54.730875Z ERROR [DBPool-98] postgres.connection.pool - Connection acquire timeout after 5000ms. Active: 100/100, Idle: 0, Waiting: 42.
  SQL State: 53300 (too_many_connections) - User 'app_user' has reached maximum allowed connections.

2026-08-30T16:43:57.737981Z WARNING [QueryMonitor-87] postgres.slow_query - Long running transaction detected: PID 72854 running for 371s.
  Query: SELECT * FROM orders WHERE status = 'PENDING' AND created_at < NOW() - INTERVAL '1 day' ORDER BY created_at DESC;
  Execution State: active | Wait Event: IO:DataFileRead | Locks Held: ExclusiveLock on relation 'orders'
  Context: Unindexed sequential scan (seq_scan) on table 'orders' (12,450,000 rows scanned).

2026-08-30T16:44:03.752703Z WARNING [QueryMonitor-26] postgres.slow_query - Long running transaction detected: PID 58238 running for 643s.
  Query: SELECT * FROM orders WHERE status = 'PENDING' AND created_at < NOW() - INTERVAL '1 day' ORDER BY created_at DESC;
  Execution State: active | Wait Event: IO:DataFileRead | Locks Held: ExclusiveLock on relation 'orders'
  Context: Unindexed sequential scan (seq_scan) on table 'orders' (12,450,000 rows scanned).

2026-08-30T16:44:09.765846Z ERROR [DBPool-62] postgres.connection.pool - Connection acquire timeout after 5000ms. Active: 100/100, Idle: 0, Waiting: 42.
  SQL State: 53300 (too_many_connections) - User 'app_user' has reached maximum allowed connections.

2026-08-30T16:44:12.772267Z CRITICAL [RedisEvent-74] redis.cluster.memory - Redis OOM threshold reached. Used: 2048MB / Max: 2048MB.
  Command 'SET' rejected for key 'cache:session:99538'. Policy 'noeviction' prevented key removal.

2026-08-30T16:44:18.784768Z WARNING [QueryMonitor-92] postgres.slow_query - Long running transaction detected: PID 35216 running for 721s.
  Query: SELECT * FROM orders WHERE status = 'PENDING' AND created_at < NOW() - INTERVAL '1 day' ORDER BY created_at DESC;
  Execution State: active | Wait Event: IO:DataFileRead | Locks Held: ExclusiveLock on relation 'orders'
  Context: Unindexed sequential scan (seq_scan) on table 'orders' (12,450,000 rows scanned).

2026-08-30T16:44:30.819662Z CRITICAL [RedisEvent-68] redis.cluster.memory - Redis OOM threshold reached. Used: 2048MB / Max: 2048MB.
  Command 'SET' rejected for key 'cache:session:10846'. Policy 'noeviction' prevented key removal.

2026-08-30T16:44:36.838318Z CRITICAL [RedisEvent-23] redis.cluster.memory - Redis OOM threshold reached. Used: 2048MB / Max: 2048MB.
  Command 'SET' rejected for key 'cache:session:37743'. Policy 'noeviction' prevented key removal.

2026-08-30T16:44:39.844975Z WARNING [QueryMonitor-45] postgres.slow_query - Long running transaction detected: PID 49513 running for 373s.
  Query: SELECT * FROM orders WHERE status = 'PENDING' AND created_at < NOW() - INTERVAL '1 day' ORDER BY created_at DESC;
  Execution State: active | Wait Event: IO:DataFileRead | Locks Held: ExclusiveLock on relation 'orders'
  Context: Unindexed sequential scan (seq_scan) on table 'orders' (12,450,000 rows scanned).

2026-08-30T16:44:51.868679Z CRITICAL [RedisEvent-53] redis.cluster.memory - Redis OOM threshold reached. Used: 2048MB / Max: 2048MB.
  Command 'SET' rejected for key 'cache:session:58128'. Policy 'noeviction' prevented key removal.

2026-08-30T16:45:00.889663Z WARNING [QueryMonitor-41] postgres.slow_query - Long running transaction detected: PID 73340 running for 689s.
  Query: SELECT * FROM orders WHERE status = 'PENDING' AND created_at < NOW() - INTERVAL '1 day' ORDER BY created_at DESC;
  Execution State: active | Wait Event: IO:DataFileRead | Locks Held: ExclusiveLock on relation 'orders'
  Context: Unindexed sequential scan (seq_scan) on table 'orders' (12,450,000 rows scanned).

2026-08-30T16:45:18.925521Z ERROR [DBPool-61] postgres.connection.pool - Connection acquire timeout after 5000ms. Active: 100/100, Idle: 0, Waiting: 42.
  SQL State: 53300 (too_many_connections) - User 'app_user' has reached maximum allowed connections.

2026-08-30T16:45:21.931543Z WARNING [QueryMonitor-94] postgres.slow_query - Long running transaction detected: PID 22444 running for 547s.
  Query: SELECT * FROM orders WHERE status = 'PENDING' AND created_at < NOW() - INTERVAL '1 day' ORDER BY created_at DESC;
  Execution State: active | Wait Event: IO:DataFileRead | Locks Held: ExclusiveLock on relation 'orders'
  Context: Unindexed sequential scan (seq_scan) on table 'orders' (12,450,000 rows scanned).

2026-08-30T16:45:27.950548Z CRITICAL [RedisEvent-31] redis.cluster.memory - Redis OOM threshold reached. Used: 2048MB / Max: 2048MB.
  Command 'SET' rejected for key 'cache:session:23359'. Policy 'noeviction' prevented key removal.

2026-08-30T16:45:30.961822Z WARNING [QueryMonitor-85] postgres.slow_query - Long running transaction detected: PID 43643 running for 508s.
  Query: SELECT * FROM orders WHERE status = 'PENDING' AND created_at < NOW() - INTERVAL '1 day' ORDER BY created_at DESC;
  Execution State: active | Wait Event: IO:DataFileRead | Locks Held: ExclusiveLock on relation 'orders'
  Context: Unindexed sequential scan (seq_scan) on table 'orders' (12,450,000 rows scanned).

2026-08-30T16:45:46.015351Z CRITICAL [RedisEvent-87] redis.cluster.memory - Redis OOM threshold reached. Used: 2048MB / Max: 2048MB.
  Command 'SET' rejected for key 'cache:session:51183'. Policy 'noeviction' prevented key removal.

2026-08-30T16:46:10.080525Z CRITICAL [RedisEvent-78] redis.cluster.memory - Redis OOM threshold reached. Used: 2048MB / Max: 2048MB.
  Command 'SET' rejected for key 'cache:session:98535'. Policy 'noeviction' prevented key removal.

2026-08-30T16:46:22.115042Z WARNING [QueryMonitor-66] postgres.slow_query - Long running transaction detected: PID 23105 running for 748s.
  Query: SELECT * FROM orders WHERE status = 'PENDING' AND created_at < NOW() - INTERVAL '1 day' ORDER BY created_at DESC;
  Execution State: active | Wait Event: IO:DataFileRead | Locks Held: ExclusiveLock on relation 'orders'
  Context: Unindexed sequential scan (seq_scan) on table 'orders' (12,450,000 rows scanned).

2026-08-30T16:46:34.167802Z WARNING [QueryMonitor-79] postgres.slow_query - Long running transaction detected: PID 73266 running for 638s.
  Query: SELECT * FROM orders WHERE status = 'PENDING' AND created_at < NOW() - INTERVAL '1 day' ORDER BY created_at DESC;
  Execution State: active | Wait Event: IO:DataFileRead | Locks Held: ExclusiveLock on relation 'orders'
  Context: Unindexed sequential scan (seq_scan) on table 'orders' (12,450,000 rows scanned).

2026-08-30T16:46:37.173280Z CRITICAL [RedisEvent-63] redis.cluster.memory - Redis OOM threshold reached. Used: 2048MB / Max: 2048MB.
  Command 'SET' rejected for key 'cache:session:35721'. Policy 'noeviction' prevented key removal.

2026-08-30T16:46:40.189671Z ERROR [DBPool-67] postgres.connection.pool - Connection acquire timeout after 5000ms. Active: 100/100, Idle: 0, Waiting: 42.
  SQL State: 53300 (too_many_connections) - User 'app_user' has reached maximum allowed connections.

2026-08-30T16:46:43.195656Z CRITICAL [RedisEvent-30] redis.cluster.memory - Redis OOM threshold reached. Used: 2048MB / Max: 2048MB.
  Command 'SET' rejected for key 'cache:session:94054'. Policy 'noeviction' prevented key removal.

2026-08-30T16:46:46.202309Z CRITICAL [RedisEvent-98] redis.cluster.memory - Redis OOM threshold reached. Used: 2048MB / Max: 2048MB.
  Command 'SET' rejected for key 'cache:session:48596'. Policy 'noeviction' prevented key removal.

2026-08-30T16:47:07.247933Z WARNING [QueryMonitor-43] postgres.slow_query - Long running transaction detected: PID 23405 running for 819s.
  Query: SELECT * FROM orders WHERE status = 'PENDING' AND created_at < NOW() - INTERVAL '1 day' ORDER BY created_at DESC;
  Execution State: active | Wait Event: IO:DataFileRead | Locks Held: ExclusiveLock on relation 'orders'
  Context: Unindexed sequential scan (seq_scan) on table 'orders' (12,450,000 rows scanned).

2026-08-30T16:47:31.306782Z WARNING [QueryMonitor-18] postgres.slow_query - Long running transaction detected: PID 23555 running for 403s.
  Query: SELECT * FROM orders WHERE status = 'PENDING' AND created_at < NOW() - INTERVAL '1 day' ORDER BY created_at DESC;
  Execution State: active | Wait Event: IO:DataFileRead | Locks Held: ExclusiveLock on relation 'orders'
  Context: Unindexed sequential scan (seq_scan) on table 'orders' (12,450,000 rows scanned).

2026-08-30T16:47:37.319091Z ERROR [DBPool-46] postgres.connection.pool - Connection acquire timeout after 5000ms. Active: 100/100, Idle: 0, Waiting: 42.
  SQL State: 53300 (too_many_connections) - User 'app_user' has reached maximum allowed connections.

2026-08-30T16:47:40.326098Z ERROR [DBPool-87] postgres.connection.pool - Connection acquire timeout after 5000ms. Active: 100/100, Idle: 0, Waiting: 42.
  SQL State: 53300 (too_many_connections) - User 'app_user' has reached maximum allowed connections.

2026-08-30T16:47:46.339220Z WARNING [QueryMonitor-12] postgres.slow_query - Long running transaction detected: PID 42690 running for 597s.
  Query: SELECT * FROM orders WHERE status = 'PENDING' AND created_at < NOW() - INTERVAL '1 day' ORDER BY created_at DESC;
  Execution State: active | Wait Event: IO:DataFileRead | Locks Held: ExclusiveLock on relation 'orders'
  Context: Unindexed sequential scan (seq_scan) on table 'orders' (12,450,000 rows scanned).

2026-08-30T16:47:55.363596Z WARNING [QueryMonitor-28] postgres.slow_query - Long running transaction detected: PID 90681 running for 683s.
  Query: SELECT * FROM orders WHERE status = 'PENDING' AND created_at < NOW() - INTERVAL '1 day' ORDER BY created_at DESC;
  Execution State: active | Wait Event: IO:DataFileRead | Locks Held: ExclusiveLock on relation 'orders'
  Context: Unindexed sequential scan (seq_scan) on table 'orders' (12,450,000 rows scanned).

2026-08-30T16:48:04.386820Z CRITICAL [RedisEvent-62] redis.cluster.memory - Redis OOM threshold reached. Used: 2048MB / Max: 2048MB.
  Command 'SET' rejected for key 'cache:session:42413'. Policy 'noeviction' prevented key removal.

2026-08-30T16:48:13.403053Z WARNING [QueryMonitor-24] postgres.slow_query - Long running transaction detected: PID 64260 running for 455s.
  Query: SELECT * FROM orders WHERE status = 'PENDING' AND created_at < NOW() - INTERVAL '1 day' ORDER BY created_at DESC;
  Execution State: active | Wait Event: IO:DataFileRead | Locks Held: ExclusiveLock on relation 'orders'
  Context: Unindexed sequential scan (seq_scan) on table 'orders' (12,450,000 rows scanned).

2026-08-30T16:48:40.503738Z CRITICAL [RedisEvent-63] redis.cluster.memory - Redis OOM threshold reached. Used: 2048MB / Max: 2048MB.
  Command 'SET' rejected for key 'cache:session:48709'. Policy 'noeviction' prevented key removal.

2026-08-30T16:48:46.523881Z CRITICAL [RedisEvent-62] redis.cluster.memory - Redis OOM threshold reached. Used: 2048MB / Max: 2048MB.
  Command 'SET' rejected for key 'cache:session:81343'. Policy 'noeviction' prevented key removal.

2026-08-30T16:48:52.535807Z CRITICAL [RedisEvent-13] redis.cluster.memory - Redis OOM threshold reached. Used: 2048MB / Max: 2048MB.
  Command 'SET' rejected for key 'cache:session:24205'. Policy 'noeviction' prevented key removal.

2026-08-30T16:48:55.540743Z WARNING [QueryMonitor-55] postgres.slow_query - Long running transaction detected: PID 34253 running for 382s.
  Query: SELECT * FROM orders WHERE status = 'PENDING' AND created_at < NOW() - INTERVAL '1 day' ORDER BY created_at DESC;
  Execution State: active | Wait Event: IO:DataFileRead | Locks Held: ExclusiveLock on relation 'orders'
  Context: Unindexed sequential scan (seq_scan) on table 'orders' (12,450,000 rows scanned).

2026-08-30T16:49:01.552847Z CRITICAL [RedisEvent-28] redis.cluster.memory - Redis OOM threshold reached. Used: 2048MB / Max: 2048MB.
  Command 'SET' rejected for key 'cache:session:65087'. Policy 'noeviction' prevented key removal.

2026-08-30T16:49:04.558152Z WARNING [QueryMonitor-88] postgres.slow_query - Long running transaction detected: PID 42465 running for 799s.
  Query: SELECT * FROM orders WHERE status = 'PENDING' AND created_at < NOW() - INTERVAL '1 day' ORDER BY created_at DESC;
  Execution State: active | Wait Event: IO:DataFileRead | Locks Held: ExclusiveLock on relation 'orders'
  Context: Unindexed sequential scan (seq_scan) on table 'orders' (12,450,000 rows scanned).

2026-08-30T16:49:07.564436Z CRITICAL [RedisEvent-53] redis.cluster.memory - Redis OOM threshold reached. Used: 2048MB / Max: 2048MB.
  Command 'SET' rejected for key 'cache:session:94668'. Policy 'noeviction' prevented key removal.

2026-08-30T16:49:25.635100Z ERROR [DBPool-50] postgres.connection.pool - Connection acquire timeout after 5000ms. Active: 100/100, Idle: 0, Waiting: 42.
  SQL State: 53300 (too_many_connections) - User 'app_user' has reached maximum allowed connections.

2026-08-30T16:49:28.640590Z CRITICAL [RedisEvent-46] redis.cluster.memory - Redis OOM threshold reached. Used: 2048MB / Max: 2048MB.
  Command 'SET' rejected for key 'cache:session:31042'. Policy 'noeviction' prevented key removal.

2026-08-30T16:49:34.653986Z ERROR [DBPool-31] postgres.connection.pool - Connection acquire timeout after 5000ms. Active: 100/100, Idle: 0, Waiting: 42.
  SQL State: 53300 (too_many_connections) - User 'app_user' has reached maximum allowed connections.

2026-08-30T16:49:55.711799Z ERROR [DBPool-64] postgres.connection.pool - Connection acquire timeout after 5000ms. Active: 100/100, Idle: 0, Waiting: 42.
  SQL State: 53300 (too_many_connections) - User 'app_user' has reached maximum allowed connections.

2026-08-30T16:49:58.727970Z CRITICAL [RedisEvent-53] redis.cluster.memory - Redis OOM threshold reached. Used: 2048MB / Max: 2048MB.
  Command 'SET' rejected for key 'cache:session:46416'. Policy 'noeviction' prevented key removal.

2026-08-30T16:50:07.747713Z WARNING [QueryMonitor-71] postgres.slow_query - Long running transaction detected: PID 40826 running for 786s.
  Query: SELECT * FROM orders WHERE status = 'PENDING' AND created_at < NOW() - INTERVAL '1 day' ORDER BY created_at DESC;
  Execution State: active | Wait Event: IO:DataFileRead | Locks Held: ExclusiveLock on relation 'orders'
  Context: Unindexed sequential scan (seq_scan) on table 'orders' (12,450,000 rows scanned).

2026-08-30T16:50:10.753118Z WARNING [QueryMonitor-92] postgres.slow_query - Long running transaction detected: PID 79151 running for 552s.
  Query: SELECT * FROM orders WHERE status = 'PENDING' AND created_at < NOW() - INTERVAL '1 day' ORDER BY created_at DESC;
  Execution State: active | Wait Event: IO:DataFileRead | Locks Held: ExclusiveLock on relation 'orders'
  Context: Unindexed sequential scan (seq_scan) on table 'orders' (12,450,000 rows scanned).

2026-08-30T16:50:13.767566Z ERROR [DBPool-84] postgres.connection.pool - Connection acquire timeout after 5000ms. Active: 100/100, Idle: 0, Waiting: 42.
  SQL State: 53300 (too_many_connections) - User 'app_user' has reached maximum allowed connections.

2026-08-30T16:50:19.779649Z CRITICAL [RedisEvent-19] redis.cluster.memory - Redis OOM threshold reached. Used: 2048MB / Max: 2048MB.
  Command 'SET' rejected for key 'cache:session:26684'. Policy 'noeviction' prevented key removal.

2026-08-30T16:50:22.785877Z ERROR [DBPool-36] postgres.connection.pool - Connection acquire timeout after 5000ms. Active: 100/100, Idle: 0, Waiting: 42.
  SQL State: 53300 (too_many_connections) - User 'app_user' has reached maximum allowed connections.

2026-08-30T16:50:25.797929Z ERROR [DBPool-37] postgres.connection.pool - Connection acquire timeout after 5000ms. Active: 100/100, Idle: 0, Waiting: 42.
  SQL State: 53300 (too_many_connections) - User 'app_user' has reached maximum allowed connections.

2026-08-30T16:50:28.804316Z CRITICAL [RedisEvent-30] redis.cluster.memory - Redis OOM threshold reached. Used: 2048MB / Max: 2048MB.
  Command 'SET' rejected for key 'cache:session:94346'. Policy 'noeviction' prevented key removal.

2026-08-30T16:50:46.855546Z CRITICAL [RedisEvent-85] redis.cluster.memory - Redis OOM threshold reached. Used: 2048MB / Max: 2048MB.
  Command 'SET' rejected for key 'cache:session:63621'. Policy 'noeviction' prevented key removal.

2026-08-30T16:50:52.867184Z CRITICAL [RedisEvent-38] redis.cluster.memory - Redis OOM threshold reached. Used: 2048MB / Max: 2048MB.
  Command 'SET' rejected for key 'cache:session:93103'. Policy 'noeviction' prevented key removal.

2026-08-30T16:50:58.877680Z CRITICAL [RedisEvent-36] redis.cluster.memory - Redis OOM threshold reached. Used: 2048MB / Max: 2048MB.
  Command 'SET' rejected for key 'cache:session:57027'. Policy 'noeviction' prevented key removal.

2026-08-30T16:51:04.891496Z ERROR [DBPool-67] postgres.connection.pool - Connection acquire timeout after 5000ms. Active: 100/100, Idle: 0, Waiting: 42.
  SQL State: 53300 (too_many_connections) - User 'app_user' has reached maximum allowed connections.

2026-08-30T16:51:07.899615Z WARNING [QueryMonitor-16] postgres.slow_query - Long running transaction detected: PID 77919 running for 830s.
  Query: SELECT * FROM orders WHERE status = 'PENDING' AND created_at < NOW() - INTERVAL '1 day' ORDER BY created_at DESC;
  Execution State: active | Wait Event: IO:DataFileRead | Locks Held: ExclusiveLock on relation 'orders'
  Context: Unindexed sequential scan (seq_scan) on table 'orders' (12,450,000 rows scanned).

2026-08-30T16:51:41.001355Z WARNING [QueryMonitor-69] postgres.slow_query - Long running transaction detected: PID 91090 running for 410s.
  Query: SELECT * FROM orders WHERE status = 'PENDING' AND created_at < NOW() - INTERVAL '1 day' ORDER BY created_at DESC;
  Execution State: active | Wait Event: IO:DataFileRead | Locks Held: ExclusiveLock on relation 'orders'
  Context: Unindexed sequential scan (seq_scan) on table 'orders' (12,450,000 rows scanned).

2026-08-30T16:52:02.053292Z ERROR [DBPool-27] postgres.connection.pool - Connection acquire timeout after 5000ms. Active: 100/100, Idle: 0, Waiting: 42.
  SQL State: 53300 (too_many_connections) - User 'app_user' has reached maximum allowed connections.

2026-08-30T16:52:17.081694Z CRITICAL [RedisEvent-28] redis.cluster.memory - Redis OOM threshold reached. Used: 2048MB / Max: 2048MB.
  Command 'SET' rejected for key 'cache:session:44254'. Policy 'noeviction' prevented key removal.

2026-08-30T16:52:20.087089Z CRITICAL [RedisEvent-94] redis.cluster.memory - Redis OOM threshold reached. Used: 2048MB / Max: 2048MB.
  Command 'SET' rejected for key 'cache:session:12004'. Policy 'noeviction' prevented key removal.

2026-08-30T16:52:35.117883Z ERROR [DBPool-66] postgres.connection.pool - Connection acquire timeout after 5000ms. Active: 100/100, Idle: 0, Waiting: 42.
  SQL State: 53300 (too_many_connections) - User 'app_user' has reached maximum allowed connections.

2026-08-30T16:52:38.123766Z CRITICAL [RedisEvent-77] redis.cluster.memory - Redis OOM threshold reached. Used: 2048MB / Max: 2048MB.
  Command 'SET' rejected for key 'cache:session:96712'. Policy 'noeviction' prevented key removal.

2026-08-30T16:52:41.130057Z ERROR [DBPool-99] postgres.connection.pool - Connection acquire timeout after 5000ms. Active: 100/100, Idle: 0, Waiting: 42.
  SQL State: 53300 (too_many_connections) - User 'app_user' has reached maximum allowed connections.

2026-08-30T16:52:44.140961Z CRITICAL [RedisEvent-72] redis.cluster.memory - Redis OOM threshold reached. Used: 2048MB / Max: 2048MB.
  Command 'SET' rejected for key 'cache:session:72691'. Policy 'noeviction' prevented key removal.

2026-08-30T16:52:53.161108Z WARNING [QueryMonitor-27] postgres.slow_query - Long running transaction detected: PID 56502 running for 686s.
  Query: SELECT * FROM orders WHERE status = 'PENDING' AND created_at < NOW() - INTERVAL '1 day' ORDER BY created_at DESC;
  Execution State: active | Wait Event: IO:DataFileRead | Locks Held: ExclusiveLock on relation 'orders'
  Context: Unindexed sequential scan (seq_scan) on table 'orders' (12,450,000 rows scanned).

2026-08-30T16:53:08.191496Z WARNING [QueryMonitor-58] postgres.slow_query - Long running transaction detected: PID 73138 running for 695s.
  Query: SELECT * FROM orders WHERE status = 'PENDING' AND created_at < NOW() - INTERVAL '1 day' ORDER BY created_at DESC;
  Execution State: active | Wait Event: IO:DataFileRead | Locks Held: ExclusiveLock on relation 'orders'
  Context: Unindexed sequential scan (seq_scan) on table 'orders' (12,450,000 rows scanned).

2026-08-30T16:53:11.198035Z WARNING [QueryMonitor-93] postgres.slow_query - Long running transaction detected: PID 85427 running for 520s.
  Query: SELECT * FROM orders WHERE status = 'PENDING' AND created_at < NOW() - INTERVAL '1 day' ORDER BY created_at DESC;
  Execution State: active | Wait Event: IO:DataFileRead | Locks Held: ExclusiveLock on relation 'orders'
  Context: Unindexed sequential scan (seq_scan) on table 'orders' (12,450,000 rows scanned).

2026-08-30T16:53:20.215751Z CRITICAL [RedisEvent-27] redis.cluster.memory - Redis OOM threshold reached. Used: 2048MB / Max: 2048MB.
  Command 'SET' rejected for key 'cache:session:33507'. Policy 'noeviction' prevented key removal.

2026-08-30T16:53:23.222267Z ERROR [DBPool-21] postgres.connection.pool - Connection acquire timeout after 5000ms. Active: 100/100, Idle: 0, Waiting: 42.
  SQL State: 53300 (too_many_connections) - User 'app_user' has reached maximum allowed connections.

2026-08-30T16:53:32.253052Z CRITICAL [RedisEvent-67] redis.cluster.memory - Redis OOM threshold reached. Used: 2048MB / Max: 2048MB.
  Command 'SET' rejected for key 'cache:session:66783'. Policy 'noeviction' prevented key removal.

2026-08-30T16:53:41.273646Z WARNING [QueryMonitor-78] postgres.slow_query - Long running transaction detected: PID 90525 running for 435s.
  Query: SELECT * FROM orders WHERE status = 'PENDING' AND created_at < NOW() - INTERVAL '1 day' ORDER BY created_at DESC;
  Execution State: active | Wait Event: IO:DataFileRead | Locks Held: ExclusiveLock on relation 'orders'
  Context: Unindexed sequential scan (seq_scan) on table 'orders' (12,450,000 rows scanned).

2026-08-30T16:53:50.293569Z CRITICAL [RedisEvent-61] redis.cluster.memory - Redis OOM threshold reached. Used: 2048MB / Max: 2048MB.
  Command 'SET' rejected for key 'cache:session:26184'. Policy 'noeviction' prevented key removal.

2026-08-30T16:53:59.311122Z WARNING [QueryMonitor-17] postgres.slow_query - Long running transaction detected: PID 54958 running for 766s.
  Query: SELECT * FROM orders WHERE status = 'PENDING' AND created_at < NOW() - INTERVAL '1 day' ORDER BY created_at DESC;
  Execution State: active | Wait Event: IO:DataFileRead | Locks Held: ExclusiveLock on relation 'orders'
  Context: Unindexed sequential scan (seq_scan) on table 'orders' (12,450,000 rows scanned).

2026-08-30T16:54:08.339912Z ERROR [DBPool-98] postgres.connection.pool - Connection acquire timeout after 5000ms. Active: 100/100, Idle: 0, Waiting: 42.
  SQL State: 53300 (too_many_connections) - User 'app_user' has reached maximum allowed connections.

2026-08-30T16:54:11.354364Z WARNING [QueryMonitor-16] postgres.slow_query - Long running transaction detected: PID 93681 running for 846s.
  Query: SELECT * FROM orders WHERE status = 'PENDING' AND created_at < NOW() - INTERVAL '1 day' ORDER BY created_at DESC;
  Execution State: active | Wait Event: IO:DataFileRead | Locks Held: ExclusiveLock on relation 'orders'
  Context: Unindexed sequential scan (seq_scan) on table 'orders' (12,450,000 rows scanned).

2026-08-30T16:54:38.451616Z WARNING [QueryMonitor-62] postgres.slow_query - Long running transaction detected: PID 69538 running for 515s.
  Query: SELECT * FROM orders WHERE status = 'PENDING' AND created_at < NOW() - INTERVAL '1 day' ORDER BY created_at DESC;
  Execution State: active | Wait Event: IO:DataFileRead | Locks Held: ExclusiveLock on relation 'orders'
  Context: Unindexed sequential scan (seq_scan) on table 'orders' (12,450,000 rows scanned).

2026-08-30T16:54:47.474736Z CRITICAL [RedisEvent-57] redis.cluster.memory - Redis OOM threshold reached. Used: 2048MB / Max: 2048MB.
  Command 'SET' rejected for key 'cache:session:64150'. Policy 'noeviction' prevented key removal.

2026-08-30T16:54:50.480721Z WARNING [QueryMonitor-91] postgres.slow_query - Long running transaction detected: PID 79847 running for 380s.
  Query: SELECT * FROM orders WHERE status = 'PENDING' AND created_at < NOW() - INTERVAL '1 day' ORDER BY created_at DESC;
  Execution State: active | Wait Event: IO:DataFileRead | Locks Held: ExclusiveLock on relation 'orders'
  Context: Unindexed sequential scan (seq_scan) on table 'orders' (12,450,000 rows scanned).

2026-08-30T16:54:56.498823Z CRITICAL [RedisEvent-81] redis.cluster.memory - Redis OOM threshold reached. Used: 2048MB / Max: 2048MB.
  Command 'SET' rejected for key 'cache:session:91729'. Policy 'noeviction' prevented key removal.

2026-08-30T16:54:59.504860Z CRITICAL [RedisEvent-37] redis.cluster.memory - Redis OOM threshold reached. Used: 2048MB / Max: 2048MB.
  Command 'SET' rejected for key 'cache:session:61285'. Policy 'noeviction' prevented key removal.

2026-08-30T16:55:20.554069Z ERROR [DBPool-47] postgres.connection.pool - Connection acquire timeout after 5000ms. Active: 100/100, Idle: 0, Waiting: 42.
  SQL State: 53300 (too_many_connections) - User 'app_user' has reached maximum allowed connections.

2026-08-30T16:55:23.560063Z CRITICAL [RedisEvent-21] redis.cluster.memory - Redis OOM threshold reached. Used: 2048MB / Max: 2048MB.
  Command 'SET' rejected for key 'cache:session:97627'. Policy 'noeviction' prevented key removal.

2026-08-30T16:55:26.572831Z ERROR [DBPool-52] postgres.connection.pool - Connection acquire timeout after 5000ms. Active: 100/100, Idle: 0, Waiting: 42.
  SQL State: 53300 (too_many_connections) - User 'app_user' has reached maximum allowed connections.

2026-08-30T16:55:35.598027Z CRITICAL [RedisEvent-28] redis.cluster.memory - Redis OOM threshold reached. Used: 2048MB / Max: 2048MB.
  Command 'SET' rejected for key 'cache:session:49735'. Policy 'noeviction' prevented key removal.

2026-08-30T16:55:38.604370Z WARNING [QueryMonitor-87] postgres.slow_query - Long running transaction detected: PID 86209 running for 517s.
  Query: SELECT * FROM orders WHERE status = 'PENDING' AND created_at < NOW() - INTERVAL '1 day' ORDER BY created_at DESC;
  Execution State: active | Wait Event: IO:DataFileRead | Locks Held: ExclusiveLock on relation 'orders'
  Context: Unindexed sequential scan (seq_scan) on table 'orders' (12,450,000 rows scanned).

2026-08-30T16:55:41.613057Z CRITICAL [RedisEvent-73] redis.cluster.memory - Redis OOM threshold reached. Used: 2048MB / Max: 2048MB.
  Command 'SET' rejected for key 'cache:session:69590'. Policy 'noeviction' prevented key removal.

2026-08-30T16:56:02.662135Z ERROR [DBPool-22] postgres.connection.pool - Connection acquire timeout after 5000ms. Active: 100/100, Idle: 0, Waiting: 42.
  SQL State: 53300 (too_many_connections) - User 'app_user' has reached maximum allowed connections.

2026-08-30T16:56:17.694832Z CRITICAL [RedisEvent-72] redis.cluster.memory - Redis OOM threshold reached. Used: 2048MB / Max: 2048MB.
  Command 'SET' rejected for key 'cache:session:76626'. Policy 'noeviction' prevented key removal.

2026-08-30T16:56:20.708482Z WARNING [QueryMonitor-66] postgres.slow_query - Long running transaction detected: PID 42941 running for 323s.
  Query: SELECT * FROM orders WHERE status = 'PENDING' AND created_at < NOW() - INTERVAL '1 day' ORDER BY created_at DESC;
  Execution State: active | Wait Event: IO:DataFileRead | Locks Held: ExclusiveLock on relation 'orders'
  Context: Unindexed sequential scan (seq_scan) on table 'orders' (12,450,000 rows scanned).

2026-08-30T16:56:38.759007Z WARNING [QueryMonitor-94] postgres.slow_query - Long running transaction detected: PID 79601 running for 738s.
  Query: SELECT * FROM orders WHERE status = 'PENDING' AND created_at < NOW() - INTERVAL '1 day' ORDER BY created_at DESC;
  Execution State: active | Wait Event: IO:DataFileRead | Locks Held: ExclusiveLock on relation 'orders'
  Context: Unindexed sequential scan (seq_scan) on table 'orders' (12,450,000 rows scanned).

2026-08-30T16:56:41.766843Z WARNING [QueryMonitor-73] postgres.slow_query - Long running transaction detected: PID 53203 running for 385s.
  Query: SELECT * FROM orders WHERE status = 'PENDING' AND created_at < NOW() - INTERVAL '1 day' ORDER BY created_at DESC;
  Execution State: active | Wait Event: IO:DataFileRead | Locks Held: ExclusiveLock on relation 'orders'
  Context: Unindexed sequential scan (seq_scan) on table 'orders' (12,450,000 rows scanned).

2026-08-30T16:56:44.777796Z WARNING [QueryMonitor-82] postgres.slow_query - Long running transaction detected: PID 85266 running for 598s.
  Query: SELECT * FROM orders WHERE status = 'PENDING' AND created_at < NOW() - INTERVAL '1 day' ORDER BY created_at DESC;
  Execution State: active | Wait Event: IO:DataFileRead | Locks Held: ExclusiveLock on relation 'orders'
  Context: Unindexed sequential scan (seq_scan) on table 'orders' (12,450,000 rows scanned).

2026-08-30T16:56:47.784194Z ERROR [DBPool-33] postgres.connection.pool - Connection acquire timeout after 5000ms. Active: 100/100, Idle: 0, Waiting: 42.
  SQL State: 53300 (too_many_connections) - User 'app_user' has reached maximum allowed connections.

2026-08-30T16:56:56.810505Z CRITICAL [RedisEvent-99] redis.cluster.memory - Redis OOM threshold reached. Used: 2048MB / Max: 2048MB.
  Command 'SET' rejected for key 'cache:session:68252'. Policy 'noeviction' prevented key removal.

2026-08-30T16:56:59.818213Z CRITICAL [RedisEvent-26] redis.cluster.memory - Redis OOM threshold reached. Used: 2048MB / Max: 2048MB.
  Command 'SET' rejected for key 'cache:session:53151'. Policy 'noeviction' prevented key removal.

2026-08-30T16:57:32.899282Z CRITICAL [RedisEvent-91] redis.cluster.memory - Redis OOM threshold reached. Used: 2048MB / Max: 2048MB.
  Command 'SET' rejected for key 'cache:session:20022'. Policy 'noeviction' prevented key removal.

2026-08-30T16:57:44.924104Z WARNING [QueryMonitor-96] postgres.slow_query - Long running transaction detected: PID 34001 running for 420s.
  Query: SELECT * FROM orders WHERE status = 'PENDING' AND created_at < NOW() - INTERVAL '1 day' ORDER BY created_at DESC;
  Execution State: active | Wait Event: IO:DataFileRead | Locks Held: ExclusiveLock on relation 'orders'
  Context: Unindexed sequential scan (seq_scan) on table 'orders' (12,450,000 rows scanned).

2026-08-30T16:57:53.949844Z WARNING [QueryMonitor-85] postgres.slow_query - Long running transaction detected: PID 24781 running for 682s.
  Query: SELECT * FROM orders WHERE status = 'PENDING' AND created_at < NOW() - INTERVAL '1 day' ORDER BY created_at DESC;
  Execution State: active | Wait Event: IO:DataFileRead | Locks Held: ExclusiveLock on relation 'orders'
  Context: Unindexed sequential scan (seq_scan) on table 'orders' (12,450,000 rows scanned).

2026-08-30T16:57:56.955923Z CRITICAL [RedisEvent-91] redis.cluster.memory - Redis OOM threshold reached. Used: 2048MB / Max: 2048MB.
  Command 'SET' rejected for key 'cache:session:70245'. Policy 'noeviction' prevented key removal.

2026-08-30T16:58:17.999045Z CRITICAL [RedisEvent-51] redis.cluster.memory - Redis OOM threshold reached. Used: 2048MB / Max: 2048MB.
  Command 'SET' rejected for key 'cache:session:78705'. Policy 'noeviction' prevented key removal.

2026-08-30T16:58:21.004757Z WARNING [QueryMonitor-73] postgres.slow_query - Long running transaction detected: PID 65545 running for 473s.
  Query: SELECT * FROM orders WHERE status = 'PENDING' AND created_at < NOW() - INTERVAL '1 day' ORDER BY created_at DESC;
  Execution State: active | Wait Event: IO:DataFileRead | Locks Held: ExclusiveLock on relation 'orders'
  Context: Unindexed sequential scan (seq_scan) on table 'orders' (12,450,000 rows scanned).

2026-08-30T16:58:24.011806Z ERROR [DBPool-66] postgres.connection.pool - Connection acquire timeout after 5000ms. Active: 100/100, Idle: 0, Waiting: 42.
  SQL State: 53300 (too_many_connections) - User 'app_user' has reached maximum allowed connections.

2026-08-30T16:58:30.029545Z ERROR [DBPool-43] postgres.connection.pool - Connection acquire timeout after 5000ms. Active: 100/100, Idle: 0, Waiting: 42.
  SQL State: 53300 (too_many_connections) - User 'app_user' has reached maximum allowed connections.

2026-08-30T16:58:33.035865Z ERROR [DBPool-52] postgres.connection.pool - Connection acquire timeout after 5000ms. Active: 100/100, Idle: 0, Waiting: 42.
  SQL State: 53300 (too_many_connections) - User 'app_user' has reached maximum allowed connections.

2026-08-30T16:58:36.043091Z ERROR [DBPool-23] postgres.connection.pool - Connection acquire timeout after 5000ms. Active: 100/100, Idle: 0, Waiting: 42.
  SQL State: 53300 (too_many_connections) - User 'app_user' has reached maximum allowed connections.

2026-08-30T16:58:45.082938Z WARNING [QueryMonitor-27] postgres.slow_query - Long running transaction detected: PID 21721 running for 714s.
  Query: SELECT * FROM orders WHERE status = 'PENDING' AND created_at < NOW() - INTERVAL '1 day' ORDER BY created_at DESC;
  Execution State: active | Wait Event: IO:DataFileRead | Locks Held: ExclusiveLock on relation 'orders'
  Context: Unindexed sequential scan (seq_scan) on table 'orders' (12,450,000 rows scanned).

2026-08-30T16:58:48.091072Z WARNING [QueryMonitor-56] postgres.slow_query - Long running transaction detected: PID 73262 running for 387s.
  Query: SELECT * FROM orders WHERE status = 'PENDING' AND created_at < NOW() - INTERVAL '1 day' ORDER BY created_at DESC;
  Execution State: active | Wait Event: IO:DataFileRead | Locks Held: ExclusiveLock on relation 'orders'
  Context: Unindexed sequential scan (seq_scan) on table 'orders' (12,450,000 rows scanned).

2026-08-30T16:58:57.108929Z ERROR [DBPool-88] postgres.connection.pool - Connection acquire timeout after 5000ms. Active: 100/100, Idle: 0, Waiting: 42.
  SQL State: 53300 (too_many_connections) - User 'app_user' has reached maximum allowed connections.

2026-08-30T16:59:12.148250Z ERROR [DBPool-25] postgres.connection.pool - Connection acquire timeout after 5000ms. Active: 100/100, Idle: 0, Waiting: 42.
  SQL State: 53300 (too_many_connections) - User 'app_user' has reached maximum allowed connections.

2026-08-30T16:59:27.177894Z ERROR [DBPool-44] postgres.connection.pool - Connection acquire timeout after 5000ms. Active: 100/100, Idle: 0, Waiting: 42.
  SQL State: 53300 (too_many_connections) - User 'app_user' has reached maximum allowed connections.

2026-08-30T16:59:33.190001Z CRITICAL [RedisEvent-19] redis.cluster.memory - Redis OOM threshold reached. Used: 2048MB / Max: 2048MB.
  Command 'SET' rejected for key 'cache:session:21265'. Policy 'noeviction' prevented key removal.

2026-08-30T16:59:36.195617Z CRITICAL [RedisEvent-13] redis.cluster.memory - Redis OOM threshold reached. Used: 2048MB / Max: 2048MB.
  Command 'SET' rejected for key 'cache:session:18636'. Policy 'noeviction' prevented key removal.

2026-08-30T16:59:54.242133Z WARNING [QueryMonitor-76] postgres.slow_query - Long running transaction detected: PID 23324 running for 641s.
  Query: SELECT * FROM orders WHERE status = 'PENDING' AND created_at < NOW() - INTERVAL '1 day' ORDER BY created_at DESC;
  Execution State: active | Wait Event: IO:DataFileRead | Locks Held: ExclusiveLock on relation 'orders'
  Context: Unindexed sequential scan (seq_scan) on table 'orders' (12,450,000 rows scanned).

2026-08-30T16:59:57.248363Z ERROR [DBPool-49] postgres.connection.pool - Connection acquire timeout after 5000ms. Active: 100/100, Idle: 0, Waiting: 42.
  SQL State: 53300 (too_many_connections) - User 'app_user' has reached maximum allowed connections.

2026-08-30T17:00:06.266496Z CRITICAL [RedisEvent-31] redis.cluster.memory - Redis OOM threshold reached. Used: 2048MB / Max: 2048MB.
  Command 'SET' rejected for key 'cache:session:37473'. Policy 'noeviction' prevented key removal.

2026-08-30T17:00:15.285796Z WARNING [QueryMonitor-44] postgres.slow_query - Long running transaction detected: PID 75546 running for 472s.
  Query: SELECT * FROM orders WHERE status = 'PENDING' AND created_at < NOW() - INTERVAL '1 day' ORDER BY created_at DESC;
  Execution State: active | Wait Event: IO:DataFileRead | Locks Held: ExclusiveLock on relation 'orders'
  Context: Unindexed sequential scan (seq_scan) on table 'orders' (12,450,000 rows scanned).

2026-08-30T17:00:21.297800Z ERROR [DBPool-65] postgres.connection.pool - Connection acquire timeout after 5000ms. Active: 100/100, Idle: 0, Waiting: 42.
  SQL State: 53300 (too_many_connections) - User 'app_user' has reached maximum allowed connections.

2026-08-30T17:00:27.317218Z CRITICAL [RedisEvent-72] redis.cluster.memory - Redis OOM threshold reached. Used: 2048MB / Max: 2048MB.
  Command 'SET' rejected for key 'cache:session:97089'. Policy 'noeviction' prevented key removal.

2026-08-30T17:01:03.410293Z CRITICAL [RedisEvent-18] redis.cluster.memory - Redis OOM threshold reached. Used: 2048MB / Max: 2048MB.
  Command 'SET' rejected for key 'cache:session:58390'. Policy 'noeviction' prevented key removal.

2026-08-30T17:01:06.416437Z ERROR [DBPool-93] postgres.connection.pool - Connection acquire timeout after 5000ms. Active: 100/100, Idle: 0, Waiting: 42.
  SQL State: 53300 (too_many_connections) - User 'app_user' has reached maximum allowed connections.

2026-08-30T17:01:21.451201Z WARNING [QueryMonitor-15] postgres.slow_query - Long running transaction detected: PID 82528 running for 546s.
  Query: SELECT * FROM orders WHERE status = 'PENDING' AND created_at < NOW() - INTERVAL '1 day' ORDER BY created_at DESC;
  Execution State: active | Wait Event: IO:DataFileRead | Locks Held: ExclusiveLock on relation 'orders'
  Context: Unindexed sequential scan (seq_scan) on table 'orders' (12,450,000 rows scanned).

2026-08-30T17:01:33.483337Z WARNING [QueryMonitor-48] postgres.slow_query - Long running transaction detected: PID 20663 running for 550s.
  Query: SELECT * FROM orders WHERE status = 'PENDING' AND created_at < NOW() - INTERVAL '1 day' ORDER BY created_at DESC;
  Execution State: active | Wait Event: IO:DataFileRead | Locks Held: ExclusiveLock on relation 'orders'
  Context: Unindexed sequential scan (seq_scan) on table 'orders' (12,450,000 rows scanned).

2026-08-30T17:01:36.488764Z WARNING [QueryMonitor-70] postgres.slow_query - Long running transaction detected: PID 81318 running for 397s.
  Query: SELECT * FROM orders WHERE status = 'PENDING' AND created_at < NOW() - INTERVAL '1 day' ORDER BY created_at DESC;
  Execution State: active | Wait Event: IO:DataFileRead | Locks Held: ExclusiveLock on relation 'orders'
  Context: Unindexed sequential scan (seq_scan) on table 'orders' (12,450,000 rows scanned).

2026-08-30T17:02:00.540820Z WARNING [QueryMonitor-54] postgres.slow_query - Long running transaction detected: PID 69335 running for 406s.
  Query: SELECT * FROM orders WHERE status = 'PENDING' AND created_at < NOW() - INTERVAL '1 day' ORDER BY created_at DESC;
  Execution State: active | Wait Event: IO:DataFileRead | Locks Held: ExclusiveLock on relation 'orders'
  Context: Unindexed sequential scan (seq_scan) on table 'orders' (12,450,000 rows scanned).

2026-08-30T17:02:03.547053Z WARNING [QueryMonitor-57] postgres.slow_query - Long running transaction detected: PID 22316 running for 656s.
  Query: SELECT * FROM orders WHERE status = 'PENDING' AND created_at < NOW() - INTERVAL '1 day' ORDER BY created_at DESC;
  Execution State: active | Wait Event: IO:DataFileRead | Locks Held: ExclusiveLock on relation 'orders'
  Context: Unindexed sequential scan (seq_scan) on table 'orders' (12,450,000 rows scanned).

2026-08-30T17:02:15.570619Z WARNING [QueryMonitor-27] postgres.slow_query - Long running transaction detected: PID 23851 running for 514s.
  Query: SELECT * FROM orders WHERE status = 'PENDING' AND created_at < NOW() - INTERVAL '1 day' ORDER BY created_at DESC;
  Execution State: active | Wait Event: IO:DataFileRead | Locks Held: ExclusiveLock on relation 'orders'
  Context: Unindexed sequential scan (seq_scan) on table 'orders' (12,450,000 rows scanned).

2026-08-30T17:02:21.585327Z CRITICAL [RedisEvent-56] redis.cluster.memory - Redis OOM threshold reached. Used: 2048MB / Max: 2048MB.
  Command 'SET' rejected for key 'cache:session:82681'. Policy 'noeviction' prevented key removal.

2026-08-30T17:02:39.626708Z WARNING [QueryMonitor-73] postgres.slow_query - Long running transaction detected: PID 74974 running for 562s.
  Query: SELECT * FROM orders WHERE status = 'PENDING' AND created_at < NOW() - INTERVAL '1 day' ORDER BY created_at DESC;
  Execution State: active | Wait Event: IO:DataFileRead | Locks Held: ExclusiveLock on relation 'orders'
  Context: Unindexed sequential scan (seq_scan) on table 'orders' (12,450,000 rows scanned).

2026-08-30T17:02:45.636861Z WARNING [QueryMonitor-41] postgres.slow_query - Long running transaction detected: PID 35608 running for 457s.
  Query: SELECT * FROM orders WHERE status = 'PENDING' AND created_at < NOW() - INTERVAL '1 day' ORDER BY created_at DESC;
  Execution State: active | Wait Event: IO:DataFileRead | Locks Held: ExclusiveLock on relation 'orders'
  Context: Unindexed sequential scan (seq_scan) on table 'orders' (12,450,000 rows scanned).

2026-08-30T17:02:54.654630Z WARNING [QueryMonitor-61] postgres.slow_query - Long running transaction detected: PID 68298 running for 649s.
  Query: SELECT * FROM orders WHERE status = 'PENDING' AND created_at < NOW() - INTERVAL '1 day' ORDER BY created_at DESC;
  Execution State: active | Wait Event: IO:DataFileRead | Locks Held: ExclusiveLock on relation 'orders'
  Context: Unindexed sequential scan (seq_scan) on table 'orders' (12,450,000 rows scanned).

2026-08-30T17:03:45.806578Z ERROR [DBPool-50] postgres.connection.pool - Connection acquire timeout after 5000ms. Active: 100/100, Idle: 0, Waiting: 42.
  SQL State: 53300 (too_many_connections) - User 'app_user' has reached maximum allowed connections.

2026-08-30T17:04:12.861202Z WARNING [QueryMonitor-88] postgres.slow_query - Long running transaction detected: PID 53964 running for 774s.
  Query: SELECT * FROM orders WHERE status = 'PENDING' AND created_at < NOW() - INTERVAL '1 day' ORDER BY created_at DESC;
  Execution State: active | Wait Event: IO:DataFileRead | Locks Held: ExclusiveLock on relation 'orders'
  Context: Unindexed sequential scan (seq_scan) on table 'orders' (12,450,000 rows scanned).

2026-08-30T17:04:15.873260Z CRITICAL [RedisEvent-34] redis.cluster.memory - Redis OOM threshold reached. Used: 2048MB / Max: 2048MB.
  Command 'SET' rejected for key 'cache:session:32216'. Policy 'noeviction' prevented key removal.

2026-08-30T17:04:30.911533Z WARNING [QueryMonitor-32] postgres.slow_query - Long running transaction detected: PID 72032 running for 822s.
  Query: SELECT * FROM orders WHERE status = 'PENDING' AND created_at < NOW() - INTERVAL '1 day' ORDER BY created_at DESC;
  Execution State: active | Wait Event: IO:DataFileRead | Locks Held: ExclusiveLock on relation 'orders'
  Context: Unindexed sequential scan (seq_scan) on table 'orders' (12,450,000 rows scanned).

2026-08-30T17:04:36.923613Z ERROR [DBPool-94] postgres.connection.pool - Connection acquire timeout after 5000ms. Active: 100/100, Idle: 0, Waiting: 42.
  SQL State: 53300 (too_many_connections) - User 'app_user' has reached maximum allowed connections.

2026-08-30T17:04:45.951048Z WARNING [QueryMonitor-92] postgres.slow_query - Long running transaction detected: PID 71177 running for 725s.
  Query: SELECT * FROM orders WHERE status = 'PENDING' AND created_at < NOW() - INTERVAL '1 day' ORDER BY created_at DESC;
  Execution State: active | Wait Event: IO:DataFileRead | Locks Held: ExclusiveLock on relation 'orders'
  Context: Unindexed sequential scan (seq_scan) on table 'orders' (12,450,000 rows scanned).

2026-08-30T17:04:57.982848Z WARNING [QueryMonitor-10] postgres.slow_query - Long running transaction detected: PID 83413 running for 494s.
  Query: SELECT * FROM orders WHERE status = 'PENDING' AND created_at < NOW() - INTERVAL '1 day' ORDER BY created_at DESC;
  Execution State: active | Wait Event: IO:DataFileRead | Locks Held: ExclusiveLock on relation 'orders'
  Context: Unindexed sequential scan (seq_scan) on table 'orders' (12,450,000 rows scanned).

2026-08-30T17:05:04.007217Z WARNING [QueryMonitor-56] postgres.slow_query - Long running transaction detected: PID 34735 running for 491s.
  Query: SELECT * FROM orders WHERE status = 'PENDING' AND created_at < NOW() - INTERVAL '1 day' ORDER BY created_at DESC;
  Execution State: active | Wait Event: IO:DataFileRead | Locks Held: ExclusiveLock on relation 'orders'
  Context: Unindexed sequential scan (seq_scan) on table 'orders' (12,450,000 rows scanned).

2026-08-30T17:05:07.014659Z ERROR [DBPool-92] postgres.connection.pool - Connection acquire timeout after 5000ms. Active: 100/100, Idle: 0, Waiting: 42.
  SQL State: 53300 (too_many_connections) - User 'app_user' has reached maximum allowed connections.

2026-08-30T17:05:31.077255Z ERROR [DBPool-96] postgres.connection.pool - Connection acquire timeout after 5000ms. Active: 100/100, Idle: 0, Waiting: 42.
  SQL State: 53300 (too_many_connections) - User 'app_user' has reached maximum allowed connections.

2026-08-30T17:05:46.125539Z WARNING [QueryMonitor-13] postgres.slow_query - Long running transaction detected: PID 84361 running for 543s.
  Query: SELECT * FROM orders WHERE status = 'PENDING' AND created_at < NOW() - INTERVAL '1 day' ORDER BY created_at DESC;
  Execution State: active | Wait Event: IO:DataFileRead | Locks Held: ExclusiveLock on relation 'orders'
  Context: Unindexed sequential scan (seq_scan) on table 'orders' (12,450,000 rows scanned).

2026-08-30T17:05:49.132998Z CRITICAL [RedisEvent-70] redis.cluster.memory - Redis OOM threshold reached. Used: 2048MB / Max: 2048MB.
  Command 'SET' rejected for key 'cache:session:95104'. Policy 'noeviction' prevented key removal.

2026-08-30T17:05:58.160036Z ERROR [DBPool-71] postgres.connection.pool - Connection acquire timeout after 5000ms. Active: 100/100, Idle: 0, Waiting: 42.
  SQL State: 53300 (too_many_connections) - User 'app_user' has reached maximum allowed connections.

2026-08-30T17:06:07.177315Z WARNING [QueryMonitor-84] postgres.slow_query - Long running transaction detected: PID 46111 running for 493s.
  Query: SELECT * FROM orders WHERE status = 'PENDING' AND created_at < NOW() - INTERVAL '1 day' ORDER BY created_at DESC;
  Execution State: active | Wait Event: IO:DataFileRead | Locks Held: ExclusiveLock on relation 'orders'
  Context: Unindexed sequential scan (seq_scan) on table 'orders' (12,450,000 rows scanned).

2026-08-30T17:06:10.182935Z ERROR [DBPool-66] postgres.connection.pool - Connection acquire timeout after 5000ms. Active: 100/100, Idle: 0, Waiting: 42.
  SQL State: 53300 (too_many_connections) - User 'app_user' has reached maximum allowed connections.

2026-08-30T17:06:16.195359Z ERROR [DBPool-55] postgres.connection.pool - Connection acquire timeout after 5000ms. Active: 100/100, Idle: 0, Waiting: 42.
  SQL State: 53300 (too_many_connections) - User 'app_user' has reached maximum allowed connections.

2026-08-30T17:06:25.215675Z ERROR [DBPool-53] postgres.connection.pool - Connection acquire timeout after 5000ms. Active: 100/100, Idle: 0, Waiting: 42.
  SQL State: 53300 (too_many_connections) - User 'app_user' has reached maximum allowed connections.

2026-08-30T17:06:28.227039Z ERROR [DBPool-20] postgres.connection.pool - Connection acquire timeout after 5000ms. Active: 100/100, Idle: 0, Waiting: 42.
  SQL State: 53300 (too_many_connections) - User 'app_user' has reached maximum allowed connections.

2026-08-30T17:06:31.241522Z WARNING [QueryMonitor-14] postgres.slow_query - Long running transaction detected: PID 39435 running for 735s.
  Query: SELECT * FROM orders WHERE status = 'PENDING' AND created_at < NOW() - INTERVAL '1 day' ORDER BY created_at DESC;
  Execution State: active | Wait Event: IO:DataFileRead | Locks Held: ExclusiveLock on relation 'orders'
  Context: Unindexed sequential scan (seq_scan) on table 'orders' (12,450,000 rows scanned).

2026-08-30T17:06:52.288638Z CRITICAL [RedisEvent-34] redis.cluster.memory - Redis OOM threshold reached. Used: 2048MB / Max: 2048MB.
  Command 'SET' rejected for key 'cache:session:20985'. Policy 'noeviction' prevented key removal.

2026-08-30T17:06:55.297526Z WARNING [QueryMonitor-87] postgres.slow_query - Long running transaction detected: PID 30885 running for 704s.
  Query: SELECT * FROM orders WHERE status = 'PENDING' AND created_at < NOW() - INTERVAL '1 day' ORDER BY created_at DESC;
  Execution State: active | Wait Event: IO:DataFileRead | Locks Held: ExclusiveLock on relation 'orders'
  Context: Unindexed sequential scan (seq_scan) on table 'orders' (12,450,000 rows scanned).

2026-08-30T17:07:04.315638Z WARNING [QueryMonitor-80] postgres.slow_query - Long running transaction detected: PID 27651 running for 668s.
  Query: SELECT * FROM orders WHERE status = 'PENDING' AND created_at < NOW() - INTERVAL '1 day' ORDER BY created_at DESC;
  Execution State: active | Wait Event: IO:DataFileRead | Locks Held: ExclusiveLock on relation 'orders'
  Context: Unindexed sequential scan (seq_scan) on table 'orders' (12,450,000 rows scanned).

2026-08-30T17:07:13.339286Z WARNING [QueryMonitor-42] postgres.slow_query - Long running transaction detected: PID 51109 running for 685s.
  Query: SELECT * FROM orders WHERE status = 'PENDING' AND created_at < NOW() - INTERVAL '1 day' ORDER BY created_at DESC;
  Execution State: active | Wait Event: IO:DataFileRead | Locks Held: ExclusiveLock on relation 'orders'
  Context: Unindexed sequential scan (seq_scan) on table 'orders' (12,450,000 rows scanned).

2026-08-30T17:07:16.344797Z CRITICAL [RedisEvent-98] redis.cluster.memory - Redis OOM threshold reached. Used: 2048MB / Max: 2048MB.
  Command 'SET' rejected for key 'cache:session:83518'. Policy 'noeviction' prevented key removal.

2026-08-30T17:07:31.376973Z CRITICAL [RedisEvent-11] redis.cluster.memory - Redis OOM threshold reached. Used: 2048MB / Max: 2048MB.
  Command 'SET' rejected for key 'cache:session:77344'. Policy 'noeviction' prevented key removal.

2026-08-30T17:07:52.420337Z ERROR [DBPool-51] postgres.connection.pool - Connection acquire timeout after 5000ms. Active: 100/100, Idle: 0, Waiting: 42.
  SQL State: 53300 (too_many_connections) - User 'app_user' has reached maximum allowed connections.

2026-08-30T17:08:01.444593Z WARNING [QueryMonitor-66] postgres.slow_query - Long running transaction detected: PID 80816 running for 585s.
  Query: SELECT * FROM orders WHERE status = 'PENDING' AND created_at < NOW() - INTERVAL '1 day' ORDER BY created_at DESC;
  Execution State: active | Wait Event: IO:DataFileRead | Locks Held: ExclusiveLock on relation 'orders'
  Context: Unindexed sequential scan (seq_scan) on table 'orders' (12,450,000 rows scanned).

2026-08-30T17:08:04.450877Z WARNING [QueryMonitor-76] postgres.slow_query - Long running transaction detected: PID 95363 running for 644s.
  Query: SELECT * FROM orders WHERE status = 'PENDING' AND created_at < NOW() - INTERVAL '1 day' ORDER BY created_at DESC;
  Execution State: active | Wait Event: IO:DataFileRead | Locks Held: ExclusiveLock on relation 'orders'
  Context: Unindexed sequential scan (seq_scan) on table 'orders' (12,450,000 rows scanned).

2026-08-30T17:08:13.468125Z WARNING [QueryMonitor-15] postgres.slow_query - Long running transaction detected: PID 50775 running for 653s.
  Query: SELECT * FROM orders WHERE status = 'PENDING' AND created_at < NOW() - INTERVAL '1 day' ORDER BY created_at DESC;
  Execution State: active | Wait Event: IO:DataFileRead | Locks Held: ExclusiveLock on relation 'orders'
  Context: Unindexed sequential scan (seq_scan) on table 'orders' (12,450,000 rows scanned).

2026-08-30T17:08:22.492772Z ERROR [DBPool-71] postgres.connection.pool - Connection acquire timeout after 5000ms. Active: 100/100, Idle: 0, Waiting: 42.
  SQL State: 53300 (too_many_connections) - User 'app_user' has reached maximum allowed connections.

2026-08-30T17:08:34.520150Z WARNING [QueryMonitor-10] postgres.slow_query - Long running transaction detected: PID 51910 running for 807s.
  Query: SELECT * FROM orders WHERE status = 'PENDING' AND created_at < NOW() - INTERVAL '1 day' ORDER BY created_at DESC;
  Execution State: active | Wait Event: IO:DataFileRead | Locks Held: ExclusiveLock on relation 'orders'
  Context: Unindexed sequential scan (seq_scan) on table 'orders' (12,450,000 rows scanned).

2026-08-30T17:08:37.526597Z WARNING [QueryMonitor-80] postgres.slow_query - Long running transaction detected: PID 63812 running for 420s.
  Query: SELECT * FROM orders WHERE status = 'PENDING' AND created_at < NOW() - INTERVAL '1 day' ORDER BY created_at DESC;
  Execution State: active | Wait Event: IO:DataFileRead | Locks Held: ExclusiveLock on relation 'orders'
  Context: Unindexed sequential scan (seq_scan) on table 'orders' (12,450,000 rows scanned).

2026-08-30T17:08:43.554517Z WARNING [QueryMonitor-56] postgres.slow_query - Long running transaction detected: PID 56641 running for 463s.
  Query: SELECT * FROM orders WHERE status = 'PENDING' AND created_at < NOW() - INTERVAL '1 day' ORDER BY created_at DESC;
  Execution State: active | Wait Event: IO:DataFileRead | Locks Held: ExclusiveLock on relation 'orders'
  Context: Unindexed sequential scan (seq_scan) on table 'orders' (12,450,000 rows scanned).

2026-08-30T17:08:55.582863Z ERROR [DBPool-72] postgres.connection.pool - Connection acquire timeout after 5000ms. Active: 100/100, Idle: 0, Waiting: 42.
  SQL State: 53300 (too_many_connections) - User 'app_user' has reached maximum allowed connections.

2026-08-30T17:08:58.588922Z ERROR [DBPool-44] postgres.connection.pool - Connection acquire timeout after 5000ms. Active: 100/100, Idle: 0, Waiting: 42.
  SQL State: 53300 (too_many_connections) - User 'app_user' has reached maximum allowed connections.

2026-08-30T17:09:04.601166Z ERROR [DBPool-62] postgres.connection.pool - Connection acquire timeout after 5000ms. Active: 100/100, Idle: 0, Waiting: 42.
  SQL State: 53300 (too_many_connections) - User 'app_user' has reached maximum allowed connections.

2026-08-30T17:09:16.636426Z ERROR [DBPool-11] postgres.connection.pool - Connection acquire timeout after 5000ms. Active: 100/100, Idle: 0, Waiting: 42.
  SQL State: 53300 (too_many_connections) - User 'app_user' has reached maximum allowed connections.

2026-08-30T17:09:25.661994Z CRITICAL [RedisEvent-50] redis.cluster.memory - Redis OOM threshold reached. Used: 2048MB / Max: 2048MB.
  Command 'SET' rejected for key 'cache:session:85516'. Policy 'noeviction' prevented key removal.

2026-08-30T17:09:34.693225Z CRITICAL [RedisEvent-68] redis.cluster.memory - Redis OOM threshold reached. Used: 2048MB / Max: 2048MB.
  Command 'SET' rejected for key 'cache:session:84407'. Policy 'noeviction' prevented key removal.

2026-08-30T17:09:40.709240Z WARNING [QueryMonitor-86] postgres.slow_query - Long running transaction detected: PID 31374 running for 740s.
  Query: SELECT * FROM orders WHERE status = 'PENDING' AND created_at < NOW() - INTERVAL '1 day' ORDER BY created_at DESC;
  Execution State: active | Wait Event: IO:DataFileRead | Locks Held: ExclusiveLock on relation 'orders'
  Context: Unindexed sequential scan (seq_scan) on table 'orders' (12,450,000 rows scanned).

2026-08-30T17:09:49.733766Z CRITICAL [RedisEvent-41] redis.cluster.memory - Redis OOM threshold reached. Used: 2048MB / Max: 2048MB.
  Command 'SET' rejected for key 'cache:session:16360'. Policy 'noeviction' prevented key removal.

2026-08-30T17:09:58.752137Z WARNING [QueryMonitor-58] postgres.slow_query - Long running transaction detected: PID 67255 running for 429s.
  Query: SELECT * FROM orders WHERE status = 'PENDING' AND created_at < NOW() - INTERVAL '1 day' ORDER BY created_at DESC;
  Execution State: active | Wait Event: IO:DataFileRead | Locks Held: ExclusiveLock on relation 'orders'
  Context: Unindexed sequential scan (seq_scan) on table 'orders' (12,450,000 rows scanned).

2026-08-30T17:10:01.757765Z WARNING [QueryMonitor-98] postgres.slow_query - Long running transaction detected: PID 83940 running for 834s.
  Query: SELECT * FROM orders WHERE status = 'PENDING' AND created_at < NOW() - INTERVAL '1 day' ORDER BY created_at DESC;
  Execution State: active | Wait Event: IO:DataFileRead | Locks Held: ExclusiveLock on relation 'orders'
  Context: Unindexed sequential scan (seq_scan) on table 'orders' (12,450,000 rows scanned).

2026-08-30T17:10:07.772838Z ERROR [DBPool-72] postgres.connection.pool - Connection acquire timeout after 5000ms. Active: 100/100, Idle: 0, Waiting: 42.
  SQL State: 53300 (too_many_connections) - User 'app_user' has reached maximum allowed connections.

2026-08-30T17:10:13.785975Z WARNING [QueryMonitor-80] postgres.slow_query - Long running transaction detected: PID 56370 running for 451s.
  Query: SELECT * FROM orders WHERE status = 'PENDING' AND created_at < NOW() - INTERVAL '1 day' ORDER BY created_at DESC;
  Execution State: active | Wait Event: IO:DataFileRead | Locks Held: ExclusiveLock on relation 'orders'
  Context: Unindexed sequential scan (seq_scan) on table 'orders' (12,450,000 rows scanned).

2026-08-30T17:10:25.821756Z CRITICAL [RedisEvent-11] redis.cluster.memory - Redis OOM threshold reached. Used: 2048MB / Max: 2048MB.
  Command 'SET' rejected for key 'cache:session:51401'. Policy 'noeviction' prevented key removal.

2026-08-30T17:10:37.853950Z WARNING [QueryMonitor-89] postgres.slow_query - Long running transaction detected: PID 60965 running for 805s.
  Query: SELECT * FROM orders WHERE status = 'PENDING' AND created_at < NOW() - INTERVAL '1 day' ORDER BY created_at DESC;
  Execution State: active | Wait Event: IO:DataFileRead | Locks Held: ExclusiveLock on relation 'orders'
  Context: Unindexed sequential scan (seq_scan) on table 'orders' (12,450,000 rows scanned).

2026-08-30T17:11:05.128988Z WARNING [QueryMonitor-21] postgres.slow_query - Long running transaction detected: PID 87209 running for 721s.
  Query: SELECT * FROM orders WHERE status = 'PENDING' AND created_at < NOW() - INTERVAL '1 day' ORDER BY created_at DESC;
  Execution State: active | Wait Event: IO:DataFileRead | Locks Held: ExclusiveLock on relation 'orders'
  Context: Unindexed sequential scan (seq_scan) on table 'orders' (12,450,000 rows scanned).

2026-08-30T17:11:11.141252Z WARNING [QueryMonitor-78] postgres.slow_query - Long running transaction detected: PID 20639 running for 375s.
  Query: SELECT * FROM orders WHERE status = 'PENDING' AND created_at < NOW() - INTERVAL '1 day' ORDER BY created_at DESC;
  Execution State: active | Wait Event: IO:DataFileRead | Locks Held: ExclusiveLock on relation 'orders'
  Context: Unindexed sequential scan (seq_scan) on table 'orders' (12,450,000 rows scanned).

2026-08-30T17:11:14.154341Z ERROR [DBPool-70] postgres.connection.pool - Connection acquire timeout after 5000ms. Active: 100/100, Idle: 0, Waiting: 42.
  SQL State: 53300 (too_many_connections) - User 'app_user' has reached maximum allowed connections.

2026-08-30T17:11:20.169941Z CRITICAL [RedisEvent-63] redis.cluster.memory - Redis OOM threshold reached. Used: 2048MB / Max: 2048MB.
  Command 'SET' rejected for key 'cache:session:66644'. Policy 'noeviction' prevented key removal.

2026-08-30T17:11:23.175352Z CRITICAL [RedisEvent-82] redis.cluster.memory - Redis OOM threshold reached. Used: 2048MB / Max: 2048MB.
  Command 'SET' rejected for key 'cache:session:13543'. Policy 'noeviction' prevented key removal.

2026-08-30T17:11:32.198379Z CRITICAL [RedisEvent-96] redis.cluster.memory - Redis OOM threshold reached. Used: 2048MB / Max: 2048MB.
  Command 'SET' rejected for key 'cache:session:59919'. Policy 'noeviction' prevented key removal.

2026-08-30T17:11:35.212439Z CRITICAL [RedisEvent-43] redis.cluster.memory - Redis OOM threshold reached. Used: 2048MB / Max: 2048MB.
  Command 'SET' rejected for key 'cache:session:94768'. Policy 'noeviction' prevented key removal.

2026-08-30T17:11:53.259044Z CRITICAL [RedisEvent-40] redis.cluster.memory - Redis OOM threshold reached. Used: 2048MB / Max: 2048MB.
  Command 'SET' rejected for key 'cache:session:77191'. Policy 'noeviction' prevented key removal.

2026-08-30T17:12:02.285024Z WARNING [QueryMonitor-61] postgres.slow_query - Long running transaction detected: PID 48987 running for 378s.
  Query: SELECT * FROM orders WHERE status = 'PENDING' AND created_at < NOW() - INTERVAL '1 day' ORDER BY created_at DESC;
  Execution State: active | Wait Event: IO:DataFileRead | Locks Held: ExclusiveLock on relation 'orders'
  Context: Unindexed sequential scan (seq_scan) on table 'orders' (12,450,000 rows scanned).

2026-08-30T17:12:14.336199Z ERROR [DBPool-51] postgres.connection.pool - Connection acquire timeout after 5000ms. Active: 100/100, Idle: 0, Waiting: 42.
  SQL State: 53300 (too_many_connections) - User 'app_user' has reached maximum allowed connections.

2026-08-30T17:12:26.373233Z ERROR [DBPool-77] postgres.connection.pool - Connection acquire timeout after 5000ms. Active: 100/100, Idle: 0, Waiting: 42.
  SQL State: 53300 (too_many_connections) - User 'app_user' has reached maximum allowed connections.

2026-08-30T17:12:47.439359Z ERROR [DBPool-29] postgres.connection.pool - Connection acquire timeout after 5000ms. Active: 100/100, Idle: 0, Waiting: 42.
  SQL State: 53300 (too_many_connections) - User 'app_user' has reached maximum allowed connections.

2026-08-30T17:12:53.451936Z CRITICAL [RedisEvent-76] redis.cluster.memory - Redis OOM threshold reached. Used: 2048MB / Max: 2048MB.
  Command 'SET' rejected for key 'cache:session:23087'. Policy 'noeviction' prevented key removal.

2026-08-30T17:13:02.470051Z ERROR [DBPool-78] postgres.connection.pool - Connection acquire timeout after 5000ms. Active: 100/100, Idle: 0, Waiting: 42.
  SQL State: 53300 (too_many_connections) - User 'app_user' has reached maximum allowed connections.

2026-08-30T17:13:17.509988Z ERROR [DBPool-69] postgres.connection.pool - Connection acquire timeout after 5000ms. Active: 100/100, Idle: 0, Waiting: 42.
  SQL State: 53300 (too_many_connections) - User 'app_user' has reached maximum allowed connections.

2026-08-30T17:13:26.538648Z WARNING [QueryMonitor-77] postgres.slow_query - Long running transaction detected: PID 84454 running for 839s.
  Query: SELECT * FROM orders WHERE status = 'PENDING' AND created_at < NOW() - INTERVAL '1 day' ORDER BY created_at DESC;
  Execution State: active | Wait Event: IO:DataFileRead | Locks Held: ExclusiveLock on relation 'orders'
  Context: Unindexed sequential scan (seq_scan) on table 'orders' (12,450,000 rows scanned).

2026-08-30T17:13:32.556854Z ERROR [DBPool-43] postgres.connection.pool - Connection acquire timeout after 5000ms. Active: 100/100, Idle: 0, Waiting: 42.
  SQL State: 53300 (too_many_connections) - User 'app_user' has reached maximum allowed connections.

2026-08-30T17:13:38.579332Z CRITICAL [RedisEvent-23] redis.cluster.memory - Redis OOM threshold reached. Used: 2048MB / Max: 2048MB.
  Command 'SET' rejected for key 'cache:session:59194'. Policy 'noeviction' prevented key removal.

2026-08-30T17:13:53.618476Z WARNING [QueryMonitor-21] postgres.slow_query - Long running transaction detected: PID 73127 running for 435s.
  Query: SELECT * FROM orders WHERE status = 'PENDING' AND created_at < NOW() - INTERVAL '1 day' ORDER BY created_at DESC;
  Execution State: active | Wait Event: IO:DataFileRead | Locks Held: ExclusiveLock on relation 'orders'
  Context: Unindexed sequential scan (seq_scan) on table 'orders' (12,450,000 rows scanned).

2026-08-30T17:13:56.623626Z CRITICAL [RedisEvent-60] redis.cluster.memory - Redis OOM threshold reached. Used: 2048MB / Max: 2048MB.
  Command 'SET' rejected for key 'cache:session:19330'. Policy 'noeviction' prevented key removal.

2026-08-30T17:14:05.641700Z CRITICAL [RedisEvent-64] redis.cluster.memory - Redis OOM threshold reached. Used: 2048MB / Max: 2048MB.
  Command 'SET' rejected for key 'cache:session:10846'. Policy 'noeviction' prevented key removal.

2026-08-30T17:14:11.670317Z WARNING [QueryMonitor-62] postgres.slow_query - Long running transaction detected: PID 51804 running for 692s.
  Query: SELECT * FROM orders WHERE status = 'PENDING' AND created_at < NOW() - INTERVAL '1 day' ORDER BY created_at DESC;
  Execution State: active | Wait Event: IO:DataFileRead | Locks Held: ExclusiveLock on relation 'orders'
  Context: Unindexed sequential scan (seq_scan) on table 'orders' (12,450,000 rows scanned).

2026-08-30T17:14:35.745452Z CRITICAL [RedisEvent-30] redis.cluster.memory - Redis OOM threshold reached. Used: 2048MB / Max: 2048MB.
  Command 'SET' rejected for key 'cache:session:25345'. Policy 'noeviction' prevented key removal.

2026-08-30T17:14:38.753156Z CRITICAL [RedisEvent-97] redis.cluster.memory - Redis OOM threshold reached. Used: 2048MB / Max: 2048MB.
  Command 'SET' rejected for key 'cache:session:35731'. Policy 'noeviction' prevented key removal.

2026-08-30T17:14:44.772098Z ERROR [DBPool-20] postgres.connection.pool - Connection acquire timeout after 5000ms. Active: 100/100, Idle: 0, Waiting: 42.
  SQL State: 53300 (too_many_connections) - User 'app_user' has reached maximum allowed connections.

2026-08-30T17:14:47.778541Z CRITICAL [RedisEvent-13] redis.cluster.memory - Redis OOM threshold reached. Used: 2048MB / Max: 2048MB.
  Command 'SET' rejected for key 'cache:session:39300'. Policy 'noeviction' prevented key removal.

2026-08-30T17:14:50.793490Z CRITICAL [RedisEvent-67] redis.cluster.memory - Redis OOM threshold reached. Used: 2048MB / Max: 2048MB.
  Command 'SET' rejected for key 'cache:session:34600'. Policy 'noeviction' prevented key removal.

2026-08-30T17:15:17.865001Z CRITICAL [RedisEvent-69] redis.cluster.memory - Redis OOM threshold reached. Used: 2048MB / Max: 2048MB.
  Command 'SET' rejected for key 'cache:session:19987'. Policy 'noeviction' prevented key removal.

2026-08-30T17:15:26.888359Z WARNING [QueryMonitor-30] postgres.slow_query - Long running transaction detected: PID 19585 running for 837s.
  Query: SELECT * FROM orders WHERE status = 'PENDING' AND created_at < NOW() - INTERVAL '1 day' ORDER BY created_at DESC;
  Execution State: active | Wait Event: IO:DataFileRead | Locks Held: ExclusiveLock on relation 'orders'
  Context: Unindexed sequential scan (seq_scan) on table 'orders' (12,450,000 rows scanned).

2026-08-30T17:15:29.897178Z CRITICAL [RedisEvent-84] redis.cluster.memory - Redis OOM threshold reached. Used: 2048MB / Max: 2048MB.
  Command 'SET' rejected for key 'cache:session:28051'. Policy 'noeviction' prevented key removal.

2026-08-30T17:15:38.922619Z WARNING [QueryMonitor-50] postgres.slow_query - Long running transaction detected: PID 86520 running for 412s.
  Query: SELECT * FROM orders WHERE status = 'PENDING' AND created_at < NOW() - INTERVAL '1 day' ORDER BY created_at DESC;
  Execution State: active | Wait Event: IO:DataFileRead | Locks Held: ExclusiveLock on relation 'orders'
  Context: Unindexed sequential scan (seq_scan) on table 'orders' (12,450,000 rows scanned).

2026-08-30T17:15:50.959695Z WARNING [QueryMonitor-40] postgres.slow_query - Long running transaction detected: PID 57864 running for 762s.
  Query: SELECT * FROM orders WHERE status = 'PENDING' AND created_at < NOW() - INTERVAL '1 day' ORDER BY created_at DESC;
  Execution State: active | Wait Event: IO:DataFileRead | Locks Held: ExclusiveLock on relation 'orders'
  Context: Unindexed sequential scan (seq_scan) on table 'orders' (12,450,000 rows scanned).

2026-08-30T17:15:56.979248Z ERROR [DBPool-32] postgres.connection.pool - Connection acquire timeout after 5000ms. Active: 100/100, Idle: 0, Waiting: 42.
  SQL State: 53300 (too_many_connections) - User 'app_user' has reached maximum allowed connections.

2026-08-30T17:15:59.994766Z CRITICAL [RedisEvent-50] redis.cluster.memory - Redis OOM threshold reached. Used: 2048MB / Max: 2048MB.
  Command 'SET' rejected for key 'cache:session:28748'. Policy 'noeviction' prevented key removal.

2026-08-30T17:16:03.000752Z CRITICAL [RedisEvent-97] redis.cluster.memory - Redis OOM threshold reached. Used: 2048MB / Max: 2048MB.
  Command 'SET' rejected for key 'cache:session:52234'. Policy 'noeviction' prevented key removal.

2026-08-30T17:16:12.020702Z WARNING [QueryMonitor-77] postgres.slow_query - Long running transaction detected: PID 50844 running for 664s.
  Query: SELECT * FROM orders WHERE status = 'PENDING' AND created_at < NOW() - INTERVAL '1 day' ORDER BY created_at DESC;
  Execution State: active | Wait Event: IO:DataFileRead | Locks Held: ExclusiveLock on relation 'orders'
  Context: Unindexed sequential scan (seq_scan) on table 'orders' (12,450,000 rows scanned).

2026-08-30T17:16:18.037381Z CRITICAL [RedisEvent-86] redis.cluster.memory - Redis OOM threshold reached. Used: 2048MB / Max: 2048MB.
  Command 'SET' rejected for key 'cache:session:85795'. Policy 'noeviction' prevented key removal.

2026-08-30T17:16:33.072170Z CRITICAL [RedisEvent-21] redis.cluster.memory - Redis OOM threshold reached. Used: 2048MB / Max: 2048MB.
  Command 'SET' rejected for key 'cache:session:55918'. Policy 'noeviction' prevented key removal.

2026-08-30T17:16:36.078657Z ERROR [DBPool-14] postgres.connection.pool - Connection acquire timeout after 5000ms. Active: 100/100, Idle: 0, Waiting: 42.
  SQL State: 53300 (too_many_connections) - User 'app_user' has reached maximum allowed connections.

2026-08-30T17:16:45.107055Z ERROR [DBPool-19] postgres.connection.pool - Connection acquire timeout after 5000ms. Active: 100/100, Idle: 0, Waiting: 42.
  SQL State: 53300 (too_many_connections) - User 'app_user' has reached maximum allowed connections.

2026-08-30T17:16:51.245523Z CRITICAL [RedisEvent-19] redis.cluster.memory - Redis OOM threshold reached. Used: 2048MB / Max: 2048MB.
  Command 'SET' rejected for key 'cache:session:50340'. Policy 'noeviction' prevented key removal.

2026-08-30T17:16:57.256196Z WARNING [QueryMonitor-80] postgres.slow_query - Long running transaction detected: PID 95419 running for 635s.
  Query: SELECT * FROM orders WHERE status = 'PENDING' AND created_at < NOW() - INTERVAL '1 day' ORDER BY created_at DESC;
  Execution State: active | Wait Event: IO:DataFileRead | Locks Held: ExclusiveLock on relation 'orders'
  Context: Unindexed sequential scan (seq_scan) on table 'orders' (12,450,000 rows scanned).

2026-08-30T17:17:15.293582Z ERROR [DBPool-75] postgres.connection.pool - Connection acquire timeout after 5000ms. Active: 100/100, Idle: 0, Waiting: 42.
  SQL State: 53300 (too_many_connections) - User 'app_user' has reached maximum allowed connections.

2026-08-30T17:17:21.326060Z CRITICAL [RedisEvent-48] redis.cluster.memory - Redis OOM threshold reached. Used: 2048MB / Max: 2048MB.
  Command 'SET' rejected for key 'cache:session:84256'. Policy 'noeviction' prevented key removal.

2026-08-30T17:17:36.362791Z ERROR [DBPool-78] postgres.connection.pool - Connection acquire timeout after 5000ms. Active: 100/100, Idle: 0, Waiting: 42.
  SQL State: 53300 (too_many_connections) - User 'app_user' has reached maximum allowed connections.

2026-08-30T17:17:39.368857Z WARNING [QueryMonitor-47] postgres.slow_query - Long running transaction detected: PID 55616 running for 829s.
  Query: SELECT * FROM orders WHERE status = 'PENDING' AND created_at < NOW() - INTERVAL '1 day' ORDER BY created_at DESC;
  Execution State: active | Wait Event: IO:DataFileRead | Locks Held: ExclusiveLock on relation 'orders'
  Context: Unindexed sequential scan (seq_scan) on table 'orders' (12,450,000 rows scanned).

2026-08-30T17:18:00.729159Z CRITICAL [RedisEvent-19] redis.cluster.memory - Redis OOM threshold reached. Used: 2048MB / Max: 2048MB.
  Command 'SET' rejected for key 'cache:session:72481'. Policy 'noeviction' prevented key removal.

2026-08-30T17:18:09.762043Z ERROR [DBPool-87] postgres.connection.pool - Connection acquire timeout after 5000ms. Active: 100/100, Idle: 0, Waiting: 42.
  SQL State: 53300 (too_many_connections) - User 'app_user' has reached maximum allowed connections.

2026-08-30T17:18:15.773957Z CRITICAL [RedisEvent-97] redis.cluster.memory - Redis OOM threshold reached. Used: 2048MB / Max: 2048MB.
  Command 'SET' rejected for key 'cache:session:16714'. Policy 'noeviction' prevented key removal.

2026-08-30T17:18:24.792383Z ERROR [DBPool-85] postgres.connection.pool - Connection acquire timeout after 5000ms. Active: 100/100, Idle: 0, Waiting: 42.
  SQL State: 53300 (too_many_connections) - User 'app_user' has reached maximum allowed connections.

2026-08-30T17:18:30.803953Z CRITICAL [RedisEvent-58] redis.cluster.memory - Redis OOM threshold reached. Used: 2048MB / Max: 2048MB.
  Command 'SET' rejected for key 'cache:session:98436'. Policy 'noeviction' prevented key removal.

2026-08-30T17:18:33.811210Z ERROR [DBPool-89] postgres.connection.pool - Connection acquire timeout after 5000ms. Active: 100/100, Idle: 0, Waiting: 42.
  SQL State: 53300 (too_many_connections) - User 'app_user' has reached maximum allowed connections.

2026-08-30T17:18:39.824930Z CRITICAL [RedisEvent-37] redis.cluster.memory - Redis OOM threshold reached. Used: 2048MB / Max: 2048MB.
  Command 'SET' rejected for key 'cache:session:24164'. Policy 'noeviction' prevented key removal.

2026-08-30T17:18:54.859769Z WARNING [QueryMonitor-61] postgres.slow_query - Long running transaction detected: PID 39328 running for 346s.
  Query: SELECT * FROM orders WHERE status = 'PENDING' AND created_at < NOW() - INTERVAL '1 day' ORDER BY created_at DESC;
  Execution State: active | Wait Event: IO:DataFileRead | Locks Held: ExclusiveLock on relation 'orders'
  Context: Unindexed sequential scan (seq_scan) on table 'orders' (12,450,000 rows scanned).

2026-08-30T17:18:57.865555Z ERROR [DBPool-68] postgres.connection.pool - Connection acquire timeout after 5000ms. Active: 100/100, Idle: 0, Waiting: 42.
  SQL State: 53300 (too_many_connections) - User 'app_user' has reached maximum allowed connections.

2026-08-30T17:18:59.190971Z CRITICAL [RedisEvent-13] redis.cluster.memory - Redis OOM threshold reached. Used: 2048MB / Max: 2048MB.
  Command 'SET' rejected for key 'cache:session:16585'. Policy 'noeviction' prevented key removal.

2026-08-30T17:19:06.884693Z ERROR [DBPool-48] postgres.connection.pool - Connection acquire timeout after 5000ms. Active: 100/100, Idle: 0, Waiting: 42.
  SQL State: 53300 (too_many_connections) - User 'app_user' has reached maximum allowed connections.

2026-08-30T17:19:33.976173Z WARNING [QueryMonitor-86] postgres.slow_query - Long running transaction detected: PID 58028 running for 781s.
  Query: SELECT * FROM orders WHERE status = 'PENDING' AND created_at < NOW() - INTERVAL '1 day' ORDER BY created_at DESC;
  Execution State: active | Wait Event: IO:DataFileRead | Locks Held: ExclusiveLock on relation 'orders'
  Context: Unindexed sequential scan (seq_scan) on table 'orders' (12,450,000 rows scanned).

2026-08-30T17:19:36.987539Z ERROR [DBPool-35] postgres.connection.pool - Connection acquire timeout after 5000ms. Active: 100/100, Idle: 0, Waiting: 42.
  SQL State: 53300 (too_many_connections) - User 'app_user' has reached maximum allowed connections.

2026-08-30T17:19:43.002819Z CRITICAL [RedisEvent-48] redis.cluster.memory - Redis OOM threshold reached. Used: 2048MB / Max: 2048MB.
  Command 'SET' rejected for key 'cache:session:37116'. Policy 'noeviction' prevented key removal.

2026-08-30T17:19:46.009491Z ERROR [DBPool-74] postgres.connection.pool - Connection acquire timeout after 5000ms. Active: 100/100, Idle: 0, Waiting: 42.
  SQL State: 53300 (too_many_connections) - User 'app_user' has reached maximum allowed connections.

2026-08-30T17:19:49.015350Z CRITICAL [RedisEvent-83] redis.cluster.memory - Redis OOM threshold reached. Used: 2048MB / Max: 2048MB.
  Command 'SET' rejected for key 'cache:session:47796'. Policy 'noeviction' prevented key removal.

2026-08-30T17:19:55.027182Z WARNING [QueryMonitor-83] postgres.slow_query - Long running transaction detected: PID 57422 running for 643s.
  Query: SELECT * FROM orders WHERE status = 'PENDING' AND created_at < NOW() - INTERVAL '1 day' ORDER BY created_at DESC;
  Execution State: active | Wait Event: IO:DataFileRead | Locks Held: ExclusiveLock on relation 'orders'
  Context: Unindexed sequential scan (seq_scan) on table 'orders' (12,450,000 rows scanned).

2026-08-30T17:20:01.039339Z CRITICAL [RedisEvent-46] redis.cluster.memory - Redis OOM threshold reached. Used: 2048MB / Max: 2048MB.
  Command 'SET' rejected for key 'cache:session:67278'. Policy 'noeviction' prevented key removal.

2026-08-30T17:20:04.045227Z ERROR [DBPool-69] postgres.connection.pool - Connection acquire timeout after 5000ms. Active: 100/100, Idle: 0, Waiting: 42.
  SQL State: 53300 (too_many_connections) - User 'app_user' has reached maximum allowed connections.

2026-08-30T17:20:07.052384Z CRITICAL [RedisEvent-18] redis.cluster.memory - Redis OOM threshold reached. Used: 2048MB / Max: 2048MB.
  Command 'SET' rejected for key 'cache:session:15934'. Policy 'noeviction' prevented key removal.

2026-08-30T17:20:10.057746Z WARNING [QueryMonitor-56] postgres.slow_query - Long running transaction detected: PID 92052 running for 523s.
  Query: SELECT * FROM orders WHERE status = 'PENDING' AND created_at < NOW() - INTERVAL '1 day' ORDER BY created_at DESC;
  Execution State: active | Wait Event: IO:DataFileRead | Locks Held: ExclusiveLock on relation 'orders'
  Context: Unindexed sequential scan (seq_scan) on table 'orders' (12,450,000 rows scanned).

2026-08-30T17:20:16.070592Z WARNING [QueryMonitor-79] postgres.slow_query - Long running transaction detected: PID 39599 running for 371s.
  Query: SELECT * FROM orders WHERE status = 'PENDING' AND created_at < NOW() - INTERVAL '1 day' ORDER BY created_at DESC;
  Execution State: active | Wait Event: IO:DataFileRead | Locks Held: ExclusiveLock on relation 'orders'
  Context: Unindexed sequential scan (seq_scan) on table 'orders' (12,450,000 rows scanned).

2026-08-30T17:20:19.076987Z WARNING [QueryMonitor-47] postgres.slow_query - Long running transaction detected: PID 18163 running for 730s.
  Query: SELECT * FROM orders WHERE status = 'PENDING' AND created_at < NOW() - INTERVAL '1 day' ORDER BY created_at DESC;
  Execution State: active | Wait Event: IO:DataFileRead | Locks Held: ExclusiveLock on relation 'orders'
  Context: Unindexed sequential scan (seq_scan) on table 'orders' (12,450,000 rows scanned).

2026-08-30T17:20:28.097348Z ERROR [DBPool-88] postgres.connection.pool - Connection acquire timeout after 5000ms. Active: 100/100, Idle: 0, Waiting: 42.
  SQL State: 53300 (too_many_connections) - User 'app_user' has reached maximum allowed connections.

2026-08-30T17:20:34.113206Z WARNING [QueryMonitor-85] postgres.slow_query - Long running transaction detected: PID 46641 running for 331s.
  Query: SELECT * FROM orders WHERE status = 'PENDING' AND created_at < NOW() - INTERVAL '1 day' ORDER BY created_at DESC;
  Execution State: active | Wait Event: IO:DataFileRead | Locks Held: ExclusiveLock on relation 'orders'
  Context: Unindexed sequential scan (seq_scan) on table 'orders' (12,450,000 rows scanned).

2026-08-30T17:20:52.165335Z WARNING [QueryMonitor-37] postgres.slow_query - Long running transaction detected: PID 82936 running for 796s.
  Query: SELECT * FROM orders WHERE status = 'PENDING' AND created_at < NOW() - INTERVAL '1 day' ORDER BY created_at DESC;
  Execution State: active | Wait Event: IO:DataFileRead | Locks Held: ExclusiveLock on relation 'orders'
  Context: Unindexed sequential scan (seq_scan) on table 'orders' (12,450,000 rows scanned).

2026-08-30T17:20:58.182853Z CRITICAL [RedisEvent-33] redis.cluster.memory - Redis OOM threshold reached. Used: 2048MB / Max: 2048MB.
  Command 'SET' rejected for key 'cache:session:39579'. Policy 'noeviction' prevented key removal.

2026-08-30T17:21:01.188207Z CRITICAL [RedisEvent-77] redis.cluster.memory - Redis OOM threshold reached. Used: 2048MB / Max: 2048MB.
  Command 'SET' rejected for key 'cache:session:87794'. Policy 'noeviction' prevented key removal.

2026-08-30T17:21:04.194734Z WARNING [QueryMonitor-80] postgres.slow_query - Long running transaction detected: PID 41407 running for 767s.
  Query: SELECT * FROM orders WHERE status = 'PENDING' AND created_at < NOW() - INTERVAL '1 day' ORDER BY created_at DESC;
  Execution State: active | Wait Event: IO:DataFileRead | Locks Held: ExclusiveLock on relation 'orders'
  Context: Unindexed sequential scan (seq_scan) on table 'orders' (12,450,000 rows scanned).

2026-08-30T17:21:13.235960Z ERROR [DBPool-13] postgres.connection.pool - Connection acquire timeout after 5000ms. Active: 100/100, Idle: 0, Waiting: 42.
  SQL State: 53300 (too_many_connections) - User 'app_user' has reached maximum allowed connections.

2026-08-30T17:21:16.242166Z WARNING [QueryMonitor-66] postgres.slow_query - Long running transaction detected: PID 37539 running for 809s.
  Query: SELECT * FROM orders WHERE status = 'PENDING' AND created_at < NOW() - INTERVAL '1 day' ORDER BY created_at DESC;
  Execution State: active | Wait Event: IO:DataFileRead | Locks Held: ExclusiveLock on relation 'orders'
  Context: Unindexed sequential scan (seq_scan) on table 'orders' (12,450,000 rows scanned).

2026-08-30T17:21:28.274975Z ERROR [DBPool-57] postgres.connection.pool - Connection acquire timeout after 5000ms. Active: 100/100, Idle: 0, Waiting: 42.
  SQL State: 53300 (too_many_connections) - User 'app_user' has reached maximum allowed connections.

2026-08-30T17:21:31.286068Z WARNING [QueryMonitor-23] postgres.slow_query - Long running transaction detected: PID 65536 running for 617s.
  Query: SELECT * FROM orders WHERE status = 'PENDING' AND created_at < NOW() - INTERVAL '1 day' ORDER BY created_at DESC;
  Execution State: active | Wait Event: IO:DataFileRead | Locks Held: ExclusiveLock on relation 'orders'
  Context: Unindexed sequential scan (seq_scan) on table 'orders' (12,450,000 rows scanned).

2026-08-30T17:21:34.301975Z WARNING [QueryMonitor-44] postgres.slow_query - Long running transaction detected: PID 68824 running for 757s.
  Query: SELECT * FROM orders WHERE status = 'PENDING' AND created_at < NOW() - INTERVAL '1 day' ORDER BY created_at DESC;
  Execution State: active | Wait Event: IO:DataFileRead | Locks Held: ExclusiveLock on relation 'orders'
  Context: Unindexed sequential scan (seq_scan) on table 'orders' (12,450,000 rows scanned).

2026-08-30T17:21:40.314598Z ERROR [DBPool-47] postgres.connection.pool - Connection acquire timeout after 5000ms. Active: 100/100, Idle: 0, Waiting: 42.
  SQL State: 53300 (too_many_connections) - User 'app_user' has reached maximum allowed connections.

2026-08-30T17:21:43.321313Z CRITICAL [RedisEvent-36] redis.cluster.memory - Redis OOM threshold reached. Used: 2048MB / Max: 2048MB.
  Command 'SET' rejected for key 'cache:session:99855'. Policy 'noeviction' prevented key removal.

2026-08-30T17:21:55.356361Z ERROR [DBPool-13] postgres.connection.pool - Connection acquire timeout after 5000ms. Active: 100/100, Idle: 0, Waiting: 42.
  SQL State: 53300 (too_many_connections) - User 'app_user' has reached maximum allowed connections.

2026-08-30T17:21:58.362179Z WARNING [QueryMonitor-30] postgres.slow_query - Long running transaction detected: PID 86772 running for 669s.
  Query: SELECT * FROM orders WHERE status = 'PENDING' AND created_at < NOW() - INTERVAL '1 day' ORDER BY created_at DESC;
  Execution State: active | Wait Event: IO:DataFileRead | Locks Held: ExclusiveLock on relation 'orders'
  Context: Unindexed sequential scan (seq_scan) on table 'orders' (12,450,000 rows scanned).

2026-08-30T17:22:01.369042Z CRITICAL [RedisEvent-86] redis.cluster.memory - Redis OOM threshold reached. Used: 2048MB / Max: 2048MB.
  Command 'SET' rejected for key 'cache:session:40791'. Policy 'noeviction' prevented key removal.

2026-08-30T17:22:07.380524Z WARNING [QueryMonitor-57] postgres.slow_query - Long running transaction detected: PID 60871 running for 757s.
  Query: SELECT * FROM orders WHERE status = 'PENDING' AND created_at < NOW() - INTERVAL '1 day' ORDER BY created_at DESC;
  Execution State: active | Wait Event: IO:DataFileRead | Locks Held: ExclusiveLock on relation 'orders'
  Context: Unindexed sequential scan (seq_scan) on table 'orders' (12,450,000 rows scanned).

2026-08-30T17:22:19.409104Z CRITICAL [RedisEvent-35] redis.cluster.memory - Redis OOM threshold reached. Used: 2048MB / Max: 2048MB.
  Command 'SET' rejected for key 'cache:session:81204'. Policy 'noeviction' prevented key removal.

2026-08-30T17:22:22.415227Z ERROR [DBPool-72] postgres.connection.pool - Connection acquire timeout after 5000ms. Active: 100/100, Idle: 0, Waiting: 42.
  SQL State: 53300 (too_many_connections) - User 'app_user' has reached maximum allowed connections.

2026-08-30T17:22:25.421263Z ERROR [DBPool-30] postgres.connection.pool - Connection acquire timeout after 5000ms. Active: 100/100, Idle: 0, Waiting: 42.
  SQL State: 53300 (too_many_connections) - User 'app_user' has reached maximum allowed connections.

2026-08-30T17:22:31.434244Z ERROR [DBPool-85] postgres.connection.pool - Connection acquire timeout after 5000ms. Active: 100/100, Idle: 0, Waiting: 42.
  SQL State: 53300 (too_many_connections) - User 'app_user' has reached maximum allowed connections.

2026-08-30T17:22:55.485790Z ERROR [DBPool-92] postgres.connection.pool - Connection acquire timeout after 5000ms. Active: 100/100, Idle: 0, Waiting: 42.
  SQL State: 53300 (too_many_connections) - User 'app_user' has reached maximum allowed connections.

2026-08-30T17:22:58.492798Z ERROR [DBPool-34] postgres.connection.pool - Connection acquire timeout after 5000ms. Active: 100/100, Idle: 0, Waiting: 42.
  SQL State: 53300 (too_many_connections) - User 'app_user' has reached maximum allowed connections.

2026-08-30T17:23:28.443498Z ERROR [DBPool-89] postgres.connection.pool - Connection acquire timeout after 5000ms. Active: 100/100, Idle: 0, Waiting: 42.
  SQL State: 53300 (too_many_connections) - User 'app_user' has reached maximum allowed connections.

2026-08-30T17:23:37.470724Z WARNING [QueryMonitor-23] postgres.slow_query - Long running transaction detected: PID 31056 running for 824s.
  Query: SELECT * FROM orders WHERE status = 'PENDING' AND created_at < NOW() - INTERVAL '1 day' ORDER BY created_at DESC;
  Execution State: active | Wait Event: IO:DataFileRead | Locks Held: ExclusiveLock on relation 'orders'
  Context: Unindexed sequential scan (seq_scan) on table 'orders' (12,450,000 rows scanned).

2026-08-30T17:23:40.477637Z ERROR [DBPool-66] postgres.connection.pool - Connection acquire timeout after 5000ms. Active: 100/100, Idle: 0, Waiting: 42.
  SQL State: 53300 (too_many_connections) - User 'app_user' has reached maximum allowed connections.

2026-08-30T17:23:49.503288Z ERROR [DBPool-57] postgres.connection.pool - Connection acquire timeout after 5000ms. Active: 100/100, Idle: 0, Waiting: 42.
  SQL State: 53300 (too_many_connections) - User 'app_user' has reached maximum allowed connections.

2026-08-30T17:23:55.518142Z WARNING [QueryMonitor-65] postgres.slow_query - Long running transaction detected: PID 22223 running for 747s.
  Query: SELECT * FROM orders WHERE status = 'PENDING' AND created_at < NOW() - INTERVAL '1 day' ORDER BY created_at DESC;
  Execution State: active | Wait Event: IO:DataFileRead | Locks Held: ExclusiveLock on relation 'orders'
  Context: Unindexed sequential scan (seq_scan) on table 'orders' (12,450,000 rows scanned).

2026-08-30T17:24:01.543828Z WARNING [QueryMonitor-45] postgres.slow_query - Long running transaction detected: PID 97366 running for 353s.
  Query: SELECT * FROM orders WHERE status = 'PENDING' AND created_at < NOW() - INTERVAL '1 day' ORDER BY created_at DESC;
  Execution State: active | Wait Event: IO:DataFileRead | Locks Held: ExclusiveLock on relation 'orders'
  Context: Unindexed sequential scan (seq_scan) on table 'orders' (12,450,000 rows scanned).

2026-08-30T17:24:10.568856Z WARNING [QueryMonitor-70] postgres.slow_query - Long running transaction detected: PID 29740 running for 361s.
  Query: SELECT * FROM orders WHERE status = 'PENDING' AND created_at < NOW() - INTERVAL '1 day' ORDER BY created_at DESC;
  Execution State: active | Wait Event: IO:DataFileRead | Locks Held: ExclusiveLock on relation 'orders'
  Context: Unindexed sequential scan (seq_scan) on table 'orders' (12,450,000 rows scanned).

2026-08-30T17:24:19.598794Z CRITICAL [RedisEvent-79] redis.cluster.memory - Redis OOM threshold reached. Used: 2048MB / Max: 2048MB.
  Command 'SET' rejected for key 'cache:session:28298'. Policy 'noeviction' prevented key removal.

2026-08-30T17:24:46.669228Z WARNING [QueryMonitor-53] postgres.slow_query - Long running transaction detected: PID 71912 running for 374s.
  Query: SELECT * FROM orders WHERE status = 'PENDING' AND created_at < NOW() - INTERVAL '1 day' ORDER BY created_at DESC;
  Execution State: active | Wait Event: IO:DataFileRead | Locks Held: ExclusiveLock on relation 'orders'
  Context: Unindexed sequential scan (seq_scan) on table 'orders' (12,450,000 rows scanned).

2026-08-30T17:25:07.720109Z ERROR [DBPool-11] postgres.connection.pool - Connection acquire timeout after 5000ms. Active: 100/100, Idle: 0, Waiting: 42.
  SQL State: 53300 (too_many_connections) - User 'app_user' has reached maximum allowed connections.

2026-08-30T17:25:19.743198Z WARNING [QueryMonitor-54] postgres.slow_query - Long running transaction detected: PID 73279 running for 766s.
  Query: SELECT * FROM orders WHERE status = 'PENDING' AND created_at < NOW() - INTERVAL '1 day' ORDER BY created_at DESC;
  Execution State: active | Wait Event: IO:DataFileRead | Locks Held: ExclusiveLock on relation 'orders'
  Context: Unindexed sequential scan (seq_scan) on table 'orders' (12,450,000 rows scanned).

2026-08-30T17:25:28.762431Z ERROR [DBPool-56] postgres.connection.pool - Connection acquire timeout after 5000ms. Active: 100/100, Idle: 0, Waiting: 42.
  SQL State: 53300 (too_many_connections) - User 'app_user' has reached maximum allowed connections.

2026-08-30T17:25:31.768532Z ERROR [DBPool-78] postgres.connection.pool - Connection acquire timeout after 5000ms. Active: 100/100, Idle: 0, Waiting: 42.
  SQL State: 53300 (too_many_connections) - User 'app_user' has reached maximum allowed connections.

2026-08-30T17:25:37.782264Z WARNING [QueryMonitor-73] postgres.slow_query - Long running transaction detected: PID 26100 running for 332s.
  Query: SELECT * FROM orders WHERE status = 'PENDING' AND created_at < NOW() - INTERVAL '1 day' ORDER BY created_at DESC;
  Execution State: active | Wait Event: IO:DataFileRead | Locks Held: ExclusiveLock on relation 'orders'
  Context: Unindexed sequential scan (seq_scan) on table 'orders' (12,450,000 rows scanned).

2026-08-30T17:26:03.521937Z WARNING [QueryMonitor-65] postgres.slow_query - Long running transaction detected: PID 86493 running for 550s.
  Query: SELECT * FROM orders WHERE status = 'PENDING' AND created_at < NOW() - INTERVAL '1 day' ORDER BY created_at DESC;
  Execution State: active | Wait Event: IO:DataFileRead | Locks Held: ExclusiveLock on relation 'orders'
  Context: Unindexed sequential scan (seq_scan) on table 'orders' (12,450,000 rows scanned).

2026-08-30T17:26:15.544994Z CRITICAL [RedisEvent-93] redis.cluster.memory - Redis OOM threshold reached. Used: 2048MB / Max: 2048MB.
  Command 'SET' rejected for key 'cache:session:79121'. Policy 'noeviction' prevented key removal.

2026-08-30T17:26:21.567620Z CRITICAL [RedisEvent-24] redis.cluster.memory - Redis OOM threshold reached. Used: 2048MB / Max: 2048MB.
  Command 'SET' rejected for key 'cache:session:26160'. Policy 'noeviction' prevented key removal.

2026-08-30T17:26:30.591246Z ERROR [DBPool-13] postgres.connection.pool - Connection acquire timeout after 5000ms. Active: 100/100, Idle: 0, Waiting: 42.
  SQL State: 53300 (too_many_connections) - User 'app_user' has reached maximum allowed connections.

2026-08-30T17:26:33.603915Z CRITICAL [RedisEvent-51] redis.cluster.memory - Redis OOM threshold reached. Used: 2048MB / Max: 2048MB.
  Command 'SET' rejected for key 'cache:session:85498'. Policy 'noeviction' prevented key removal.

2026-08-30T17:26:45.638519Z ERROR [DBPool-29] postgres.connection.pool - Connection acquire timeout after 5000ms. Active: 100/100, Idle: 0, Waiting: 42.
  SQL State: 53300 (too_many_connections) - User 'app_user' has reached maximum allowed connections.

2026-08-30T17:27:03.685249Z WARNING [QueryMonitor-86] postgres.slow_query - Long running transaction detected: PID 61049 running for 813s.
  Query: SELECT * FROM orders WHERE status = 'PENDING' AND created_at < NOW() - INTERVAL '1 day' ORDER BY created_at DESC;
  Execution State: active | Wait Event: IO:DataFileRead | Locks Held: ExclusiveLock on relation 'orders'
  Context: Unindexed sequential scan (seq_scan) on table 'orders' (12,450,000 rows scanned).

2026-08-30T17:27:06.700303Z WARNING [QueryMonitor-34] postgres.slow_query - Long running transaction detected: PID 38596 running for 706s.
  Query: SELECT * FROM orders WHERE status = 'PENDING' AND created_at < NOW() - INTERVAL '1 day' ORDER BY created_at DESC;
  Execution State: active | Wait Event: IO:DataFileRead | Locks Held: ExclusiveLock on relation 'orders'
  Context: Unindexed sequential scan (seq_scan) on table 'orders' (12,450,000 rows scanned).

2026-08-30T17:27:30.808400Z WARNING [QueryMonitor-43] postgres.slow_query - Long running transaction detected: PID 76070 running for 639s.
  Query: SELECT * FROM orders WHERE status = 'PENDING' AND created_at < NOW() - INTERVAL '1 day' ORDER BY created_at DESC;
  Execution State: active | Wait Event: IO:DataFileRead | Locks Held: ExclusiveLock on relation 'orders'
  Context: Unindexed sequential scan (seq_scan) on table 'orders' (12,450,000 rows scanned).

2026-08-30T17:27:33.814692Z CRITICAL [RedisEvent-26] redis.cluster.memory - Redis OOM threshold reached. Used: 2048MB / Max: 2048MB.
  Command 'SET' rejected for key 'cache:session:48190'. Policy 'noeviction' prevented key removal.

2026-08-30T17:27:48.853033Z CRITICAL [RedisEvent-88] redis.cluster.memory - Redis OOM threshold reached. Used: 2048MB / Max: 2048MB.
  Command 'SET' rejected for key 'cache:session:81659'. Policy 'noeviction' prevented key removal.

2026-08-30T17:27:54.874554Z CRITICAL [RedisEvent-29] redis.cluster.memory - Redis OOM threshold reached. Used: 2048MB / Max: 2048MB.
  Command 'SET' rejected for key 'cache:session:88931'. Policy 'noeviction' prevented key removal.

2026-08-30T17:28:09.906387Z CRITICAL [RedisEvent-54] redis.cluster.memory - Redis OOM threshold reached. Used: 2048MB / Max: 2048MB.
  Command 'SET' rejected for key 'cache:session:60184'. Policy 'noeviction' prevented key removal.

2026-08-30T17:28:21.938646Z CRITICAL [RedisEvent-49] redis.cluster.memory - Redis OOM threshold reached. Used: 2048MB / Max: 2048MB.
  Command 'SET' rejected for key 'cache:session:86038'. Policy 'noeviction' prevented key removal.

2026-08-30T17:28:24.945846Z ERROR [DBPool-35] postgres.connection.pool - Connection acquire timeout after 5000ms. Active: 100/100, Idle: 0, Waiting: 42.
  SQL State: 53300 (too_many_connections) - User 'app_user' has reached maximum allowed connections.

2026-08-30T17:28:27.951369Z ERROR [DBPool-57] postgres.connection.pool - Connection acquire timeout after 5000ms. Active: 100/100, Idle: 0, Waiting: 42.
  SQL State: 53300 (too_many_connections) - User 'app_user' has reached maximum allowed connections.

2026-08-30T17:28:36.983004Z ERROR [DBPool-20] postgres.connection.pool - Connection acquire timeout after 5000ms. Active: 100/100, Idle: 0, Waiting: 42.
  SQL State: 53300 (too_many_connections) - User 'app_user' has reached maximum allowed connections.

2026-08-30T17:28:43.004427Z CRITICAL [RedisEvent-27] redis.cluster.memory - Redis OOM threshold reached. Used: 2048MB / Max: 2048MB.
  Command 'SET' rejected for key 'cache:session:50527'. Policy 'noeviction' prevented key removal.

2026-08-30T17:29:01.057857Z WARNING [QueryMonitor-87] postgres.slow_query - Long running transaction detected: PID 51600 running for 441s.
  Query: SELECT * FROM orders WHERE status = 'PENDING' AND created_at < NOW() - INTERVAL '1 day' ORDER BY created_at DESC;
  Execution State: active | Wait Event: IO:DataFileRead | Locks Held: ExclusiveLock on relation 'orders'
  Context: Unindexed sequential scan (seq_scan) on table 'orders' (12,450,000 rows scanned).

2026-08-30T17:29:04.063844Z WARNING [QueryMonitor-62] postgres.slow_query - Long running transaction detected: PID 68324 running for 449s.
  Query: SELECT * FROM orders WHERE status = 'PENDING' AND created_at < NOW() - INTERVAL '1 day' ORDER BY created_at DESC;
  Execution State: active | Wait Event: IO:DataFileRead | Locks Held: ExclusiveLock on relation 'orders'
  Context: Unindexed sequential scan (seq_scan) on table 'orders' (12,450,000 rows scanned).

2026-08-30T17:29:22.103409Z ERROR [DBPool-61] postgres.connection.pool - Connection acquire timeout after 5000ms. Active: 100/100, Idle: 0, Waiting: 42.
  SQL State: 53300 (too_many_connections) - User 'app_user' has reached maximum allowed connections.

2026-08-30T17:29:31.119901Z CRITICAL [RedisEvent-82] redis.cluster.memory - Redis OOM threshold reached. Used: 2048MB / Max: 2048MB.
  Command 'SET' rejected for key 'cache:session:34346'. Policy 'noeviction' prevented key removal.

2026-08-30T17:30:07.200576Z ERROR [DBPool-98] postgres.connection.pool - Connection acquire timeout after 5000ms. Active: 100/100, Idle: 0, Waiting: 42.
  SQL State: 53300 (too_many_connections) - User 'app_user' has reached maximum allowed connections.

2026-08-30T17:30:22.228344Z CRITICAL [RedisEvent-53] redis.cluster.memory - Redis OOM threshold reached. Used: 2048MB / Max: 2048MB.
  Command 'SET' rejected for key 'cache:session:71492'. Policy 'noeviction' prevented key removal.

2026-08-30T17:30:34.260189Z WARNING [QueryMonitor-88] postgres.slow_query - Long running transaction detected: PID 88841 running for 830s.
  Query: SELECT * FROM orders WHERE status = 'PENDING' AND created_at < NOW() - INTERVAL '1 day' ORDER BY created_at DESC;
  Execution State: active | Wait Event: IO:DataFileRead | Locks Held: ExclusiveLock on relation 'orders'
  Context: Unindexed sequential scan (seq_scan) on table 'orders' (12,450,000 rows scanned).

2026-08-30T17:30:58.309171Z WARNING [QueryMonitor-16] postgres.slow_query - Long running transaction detected: PID 78121 running for 743s.
  Query: SELECT * FROM orders WHERE status = 'PENDING' AND created_at < NOW() - INTERVAL '1 day' ORDER BY created_at DESC;
  Execution State: active | Wait Event: IO:DataFileRead | Locks Held: ExclusiveLock on relation 'orders'
  Context: Unindexed sequential scan (seq_scan) on table 'orders' (12,450,000 rows scanned).

2026-08-30T17:31:31.417344Z ERROR [DBPool-64] postgres.connection.pool - Connection acquire timeout after 5000ms. Active: 100/100, Idle: 0, Waiting: 42.
  SQL State: 53300 (too_many_connections) - User 'app_user' has reached maximum allowed connections.

2026-08-30T17:31:34.428734Z ERROR [DBPool-25] postgres.connection.pool - Connection acquire timeout after 5000ms. Active: 100/100, Idle: 0, Waiting: 42.
  SQL State: 53300 (too_many_connections) - User 'app_user' has reached maximum allowed connections.

2026-08-30T17:31:40.441788Z WARNING [QueryMonitor-56] postgres.slow_query - Long running transaction detected: PID 61060 running for 485s.
  Query: SELECT * FROM orders WHERE status = 'PENDING' AND created_at < NOW() - INTERVAL '1 day' ORDER BY created_at DESC;
  Execution State: active | Wait Event: IO:DataFileRead | Locks Held: ExclusiveLock on relation 'orders'
  Context: Unindexed sequential scan (seq_scan) on table 'orders' (12,450,000 rows scanned).

2026-08-30T17:31:55.490680Z CRITICAL [RedisEvent-21] redis.cluster.memory - Redis OOM threshold reached. Used: 2048MB / Max: 2048MB.
  Command 'SET' rejected for key 'cache:session:68026'. Policy 'noeviction' prevented key removal.

2026-08-30T17:32:07.525728Z WARNING [QueryMonitor-90] postgres.slow_query - Long running transaction detected: PID 72700 running for 806s.
  Query: SELECT * FROM orders WHERE status = 'PENDING' AND created_at < NOW() - INTERVAL '1 day' ORDER BY created_at DESC;
  Execution State: active | Wait Event: IO:DataFileRead | Locks Held: ExclusiveLock on relation 'orders'
  Context: Unindexed sequential scan (seq_scan) on table 'orders' (12,450,000 rows scanned).

2026-08-30T17:32:13.552147Z WARNING [QueryMonitor-77] postgres.slow_query - Long running transaction detected: PID 46420 running for 406s.
  Query: SELECT * FROM orders WHERE status = 'PENDING' AND created_at < NOW() - INTERVAL '1 day' ORDER BY created_at DESC;
  Execution State: active | Wait Event: IO:DataFileRead | Locks Held: ExclusiveLock on relation 'orders'
  Context: Unindexed sequential scan (seq_scan) on table 'orders' (12,450,000 rows scanned).

2026-08-30T17:32:22.576227Z CRITICAL [RedisEvent-13] redis.cluster.memory - Redis OOM threshold reached. Used: 2048MB / Max: 2048MB.
  Command 'SET' rejected for key 'cache:session:22308'. Policy 'noeviction' prevented key removal.

2026-08-30T17:32:25.581937Z WARNING [QueryMonitor-89] postgres.slow_query - Long running transaction detected: PID 69771 running for 484s.
  Query: SELECT * FROM orders WHERE status = 'PENDING' AND created_at < NOW() - INTERVAL '1 day' ORDER BY created_at DESC;
  Execution State: active | Wait Event: IO:DataFileRead | Locks Held: ExclusiveLock on relation 'orders'
  Context: Unindexed sequential scan (seq_scan) on table 'orders' (12,450,000 rows scanned).

2026-08-30T17:32:34.600952Z CRITICAL [RedisEvent-67] redis.cluster.memory - Redis OOM threshold reached. Used: 2048MB / Max: 2048MB.
  Command 'SET' rejected for key 'cache:session:76621'. Policy 'noeviction' prevented key removal.

2026-08-30T17:32:37.607706Z ERROR [DBPool-16] postgres.connection.pool - Connection acquire timeout after 5000ms. Active: 100/100, Idle: 0, Waiting: 42.
  SQL State: 53300 (too_many_connections) - User 'app_user' has reached maximum allowed connections.

2026-08-30T17:32:40.613807Z ERROR [DBPool-79] postgres.connection.pool - Connection acquire timeout after 5000ms. Active: 100/100, Idle: 0, Waiting: 42.
  SQL State: 53300 (too_many_connections) - User 'app_user' has reached maximum allowed connections.

2026-08-30T17:32:49.643510Z CRITICAL [RedisEvent-65] redis.cluster.memory - Redis OOM threshold reached. Used: 2048MB / Max: 2048MB.
  Command 'SET' rejected for key 'cache:session:53250'. Policy 'noeviction' prevented key removal.

2026-08-30T17:32:52.650423Z CRITICAL [RedisEvent-25] redis.cluster.memory - Redis OOM threshold reached. Used: 2048MB / Max: 2048MB.
  Command 'SET' rejected for key 'cache:session:84056'. Policy 'noeviction' prevented key removal.

2026-08-30T17:32:58.672183Z ERROR [DBPool-12] postgres.connection.pool - Connection acquire timeout after 5000ms. Active: 100/100, Idle: 0, Waiting: 42.
  SQL State: 53300 (too_many_connections) - User 'app_user' has reached maximum allowed connections.

2026-08-30T17:33:10.704069Z ERROR [DBPool-57] postgres.connection.pool - Connection acquire timeout after 5000ms. Active: 100/100, Idle: 0, Waiting: 42.
  SQL State: 53300 (too_many_connections) - User 'app_user' has reached maximum allowed connections.

2026-08-30T17:33:13.710122Z ERROR [DBPool-81] postgres.connection.pool - Connection acquire timeout after 5000ms. Active: 100/100, Idle: 0, Waiting: 42.
  SQL State: 53300 (too_many_connections) - User 'app_user' has reached maximum allowed connections.

2026-08-30T17:33:16.716120Z CRITICAL [RedisEvent-25] redis.cluster.memory - Redis OOM threshold reached. Used: 2048MB / Max: 2048MB.
  Command 'SET' rejected for key 'cache:session:84561'. Policy 'noeviction' prevented key removal.

2026-08-30T17:33:25.753741Z WARNING [QueryMonitor-75] postgres.slow_query - Long running transaction detected: PID 21617 running for 843s.
  Query: SELECT * FROM orders WHERE status = 'PENDING' AND created_at < NOW() - INTERVAL '1 day' ORDER BY created_at DESC;
  Execution State: active | Wait Event: IO:DataFileRead | Locks Held: ExclusiveLock on relation 'orders'
  Context: Unindexed sequential scan (seq_scan) on table 'orders' (12,450,000 rows scanned).

2026-08-30T17:33:58.837826Z WARNING [QueryMonitor-76] postgres.slow_query - Long running transaction detected: PID 49965 running for 813s.
  Query: SELECT * FROM orders WHERE status = 'PENDING' AND created_at < NOW() - INTERVAL '1 day' ORDER BY created_at DESC;
  Execution State: active | Wait Event: IO:DataFileRead | Locks Held: ExclusiveLock on relation 'orders'
  Context: Unindexed sequential scan (seq_scan) on table 'orders' (12,450,000 rows scanned).

2026-08-30T17:34:01.843914Z ERROR [DBPool-91] postgres.connection.pool - Connection acquire timeout after 5000ms. Active: 100/100, Idle: 0, Waiting: 42.
  SQL State: 53300 (too_many_connections) - User 'app_user' has reached maximum allowed connections.

2026-08-30T17:34:10.863151Z CRITICAL [RedisEvent-19] redis.cluster.memory - Redis OOM threshold reached. Used: 2048MB / Max: 2048MB.
  Command 'SET' rejected for key 'cache:session:30380'. Policy 'noeviction' prevented key removal.

2026-08-30T17:34:19.882316Z ERROR [DBPool-68] postgres.connection.pool - Connection acquire timeout after 5000ms. Active: 100/100, Idle: 0, Waiting: 42.
  SQL State: 53300 (too_many_connections) - User 'app_user' has reached maximum allowed connections.

2026-08-30T17:34:28.908768Z ERROR [DBPool-43] postgres.connection.pool - Connection acquire timeout after 5000ms. Active: 100/100, Idle: 0, Waiting: 42.
  SQL State: 53300 (too_many_connections) - User 'app_user' has reached maximum allowed connections.

2026-08-30T17:34:31.915018Z CRITICAL [RedisEvent-51] redis.cluster.memory - Redis OOM threshold reached. Used: 2048MB / Max: 2048MB.
  Command 'SET' rejected for key 'cache:session:78392'. Policy 'noeviction' prevented key removal.

2026-08-30T17:34:40.936929Z WARNING [QueryMonitor-85] postgres.slow_query - Long running transaction detected: PID 38118 running for 363s.
  Query: SELECT * FROM orders WHERE status = 'PENDING' AND created_at < NOW() - INTERVAL '1 day' ORDER BY created_at DESC;
  Execution State: active | Wait Event: IO:DataFileRead | Locks Held: ExclusiveLock on relation 'orders'
  Context: Unindexed sequential scan (seq_scan) on table 'orders' (12,450,000 rows scanned).

2026-08-30T17:34:46.963763Z ERROR [DBPool-78] postgres.connection.pool - Connection acquire timeout after 5000ms. Active: 100/100, Idle: 0, Waiting: 42.
  SQL State: 53300 (too_many_connections) - User 'app_user' has reached maximum allowed connections.

2026-08-30T17:34:52.977922Z CRITICAL [RedisEvent-67] redis.cluster.memory - Redis OOM threshold reached. Used: 2048MB / Max: 2048MB.
  Command 'SET' rejected for key 'cache:session:14090'. Policy 'noeviction' prevented key removal.

2026-08-30T17:34:58.991466Z CRITICAL [RedisEvent-97] redis.cluster.memory - Redis OOM threshold reached. Used: 2048MB / Max: 2048MB.
  Command 'SET' rejected for key 'cache:session:61845'. Policy 'noeviction' prevented key removal.

2026-08-30T17:35:05.004754Z ERROR [DBPool-36] postgres.connection.pool - Connection acquire timeout after 5000ms. Active: 100/100, Idle: 0, Waiting: 42.
  SQL State: 53300 (too_many_connections) - User 'app_user' has reached maximum allowed connections.

2026-08-30T17:35:29.196008Z WARNING [QueryMonitor-19] postgres.slow_query - Long running transaction detected: PID 42750 running for 548s.
  Query: SELECT * FROM orders WHERE status = 'PENDING' AND created_at < NOW() - INTERVAL '1 day' ORDER BY created_at DESC;
  Execution State: active | Wait Event: IO:DataFileRead | Locks Held: ExclusiveLock on relation 'orders'
  Context: Unindexed sequential scan (seq_scan) on table 'orders' (12,450,000 rows scanned).

2026-08-30T17:35:32.202500Z ERROR [DBPool-61] postgres.connection.pool - Connection acquire timeout after 5000ms. Active: 100/100, Idle: 0, Waiting: 42.
  SQL State: 53300 (too_many_connections) - User 'app_user' has reached maximum allowed connections.

2026-08-30T17:35:38.235306Z CRITICAL [RedisEvent-80] redis.cluster.memory - Redis OOM threshold reached. Used: 2048MB / Max: 2048MB.
  Command 'SET' rejected for key 'cache:session:45656'. Policy 'noeviction' prevented key removal.

2026-08-30T17:35:44.247292Z ERROR [DBPool-55] postgres.connection.pool - Connection acquire timeout after 5000ms. Active: 100/100, Idle: 0, Waiting: 42.
  SQL State: 53300 (too_many_connections) - User 'app_user' has reached maximum allowed connections.

2026-08-30T17:35:47.254283Z WARNING [QueryMonitor-90] postgres.slow_query - Long running transaction detected: PID 92430 running for 438s.
  Query: SELECT * FROM orders WHERE status = 'PENDING' AND created_at < NOW() - INTERVAL '1 day' ORDER BY created_at DESC;
  Execution State: active | Wait Event: IO:DataFileRead | Locks Held: ExclusiveLock on relation 'orders'
  Context: Unindexed sequential scan (seq_scan) on table 'orders' (12,450,000 rows scanned).

2026-08-30T17:36:13.846357Z WARNING [QueryMonitor-94] postgres.slow_query - Long running transaction detected: PID 22050 running for 460s.
  Query: SELECT * FROM orders WHERE status = 'PENDING' AND created_at < NOW() - INTERVAL '1 day' ORDER BY created_at DESC;
  Execution State: active | Wait Event: IO:DataFileRead | Locks Held: ExclusiveLock on relation 'orders'
  Context: Unindexed sequential scan (seq_scan) on table 'orders' (12,450,000 rows scanned).

2026-08-30T17:36:16.853036Z WARNING [QueryMonitor-10] postgres.slow_query - Long running transaction detected: PID 46592 running for 387s.
  Query: SELECT * FROM orders WHERE status = 'PENDING' AND created_at < NOW() - INTERVAL '1 day' ORDER BY created_at DESC;
  Execution State: active | Wait Event: IO:DataFileRead | Locks Held: ExclusiveLock on relation 'orders'
  Context: Unindexed sequential scan (seq_scan) on table 'orders' (12,450,000 rows scanned).

2026-08-30T17:36:28.888725Z WARNING [QueryMonitor-48] postgres.slow_query - Long running transaction detected: PID 63101 running for 529s.
  Query: SELECT * FROM orders WHERE status = 'PENDING' AND created_at < NOW() - INTERVAL '1 day' ORDER BY created_at DESC;
  Execution State: active | Wait Event: IO:DataFileRead | Locks Held: ExclusiveLock on relation 'orders'
  Context: Unindexed sequential scan (seq_scan) on table 'orders' (12,450,000 rows scanned).

2026-08-30T17:36:37.923232Z CRITICAL [RedisEvent-41] redis.cluster.memory - Redis OOM threshold reached. Used: 2048MB / Max: 2048MB.
  Command 'SET' rejected for key 'cache:session:88701'. Policy 'noeviction' prevented key removal.

2026-08-30T17:36:43.935511Z ERROR [DBPool-62] postgres.connection.pool - Connection acquire timeout after 5000ms. Active: 100/100, Idle: 0, Waiting: 42.
  SQL State: 53300 (too_many_connections) - User 'app_user' has reached maximum allowed connections.

2026-08-30T17:37:07.998246Z CRITICAL [RedisEvent-71] redis.cluster.memory - Redis OOM threshold reached. Used: 2048MB / Max: 2048MB.
  Command 'SET' rejected for key 'cache:session:68510'. Policy 'noeviction' prevented key removal.

2026-08-30T17:37:11.006767Z WARNING [QueryMonitor-91] postgres.slow_query - Long running transaction detected: PID 44455 running for 330s.
  Query: SELECT * FROM orders WHERE status = 'PENDING' AND created_at < NOW() - INTERVAL '1 day' ORDER BY created_at DESC;
  Execution State: active | Wait Event: IO:DataFileRead | Locks Held: ExclusiveLock on relation 'orders'
  Context: Unindexed sequential scan (seq_scan) on table 'orders' (12,450,000 rows scanned).

2026-08-30T17:37:44.094324Z ERROR [DBPool-58] postgres.connection.pool - Connection acquire timeout after 5000ms. Active: 100/100, Idle: 0, Waiting: 42.
  SQL State: 53300 (too_many_connections) - User 'app_user' has reached maximum allowed connections.

2026-08-30T17:37:50.110236Z WARNING [QueryMonitor-26] postgres.slow_query - Long running transaction detected: PID 89404 running for 763s.
  Query: SELECT * FROM orders WHERE status = 'PENDING' AND created_at < NOW() - INTERVAL '1 day' ORDER BY created_at DESC;
  Execution State: active | Wait Event: IO:DataFileRead | Locks Held: ExclusiveLock on relation 'orders'
  Context: Unindexed sequential scan (seq_scan) on table 'orders' (12,450,000 rows scanned).

2026-08-30T17:37:53.116340Z ERROR [DBPool-26] postgres.connection.pool - Connection acquire timeout after 5000ms. Active: 100/100, Idle: 0, Waiting: 42.
  SQL State: 53300 (too_many_connections) - User 'app_user' has reached maximum allowed connections.

2026-08-30T17:37:59.143734Z WARNING [QueryMonitor-89] postgres.slow_query - Long running transaction detected: PID 63313 running for 800s.
  Query: SELECT * FROM orders WHERE status = 'PENDING' AND created_at < NOW() - INTERVAL '1 day' ORDER BY created_at DESC;
  Execution State: active | Wait Event: IO:DataFileRead | Locks Held: ExclusiveLock on relation 'orders'
  Context: Unindexed sequential scan (seq_scan) on table 'orders' (12,450,000 rows scanned).

2026-08-30T17:38:23.190999Z ERROR [DBPool-78] postgres.connection.pool - Connection acquire timeout after 5000ms. Active: 100/100, Idle: 0, Waiting: 42.
  SQL State: 53300 (too_many_connections) - User 'app_user' has reached maximum allowed connections.

2026-08-30T17:38:29.211403Z ERROR [DBPool-31] postgres.connection.pool - Connection acquire timeout after 5000ms. Active: 100/100, Idle: 0, Waiting: 42.
  SQL State: 53300 (too_many_connections) - User 'app_user' has reached maximum allowed connections.

2026-08-30T17:38:38.242353Z CRITICAL [RedisEvent-80] redis.cluster.memory - Redis OOM threshold reached. Used: 2048MB / Max: 2048MB.
  Command 'SET' rejected for key 'cache:session:65594'. Policy 'noeviction' prevented key removal.

2026-08-30T17:38:56.288845Z CRITICAL [RedisEvent-51] redis.cluster.memory - Redis OOM threshold reached. Used: 2048MB / Max: 2048MB.
  Command 'SET' rejected for key 'cache:session:27572'. Policy 'noeviction' prevented key removal.

2026-08-30T17:39:02.308137Z WARNING [QueryMonitor-73] postgres.slow_query - Long running transaction detected: PID 77046 running for 467s.
  Query: SELECT * FROM orders WHERE status = 'PENDING' AND created_at < NOW() - INTERVAL '1 day' ORDER BY created_at DESC;
  Execution State: active | Wait Event: IO:DataFileRead | Locks Held: ExclusiveLock on relation 'orders'
  Context: Unindexed sequential scan (seq_scan) on table 'orders' (12,450,000 rows scanned).

2026-08-30T17:39:05.314855Z CRITICAL [RedisEvent-55] redis.cluster.memory - Redis OOM threshold reached. Used: 2048MB / Max: 2048MB.
  Command 'SET' rejected for key 'cache:session:97367'. Policy 'noeviction' prevented key removal.

2026-08-30T17:39:08.321299Z CRITICAL [RedisEvent-35] redis.cluster.memory - Redis OOM threshold reached. Used: 2048MB / Max: 2048MB.
  Command 'SET' rejected for key 'cache:session:31863'. Policy 'noeviction' prevented key removal.

2026-08-30T17:39:14.334018Z CRITICAL [RedisEvent-40] redis.cluster.memory - Redis OOM threshold reached. Used: 2048MB / Max: 2048MB.
  Command 'SET' rejected for key 'cache:session:57366'. Policy 'noeviction' prevented key removal.

2026-08-30T17:39:17.339805Z CRITICAL [RedisEvent-54] redis.cluster.memory - Redis OOM threshold reached. Used: 2048MB / Max: 2048MB.
  Command 'SET' rejected for key 'cache:session:30029'. Policy 'noeviction' prevented key removal.

2026-08-30T17:39:29.365479Z WARNING [QueryMonitor-40] postgres.slow_query - Long running transaction detected: PID 41244 running for 394s.
  Query: SELECT * FROM orders WHERE status = 'PENDING' AND created_at < NOW() - INTERVAL '1 day' ORDER BY created_at DESC;
  Execution State: active | Wait Event: IO:DataFileRead | Locks Held: ExclusiveLock on relation 'orders'
  Context: Unindexed sequential scan (seq_scan) on table 'orders' (12,450,000 rows scanned).

2026-08-30T17:39:32.371427Z CRITICAL [RedisEvent-59] redis.cluster.memory - Redis OOM threshold reached. Used: 2048MB / Max: 2048MB.
  Command 'SET' rejected for key 'cache:session:52361'. Policy 'noeviction' prevented key removal.

2026-08-30T17:39:56.419009Z CRITICAL [RedisEvent-49] redis.cluster.memory - Redis OOM threshold reached. Used: 2048MB / Max: 2048MB.
  Command 'SET' rejected for key 'cache:session:44119'. Policy 'noeviction' prevented key removal.

2026-08-30T17:40:02.432220Z WARNING [QueryMonitor-66] postgres.slow_query - Long running transaction detected: PID 89230 running for 558s.
  Query: SELECT * FROM orders WHERE status = 'PENDING' AND created_at < NOW() - INTERVAL '1 day' ORDER BY created_at DESC;
  Execution State: active | Wait Event: IO:DataFileRead | Locks Held: ExclusiveLock on relation 'orders'
  Context: Unindexed sequential scan (seq_scan) on table 'orders' (12,450,000 rows scanned).

2026-08-30T17:40:05.437977Z ERROR [DBPool-70] postgres.connection.pool - Connection acquire timeout after 5000ms. Active: 100/100, Idle: 0, Waiting: 42.
  SQL State: 53300 (too_many_connections) - User 'app_user' has reached maximum allowed connections.

2026-08-30T17:40:14.463053Z CRITICAL [RedisEvent-15] redis.cluster.memory - Redis OOM threshold reached. Used: 2048MB / Max: 2048MB.
  Command 'SET' rejected for key 'cache:session:62030'. Policy 'noeviction' prevented key removal.

2026-08-30T17:40:17.468606Z ERROR [DBPool-29] postgres.connection.pool - Connection acquire timeout after 5000ms. Active: 100/100, Idle: 0, Waiting: 42.
  SQL State: 53300 (too_many_connections) - User 'app_user' has reached maximum allowed connections.

2026-08-30T17:40:26.487463Z CRITICAL [RedisEvent-11] redis.cluster.memory - Redis OOM threshold reached. Used: 2048MB / Max: 2048MB.
  Command 'SET' rejected for key 'cache:session:60197'. Policy 'noeviction' prevented key removal.

2026-08-30T17:40:29.493292Z CRITICAL [RedisEvent-18] redis.cluster.memory - Redis OOM threshold reached. Used: 2048MB / Max: 2048MB.
  Command 'SET' rejected for key 'cache:session:54233'. Policy 'noeviction' prevented key removal.

2026-08-30T17:40:35.505685Z CRITICAL [RedisEvent-61] redis.cluster.memory - Redis OOM threshold reached. Used: 2048MB / Max: 2048MB.
  Command 'SET' rejected for key 'cache:session:87384'. Policy 'noeviction' prevented key removal.

2026-08-30T17:40:38.514558Z ERROR [DBPool-24] postgres.connection.pool - Connection acquire timeout after 5000ms. Active: 100/100, Idle: 0, Waiting: 42.
  SQL State: 53300 (too_many_connections) - User 'app_user' has reached maximum allowed connections.

2026-08-30T17:40:59.568533Z ERROR [DBPool-83] postgres.connection.pool - Connection acquire timeout after 5000ms. Active: 100/100, Idle: 0, Waiting: 42.
  SQL State: 53300 (too_many_connections) - User 'app_user' has reached maximum allowed connections.

2026-08-30T17:41:05.581355Z ERROR [DBPool-94] postgres.connection.pool - Connection acquire timeout after 5000ms. Active: 100/100, Idle: 0, Waiting: 42.
  SQL State: 53300 (too_many_connections) - User 'app_user' has reached maximum allowed connections.

2026-08-30T17:41:11.594230Z ERROR [DBPool-69] postgres.connection.pool - Connection acquire timeout after 5000ms. Active: 100/100, Idle: 0, Waiting: 42.
  SQL State: 53300 (too_many_connections) - User 'app_user' has reached maximum allowed connections.

2026-08-30T17:41:17.606308Z WARNING [QueryMonitor-54] postgres.slow_query - Long running transaction detected: PID 95657 running for 837s.
  Query: SELECT * FROM orders WHERE status = 'PENDING' AND created_at < NOW() - INTERVAL '1 day' ORDER BY created_at DESC;
  Execution State: active | Wait Event: IO:DataFileRead | Locks Held: ExclusiveLock on relation 'orders'
  Context: Unindexed sequential scan (seq_scan) on table 'orders' (12,450,000 rows scanned).

2026-08-30T17:41:26.625741Z CRITICAL [RedisEvent-97] redis.cluster.memory - Redis OOM threshold reached. Used: 2048MB / Max: 2048MB.
  Command 'SET' rejected for key 'cache:session:30422'. Policy 'noeviction' prevented key removal.

2026-08-30T17:41:29.632313Z WARNING [QueryMonitor-89] postgres.slow_query - Long running transaction detected: PID 67449 running for 517s.
  Query: SELECT * FROM orders WHERE status = 'PENDING' AND created_at < NOW() - INTERVAL '1 day' ORDER BY created_at DESC;
  Execution State: active | Wait Event: IO:DataFileRead | Locks Held: ExclusiveLock on relation 'orders'
  Context: Unindexed sequential scan (seq_scan) on table 'orders' (12,450,000 rows scanned).

2026-08-30T17:41:38.655298Z ERROR [DBPool-92] postgres.connection.pool - Connection acquire timeout after 5000ms. Active: 100/100, Idle: 0, Waiting: 42.
  SQL State: 53300 (too_many_connections) - User 'app_user' has reached maximum allowed connections.

2026-08-30T17:41:47.673721Z ERROR [DBPool-26] postgres.connection.pool - Connection acquire timeout after 5000ms. Active: 100/100, Idle: 0, Waiting: 42.
  SQL State: 53300 (too_many_connections) - User 'app_user' has reached maximum allowed connections.

2026-08-30T17:41:53.685021Z WARNING [QueryMonitor-88] postgres.slow_query - Long running transaction detected: PID 33128 running for 766s.
  Query: SELECT * FROM orders WHERE status = 'PENDING' AND created_at < NOW() - INTERVAL '1 day' ORDER BY created_at DESC;
  Execution State: active | Wait Event: IO:DataFileRead | Locks Held: ExclusiveLock on relation 'orders'
  Context: Unindexed sequential scan (seq_scan) on table 'orders' (12,450,000 rows scanned).

2026-08-30T17:41:59.704882Z WARNING [QueryMonitor-30] postgres.slow_query - Long running transaction detected: PID 25687 running for 759s.
  Query: SELECT * FROM orders WHERE status = 'PENDING' AND created_at < NOW() - INTERVAL '1 day' ORDER BY created_at DESC;
  Execution State: active | Wait Event: IO:DataFileRead | Locks Held: ExclusiveLock on relation 'orders'
  Context: Unindexed sequential scan (seq_scan) on table 'orders' (12,450,000 rows scanned).

2026-08-30T17:42:05.716717Z WARNING [QueryMonitor-23] postgres.slow_query - Long running transaction detected: PID 20847 running for 581s.
  Query: SELECT * FROM orders WHERE status = 'PENDING' AND created_at < NOW() - INTERVAL '1 day' ORDER BY created_at DESC;
  Execution State: active | Wait Event: IO:DataFileRead | Locks Held: ExclusiveLock on relation 'orders'
  Context: Unindexed sequential scan (seq_scan) on table 'orders' (12,450,000 rows scanned).

2026-08-30T17:42:20.755092Z CRITICAL [RedisEvent-69] redis.cluster.memory - Redis OOM threshold reached. Used: 2048MB / Max: 2048MB.
  Command 'SET' rejected for key 'cache:session:89933'. Policy 'noeviction' prevented key removal.

2026-08-30T17:42:23.761298Z WARNING [QueryMonitor-99] postgres.slow_query - Long running transaction detected: PID 29480 running for 344s.
  Query: SELECT * FROM orders WHERE status = 'PENDING' AND created_at < NOW() - INTERVAL '1 day' ORDER BY created_at DESC;
  Execution State: active | Wait Event: IO:DataFileRead | Locks Held: ExclusiveLock on relation 'orders'
  Context: Unindexed sequential scan (seq_scan) on table 'orders' (12,450,000 rows scanned).

2026-08-30T17:42:26.768454Z WARNING [QueryMonitor-59] postgres.slow_query - Long running transaction detected: PID 98659 running for 422s.
  Query: SELECT * FROM orders WHERE status = 'PENDING' AND created_at < NOW() - INTERVAL '1 day' ORDER BY created_at DESC;
  Execution State: active | Wait Event: IO:DataFileRead | Locks Held: ExclusiveLock on relation 'orders'
  Context: Unindexed sequential scan (seq_scan) on table 'orders' (12,450,000 rows scanned).

2026-08-30T17:42:29.774098Z ERROR [DBPool-66] postgres.connection.pool - Connection acquire timeout after 5000ms. Active: 100/100, Idle: 0, Waiting: 42.
  SQL State: 53300 (too_many_connections) - User 'app_user' has reached maximum allowed connections.

2026-08-30T17:42:38.793200Z CRITICAL [RedisEvent-27] redis.cluster.memory - Redis OOM threshold reached. Used: 2048MB / Max: 2048MB.
  Command 'SET' rejected for key 'cache:session:73979'. Policy 'noeviction' prevented key removal.

2026-08-30T17:42:44.804971Z ERROR [DBPool-95] postgres.connection.pool - Connection acquire timeout after 5000ms. Active: 100/100, Idle: 0, Waiting: 42.
  SQL State: 53300 (too_many_connections) - User 'app_user' has reached maximum allowed connections.

2026-08-30T17:42:59.845695Z ERROR [DBPool-41] postgres.connection.pool - Connection acquire timeout after 5000ms. Active: 100/100, Idle: 0, Waiting: 42.
  SQL State: 53300 (too_many_connections) - User 'app_user' has reached maximum allowed connections.

2026-08-30T17:43:02.852130Z CRITICAL [RedisEvent-91] redis.cluster.memory - Redis OOM threshold reached. Used: 2048MB / Max: 2048MB.
  Command 'SET' rejected for key 'cache:session:48554'. Policy 'noeviction' prevented key removal.

2026-08-30T17:43:05.858365Z CRITICAL [RedisEvent-55] redis.cluster.memory - Redis OOM threshold reached. Used: 2048MB / Max: 2048MB.
  Command 'SET' rejected for key 'cache:session:88034'. Policy 'noeviction' prevented key removal.

2026-08-30T17:43:11.871355Z ERROR [DBPool-79] postgres.connection.pool - Connection acquire timeout after 5000ms. Active: 100/100, Idle: 0, Waiting: 42.
  SQL State: 53300 (too_many_connections) - User 'app_user' has reached maximum allowed connections.

2026-08-30T17:43:23.904311Z WARNING [QueryMonitor-31] postgres.slow_query - Long running transaction detected: PID 87596 running for 823s.
  Query: SELECT * FROM orders WHERE status = 'PENDING' AND created_at < NOW() - INTERVAL '1 day' ORDER BY created_at DESC;
  Execution State: active | Wait Event: IO:DataFileRead | Locks Held: ExclusiveLock on relation 'orders'
  Context: Unindexed sequential scan (seq_scan) on table 'orders' (12,450,000 rows scanned).

2026-08-30T17:43:26.909890Z CRITICAL [RedisEvent-14] redis.cluster.memory - Redis OOM threshold reached. Used: 2048MB / Max: 2048MB.
  Command 'SET' rejected for key 'cache:session:60343'. Policy 'noeviction' prevented key removal.

2026-08-30T17:43:29.924308Z WARNING [QueryMonitor-16] postgres.slow_query - Long running transaction detected: PID 37371 running for 666s.
  Query: SELECT * FROM orders WHERE status = 'PENDING' AND created_at < NOW() - INTERVAL '1 day' ORDER BY created_at DESC;
  Execution State: active | Wait Event: IO:DataFileRead | Locks Held: ExclusiveLock on relation 'orders'
  Context: Unindexed sequential scan (seq_scan) on table 'orders' (12,450,000 rows scanned).

2026-08-30T17:43:35.941553Z WARNING [QueryMonitor-99] postgres.slow_query - Long running transaction detected: PID 41625 running for 837s.
  Query: SELECT * FROM orders WHERE status = 'PENDING' AND created_at < NOW() - INTERVAL '1 day' ORDER BY created_at DESC;
  Execution State: active | Wait Event: IO:DataFileRead | Locks Held: ExclusiveLock on relation 'orders'
  Context: Unindexed sequential scan (seq_scan) on table 'orders' (12,450,000 rows scanned).

2026-08-30T17:44:09.051641Z ERROR [DBPool-39] postgres.connection.pool - Connection acquire timeout after 5000ms. Active: 100/100, Idle: 0, Waiting: 42.
  SQL State: 53300 (too_many_connections) - User 'app_user' has reached maximum allowed connections.

2026-08-30T17:44:21.080305Z WARNING [QueryMonitor-56] postgres.slow_query - Long running transaction detected: PID 73312 running for 480s.
  Query: SELECT * FROM orders WHERE status = 'PENDING' AND created_at < NOW() - INTERVAL '1 day' ORDER BY created_at DESC;
  Execution State: active | Wait Event: IO:DataFileRead | Locks Held: ExclusiveLock on relation 'orders'
  Context: Unindexed sequential scan (seq_scan) on table 'orders' (12,450,000 rows scanned).

2026-08-30T17:44:27.101707Z ERROR [DBPool-22] postgres.connection.pool - Connection acquire timeout after 5000ms. Active: 100/100, Idle: 0, Waiting: 42.
  SQL State: 53300 (too_many_connections) - User 'app_user' has reached maximum allowed connections.

2026-08-30T17:44:48.157987Z CRITICAL [RedisEvent-56] redis.cluster.memory - Redis OOM threshold reached. Used: 2048MB / Max: 2048MB.
  Command 'SET' rejected for key 'cache:session:33526'. Policy 'noeviction' prevented key removal.

2026-08-30T17:45:06.214170Z CRITICAL [RedisEvent-53] redis.cluster.memory - Redis OOM threshold reached. Used: 2048MB / Max: 2048MB.
  Command 'SET' rejected for key 'cache:session:82116'. Policy 'noeviction' prevented key removal.

2026-08-30T17:45:15.245622Z WARNING [QueryMonitor-60] postgres.slow_query - Long running transaction detected: PID 42472 running for 747s.
  Query: SELECT * FROM orders WHERE status = 'PENDING' AND created_at < NOW() - INTERVAL '1 day' ORDER BY created_at DESC;
  Execution State: active | Wait Event: IO:DataFileRead | Locks Held: ExclusiveLock on relation 'orders'
  Context: Unindexed sequential scan (seq_scan) on table 'orders' (12,450,000 rows scanned).

2026-08-30T17:45:27.279267Z ERROR [DBPool-55] postgres.connection.pool - Connection acquire timeout after 5000ms. Active: 100/100, Idle: 0, Waiting: 42.
  SQL State: 53300 (too_many_connections) - User 'app_user' has reached maximum allowed connections.

2026-08-30T17:45:33.291987Z CRITICAL [RedisEvent-57] redis.cluster.memory - Redis OOM threshold reached. Used: 2048MB / Max: 2048MB.
  Command 'SET' rejected for key 'cache:session:60578'. Policy 'noeviction' prevented key removal.

2026-08-30T17:45:42.314796Z WARNING [QueryMonitor-36] postgres.slow_query - Long running transaction detected: PID 88059 running for 817s.
  Query: SELECT * FROM orders WHERE status = 'PENDING' AND created_at < NOW() - INTERVAL '1 day' ORDER BY created_at DESC;
  Execution State: active | Wait Event: IO:DataFileRead | Locks Held: ExclusiveLock on relation 'orders'
  Context: Unindexed sequential scan (seq_scan) on table 'orders' (12,450,000 rows scanned).

2026-08-30T17:45:51.340429Z ERROR [DBPool-89] postgres.connection.pool - Connection acquire timeout after 5000ms. Active: 100/100, Idle: 0, Waiting: 42.
  SQL State: 53300 (too_many_connections) - User 'app_user' has reached maximum allowed connections.

2026-08-30T17:46:06.370536Z ERROR [DBPool-58] postgres.connection.pool - Connection acquire timeout after 5000ms. Active: 100/100, Idle: 0, Waiting: 42.
  SQL State: 53300 (too_many_connections) - User 'app_user' has reached maximum allowed connections.

2026-08-30T17:46:30.429583Z ERROR [DBPool-53] postgres.connection.pool - Connection acquire timeout after 5000ms. Active: 100/100, Idle: 0, Waiting: 42.
  SQL State: 53300 (too_many_connections) - User 'app_user' has reached maximum allowed connections.

2026-08-30T17:46:33.444998Z WARNING [QueryMonitor-45] postgres.slow_query - Long running transaction detected: PID 56381 running for 802s.
  Query: SELECT * FROM orders WHERE status = 'PENDING' AND created_at < NOW() - INTERVAL '1 day' ORDER BY created_at DESC;
  Execution State: active | Wait Event: IO:DataFileRead | Locks Held: ExclusiveLock on relation 'orders'
  Context: Unindexed sequential scan (seq_scan) on table 'orders' (12,450,000 rows scanned).

2026-08-30T17:46:36.451110Z ERROR [DBPool-45] postgres.connection.pool - Connection acquire timeout after 5000ms. Active: 100/100, Idle: 0, Waiting: 42.
  SQL State: 53300 (too_many_connections) - User 'app_user' has reached maximum allowed connections.

2026-08-30T17:46:51.494453Z WARNING [QueryMonitor-53] postgres.slow_query - Long running transaction detected: PID 43173 running for 525s.
  Query: SELECT * FROM orders WHERE status = 'PENDING' AND created_at < NOW() - INTERVAL '1 day' ORDER BY created_at DESC;
  Execution State: active | Wait Event: IO:DataFileRead | Locks Held: ExclusiveLock on relation 'orders'
  Context: Unindexed sequential scan (seq_scan) on table 'orders' (12,450,000 rows scanned).

2026-08-30T17:46:54.499349Z WARNING [QueryMonitor-23] postgres.slow_query - Long running transaction detected: PID 93844 running for 332s.
  Query: SELECT * FROM orders WHERE status = 'PENDING' AND created_at < NOW() - INTERVAL '1 day' ORDER BY created_at DESC;
  Execution State: active | Wait Event: IO:DataFileRead | Locks Held: ExclusiveLock on relation 'orders'
  Context: Unindexed sequential scan (seq_scan) on table 'orders' (12,450,000 rows scanned).

2026-08-30T17:47:06.535378Z CRITICAL [RedisEvent-42] redis.cluster.memory - Redis OOM threshold reached. Used: 2048MB / Max: 2048MB.
  Command 'SET' rejected for key 'cache:session:92798'. Policy 'noeviction' prevented key removal.

2026-08-30T17:47:09.541433Z CRITICAL [RedisEvent-28] redis.cluster.memory - Redis OOM threshold reached. Used: 2048MB / Max: 2048MB.
  Command 'SET' rejected for key 'cache:session:57187'. Policy 'noeviction' prevented key removal.

2026-08-30T17:47:12.548316Z CRITICAL [RedisEvent-81] redis.cluster.memory - Redis OOM threshold reached. Used: 2048MB / Max: 2048MB.
  Command 'SET' rejected for key 'cache:session:10156'. Policy 'noeviction' prevented key removal.

2026-08-30T17:47:18.571335Z CRITICAL [RedisEvent-85] redis.cluster.memory - Redis OOM threshold reached. Used: 2048MB / Max: 2048MB.
  Command 'SET' rejected for key 'cache:session:63999'. Policy 'noeviction' prevented key removal.

2026-08-30T17:47:24.584966Z WARNING [QueryMonitor-87] postgres.slow_query - Long running transaction detected: PID 51502 running for 352s.
  Query: SELECT * FROM orders WHERE status = 'PENDING' AND created_at < NOW() - INTERVAL '1 day' ORDER BY created_at DESC;
  Execution State: active | Wait Event: IO:DataFileRead | Locks Held: ExclusiveLock on relation 'orders'
  Context: Unindexed sequential scan (seq_scan) on table 'orders' (12,450,000 rows scanned).

2026-08-30T17:47:33.604652Z ERROR [DBPool-24] postgres.connection.pool - Connection acquire timeout after 5000ms. Active: 100/100, Idle: 0, Waiting: 42.
  SQL State: 53300 (too_many_connections) - User 'app_user' has reached maximum allowed connections.

2026-08-30T17:47:36.611453Z WARNING [QueryMonitor-76] postgres.slow_query - Long running transaction detected: PID 25605 running for 564s.
  Query: SELECT * FROM orders WHERE status = 'PENDING' AND created_at < NOW() - INTERVAL '1 day' ORDER BY created_at DESC;
  Execution State: active | Wait Event: IO:DataFileRead | Locks Held: ExclusiveLock on relation 'orders'
  Context: Unindexed sequential scan (seq_scan) on table 'orders' (12,450,000 rows scanned).

2026-08-30T17:47:42.626683Z ERROR [DBPool-94] postgres.connection.pool - Connection acquire timeout after 5000ms. Active: 100/100, Idle: 0, Waiting: 42.
  SQL State: 53300 (too_many_connections) - User 'app_user' has reached maximum allowed connections.

2026-08-30T17:48:21.731582Z WARNING [QueryMonitor-90] postgres.slow_query - Long running transaction detected: PID 91296 running for 433s.
  Query: SELECT * FROM orders WHERE status = 'PENDING' AND created_at < NOW() - INTERVAL '1 day' ORDER BY created_at DESC;
  Execution State: active | Wait Event: IO:DataFileRead | Locks Held: ExclusiveLock on relation 'orders'
  Context: Unindexed sequential scan (seq_scan) on table 'orders' (12,450,000 rows scanned).

2026-08-30T17:48:33.764833Z ERROR [DBPool-39] postgres.connection.pool - Connection acquire timeout after 5000ms. Active: 100/100, Idle: 0, Waiting: 42.
  SQL State: 53300 (too_many_connections) - User 'app_user' has reached maximum allowed connections.

2026-08-30T17:48:36.770796Z CRITICAL [RedisEvent-26] redis.cluster.memory - Redis OOM threshold reached. Used: 2048MB / Max: 2048MB.
  Command 'SET' rejected for key 'cache:session:18132'. Policy 'noeviction' prevented key removal.

2026-08-30T17:48:39.788803Z WARNING [QueryMonitor-29] postgres.slow_query - Long running transaction detected: PID 78730 running for 665s.
  Query: SELECT * FROM orders WHERE status = 'PENDING' AND created_at < NOW() - INTERVAL '1 day' ORDER BY created_at DESC;
  Execution State: active | Wait Event: IO:DataFileRead | Locks Held: ExclusiveLock on relation 'orders'
  Context: Unindexed sequential scan (seq_scan) on table 'orders' (12,450,000 rows scanned).

2026-08-30T17:48:48.815600Z ERROR [DBPool-23] postgres.connection.pool - Connection acquire timeout after 5000ms. Active: 100/100, Idle: 0, Waiting: 42.
  SQL State: 53300 (too_many_connections) - User 'app_user' has reached maximum allowed connections.

2026-08-30T17:48:51.826255Z ERROR [DBPool-25] postgres.connection.pool - Connection acquire timeout after 5000ms. Active: 100/100, Idle: 0, Waiting: 42.
  SQL State: 53300 (too_many_connections) - User 'app_user' has reached maximum allowed connections.

2026-08-30T17:48:54.841596Z CRITICAL [RedisEvent-84] redis.cluster.memory - Redis OOM threshold reached. Used: 2048MB / Max: 2048MB.
  Command 'SET' rejected for key 'cache:session:80588'. Policy 'noeviction' prevented key removal.

2026-08-30T17:48:57.847891Z WARNING [QueryMonitor-70] postgres.slow_query - Long running transaction detected: PID 40421 running for 504s.
  Query: SELECT * FROM orders WHERE status = 'PENDING' AND created_at < NOW() - INTERVAL '1 day' ORDER BY created_at DESC;
  Execution State: active | Wait Event: IO:DataFileRead | Locks Held: ExclusiveLock on relation 'orders'
  Context: Unindexed sequential scan (seq_scan) on table 'orders' (12,450,000 rows scanned).

2026-08-30T17:49:06.877239Z WARNING [QueryMonitor-26] postgres.slow_query - Long running transaction detected: PID 40561 running for 702s.
  Query: SELECT * FROM orders WHERE status = 'PENDING' AND created_at < NOW() - INTERVAL '1 day' ORDER BY created_at DESC;
  Execution State: active | Wait Event: IO:DataFileRead | Locks Held: ExclusiveLock on relation 'orders'
  Context: Unindexed sequential scan (seq_scan) on table 'orders' (12,450,000 rows scanned).

2026-08-30T17:49:12.889641Z WARNING [QueryMonitor-50] postgres.slow_query - Long running transaction detected: PID 48677 running for 453s.
  Query: SELECT * FROM orders WHERE status = 'PENDING' AND created_at < NOW() - INTERVAL '1 day' ORDER BY created_at DESC;
  Execution State: active | Wait Event: IO:DataFileRead | Locks Held: ExclusiveLock on relation 'orders'
  Context: Unindexed sequential scan (seq_scan) on table 'orders' (12,450,000 rows scanned).

2026-08-30T17:49:24.930212Z CRITICAL [RedisEvent-47] redis.cluster.memory - Redis OOM threshold reached. Used: 2048MB / Max: 2048MB.
  Command 'SET' rejected for key 'cache:session:15032'. Policy 'noeviction' prevented key removal.

2026-08-30T17:49:27.935307Z WARNING [QueryMonitor-23] postgres.slow_query - Long running transaction detected: PID 29818 running for 815s.
  Query: SELECT * FROM orders WHERE status = 'PENDING' AND created_at < NOW() - INTERVAL '1 day' ORDER BY created_at DESC;
  Execution State: active | Wait Event: IO:DataFileRead | Locks Held: ExclusiveLock on relation 'orders'
  Context: Unindexed sequential scan (seq_scan) on table 'orders' (12,450,000 rows scanned).

2026-08-30T17:49:46.102204Z CRITICAL [RedisEvent-56] redis.cluster.memory - Redis OOM threshold reached. Used: 2048MB / Max: 2048MB.
  Command 'SET' rejected for key 'cache:session:43983'. Policy 'noeviction' prevented key removal.

2026-08-30T17:49:49.166486Z WARNING [QueryMonitor-77] postgres.slow_query - Long running transaction detected: PID 25114 running for 430s.
  Query: SELECT * FROM orders WHERE status = 'PENDING' AND created_at < NOW() - INTERVAL '1 day' ORDER BY created_at DESC;
  Execution State: active | Wait Event: IO:DataFileRead | Locks Held: ExclusiveLock on relation 'orders'
  Context: Unindexed sequential scan (seq_scan) on table 'orders' (12,450,000 rows scanned).

2026-08-30T17:49:55.280323Z ERROR [DBPool-55] postgres.connection.pool - Connection acquire timeout after 5000ms. Active: 100/100, Idle: 0, Waiting: 42.
  SQL State: 53300 (too_many_connections) - User 'app_user' has reached maximum allowed connections.

2026-08-30T17:50:40.524475Z WARNING [QueryMonitor-11] postgres.slow_query - Long running transaction detected: PID 25718 running for 651s.
  Query: SELECT * FROM orders WHERE status = 'PENDING' AND created_at < NOW() - INTERVAL '1 day' ORDER BY created_at DESC;
  Execution State: active | Wait Event: IO:DataFileRead | Locks Held: ExclusiveLock on relation 'orders'
  Context: Unindexed sequential scan (seq_scan) on table 'orders' (12,450,000 rows scanned).

2026-08-30T17:50:58.574767Z CRITICAL [RedisEvent-90] redis.cluster.memory - Redis OOM threshold reached. Used: 2048MB / Max: 2048MB.
  Command 'SET' rejected for key 'cache:session:97395'. Policy 'noeviction' prevented key removal.

2026-08-30T17:51:07.613061Z WARNING [QueryMonitor-70] postgres.slow_query - Long running transaction detected: PID 34445 running for 431s.
  Query: SELECT * FROM orders WHERE status = 'PENDING' AND created_at < NOW() - INTERVAL '1 day' ORDER BY created_at DESC;
  Execution State: active | Wait Event: IO:DataFileRead | Locks Held: ExclusiveLock on relation 'orders'
  Context: Unindexed sequential scan (seq_scan) on table 'orders' (12,450,000 rows scanned).

2026-08-30T17:51:10.618984Z CRITICAL [RedisEvent-97] redis.cluster.memory - Redis OOM threshold reached. Used: 2048MB / Max: 2048MB.
  Command 'SET' rejected for key 'cache:session:33801'. Policy 'noeviction' prevented key removal.

2026-08-30T17:51:16.631491Z CRITICAL [RedisEvent-45] redis.cluster.memory - Redis OOM threshold reached. Used: 2048MB / Max: 2048MB.
  Command 'SET' rejected for key 'cache:session:44197'. Policy 'noeviction' prevented key removal.

2026-08-30T17:51:28.656068Z WARNING [QueryMonitor-95] postgres.slow_query - Long running transaction detected: PID 66293 running for 467s.
  Query: SELECT * FROM orders WHERE status = 'PENDING' AND created_at < NOW() - INTERVAL '1 day' ORDER BY created_at DESC;
  Execution State: active | Wait Event: IO:DataFileRead | Locks Held: ExclusiveLock on relation 'orders'
  Context: Unindexed sequential scan (seq_scan) on table 'orders' (12,450,000 rows scanned).

2026-08-30T17:51:31.662179Z ERROR [DBPool-23] postgres.connection.pool - Connection acquire timeout after 5000ms. Active: 100/100, Idle: 0, Waiting: 42.
  SQL State: 53300 (too_many_connections) - User 'app_user' has reached maximum allowed connections.

2026-08-30T17:51:53.137941Z ERROR [DBPool-92] postgres.connection.pool - Connection acquire timeout after 5000ms. Active: 100/100, Idle: 0, Waiting: 42.
  SQL State: 53300 (too_many_connections) - User 'app_user' has reached maximum allowed connections.

2026-08-30T17:52:02.158144Z ERROR [DBPool-58] postgres.connection.pool - Connection acquire timeout after 5000ms. Active: 100/100, Idle: 0, Waiting: 42.
  SQL State: 53300 (too_many_connections) - User 'app_user' has reached maximum allowed connections.

2026-08-30T17:52:11.186731Z WARNING [QueryMonitor-31] postgres.slow_query - Long running transaction detected: PID 41569 running for 382s.
  Query: SELECT * FROM orders WHERE status = 'PENDING' AND created_at < NOW() - INTERVAL '1 day' ORDER BY created_at DESC;
  Execution State: active | Wait Event: IO:DataFileRead | Locks Held: ExclusiveLock on relation 'orders'
  Context: Unindexed sequential scan (seq_scan) on table 'orders' (12,450,000 rows scanned).

2026-08-30T17:52:14.192955Z ERROR [DBPool-98] postgres.connection.pool - Connection acquire timeout after 5000ms. Active: 100/100, Idle: 0, Waiting: 42.
  SQL State: 53300 (too_many_connections) - User 'app_user' has reached maximum allowed connections.

2026-08-30T17:52:53.285900Z CRITICAL [RedisEvent-34] redis.cluster.memory - Redis OOM threshold reached. Used: 2048MB / Max: 2048MB.
  Command 'SET' rejected for key 'cache:session:11023'. Policy 'noeviction' prevented key removal.

2026-08-30T17:53:14.341117Z WARNING [QueryMonitor-82] postgres.slow_query - Long running transaction detected: PID 47175 running for 519s.
  Query: SELECT * FROM orders WHERE status = 'PENDING' AND created_at < NOW() - INTERVAL '1 day' ORDER BY created_at DESC;
  Execution State: active | Wait Event: IO:DataFileRead | Locks Held: ExclusiveLock on relation 'orders'
  Context: Unindexed sequential scan (seq_scan) on table 'orders' (12,450,000 rows scanned).

2026-08-30T17:53:29.373588Z ERROR [DBPool-92] postgres.connection.pool - Connection acquire timeout after 5000ms. Active: 100/100, Idle: 0, Waiting: 42.
  SQL State: 53300 (too_many_connections) - User 'app_user' has reached maximum allowed connections.

2026-08-30T17:53:32.444824Z ERROR [DBPool-63] postgres.connection.pool - Connection acquire timeout after 5000ms. Active: 100/100, Idle: 0, Waiting: 42.
  SQL State: 53300 (too_many_connections) - User 'app_user' has reached maximum allowed connections.

2026-08-30T17:53:35.452188Z WARNING [QueryMonitor-52] postgres.slow_query - Long running transaction detected: PID 95041 running for 418s.
  Query: SELECT * FROM orders WHERE status = 'PENDING' AND created_at < NOW() - INTERVAL '1 day' ORDER BY created_at DESC;
  Execution State: active | Wait Event: IO:DataFileRead | Locks Held: ExclusiveLock on relation 'orders'
  Context: Unindexed sequential scan (seq_scan) on table 'orders' (12,450,000 rows scanned).

2026-08-30T17:53:44.481582Z WARNING [QueryMonitor-68] postgres.slow_query - Long running transaction detected: PID 32774 running for 554s.
  Query: SELECT * FROM orders WHERE status = 'PENDING' AND created_at < NOW() - INTERVAL '1 day' ORDER BY created_at DESC;
  Execution State: active | Wait Event: IO:DataFileRead | Locks Held: ExclusiveLock on relation 'orders'
  Context: Unindexed sequential scan (seq_scan) on table 'orders' (12,450,000 rows scanned).

2026-08-30T17:53:56.506196Z ERROR [DBPool-16] postgres.connection.pool - Connection acquire timeout after 5000ms. Active: 100/100, Idle: 0, Waiting: 42.
  SQL State: 53300 (too_many_connections) - User 'app_user' has reached maximum allowed connections.

2026-08-30T17:54:02.519102Z ERROR [DBPool-17] postgres.connection.pool - Connection acquire timeout after 5000ms. Active: 100/100, Idle: 0, Waiting: 42.
  SQL State: 53300 (too_many_connections) - User 'app_user' has reached maximum allowed connections.

2026-08-30T17:54:05.526927Z CRITICAL [RedisEvent-19] redis.cluster.memory - Redis OOM threshold reached. Used: 2048MB / Max: 2048MB.
  Command 'SET' rejected for key 'cache:session:82109'. Policy 'noeviction' prevented key removal.

2026-08-30T17:54:14.548396Z WARNING [QueryMonitor-64] postgres.slow_query - Long running transaction detected: PID 25939 running for 782s.
  Query: SELECT * FROM orders WHERE status = 'PENDING' AND created_at < NOW() - INTERVAL '1 day' ORDER BY created_at DESC;
  Execution State: active | Wait Event: IO:DataFileRead | Locks Held: ExclusiveLock on relation 'orders'
  Context: Unindexed sequential scan (seq_scan) on table 'orders' (12,450,000 rows scanned).

2026-08-30T17:54:26.584408Z CRITICAL [RedisEvent-98] redis.cluster.memory - Redis OOM threshold reached. Used: 2048MB / Max: 2048MB.
  Command 'SET' rejected for key 'cache:session:85505'. Policy 'noeviction' prevented key removal.

2026-08-30T17:54:38.610982Z ERROR [DBPool-11] postgres.connection.pool - Connection acquire timeout after 5000ms. Active: 100/100, Idle: 0, Waiting: 42.
  SQL State: 53300 (too_many_connections) - User 'app_user' has reached maximum allowed connections.

2026-08-30T17:54:41.618023Z WARNING [QueryMonitor-70] postgres.slow_query - Long running transaction detected: PID 74243 running for 511s.
  Query: SELECT * FROM orders WHERE status = 'PENDING' AND created_at < NOW() - INTERVAL '1 day' ORDER BY created_at DESC;
  Execution State: active | Wait Event: IO:DataFileRead | Locks Held: ExclusiveLock on relation 'orders'
  Context: Unindexed sequential scan (seq_scan) on table 'orders' (12,450,000 rows scanned).

2026-08-30T17:54:50.637589Z CRITICAL [RedisEvent-69] redis.cluster.memory - Redis OOM threshold reached. Used: 2048MB / Max: 2048MB.
  Command 'SET' rejected for key 'cache:session:51448'. Policy 'noeviction' prevented key removal.

2026-08-30T17:54:53.649242Z ERROR [DBPool-22] postgres.connection.pool - Connection acquire timeout after 5000ms. Active: 100/100, Idle: 0, Waiting: 42.
  SQL State: 53300 (too_many_connections) - User 'app_user' has reached maximum allowed connections.

2026-08-30T17:55:08.681936Z ERROR [DBPool-65] postgres.connection.pool - Connection acquire timeout after 5000ms. Active: 100/100, Idle: 0, Waiting: 42.
  SQL State: 53300 (too_many_connections) - User 'app_user' has reached maximum allowed connections.

2026-08-30T17:55:14.693069Z WARNING [QueryMonitor-35] postgres.slow_query - Long running transaction detected: PID 43869 running for 509s.
  Query: SELECT * FROM orders WHERE status = 'PENDING' AND created_at < NOW() - INTERVAL '1 day' ORDER BY created_at DESC;
  Execution State: active | Wait Event: IO:DataFileRead | Locks Held: ExclusiveLock on relation 'orders'
  Context: Unindexed sequential scan (seq_scan) on table 'orders' (12,450,000 rows scanned).

2026-08-30T17:55:23.713298Z WARNING [QueryMonitor-90] postgres.slow_query - Long running transaction detected: PID 56133 running for 343s.
  Query: SELECT * FROM orders WHERE status = 'PENDING' AND created_at < NOW() - INTERVAL '1 day' ORDER BY created_at DESC;
  Execution State: active | Wait Event: IO:DataFileRead | Locks Held: ExclusiveLock on relation 'orders'
  Context: Unindexed sequential scan (seq_scan) on table 'orders' (12,450,000 rows scanned).

2026-08-30T17:55:32.732529Z CRITICAL [RedisEvent-24] redis.cluster.memory - Redis OOM threshold reached. Used: 2048MB / Max: 2048MB.
  Command 'SET' rejected for key 'cache:session:65273'. Policy 'noeviction' prevented key removal.

2026-08-30T17:55:35.738150Z WARNING [QueryMonitor-34] postgres.slow_query - Long running transaction detected: PID 69489 running for 456s.
  Query: SELECT * FROM orders WHERE status = 'PENDING' AND created_at < NOW() - INTERVAL '1 day' ORDER BY created_at DESC;
  Execution State: active | Wait Event: IO:DataFileRead | Locks Held: ExclusiveLock on relation 'orders'
  Context: Unindexed sequential scan (seq_scan) on table 'orders' (12,450,000 rows scanned).

2026-08-30T17:55:44.765542Z CRITICAL [RedisEvent-10] redis.cluster.memory - Redis OOM threshold reached. Used: 2048MB / Max: 2048MB.
  Command 'SET' rejected for key 'cache:session:73975'. Policy 'noeviction' prevented key removal.

2026-08-30T17:56:02.813106Z WARNING [QueryMonitor-34] postgres.slow_query - Long running transaction detected: PID 66379 running for 335s.
  Query: SELECT * FROM orders WHERE status = 'PENDING' AND created_at < NOW() - INTERVAL '1 day' ORDER BY created_at DESC;
  Execution State: active | Wait Event: IO:DataFileRead | Locks Held: ExclusiveLock on relation 'orders'
  Context: Unindexed sequential scan (seq_scan) on table 'orders' (12,450,000 rows scanned).

2026-08-30T17:56:17.841575Z CRITICAL [RedisEvent-36] redis.cluster.memory - Redis OOM threshold reached. Used: 2048MB / Max: 2048MB.
  Command 'SET' rejected for key 'cache:session:70153'. Policy 'noeviction' prevented key removal.

2026-08-30T17:56:35.874127Z WARNING [QueryMonitor-89] postgres.slow_query - Long running transaction detected: PID 76720 running for 347s.
  Query: SELECT * FROM orders WHERE status = 'PENDING' AND created_at < NOW() - INTERVAL '1 day' ORDER BY created_at DESC;
  Execution State: active | Wait Event: IO:DataFileRead | Locks Held: ExclusiveLock on relation 'orders'
  Context: Unindexed sequential scan (seq_scan) on table 'orders' (12,450,000 rows scanned).

2026-08-30T17:56:50.927523Z ERROR [DBPool-35] postgres.connection.pool - Connection acquire timeout after 5000ms. Active: 100/100, Idle: 0, Waiting: 42.
  SQL State: 53300 (too_many_connections) - User 'app_user' has reached maximum allowed connections.

2026-08-30T17:56:53.935467Z ERROR [DBPool-80] postgres.connection.pool - Connection acquire timeout after 5000ms. Active: 100/100, Idle: 0, Waiting: 42.
  SQL State: 53300 (too_many_connections) - User 'app_user' has reached maximum allowed connections.

2026-08-30T17:56:59.948183Z WARNING [QueryMonitor-79] postgres.slow_query - Long running transaction detected: PID 96933 running for 806s.
  Query: SELECT * FROM orders WHERE status = 'PENDING' AND created_at < NOW() - INTERVAL '1 day' ORDER BY created_at DESC;
  Execution State: active | Wait Event: IO:DataFileRead | Locks Held: ExclusiveLock on relation 'orders'
  Context: Unindexed sequential scan (seq_scan) on table 'orders' (12,450,000 rows scanned).

2026-08-30T17:57:14.993152Z WARNING [QueryMonitor-99] postgres.slow_query - Long running transaction detected: PID 82509 running for 744s.
  Query: SELECT * FROM orders WHERE status = 'PENDING' AND created_at < NOW() - INTERVAL '1 day' ORDER BY created_at DESC;
  Execution State: active | Wait Event: IO:DataFileRead | Locks Held: ExclusiveLock on relation 'orders'
  Context: Unindexed sequential scan (seq_scan) on table 'orders' (12,450,000 rows scanned).

2026-08-30T17:57:21.006187Z CRITICAL [RedisEvent-29] redis.cluster.memory - Redis OOM threshold reached. Used: 2048MB / Max: 2048MB.
  Command 'SET' rejected for key 'cache:session:81652'. Policy 'noeviction' prevented key removal.

2026-08-30T17:57:24.024525Z ERROR [DBPool-89] postgres.connection.pool - Connection acquire timeout after 5000ms. Active: 100/100, Idle: 0, Waiting: 42.
  SQL State: 53300 (too_many_connections) - User 'app_user' has reached maximum allowed connections.

2026-08-30T17:57:39.062074Z CRITICAL [RedisEvent-58] redis.cluster.memory - Redis OOM threshold reached. Used: 2048MB / Max: 2048MB.
  Command 'SET' rejected for key 'cache:session:89254'. Policy 'noeviction' prevented key removal.

2026-08-30T17:57:45.074650Z WARNING [QueryMonitor-64] postgres.slow_query - Long running transaction detected: PID 44256 running for 840s.
  Query: SELECT * FROM orders WHERE status = 'PENDING' AND created_at < NOW() - INTERVAL '1 day' ORDER BY created_at DESC;
  Execution State: active | Wait Event: IO:DataFileRead | Locks Held: ExclusiveLock on relation 'orders'
  Context: Unindexed sequential scan (seq_scan) on table 'orders' (12,450,000 rows scanned).

2026-08-30T17:57:48.080335Z CRITICAL [RedisEvent-83] redis.cluster.memory - Redis OOM threshold reached. Used: 2048MB / Max: 2048MB.
  Command 'SET' rejected for key 'cache:session:56292'. Policy 'noeviction' prevented key removal.

2026-08-30T17:57:57.108869Z CRITICAL [RedisEvent-32] redis.cluster.memory - Redis OOM threshold reached. Used: 2048MB / Max: 2048MB.
  Command 'SET' rejected for key 'cache:session:66402'. Policy 'noeviction' prevented key removal.

2026-08-30T17:58:03.123248Z ERROR [DBPool-11] postgres.connection.pool - Connection acquire timeout after 5000ms. Active: 100/100, Idle: 0, Waiting: 42.
  SQL State: 53300 (too_many_connections) - User 'app_user' has reached maximum allowed connections.

2026-08-30T17:58:25.024520Z CRITICAL [RedisEvent-61] redis.cluster.memory - Redis OOM threshold reached. Used: 2048MB / Max: 2048MB.
  Command 'SET' rejected for key 'cache:session:62347'. Policy 'noeviction' prevented key removal.

2026-08-30T17:58:28.030463Z CRITICAL [RedisEvent-85] redis.cluster.memory - Redis OOM threshold reached. Used: 2048MB / Max: 2048MB.
  Command 'SET' rejected for key 'cache:session:69186'. Policy 'noeviction' prevented key removal.

2026-08-30T17:58:37.056988Z CRITICAL [RedisEvent-16] redis.cluster.memory - Redis OOM threshold reached. Used: 2048MB / Max: 2048MB.
  Command 'SET' rejected for key 'cache:session:77661'. Policy 'noeviction' prevented key removal.

2026-08-30T17:58:46.215172Z WARNING [QueryMonitor-85] postgres.slow_query - Long running transaction detected: PID 21080 running for 468s.
  Query: SELECT * FROM orders WHERE status = 'PENDING' AND created_at < NOW() - INTERVAL '1 day' ORDER BY created_at DESC;
  Execution State: active | Wait Event: IO:DataFileRead | Locks Held: ExclusiveLock on relation 'orders'
  Context: Unindexed sequential scan (seq_scan) on table 'orders' (12,450,000 rows scanned).

2026-08-30T17:58:49.222505Z ERROR [DBPool-28] postgres.connection.pool - Connection acquire timeout after 5000ms. Active: 100/100, Idle: 0, Waiting: 42.
  SQL State: 53300 (too_many_connections) - User 'app_user' has reached maximum allowed connections.

2026-08-30T17:58:55.237225Z ERROR [DBPool-78] postgres.connection.pool - Connection acquire timeout after 5000ms. Active: 100/100, Idle: 0, Waiting: 42.
  SQL State: 53300 (too_many_connections) - User 'app_user' has reached maximum allowed connections.

2026-08-30T17:59:07.263621Z WARNING [QueryMonitor-50] postgres.slow_query - Long running transaction detected: PID 47375 running for 804s.
  Query: SELECT * FROM orders WHERE status = 'PENDING' AND created_at < NOW() - INTERVAL '1 day' ORDER BY created_at DESC;
  Execution State: active | Wait Event: IO:DataFileRead | Locks Held: ExclusiveLock on relation 'orders'
  Context: Unindexed sequential scan (seq_scan) on table 'orders' (12,450,000 rows scanned).

2026-08-30T17:59:28.320235Z ERROR [DBPool-94] postgres.connection.pool - Connection acquire timeout after 5000ms. Active: 100/100, Idle: 0, Waiting: 42.
  SQL State: 53300 (too_many_connections) - User 'app_user' has reached maximum allowed connections.

2026-08-30T17:59:31.329477Z WARNING [QueryMonitor-26] postgres.slow_query - Long running transaction detected: PID 29392 running for 546s.
  Query: SELECT * FROM orders WHERE status = 'PENDING' AND created_at < NOW() - INTERVAL '1 day' ORDER BY created_at DESC;
  Execution State: active | Wait Event: IO:DataFileRead | Locks Held: ExclusiveLock on relation 'orders'
  Context: Unindexed sequential scan (seq_scan) on table 'orders' (12,450,000 rows scanned).

2026-08-30T17:59:34.341354Z ERROR [DBPool-96] postgres.connection.pool - Connection acquire timeout after 5000ms. Active: 100/100, Idle: 0, Waiting: 42.
  SQL State: 53300 (too_many_connections) - User 'app_user' has reached maximum allowed connections.

2026-08-30T17:59:43.366926Z CRITICAL [RedisEvent-66] redis.cluster.memory - Redis OOM threshold reached. Used: 2048MB / Max: 2048MB.
  Command 'SET' rejected for key 'cache:session:36938'. Policy 'noeviction' prevented key removal.

2026-08-30T17:59:49.389227Z WARNING [QueryMonitor-39] postgres.slow_query - Long running transaction detected: PID 57762 running for 351s.
  Query: SELECT * FROM orders WHERE status = 'PENDING' AND created_at < NOW() - INTERVAL '1 day' ORDER BY created_at DESC;
  Execution State: active | Wait Event: IO:DataFileRead | Locks Held: ExclusiveLock on relation 'orders'
  Context: Unindexed sequential scan (seq_scan) on table 'orders' (12,450,000 rows scanned).

2026-08-30T17:59:52.395552Z WARNING [QueryMonitor-91] postgres.slow_query - Long running transaction detected: PID 73874 running for 475s.
  Query: SELECT * FROM orders WHERE status = 'PENDING' AND created_at < NOW() - INTERVAL '1 day' ORDER BY created_at DESC;
  Execution State: active | Wait Event: IO:DataFileRead | Locks Held: ExclusiveLock on relation 'orders'
  Context: Unindexed sequential scan (seq_scan) on table 'orders' (12,450,000 rows scanned).

2026-08-30T17:59:55.408047Z WARNING [QueryMonitor-39] postgres.slow_query - Long running transaction detected: PID 18674 running for 746s.
  Query: SELECT * FROM orders WHERE status = 'PENDING' AND created_at < NOW() - INTERVAL '1 day' ORDER BY created_at DESC;
  Execution State: active | Wait Event: IO:DataFileRead | Locks Held: ExclusiveLock on relation 'orders'
  Context: Unindexed sequential scan (seq_scan) on table 'orders' (12,450,000 rows scanned).

2026-08-30T17:59:58.412784Z CRITICAL [RedisEvent-23] redis.cluster.memory - Redis OOM threshold reached. Used: 2048MB / Max: 2048MB.
  Command 'SET' rejected for key 'cache:session:55074'. Policy 'noeviction' prevented key removal.

2026-08-30T18:00:01.417727Z CRITICAL [RedisEvent-16] redis.cluster.memory - Redis OOM threshold reached. Used: 2048MB / Max: 2048MB.
  Command 'SET' rejected for key 'cache:session:90479'. Policy 'noeviction' prevented key removal.

2026-08-30T18:00:20.593255Z ERROR [DBPool-26] postgres.connection.pool - Connection acquire timeout after 5000ms. Active: 100/100, Idle: 0, Waiting: 42.
  SQL State: 53300 (too_many_connections) - User 'app_user' has reached maximum allowed connections.

2026-08-30T18:00:29.613380Z CRITICAL [RedisEvent-81] redis.cluster.memory - Redis OOM threshold reached. Used: 2048MB / Max: 2048MB.
  Command 'SET' rejected for key 'cache:session:83567'. Policy 'noeviction' prevented key removal.

2026-08-30T18:00:38.632287Z CRITICAL [RedisEvent-77] redis.cluster.memory - Redis OOM threshold reached. Used: 2048MB / Max: 2048MB.
  Command 'SET' rejected for key 'cache:session:56492'. Policy 'noeviction' prevented key removal.

2026-08-30T18:00:44.645364Z ERROR [DBPool-68] postgres.connection.pool - Connection acquire timeout after 5000ms. Active: 100/100, Idle: 0, Waiting: 42.
  SQL State: 53300 (too_many_connections) - User 'app_user' has reached maximum allowed connections.

2026-08-30T18:00:56.673694Z ERROR [DBPool-41] postgres.connection.pool - Connection acquire timeout after 5000ms. Active: 100/100, Idle: 0, Waiting: 42.
  SQL State: 53300 (too_many_connections) - User 'app_user' has reached maximum allowed connections.

2026-08-30T18:01:02.695829Z ERROR [DBPool-23] postgres.connection.pool - Connection acquire timeout after 5000ms. Active: 100/100, Idle: 0, Waiting: 42.
  SQL State: 53300 (too_many_connections) - User 'app_user' has reached maximum allowed connections.

2026-08-30T18:01:05.702532Z WARNING [QueryMonitor-47] postgres.slow_query - Long running transaction detected: PID 42634 running for 747s.
  Query: SELECT * FROM orders WHERE status = 'PENDING' AND created_at < NOW() - INTERVAL '1 day' ORDER BY created_at DESC;
  Execution State: active | Wait Event: IO:DataFileRead | Locks Held: ExclusiveLock on relation 'orders'
  Context: Unindexed sequential scan (seq_scan) on table 'orders' (12,450,000 rows scanned).

2026-08-30T18:01:23.753009Z ERROR [DBPool-92] postgres.connection.pool - Connection acquire timeout after 5000ms. Active: 100/100, Idle: 0, Waiting: 42.
  SQL State: 53300 (too_many_connections) - User 'app_user' has reached maximum allowed connections.

2026-08-30T18:01:35.773746Z CRITICAL [RedisEvent-71] redis.cluster.memory - Redis OOM threshold reached. Used: 2048MB / Max: 2048MB.
  Command 'SET' rejected for key 'cache:session:29296'. Policy 'noeviction' prevented key removal.

2026-08-30T18:01:58.762423Z WARNING [QueryMonitor-94] postgres.slow_query - Long running transaction detected: PID 18921 running for 729s.
  Query: SELECT * FROM orders WHERE status = 'PENDING' AND created_at < NOW() - INTERVAL '1 day' ORDER BY created_at DESC;
  Execution State: active | Wait Event: IO:DataFileRead | Locks Held: ExclusiveLock on relation 'orders'
  Context: Unindexed sequential scan (seq_scan) on table 'orders' (12,450,000 rows scanned).

2026-08-30T18:02:01.769018Z WARNING [QueryMonitor-53] postgres.slow_query - Long running transaction detected: PID 66162 running for 739s.
  Query: SELECT * FROM orders WHERE status = 'PENDING' AND created_at < NOW() - INTERVAL '1 day' ORDER BY created_at DESC;
  Execution State: active | Wait Event: IO:DataFileRead | Locks Held: ExclusiveLock on relation 'orders'
  Context: Unindexed sequential scan (seq_scan) on table 'orders' (12,450,000 rows scanned).

2026-08-30T18:02:04.775118Z ERROR [DBPool-25] postgres.connection.pool - Connection acquire timeout after 5000ms. Active: 100/100, Idle: 0, Waiting: 42.
  SQL State: 53300 (too_many_connections) - User 'app_user' has reached maximum allowed connections.

2026-08-30T18:02:31.884822Z CRITICAL [RedisEvent-53] redis.cluster.memory - Redis OOM threshold reached. Used: 2048MB / Max: 2048MB.
  Command 'SET' rejected for key 'cache:session:80293'. Policy 'noeviction' prevented key removal.

2026-08-30T18:02:34.890742Z CRITICAL [RedisEvent-37] redis.cluster.memory - Redis OOM threshold reached. Used: 2048MB / Max: 2048MB.
  Command 'SET' rejected for key 'cache:session:28291'. Policy 'noeviction' prevented key removal.

2026-08-30T18:02:37.896422Z WARNING [QueryMonitor-25] postgres.slow_query - Long running transaction detected: PID 33549 running for 707s.
  Query: SELECT * FROM orders WHERE status = 'PENDING' AND created_at < NOW() - INTERVAL '1 day' ORDER BY created_at DESC;
  Execution State: active | Wait Event: IO:DataFileRead | Locks Held: ExclusiveLock on relation 'orders'
  Context: Unindexed sequential scan (seq_scan) on table 'orders' (12,450,000 rows scanned).

2026-08-30T18:02:40.902216Z CRITICAL [RedisEvent-15] redis.cluster.memory - Redis OOM threshold reached. Used: 2048MB / Max: 2048MB.
  Command 'SET' rejected for key 'cache:session:34987'. Policy 'noeviction' prevented key removal.

2026-08-30T18:02:43.924204Z WARNING [QueryMonitor-11] postgres.slow_query - Long running transaction detected: PID 80515 running for 615s.
  Query: SELECT * FROM orders WHERE status = 'PENDING' AND created_at < NOW() - INTERVAL '1 day' ORDER BY created_at DESC;
  Execution State: active | Wait Event: IO:DataFileRead | Locks Held: ExclusiveLock on relation 'orders'
  Context: Unindexed sequential scan (seq_scan) on table 'orders' (12,450,000 rows scanned).

2026-08-30T18:02:55.948509Z ERROR [DBPool-55] postgres.connection.pool - Connection acquire timeout after 5000ms. Active: 100/100, Idle: 0, Waiting: 42.
  SQL State: 53300 (too_many_connections) - User 'app_user' has reached maximum allowed connections.

2026-08-30T18:02:58.960781Z WARNING [QueryMonitor-20] postgres.slow_query - Long running transaction detected: PID 26310 running for 830s.
  Query: SELECT * FROM orders WHERE status = 'PENDING' AND created_at < NOW() - INTERVAL '1 day' ORDER BY created_at DESC;
  Execution State: active | Wait Event: IO:DataFileRead | Locks Held: ExclusiveLock on relation 'orders'
  Context: Unindexed sequential scan (seq_scan) on table 'orders' (12,450,000 rows scanned).

2026-08-30T18:03:04.974778Z CRITICAL [RedisEvent-98] redis.cluster.memory - Redis OOM threshold reached. Used: 2048MB / Max: 2048MB.
  Command 'SET' rejected for key 'cache:session:94582'. Policy 'noeviction' prevented key removal.

2026-08-30T18:03:10.990966Z CRITICAL [RedisEvent-19] redis.cluster.memory - Redis OOM threshold reached. Used: 2048MB / Max: 2048MB.
  Command 'SET' rejected for key 'cache:session:69790'. Policy 'noeviction' prevented key removal.

2026-08-30T18:03:13.997515Z CRITICAL [RedisEvent-82] redis.cluster.memory - Redis OOM threshold reached. Used: 2048MB / Max: 2048MB.
  Command 'SET' rejected for key 'cache:session:75437'. Policy 'noeviction' prevented key removal.

2026-08-30T18:03:20.009156Z ERROR [DBPool-75] postgres.connection.pool - Connection acquire timeout after 5000ms. Active: 100/100, Idle: 0, Waiting: 42.
  SQL State: 53300 (too_many_connections) - User 'app_user' has reached maximum allowed connections.

2026-08-30T18:03:23.019371Z CRITICAL [RedisEvent-97] redis.cluster.memory - Redis OOM threshold reached. Used: 2048MB / Max: 2048MB.
  Command 'SET' rejected for key 'cache:session:25177'. Policy 'noeviction' prevented key removal.

2026-08-30T18:03:26.025579Z ERROR [DBPool-36] postgres.connection.pool - Connection acquire timeout after 5000ms. Active: 100/100, Idle: 0, Waiting: 42.
  SQL State: 53300 (too_many_connections) - User 'app_user' has reached maximum allowed connections.

2026-08-30T18:03:29.032437Z ERROR [DBPool-73] postgres.connection.pool - Connection acquire timeout after 5000ms. Active: 100/100, Idle: 0, Waiting: 42.
  SQL State: 53300 (too_many_connections) - User 'app_user' has reached maximum allowed connections.

2026-08-30T18:03:35.043301Z CRITICAL [RedisEvent-30] redis.cluster.memory - Redis OOM threshold reached. Used: 2048MB / Max: 2048MB.
  Command 'SET' rejected for key 'cache:session:23540'. Policy 'noeviction' prevented key removal.

2026-08-30T18:03:53.088427Z CRITICAL [RedisEvent-72] redis.cluster.memory - Redis OOM threshold reached. Used: 2048MB / Max: 2048MB.
  Command 'SET' rejected for key 'cache:session:63001'. Policy 'noeviction' prevented key removal.

2026-08-30T18:03:59.100366Z WARNING [QueryMonitor-91] postgres.slow_query - Long running transaction detected: PID 43044 running for 848s.
  Query: SELECT * FROM orders WHERE status = 'PENDING' AND created_at < NOW() - INTERVAL '1 day' ORDER BY created_at DESC;
  Execution State: active | Wait Event: IO:DataFileRead | Locks Held: ExclusiveLock on relation 'orders'
  Context: Unindexed sequential scan (seq_scan) on table 'orders' (12,450,000 rows scanned).

2026-08-30T18:04:17.148990Z WARNING [QueryMonitor-56] postgres.slow_query - Long running transaction detected: PID 39227 running for 352s.
  Query: SELECT * FROM orders WHERE status = 'PENDING' AND created_at < NOW() - INTERVAL '1 day' ORDER BY created_at DESC;
  Execution State: active | Wait Event: IO:DataFileRead | Locks Held: ExclusiveLock on relation 'orders'
  Context: Unindexed sequential scan (seq_scan) on table 'orders' (12,450,000 rows scanned).

2026-08-30T18:04:23.175014Z ERROR [DBPool-78] postgres.connection.pool - Connection acquire timeout after 5000ms. Active: 100/100, Idle: 0, Waiting: 42.
  SQL State: 53300 (too_many_connections) - User 'app_user' has reached maximum allowed connections.

2026-08-30T18:04:26.181158Z ERROR [DBPool-21] postgres.connection.pool - Connection acquire timeout after 5000ms. Active: 100/100, Idle: 0, Waiting: 42.
  SQL State: 53300 (too_many_connections) - User 'app_user' has reached maximum allowed connections.

2026-08-30T18:04:29.188825Z CRITICAL [RedisEvent-25] redis.cluster.memory - Redis OOM threshold reached. Used: 2048MB / Max: 2048MB.
  Command 'SET' rejected for key 'cache:session:66609'. Policy 'noeviction' prevented key removal.

2026-08-30T18:04:32.194706Z CRITICAL [RedisEvent-94] redis.cluster.memory - Redis OOM threshold reached. Used: 2048MB / Max: 2048MB.
  Command 'SET' rejected for key 'cache:session:91485'. Policy 'noeviction' prevented key removal.

2026-08-30T18:04:44.231135Z WARNING [QueryMonitor-45] postgres.slow_query - Long running transaction detected: PID 97659 running for 469s.
  Query: SELECT * FROM orders WHERE status = 'PENDING' AND created_at < NOW() - INTERVAL '1 day' ORDER BY created_at DESC;
  Execution State: active | Wait Event: IO:DataFileRead | Locks Held: ExclusiveLock on relation 'orders'
  Context: Unindexed sequential scan (seq_scan) on table 'orders' (12,450,000 rows scanned).

2026-08-30T18:05:02.264164Z ERROR [DBPool-70] postgres.connection.pool - Connection acquire timeout after 5000ms. Active: 100/100, Idle: 0, Waiting: 42.
  SQL State: 53300 (too_many_connections) - User 'app_user' has reached maximum allowed connections.

2026-08-30T18:05:14.287075Z ERROR [DBPool-24] postgres.connection.pool - Connection acquire timeout after 5000ms. Active: 100/100, Idle: 0, Waiting: 42.
  SQL State: 53300 (too_many_connections) - User 'app_user' has reached maximum allowed connections.

2026-08-30T18:05:23.306406Z WARNING [QueryMonitor-89] postgres.slow_query - Long running transaction detected: PID 36819 running for 627s.
  Query: SELECT * FROM orders WHERE status = 'PENDING' AND created_at < NOW() - INTERVAL '1 day' ORDER BY created_at DESC;
  Execution State: active | Wait Event: IO:DataFileRead | Locks Held: ExclusiveLock on relation 'orders'
  Context: Unindexed sequential scan (seq_scan) on table 'orders' (12,450,000 rows scanned).

2026-08-30T18:05:35.328942Z CRITICAL [RedisEvent-87] redis.cluster.memory - Redis OOM threshold reached. Used: 2048MB / Max: 2048MB.
  Command 'SET' rejected for key 'cache:session:52980'. Policy 'noeviction' prevented key removal.

2026-08-30T18:05:47.358955Z CRITICAL [RedisEvent-60] redis.cluster.memory - Redis OOM threshold reached. Used: 2048MB / Max: 2048MB.
  Command 'SET' rejected for key 'cache:session:47702'. Policy 'noeviction' prevented key removal.

2026-08-30T18:05:53.370689Z ERROR [DBPool-93] postgres.connection.pool - Connection acquire timeout after 5000ms. Active: 100/100, Idle: 0, Waiting: 42.
  SQL State: 53300 (too_many_connections) - User 'app_user' has reached maximum allowed connections.

2026-08-30T18:06:05.396885Z ERROR [DBPool-48] postgres.connection.pool - Connection acquire timeout after 5000ms. Active: 100/100, Idle: 0, Waiting: 42.
  SQL State: 53300 (too_many_connections) - User 'app_user' has reached maximum allowed connections.

2026-08-30T18:06:11.408802Z CRITICAL [RedisEvent-46] redis.cluster.memory - Redis OOM threshold reached. Used: 2048MB / Max: 2048MB.
  Command 'SET' rejected for key 'cache:session:17035'. Policy 'noeviction' prevented key removal.

2026-08-30T18:06:35.457857Z CRITICAL [RedisEvent-39] redis.cluster.memory - Redis OOM threshold reached. Used: 2048MB / Max: 2048MB.
  Command 'SET' rejected for key 'cache:session:56572'. Policy 'noeviction' prevented key removal.

2026-08-30T18:06:50.505562Z WARNING [QueryMonitor-49] postgres.slow_query - Long running transaction detected: PID 51225 running for 376s.
  Query: SELECT * FROM orders WHERE status = 'PENDING' AND created_at < NOW() - INTERVAL '1 day' ORDER BY created_at DESC;
  Execution State: active | Wait Event: IO:DataFileRead | Locks Held: ExclusiveLock on relation 'orders'
  Context: Unindexed sequential scan (seq_scan) on table 'orders' (12,450,000 rows scanned).

2026-08-30T18:06:56.516354Z CRITICAL [RedisEvent-94] redis.cluster.memory - Redis OOM threshold reached. Used: 2048MB / Max: 2048MB.
  Command 'SET' rejected for key 'cache:session:45132'. Policy 'noeviction' prevented key removal.

2026-08-30T18:07:32.736447Z ERROR [DBPool-30] postgres.connection.pool - Connection acquire timeout after 5000ms. Active: 100/100, Idle: 0, Waiting: 42.
  SQL State: 53300 (too_many_connections) - User 'app_user' has reached maximum allowed connections.

2026-08-30T18:07:41.758815Z CRITICAL [RedisEvent-77] redis.cluster.memory - Redis OOM threshold reached. Used: 2048MB / Max: 2048MB.
  Command 'SET' rejected for key 'cache:session:11248'. Policy 'noeviction' prevented key removal.

2026-08-30T18:07:50.779196Z WARNING [QueryMonitor-35] postgres.slow_query - Long running transaction detected: PID 66701 running for 609s.
  Query: SELECT * FROM orders WHERE status = 'PENDING' AND created_at < NOW() - INTERVAL '1 day' ORDER BY created_at DESC;
  Execution State: active | Wait Event: IO:DataFileRead | Locks Held: ExclusiveLock on relation 'orders'
  Context: Unindexed sequential scan (seq_scan) on table 'orders' (12,450,000 rows scanned).

2026-08-30T18:07:56.791278Z CRITICAL [RedisEvent-60] redis.cluster.memory - Redis OOM threshold reached. Used: 2048MB / Max: 2048MB.
  Command 'SET' rejected for key 'cache:session:78018'. Policy 'noeviction' prevented key removal.

2026-08-30T18:08:14.826334Z CRITICAL [RedisEvent-94] redis.cluster.memory - Redis OOM threshold reached. Used: 2048MB / Max: 2048MB.
  Command 'SET' rejected for key 'cache:session:75362'. Policy 'noeviction' prevented key removal.

2026-08-30T18:08:20.838089Z CRITICAL [RedisEvent-82] redis.cluster.memory - Redis OOM threshold reached. Used: 2048MB / Max: 2048MB.
  Command 'SET' rejected for key 'cache:session:95773'. Policy 'noeviction' prevented key removal.

2026-08-30T18:08:23.843449Z ERROR [DBPool-84] postgres.connection.pool - Connection acquire timeout after 5000ms. Active: 100/100, Idle: 0, Waiting: 42.
  SQL State: 53300 (too_many_connections) - User 'app_user' has reached maximum allowed connections.

2026-08-30T18:08:29.856007Z CRITICAL [RedisEvent-34] redis.cluster.memory - Redis OOM threshold reached. Used: 2048MB / Max: 2048MB.
  Command 'SET' rejected for key 'cache:session:22569'. Policy 'noeviction' prevented key removal.

2026-08-30T18:08:47.895639Z ERROR [DBPool-94] postgres.connection.pool - Connection acquire timeout after 5000ms. Active: 100/100, Idle: 0, Waiting: 42.
  SQL State: 53300 (too_many_connections) - User 'app_user' has reached maximum allowed connections.

2026-08-30T18:08:50.901301Z WARNING [QueryMonitor-24] postgres.slow_query - Long running transaction detected: PID 28710 running for 610s.
  Query: SELECT * FROM orders WHERE status = 'PENDING' AND created_at < NOW() - INTERVAL '1 day' ORDER BY created_at DESC;
  Execution State: active | Wait Event: IO:DataFileRead | Locks Held: ExclusiveLock on relation 'orders'
  Context: Unindexed sequential scan (seq_scan) on table 'orders' (12,450,000 rows scanned).

2026-08-30T18:08:56.913190Z ERROR [DBPool-12] postgres.connection.pool - Connection acquire timeout after 5000ms. Active: 100/100, Idle: 0, Waiting: 42.
  SQL State: 53300 (too_many_connections) - User 'app_user' has reached maximum allowed connections.

2026-08-30T18:08:59.920456Z CRITICAL [RedisEvent-60] redis.cluster.memory - Redis OOM threshold reached. Used: 2048MB / Max: 2048MB.
  Command 'SET' rejected for key 'cache:session:75539'. Policy 'noeviction' prevented key removal.

2026-08-30T18:09:05.933313Z ERROR [DBPool-35] postgres.connection.pool - Connection acquire timeout after 5000ms. Active: 100/100, Idle: 0, Waiting: 42.
  SQL State: 53300 (too_many_connections) - User 'app_user' has reached maximum allowed connections.

2026-08-30T18:09:36.286203Z CRITICAL [RedisEvent-93] redis.cluster.memory - Redis OOM threshold reached. Used: 2048MB / Max: 2048MB.
  Command 'SET' rejected for key 'cache:session:27107'. Policy 'noeviction' prevented key removal.

2026-08-30T18:09:42.298958Z ERROR [DBPool-47] postgres.connection.pool - Connection acquire timeout after 5000ms. Active: 100/100, Idle: 0, Waiting: 42.
  SQL State: 53300 (too_many_connections) - User 'app_user' has reached maximum allowed connections.

2026-08-30T18:10:03.346945Z ERROR [DBPool-60] postgres.connection.pool - Connection acquire timeout after 5000ms. Active: 100/100, Idle: 0, Waiting: 42.
  SQL State: 53300 (too_many_connections) - User 'app_user' has reached maximum allowed connections.

2026-08-30T18:10:12.367988Z WARNING [QueryMonitor-81] postgres.slow_query - Long running transaction detected: PID 59515 running for 665s.
  Query: SELECT * FROM orders WHERE status = 'PENDING' AND created_at < NOW() - INTERVAL '1 day' ORDER BY created_at DESC;
  Execution State: active | Wait Event: IO:DataFileRead | Locks Held: ExclusiveLock on relation 'orders'
  Context: Unindexed sequential scan (seq_scan) on table 'orders' (12,450,000 rows scanned).

2026-08-30T18:10:33.420996Z WARNING [QueryMonitor-50] postgres.slow_query - Long running transaction detected: PID 37585 running for 817s.
  Query: SELECT * FROM orders WHERE status = 'PENDING' AND created_at < NOW() - INTERVAL '1 day' ORDER BY created_at DESC;
  Execution State: active | Wait Event: IO:DataFileRead | Locks Held: ExclusiveLock on relation 'orders'
  Context: Unindexed sequential scan (seq_scan) on table 'orders' (12,450,000 rows scanned).

2026-08-30T18:10:36.428483Z ERROR [DBPool-15] postgres.connection.pool - Connection acquire timeout after 5000ms. Active: 100/100, Idle: 0, Waiting: 42.
  SQL State: 53300 (too_many_connections) - User 'app_user' has reached maximum allowed connections.

2026-08-30T18:10:48.457644Z ERROR [DBPool-18] postgres.connection.pool - Connection acquire timeout after 5000ms. Active: 100/100, Idle: 0, Waiting: 42.
  SQL State: 53300 (too_many_connections) - User 'app_user' has reached maximum allowed connections.

2026-08-30T18:11:21.525239Z CRITICAL [RedisEvent-25] redis.cluster.memory - Redis OOM threshold reached. Used: 2048MB / Max: 2048MB.
  Command 'SET' rejected for key 'cache:session:50871'. Policy 'noeviction' prevented key removal.

2026-08-30T18:11:24.565046Z CRITICAL [RedisEvent-60] redis.cluster.memory - Redis OOM threshold reached. Used: 2048MB / Max: 2048MB.
  Command 'SET' rejected for key 'cache:session:86065'. Policy 'noeviction' prevented key removal.

2026-08-30T18:11:40.854926Z WARNING [QueryMonitor-77] postgres.slow_query - Long running transaction detected: PID 89970 running for 845s.
  Query: SELECT * FROM orders WHERE status = 'PENDING' AND created_at < NOW() - INTERVAL '1 day' ORDER BY created_at DESC;
  Execution State: active | Wait Event: IO:DataFileRead | Locks Held: ExclusiveLock on relation 'orders'
  Context: Unindexed sequential scan (seq_scan) on table 'orders' (12,450,000 rows scanned).

2026-08-30T18:11:58.920233Z ERROR [DBPool-76] postgres.connection.pool - Connection acquire timeout after 5000ms. Active: 100/100, Idle: 0, Waiting: 42.
  SQL State: 53300 (too_many_connections) - User 'app_user' has reached maximum allowed connections.

2026-08-30T18:12:19.983154Z CRITICAL [RedisEvent-41] redis.cluster.memory - Redis OOM threshold reached. Used: 2048MB / Max: 2048MB.
  Command 'SET' rejected for key 'cache:session:39234'. Policy 'noeviction' prevented key removal.

2026-08-30T18:12:32.010834Z CRITICAL [RedisEvent-55] redis.cluster.memory - Redis OOM threshold reached. Used: 2048MB / Max: 2048MB.
  Command 'SET' rejected for key 'cache:session:21963'. Policy 'noeviction' prevented key removal.

2026-08-30T18:12:41.033388Z WARNING [QueryMonitor-63] postgres.slow_query - Long running transaction detected: PID 88658 running for 574s.
  Query: SELECT * FROM orders WHERE status = 'PENDING' AND created_at < NOW() - INTERVAL '1 day' ORDER BY created_at DESC;
  Execution State: active | Wait Event: IO:DataFileRead | Locks Held: ExclusiveLock on relation 'orders'
  Context: Unindexed sequential scan (seq_scan) on table 'orders' (12,450,000 rows scanned).

2026-08-30T18:12:53.059942Z ERROR [DBPool-43] postgres.connection.pool - Connection acquire timeout after 5000ms. Active: 100/100, Idle: 0, Waiting: 42.
  SQL State: 53300 (too_many_connections) - User 'app_user' has reached maximum allowed connections.

2026-08-30T18:13:02.077925Z WARNING [QueryMonitor-68] postgres.slow_query - Long running transaction detected: PID 27908 running for 459s.
  Query: SELECT * FROM orders WHERE status = 'PENDING' AND created_at < NOW() - INTERVAL '1 day' ORDER BY created_at DESC;
  Execution State: active | Wait Event: IO:DataFileRead | Locks Held: ExclusiveLock on relation 'orders'
  Context: Unindexed sequential scan (seq_scan) on table 'orders' (12,450,000 rows scanned).

2026-08-30T18:13:17.127000Z CRITICAL [RedisEvent-22] redis.cluster.memory - Redis OOM threshold reached. Used: 2048MB / Max: 2048MB.
  Command 'SET' rejected for key 'cache:session:96372'. Policy 'noeviction' prevented key removal.

2026-08-30T18:13:29.148845Z CRITICAL [RedisEvent-79] redis.cluster.memory - Redis OOM threshold reached. Used: 2048MB / Max: 2048MB.
  Command 'SET' rejected for key 'cache:session:47496'. Policy 'noeviction' prevented key removal.

2026-08-30T18:13:35.160513Z ERROR [DBPool-95] postgres.connection.pool - Connection acquire timeout after 5000ms. Active: 100/100, Idle: 0, Waiting: 42.
  SQL State: 53300 (too_many_connections) - User 'app_user' has reached maximum allowed connections.

2026-08-30T18:13:38.167445Z CRITICAL [RedisEvent-83] redis.cluster.memory - Redis OOM threshold reached. Used: 2048MB / Max: 2048MB.
  Command 'SET' rejected for key 'cache:session:27008'. Policy 'noeviction' prevented key removal.

2026-08-30T18:13:50.226308Z CRITICAL [RedisEvent-83] redis.cluster.memory - Redis OOM threshold reached. Used: 2048MB / Max: 2048MB.
  Command 'SET' rejected for key 'cache:session:52365'. Policy 'noeviction' prevented key removal.

2026-08-30T18:13:53.274342Z CRITICAL [RedisEvent-85] redis.cluster.memory - Redis OOM threshold reached. Used: 2048MB / Max: 2048MB.
  Command 'SET' rejected for key 'cache:session:67148'. Policy 'noeviction' prevented key removal.

2026-08-30T18:14:11.393781Z WARNING [QueryMonitor-21] postgres.slow_query - Long running transaction detected: PID 63131 running for 431s.
  Query: SELECT * FROM orders WHERE status = 'PENDING' AND created_at < NOW() - INTERVAL '1 day' ORDER BY created_at DESC;
  Execution State: active | Wait Event: IO:DataFileRead | Locks Held: ExclusiveLock on relation 'orders'
  Context: Unindexed sequential scan (seq_scan) on table 'orders' (12,450,000 rows scanned).

2026-08-30T18:14:17.405603Z ERROR [DBPool-50] postgres.connection.pool - Connection acquire timeout after 5000ms. Active: 100/100, Idle: 0, Waiting: 42.
  SQL State: 53300 (too_many_connections) - User 'app_user' has reached maximum allowed connections.

2026-08-30T18:14:20.411853Z CRITICAL [RedisEvent-38] redis.cluster.memory - Redis OOM threshold reached. Used: 2048MB / Max: 2048MB.
  Command 'SET' rejected for key 'cache:session:96090'. Policy 'noeviction' prevented key removal.

2026-08-30T18:14:23.424371Z WARNING [QueryMonitor-70] postgres.slow_query - Long running transaction detected: PID 41768 running for 821s.
  Query: SELECT * FROM orders WHERE status = 'PENDING' AND created_at < NOW() - INTERVAL '1 day' ORDER BY created_at DESC;
  Execution State: active | Wait Event: IO:DataFileRead | Locks Held: ExclusiveLock on relation 'orders'
  Context: Unindexed sequential scan (seq_scan) on table 'orders' (12,450,000 rows scanned).

2026-08-30T18:14:26.431123Z WARNING [QueryMonitor-52] postgres.slow_query - Long running transaction detected: PID 93747 running for 426s.
  Query: SELECT * FROM orders WHERE status = 'PENDING' AND created_at < NOW() - INTERVAL '1 day' ORDER BY created_at DESC;
  Execution State: active | Wait Event: IO:DataFileRead | Locks Held: ExclusiveLock on relation 'orders'
  Context: Unindexed sequential scan (seq_scan) on table 'orders' (12,450,000 rows scanned).

2026-08-30T18:14:35.474038Z CRITICAL [RedisEvent-61] redis.cluster.memory - Redis OOM threshold reached. Used: 2048MB / Max: 2048MB.
  Command 'SET' rejected for key 'cache:session:60878'. Policy 'noeviction' prevented key removal.

2026-08-30T18:14:38.562797Z CRITICAL [RedisEvent-11] redis.cluster.memory - Redis OOM threshold reached. Used: 2048MB / Max: 2048MB.
  Command 'SET' rejected for key 'cache:session:58780'. Policy 'noeviction' prevented key removal.

2026-08-30T18:14:44.587629Z ERROR [DBPool-56] postgres.connection.pool - Connection acquire timeout after 5000ms. Active: 100/100, Idle: 0, Waiting: 42.
  SQL State: 53300 (too_many_connections) - User 'app_user' has reached maximum allowed connections.

2026-08-30T18:14:53.612405Z CRITICAL [RedisEvent-87] redis.cluster.memory - Redis OOM threshold reached. Used: 2048MB / Max: 2048MB.
  Command 'SET' rejected for key 'cache:session:59962'. Policy 'noeviction' prevented key removal.

2026-08-30T18:15:02.630725Z WARNING [QueryMonitor-99] postgres.slow_query - Long running transaction detected: PID 70393 running for 473s.
  Query: SELECT * FROM orders WHERE status = 'PENDING' AND created_at < NOW() - INTERVAL '1 day' ORDER BY created_at DESC;
  Execution State: active | Wait Event: IO:DataFileRead | Locks Held: ExclusiveLock on relation 'orders'
  Context: Unindexed sequential scan (seq_scan) on table 'orders' (12,450,000 rows scanned).

2026-08-30T18:15:08.642248Z WARNING [QueryMonitor-97] postgres.slow_query - Long running transaction detected: PID 76023 running for 674s.
  Query: SELECT * FROM orders WHERE status = 'PENDING' AND created_at < NOW() - INTERVAL '1 day' ORDER BY created_at DESC;
  Execution State: active | Wait Event: IO:DataFileRead | Locks Held: ExclusiveLock on relation 'orders'
  Context: Unindexed sequential scan (seq_scan) on table 'orders' (12,450,000 rows scanned).

2026-08-30T18:15:11.648295Z ERROR [DBPool-66] postgres.connection.pool - Connection acquire timeout after 5000ms. Active: 100/100, Idle: 0, Waiting: 42.
  SQL State: 53300 (too_many_connections) - User 'app_user' has reached maximum allowed connections.

2026-08-30T18:15:20.677883Z CRITICAL [RedisEvent-47] redis.cluster.memory - Redis OOM threshold reached. Used: 2048MB / Max: 2048MB.
  Command 'SET' rejected for key 'cache:session:49897'. Policy 'noeviction' prevented key removal.

2026-08-30T18:15:23.683134Z ERROR [DBPool-93] postgres.connection.pool - Connection acquire timeout after 5000ms. Active: 100/100, Idle: 0, Waiting: 42.
  SQL State: 53300 (too_many_connections) - User 'app_user' has reached maximum allowed connections.

2026-08-30T18:15:32.699151Z WARNING [QueryMonitor-12] postgres.slow_query - Long running transaction detected: PID 20710 running for 351s.
  Query: SELECT * FROM orders WHERE status = 'PENDING' AND created_at < NOW() - INTERVAL '1 day' ORDER BY created_at DESC;
  Execution State: active | Wait Event: IO:DataFileRead | Locks Held: ExclusiveLock on relation 'orders'
  Context: Unindexed sequential scan (seq_scan) on table 'orders' (12,450,000 rows scanned).

2026-08-30T18:16:05.795963Z ERROR [DBPool-93] postgres.connection.pool - Connection acquire timeout after 5000ms. Active: 100/100, Idle: 0, Waiting: 42.
  SQL State: 53300 (too_many_connections) - User 'app_user' has reached maximum allowed connections.

2026-08-30T18:16:20.826197Z ERROR [DBPool-76] postgres.connection.pool - Connection acquire timeout after 5000ms. Active: 100/100, Idle: 0, Waiting: 42.
  SQL State: 53300 (too_many_connections) - User 'app_user' has reached maximum allowed connections.

2026-08-30T18:16:32.854780Z WARNING [QueryMonitor-54] postgres.slow_query - Long running transaction detected: PID 18320 running for 776s.
  Query: SELECT * FROM orders WHERE status = 'PENDING' AND created_at < NOW() - INTERVAL '1 day' ORDER BY created_at DESC;
  Execution State: active | Wait Event: IO:DataFileRead | Locks Held: ExclusiveLock on relation 'orders'
  Context: Unindexed sequential scan (seq_scan) on table 'orders' (12,450,000 rows scanned).

2026-08-30T18:16:38.897309Z CRITICAL [RedisEvent-22] redis.cluster.memory - Redis OOM threshold reached. Used: 2048MB / Max: 2048MB.
  Command 'SET' rejected for key 'cache:session:67065'. Policy 'noeviction' prevented key removal.

2026-08-30T18:16:44.909584Z CRITICAL [RedisEvent-77] redis.cluster.memory - Redis OOM threshold reached. Used: 2048MB / Max: 2048MB.
  Command 'SET' rejected for key 'cache:session:25366'. Policy 'noeviction' prevented key removal.

2026-08-30T18:16:53.949491Z CRITICAL [RedisEvent-79] redis.cluster.memory - Redis OOM threshold reached. Used: 2048MB / Max: 2048MB.
  Command 'SET' rejected for key 'cache:session:66619'. Policy 'noeviction' prevented key removal.

2026-08-30T18:17:03.012944Z WARNING [QueryMonitor-33] postgres.slow_query - Long running transaction detected: PID 64077 running for 470s.
  Query: SELECT * FROM orders WHERE status = 'PENDING' AND created_at < NOW() - INTERVAL '1 day' ORDER BY created_at DESC;
  Execution State: active | Wait Event: IO:DataFileRead | Locks Held: ExclusiveLock on relation 'orders'
  Context: Unindexed sequential scan (seq_scan) on table 'orders' (12,450,000 rows scanned).

2026-08-30T18:17:09.221257Z ERROR [DBPool-16] postgres.connection.pool - Connection acquire timeout after 5000ms. Active: 100/100, Idle: 0, Waiting: 42.
  SQL State: 53300 (too_many_connections) - User 'app_user' has reached maximum allowed connections.

2026-08-30T18:17:15.540921Z CRITICAL [RedisEvent-31] redis.cluster.memory - Redis OOM threshold reached. Used: 2048MB / Max: 2048MB.
  Command 'SET' rejected for key 'cache:session:81566'. Policy 'noeviction' prevented key removal.

2026-08-30T18:17:33.831525Z CRITICAL [RedisEvent-74] redis.cluster.memory - Redis OOM threshold reached. Used: 2048MB / Max: 2048MB.
  Command 'SET' rejected for key 'cache:session:95137'. Policy 'noeviction' prevented key removal.

2026-08-30T18:17:57.923935Z CRITICAL [RedisEvent-78] redis.cluster.memory - Redis OOM threshold reached. Used: 2048MB / Max: 2048MB.
  Command 'SET' rejected for key 'cache:session:70085'. Policy 'noeviction' prevented key removal.

2026-08-30T18:18:09.949528Z ERROR [DBPool-55] postgres.connection.pool - Connection acquire timeout after 5000ms. Active: 100/100, Idle: 0, Waiting: 42.
  SQL State: 53300 (too_many_connections) - User 'app_user' has reached maximum allowed connections.

2026-08-30T18:18:12.956398Z WARNING [QueryMonitor-47] postgres.slow_query - Long running transaction detected: PID 42659 running for 322s.
  Query: SELECT * FROM orders WHERE status = 'PENDING' AND created_at < NOW() - INTERVAL '1 day' ORDER BY created_at DESC;
  Execution State: active | Wait Event: IO:DataFileRead | Locks Held: ExclusiveLock on relation 'orders'
  Context: Unindexed sequential scan (seq_scan) on table 'orders' (12,450,000 rows scanned).

2026-08-30T18:18:18.968276Z CRITICAL [RedisEvent-93] redis.cluster.memory - Redis OOM threshold reached. Used: 2048MB / Max: 2048MB.
  Command 'SET' rejected for key 'cache:session:57719'. Policy 'noeviction' prevented key removal.

2026-08-30T18:18:24.981443Z WARNING [QueryMonitor-20] postgres.slow_query - Long running transaction detected: PID 21190 running for 806s.
  Query: SELECT * FROM orders WHERE status = 'PENDING' AND created_at < NOW() - INTERVAL '1 day' ORDER BY created_at DESC;
  Execution State: active | Wait Event: IO:DataFileRead | Locks Held: ExclusiveLock on relation 'orders'
  Context: Unindexed sequential scan (seq_scan) on table 'orders' (12,450,000 rows scanned).

2026-08-30T18:18:52.140320Z CRITICAL [RedisEvent-56] redis.cluster.memory - Redis OOM threshold reached. Used: 2048MB / Max: 2048MB.
  Command 'SET' rejected for key 'cache:session:53242'. Policy 'noeviction' prevented key removal.

2026-08-30T18:18:58.152676Z ERROR [DBPool-82] postgres.connection.pool - Connection acquire timeout after 5000ms. Active: 100/100, Idle: 0, Waiting: 42.
  SQL State: 53300 (too_many_connections) - User 'app_user' has reached maximum allowed connections.

2026-08-30T18:19:01.160355Z ERROR [DBPool-73] postgres.connection.pool - Connection acquire timeout after 5000ms. Active: 100/100, Idle: 0, Waiting: 42.
  SQL State: 53300 (too_many_connections) - User 'app_user' has reached maximum allowed connections.

2026-08-30T18:19:16.190424Z CRITICAL [RedisEvent-49] redis.cluster.memory - Redis OOM threshold reached. Used: 2048MB / Max: 2048MB.
  Command 'SET' rejected for key 'cache:session:21228'. Policy 'noeviction' prevented key removal.

2026-08-30T18:19:25.210631Z WARNING [QueryMonitor-54] postgres.slow_query - Long running transaction detected: PID 34013 running for 809s.
  Query: SELECT * FROM orders WHERE status = 'PENDING' AND created_at < NOW() - INTERVAL '1 day' ORDER BY created_at DESC;
  Execution State: active | Wait Event: IO:DataFileRead | Locks Held: ExclusiveLock on relation 'orders'
  Context: Unindexed sequential scan (seq_scan) on table 'orders' (12,450,000 rows scanned).

2026-08-30T18:19:31.254605Z WARNING [QueryMonitor-52] postgres.slow_query - Long running transaction detected: PID 88169 running for 776s.
  Query: SELECT * FROM orders WHERE status = 'PENDING' AND created_at < NOW() - INTERVAL '1 day' ORDER BY created_at DESC;
  Execution State: active | Wait Event: IO:DataFileRead | Locks Held: ExclusiveLock on relation 'orders'
  Context: Unindexed sequential scan (seq_scan) on table 'orders' (12,450,000 rows scanned).

2026-08-30T18:19:34.260853Z ERROR [DBPool-34] postgres.connection.pool - Connection acquire timeout after 5000ms. Active: 100/100, Idle: 0, Waiting: 42.
  SQL State: 53300 (too_many_connections) - User 'app_user' has reached maximum allowed connections.

2026-08-30T18:19:37.268217Z CRITICAL [RedisEvent-11] redis.cluster.memory - Redis OOM threshold reached. Used: 2048MB / Max: 2048MB.
  Command 'SET' rejected for key 'cache:session:20512'. Policy 'noeviction' prevented key removal.

2026-08-30T18:19:46.285980Z WARNING [QueryMonitor-16] postgres.slow_query - Long running transaction detected: PID 69872 running for 420s.
  Query: SELECT * FROM orders WHERE status = 'PENDING' AND created_at < NOW() - INTERVAL '1 day' ORDER BY created_at DESC;
  Execution State: active | Wait Event: IO:DataFileRead | Locks Held: ExclusiveLock on relation 'orders'
  Context: Unindexed sequential scan (seq_scan) on table 'orders' (12,450,000 rows scanned).

2026-08-30T18:20:01.344591Z ERROR [DBPool-26] postgres.connection.pool - Connection acquire timeout after 5000ms. Active: 100/100, Idle: 0, Waiting: 42.
  SQL State: 53300 (too_many_connections) - User 'app_user' has reached maximum allowed connections.

2026-08-30T18:20:25.414877Z CRITICAL [RedisEvent-45] redis.cluster.memory - Redis OOM threshold reached. Used: 2048MB / Max: 2048MB.
  Command 'SET' rejected for key 'cache:session:23110'. Policy 'noeviction' prevented key removal.

2026-08-30T18:20:31.427692Z ERROR [DBPool-83] postgres.connection.pool - Connection acquire timeout after 5000ms. Active: 100/100, Idle: 0, Waiting: 42.
  SQL State: 53300 (too_many_connections) - User 'app_user' has reached maximum allowed connections.

2026-08-30T18:20:40.445633Z ERROR [DBPool-89] postgres.connection.pool - Connection acquire timeout after 5000ms. Active: 100/100, Idle: 0, Waiting: 42.
  SQL State: 53300 (too_many_connections) - User 'app_user' has reached maximum allowed connections.

2026-08-30T18:21:07.853323Z ERROR [DBPool-84] postgres.connection.pool - Connection acquire timeout after 5000ms. Active: 100/100, Idle: 0, Waiting: 42.
  SQL State: 53300 (too_many_connections) - User 'app_user' has reached maximum allowed connections.

2026-08-30T18:21:10.958454Z ERROR [DBPool-71] postgres.connection.pool - Connection acquire timeout after 5000ms. Active: 100/100, Idle: 0, Waiting: 42.
  SQL State: 53300 (too_many_connections) - User 'app_user' has reached maximum allowed connections.

2026-08-30T18:21:28.993036Z CRITICAL [RedisEvent-70] redis.cluster.memory - Redis OOM threshold reached. Used: 2048MB / Max: 2048MB.
  Command 'SET' rejected for key 'cache:session:43091'. Policy 'noeviction' prevented key removal.

2026-08-30T18:21:41.016872Z WARNING [QueryMonitor-82] postgres.slow_query - Long running transaction detected: PID 43868 running for 591s.
  Query: SELECT * FROM orders WHERE status = 'PENDING' AND created_at < NOW() - INTERVAL '1 day' ORDER BY created_at DESC;
  Execution State: active | Wait Event: IO:DataFileRead | Locks Held: ExclusiveLock on relation 'orders'
  Context: Unindexed sequential scan (seq_scan) on table 'orders' (12,450,000 rows scanned).

2026-08-30T18:21:44.026215Z ERROR [DBPool-97] postgres.connection.pool - Connection acquire timeout after 5000ms. Active: 100/100, Idle: 0, Waiting: 42.
  SQL State: 53300 (too_many_connections) - User 'app_user' has reached maximum allowed connections.

2026-08-30T18:21:47.032267Z ERROR [DBPool-57] postgres.connection.pool - Connection acquire timeout after 5000ms. Active: 100/100, Idle: 0, Waiting: 42.
  SQL State: 53300 (too_many_connections) - User 'app_user' has reached maximum allowed connections.

2026-08-30T18:21:56.064944Z CRITICAL [RedisEvent-63] redis.cluster.memory - Redis OOM threshold reached. Used: 2048MB / Max: 2048MB.
  Command 'SET' rejected for key 'cache:session:79822'. Policy 'noeviction' prevented key removal.

2026-08-30T18:21:59.070254Z WARNING [QueryMonitor-53] postgres.slow_query - Long running transaction detected: PID 26940 running for 506s.
  Query: SELECT * FROM orders WHERE status = 'PENDING' AND created_at < NOW() - INTERVAL '1 day' ORDER BY created_at DESC;
  Execution State: active | Wait Event: IO:DataFileRead | Locks Held: ExclusiveLock on relation 'orders'
  Context: Unindexed sequential scan (seq_scan) on table 'orders' (12,450,000 rows scanned).

2026-08-30T18:22:05.086921Z CRITICAL [RedisEvent-34] redis.cluster.memory - Redis OOM threshold reached. Used: 2048MB / Max: 2048MB.
  Command 'SET' rejected for key 'cache:session:41393'. Policy 'noeviction' prevented key removal.

2026-08-30T18:22:23.132613Z WARNING [QueryMonitor-89] postgres.slow_query - Long running transaction detected: PID 39216 running for 826s.
  Query: SELECT * FROM orders WHERE status = 'PENDING' AND created_at < NOW() - INTERVAL '1 day' ORDER BY created_at DESC;
  Execution State: active | Wait Event: IO:DataFileRead | Locks Held: ExclusiveLock on relation 'orders'
  Context: Unindexed sequential scan (seq_scan) on table 'orders' (12,450,000 rows scanned).

2026-08-30T18:22:26.137910Z CRITICAL [RedisEvent-30] redis.cluster.memory - Redis OOM threshold reached. Used: 2048MB / Max: 2048MB.
  Command 'SET' rejected for key 'cache:session:45633'. Policy 'noeviction' prevented key removal.

2026-08-30T18:22:29.143841Z WARNING [QueryMonitor-80] postgres.slow_query - Long running transaction detected: PID 57195 running for 386s.
  Query: SELECT * FROM orders WHERE status = 'PENDING' AND created_at < NOW() - INTERVAL '1 day' ORDER BY created_at DESC;
  Execution State: active | Wait Event: IO:DataFileRead | Locks Held: ExclusiveLock on relation 'orders'
  Context: Unindexed sequential scan (seq_scan) on table 'orders' (12,450,000 rows scanned).

2026-08-30T18:22:32.154185Z CRITICAL [RedisEvent-77] redis.cluster.memory - Redis OOM threshold reached. Used: 2048MB / Max: 2048MB.
  Command 'SET' rejected for key 'cache:session:12910'. Policy 'noeviction' prevented key removal.

2026-08-30T18:22:35.168003Z CRITICAL [RedisEvent-32] redis.cluster.memory - Redis OOM threshold reached. Used: 2048MB / Max: 2048MB.
  Command 'SET' rejected for key 'cache:session:19896'. Policy 'noeviction' prevented key removal.

2026-08-30T18:22:38.220934Z WARNING [QueryMonitor-61] postgres.slow_query - Long running transaction detected: PID 45527 running for 557s.
  Query: SELECT * FROM orders WHERE status = 'PENDING' AND created_at < NOW() - INTERVAL '1 day' ORDER BY created_at DESC;
  Execution State: active | Wait Event: IO:DataFileRead | Locks Held: ExclusiveLock on relation 'orders'
  Context: Unindexed sequential scan (seq_scan) on table 'orders' (12,450,000 rows scanned).

2026-08-30T18:22:50.370373Z CRITICAL [RedisEvent-51] redis.cluster.memory - Redis OOM threshold reached. Used: 2048MB / Max: 2048MB.
  Command 'SET' rejected for key 'cache:session:69437'. Policy 'noeviction' prevented key removal.

2026-08-30T18:22:56.386672Z WARNING [QueryMonitor-55] postgres.slow_query - Long running transaction detected: PID 21378 running for 764s.
  Query: SELECT * FROM orders WHERE status = 'PENDING' AND created_at < NOW() - INTERVAL '1 day' ORDER BY created_at DESC;
  Execution State: active | Wait Event: IO:DataFileRead | Locks Held: ExclusiveLock on relation 'orders'
  Context: Unindexed sequential scan (seq_scan) on table 'orders' (12,450,000 rows scanned).

2026-08-30T18:23:02.402111Z ERROR [DBPool-82] postgres.connection.pool - Connection acquire timeout after 5000ms. Active: 100/100, Idle: 0, Waiting: 42.
  SQL State: 53300 (too_many_connections) - User 'app_user' has reached maximum allowed connections.

2026-08-30T18:23:05.407748Z ERROR [DBPool-48] postgres.connection.pool - Connection acquire timeout after 5000ms. Active: 100/100, Idle: 0, Waiting: 42.
  SQL State: 53300 (too_many_connections) - User 'app_user' has reached maximum allowed connections.

2026-08-30T18:23:08.413229Z ERROR [DBPool-33] postgres.connection.pool - Connection acquire timeout after 5000ms. Active: 100/100, Idle: 0, Waiting: 42.
  SQL State: 53300 (too_many_connections) - User 'app_user' has reached maximum allowed connections.

2026-08-30T18:23:11.418553Z WARNING [QueryMonitor-68] postgres.slow_query - Long running transaction detected: PID 49979 running for 582s.
  Query: SELECT * FROM orders WHERE status = 'PENDING' AND created_at < NOW() - INTERVAL '1 day' ORDER BY created_at DESC;
  Execution State: active | Wait Event: IO:DataFileRead | Locks Held: ExclusiveLock on relation 'orders'
  Context: Unindexed sequential scan (seq_scan) on table 'orders' (12,450,000 rows scanned).

2026-08-30T18:23:23.444827Z WARNING [QueryMonitor-92] postgres.slow_query - Long running transaction detected: PID 21321 running for 518s.
  Query: SELECT * FROM orders WHERE status = 'PENDING' AND created_at < NOW() - INTERVAL '1 day' ORDER BY created_at DESC;
  Execution State: active | Wait Event: IO:DataFileRead | Locks Held: ExclusiveLock on relation 'orders'
  Context: Unindexed sequential scan (seq_scan) on table 'orders' (12,450,000 rows scanned).

2026-08-30T18:23:26.459195Z ERROR [DBPool-58] postgres.connection.pool - Connection acquire timeout after 5000ms. Active: 100/100, Idle: 0, Waiting: 42.
  SQL State: 53300 (too_many_connections) - User 'app_user' has reached maximum allowed connections.

2026-08-30T18:23:29.469987Z CRITICAL [RedisEvent-37] redis.cluster.memory - Redis OOM threshold reached. Used: 2048MB / Max: 2048MB.
  Command 'SET' rejected for key 'cache:session:23313'. Policy 'noeviction' prevented key removal.

2026-08-30T18:23:35.480284Z WARNING [QueryMonitor-88] postgres.slow_query - Long running transaction detected: PID 97540 running for 327s.
  Query: SELECT * FROM orders WHERE status = 'PENDING' AND created_at < NOW() - INTERVAL '1 day' ORDER BY created_at DESC;
  Execution State: active | Wait Event: IO:DataFileRead | Locks Held: ExclusiveLock on relation 'orders'
  Context: Unindexed sequential scan (seq_scan) on table 'orders' (12,450,000 rows scanned).

2026-08-30T18:23:41.494924Z WARNING [QueryMonitor-30] postgres.slow_query - Long running transaction detected: PID 78030 running for 445s.
  Query: SELECT * FROM orders WHERE status = 'PENDING' AND created_at < NOW() - INTERVAL '1 day' ORDER BY created_at DESC;
  Execution State: active | Wait Event: IO:DataFileRead | Locks Held: ExclusiveLock on relation 'orders'
  Context: Unindexed sequential scan (seq_scan) on table 'orders' (12,450,000 rows scanned).

2026-08-30T18:23:53.540291Z CRITICAL [RedisEvent-43] redis.cluster.memory - Redis OOM threshold reached. Used: 2048MB / Max: 2048MB.
  Command 'SET' rejected for key 'cache:session:32275'. Policy 'noeviction' prevented key removal.

2026-08-30T18:23:56.545533Z ERROR [DBPool-63] postgres.connection.pool - Connection acquire timeout after 5000ms. Active: 100/100, Idle: 0, Waiting: 42.
  SQL State: 53300 (too_many_connections) - User 'app_user' has reached maximum allowed connections.

2026-08-30T18:24:08.569793Z ERROR [DBPool-47] postgres.connection.pool - Connection acquire timeout after 5000ms. Active: 100/100, Idle: 0, Waiting: 42.
  SQL State: 53300 (too_many_connections) - User 'app_user' has reached maximum allowed connections.

2026-08-30T18:24:11.582930Z ERROR [DBPool-83] postgres.connection.pool - Connection acquire timeout after 5000ms. Active: 100/100, Idle: 0, Waiting: 42.
  SQL State: 53300 (too_many_connections) - User 'app_user' has reached maximum allowed connections.

2026-08-30T18:24:14.597245Z WARNING [QueryMonitor-74] postgres.slow_query - Long running transaction detected: PID 81601 running for 561s.
  Query: SELECT * FROM orders WHERE status = 'PENDING' AND created_at < NOW() - INTERVAL '1 day' ORDER BY created_at DESC;
  Execution State: active | Wait Event: IO:DataFileRead | Locks Held: ExclusiveLock on relation 'orders'
  Context: Unindexed sequential scan (seq_scan) on table 'orders' (12,450,000 rows scanned).

2026-08-30T18:24:17.602617Z CRITICAL [RedisEvent-46] redis.cluster.memory - Redis OOM threshold reached. Used: 2048MB / Max: 2048MB.
  Command 'SET' rejected for key 'cache:session:19650'. Policy 'noeviction' prevented key removal.

2026-08-30T18:24:38.661157Z CRITICAL [RedisEvent-88] redis.cluster.memory - Redis OOM threshold reached. Used: 2048MB / Max: 2048MB.
  Command 'SET' rejected for key 'cache:session:12133'. Policy 'noeviction' prevented key removal.

2026-08-30T18:24:50.697229Z ERROR [DBPool-73] postgres.connection.pool - Connection acquire timeout after 5000ms. Active: 100/100, Idle: 0, Waiting: 42.
  SQL State: 53300 (too_many_connections) - User 'app_user' has reached maximum allowed connections.

2026-08-30T18:24:59.713644Z WARNING [QueryMonitor-89] postgres.slow_query - Long running transaction detected: PID 51913 running for 737s.
  Query: SELECT * FROM orders WHERE status = 'PENDING' AND created_at < NOW() - INTERVAL '1 day' ORDER BY created_at DESC;
  Execution State: active | Wait Event: IO:DataFileRead | Locks Held: ExclusiveLock on relation 'orders'
  Context: Unindexed sequential scan (seq_scan) on table 'orders' (12,450,000 rows scanned).

2026-08-30T18:25:05.725143Z CRITICAL [RedisEvent-41] redis.cluster.memory - Redis OOM threshold reached. Used: 2048MB / Max: 2048MB.
  Command 'SET' rejected for key 'cache:session:58476'. Policy 'noeviction' prevented key removal.

2026-08-30T18:25:17.745778Z WARNING [QueryMonitor-28] postgres.slow_query - Long running transaction detected: PID 39383 running for 326s.
  Query: SELECT * FROM orders WHERE status = 'PENDING' AND created_at < NOW() - INTERVAL '1 day' ORDER BY created_at DESC;
  Execution State: active | Wait Event: IO:DataFileRead | Locks Held: ExclusiveLock on relation 'orders'
  Context: Unindexed sequential scan (seq_scan) on table 'orders' (12,450,000 rows scanned).

2026-08-30T18:25:20.753069Z WARNING [QueryMonitor-31] postgres.slow_query - Long running transaction detected: PID 62448 running for 540s.
  Query: SELECT * FROM orders WHERE status = 'PENDING' AND created_at < NOW() - INTERVAL '1 day' ORDER BY created_at DESC;
  Execution State: active | Wait Event: IO:DataFileRead | Locks Held: ExclusiveLock on relation 'orders'
  Context: Unindexed sequential scan (seq_scan) on table 'orders' (12,450,000 rows scanned).

2026-08-30T18:25:35.781648Z CRITICAL [RedisEvent-20] redis.cluster.memory - Redis OOM threshold reached. Used: 2048MB / Max: 2048MB.
  Command 'SET' rejected for key 'cache:session:12372'. Policy 'noeviction' prevented key removal.

2026-08-30T18:25:44.799001Z CRITICAL [RedisEvent-19] redis.cluster.memory - Redis OOM threshold reached. Used: 2048MB / Max: 2048MB.
  Command 'SET' rejected for key 'cache:session:93971'. Policy 'noeviction' prevented key removal.

2026-08-30T18:25:50.819613Z CRITICAL [RedisEvent-39] redis.cluster.memory - Redis OOM threshold reached. Used: 2048MB / Max: 2048MB.
  Command 'SET' rejected for key 'cache:session:86681'. Policy 'noeviction' prevented key removal.

2026-08-30T18:25:59.837466Z ERROR [DBPool-87] postgres.connection.pool - Connection acquire timeout after 5000ms. Active: 100/100, Idle: 0, Waiting: 42.
  SQL State: 53300 (too_many_connections) - User 'app_user' has reached maximum allowed connections.

2026-08-30T18:26:08.857638Z WARNING [QueryMonitor-28] postgres.slow_query - Long running transaction detected: PID 34252 running for 502s.
  Query: SELECT * FROM orders WHERE status = 'PENDING' AND created_at < NOW() - INTERVAL '1 day' ORDER BY created_at DESC;
  Execution State: active | Wait Event: IO:DataFileRead | Locks Held: ExclusiveLock on relation 'orders'
  Context: Unindexed sequential scan (seq_scan) on table 'orders' (12,450,000 rows scanned).

2026-08-30T18:26:24.862468Z ERROR [DBPool-57] postgres.connection.pool - Connection acquire timeout after 5000ms. Active: 100/100, Idle: 0, Waiting: 42.
  SQL State: 53300 (too_many_connections) - User 'app_user' has reached maximum allowed connections.

2026-08-30T18:26:27.869269Z CRITICAL [RedisEvent-97] redis.cluster.memory - Redis OOM threshold reached. Used: 2048MB / Max: 2048MB.
  Command 'SET' rejected for key 'cache:session:11270'. Policy 'noeviction' prevented key removal.

2026-08-30T18:26:30.878962Z ERROR [DBPool-27] postgres.connection.pool - Connection acquire timeout after 5000ms. Active: 100/100, Idle: 0, Waiting: 42.
  SQL State: 53300 (too_many_connections) - User 'app_user' has reached maximum allowed connections.

2026-08-30T18:26:46.122313Z WARNING [QueryMonitor-23] postgres.slow_query - Long running transaction detected: PID 87176 running for 381s.
  Query: SELECT * FROM orders WHERE status = 'PENDING' AND created_at < NOW() - INTERVAL '1 day' ORDER BY created_at DESC;
  Execution State: active | Wait Event: IO:DataFileRead | Locks Held: ExclusiveLock on relation 'orders'
  Context: Unindexed sequential scan (seq_scan) on table 'orders' (12,450,000 rows scanned).

2026-08-30T18:26:49.150135Z ERROR [DBPool-57] postgres.connection.pool - Connection acquire timeout after 5000ms. Active: 100/100, Idle: 0, Waiting: 42.
  SQL State: 53300 (too_many_connections) - User 'app_user' has reached maximum allowed connections.

2026-08-30T18:26:52.167242Z ERROR [DBPool-76] postgres.connection.pool - Connection acquire timeout after 5000ms. Active: 100/100, Idle: 0, Waiting: 42.
  SQL State: 53300 (too_many_connections) - User 'app_user' has reached maximum allowed connections.

2026-08-30T18:26:58.209131Z WARNING [QueryMonitor-29] postgres.slow_query - Long running transaction detected: PID 69537 running for 816s.
  Query: SELECT * FROM orders WHERE status = 'PENDING' AND created_at < NOW() - INTERVAL '1 day' ORDER BY created_at DESC;
  Execution State: active | Wait Event: IO:DataFileRead | Locks Held: ExclusiveLock on relation 'orders'
  Context: Unindexed sequential scan (seq_scan) on table 'orders' (12,450,000 rows scanned).

2026-08-30T18:27:10.245724Z ERROR [DBPool-38] postgres.connection.pool - Connection acquire timeout after 5000ms. Active: 100/100, Idle: 0, Waiting: 42.
  SQL State: 53300 (too_many_connections) - User 'app_user' has reached maximum allowed connections.

2026-08-30T18:27:34.308462Z ERROR [DBPool-35] postgres.connection.pool - Connection acquire timeout after 5000ms. Active: 100/100, Idle: 0, Waiting: 42.
  SQL State: 53300 (too_many_connections) - User 'app_user' has reached maximum allowed connections.

2026-08-30T18:27:49.348374Z CRITICAL [RedisEvent-31] redis.cluster.memory - Redis OOM threshold reached. Used: 2048MB / Max: 2048MB.
  Command 'SET' rejected for key 'cache:session:94843'. Policy 'noeviction' prevented key removal.

2026-08-30T18:28:13.405924Z CRITICAL [RedisEvent-51] redis.cluster.memory - Redis OOM threshold reached. Used: 2048MB / Max: 2048MB.
  Command 'SET' rejected for key 'cache:session:85758'. Policy 'noeviction' prevented key removal.

2026-08-30T18:28:16.412444Z ERROR [DBPool-73] postgres.connection.pool - Connection acquire timeout after 5000ms. Active: 100/100, Idle: 0, Waiting: 42.
  SQL State: 53300 (too_many_connections) - User 'app_user' has reached maximum allowed connections.

2026-08-30T18:28:22.424428Z WARNING [QueryMonitor-41] postgres.slow_query - Long running transaction detected: PID 19737 running for 553s.
  Query: SELECT * FROM orders WHERE status = 'PENDING' AND created_at < NOW() - INTERVAL '1 day' ORDER BY created_at DESC;
  Execution State: active | Wait Event: IO:DataFileRead | Locks Held: ExclusiveLock on relation 'orders'
  Context: Unindexed sequential scan (seq_scan) on table 'orders' (12,450,000 rows scanned).

2026-08-30T18:28:25.431041Z CRITICAL [RedisEvent-25] redis.cluster.memory - Redis OOM threshold reached. Used: 2048MB / Max: 2048MB.
  Command 'SET' rejected for key 'cache:session:87124'. Policy 'noeviction' prevented key removal.

2026-08-30T18:28:31.443322Z ERROR [DBPool-81] postgres.connection.pool - Connection acquire timeout after 5000ms. Active: 100/100, Idle: 0, Waiting: 42.
  SQL State: 53300 (too_many_connections) - User 'app_user' has reached maximum allowed connections.

2026-08-30T18:28:43.467959Z ERROR [DBPool-53] postgres.connection.pool - Connection acquire timeout after 5000ms. Active: 100/100, Idle: 0, Waiting: 42.
  SQL State: 53300 (too_many_connections) - User 'app_user' has reached maximum allowed connections.

2026-08-30T18:28:49.485688Z WARNING [QueryMonitor-87] postgres.slow_query - Long running transaction detected: PID 97919 running for 571s.
  Query: SELECT * FROM orders WHERE status = 'PENDING' AND created_at < NOW() - INTERVAL '1 day' ORDER BY created_at DESC;
  Execution State: active | Wait Event: IO:DataFileRead | Locks Held: ExclusiveLock on relation 'orders'
  Context: Unindexed sequential scan (seq_scan) on table 'orders' (12,450,000 rows scanned).

2026-08-30T18:29:01.509540Z WARNING [QueryMonitor-81] postgres.slow_query - Long running transaction detected: PID 85151 running for 564s.
  Query: SELECT * FROM orders WHERE status = 'PENDING' AND created_at < NOW() - INTERVAL '1 day' ORDER BY created_at DESC;
  Execution State: active | Wait Event: IO:DataFileRead | Locks Held: ExclusiveLock on relation 'orders'
  Context: Unindexed sequential scan (seq_scan) on table 'orders' (12,450,000 rows scanned).

2026-08-30T18:29:07.522243Z WARNING [QueryMonitor-37] postgres.slow_query - Long running transaction detected: PID 28616 running for 649s.
  Query: SELECT * FROM orders WHERE status = 'PENDING' AND created_at < NOW() - INTERVAL '1 day' ORDER BY created_at DESC;
  Execution State: active | Wait Event: IO:DataFileRead | Locks Held: ExclusiveLock on relation 'orders'
  Context: Unindexed sequential scan (seq_scan) on table 'orders' (12,450,000 rows scanned).

2026-08-30T18:29:13.544000Z CRITICAL [RedisEvent-71] redis.cluster.memory - Redis OOM threshold reached. Used: 2048MB / Max: 2048MB.
  Command 'SET' rejected for key 'cache:session:76093'. Policy 'noeviction' prevented key removal.

2026-08-30T18:29:16.559855Z WARNING [QueryMonitor-44] postgres.slow_query - Long running transaction detected: PID 40969 running for 840s.
  Query: SELECT * FROM orders WHERE status = 'PENDING' AND created_at < NOW() - INTERVAL '1 day' ORDER BY created_at DESC;
  Execution State: active | Wait Event: IO:DataFileRead | Locks Held: ExclusiveLock on relation 'orders'
  Context: Unindexed sequential scan (seq_scan) on table 'orders' (12,450,000 rows scanned).

2026-08-30T18:29:22.570443Z WARNING [QueryMonitor-14] postgres.slow_query - Long running transaction detected: PID 29980 running for 644s.
  Query: SELECT * FROM orders WHERE status = 'PENDING' AND created_at < NOW() - INTERVAL '1 day' ORDER BY created_at DESC;
  Execution State: active | Wait Event: IO:DataFileRead | Locks Held: ExclusiveLock on relation 'orders'
  Context: Unindexed sequential scan (seq_scan) on table 'orders' (12,450,000 rows scanned).

2026-08-30T18:29:40.612413Z WARNING [QueryMonitor-87] postgres.slow_query - Long running transaction detected: PID 42272 running for 623s.
  Query: SELECT * FROM orders WHERE status = 'PENDING' AND created_at < NOW() - INTERVAL '1 day' ORDER BY created_at DESC;
  Execution State: active | Wait Event: IO:DataFileRead | Locks Held: ExclusiveLock on relation 'orders'
  Context: Unindexed sequential scan (seq_scan) on table 'orders' (12,450,000 rows scanned).

2026-08-30T18:29:46.630256Z CRITICAL [RedisEvent-52] redis.cluster.memory - Redis OOM threshold reached. Used: 2048MB / Max: 2048MB.
  Command 'SET' rejected for key 'cache:session:71988'. Policy 'noeviction' prevented key removal.

2026-08-30T18:29:49.639110Z WARNING [QueryMonitor-60] postgres.slow_query - Long running transaction detected: PID 34827 running for 610s.
  Query: SELECT * FROM orders WHERE status = 'PENDING' AND created_at < NOW() - INTERVAL '1 day' ORDER BY created_at DESC;
  Execution State: active | Wait Event: IO:DataFileRead | Locks Held: ExclusiveLock on relation 'orders'
  Context: Unindexed sequential scan (seq_scan) on table 'orders' (12,450,000 rows scanned).

2026-08-30T18:29:58.660532Z ERROR [DBPool-88] postgres.connection.pool - Connection acquire timeout after 5000ms. Active: 100/100, Idle: 0, Waiting: 42.
  SQL State: 53300 (too_many_connections) - User 'app_user' has reached maximum allowed connections.

2026-08-30T18:30:07.679923Z CRITICAL [RedisEvent-29] redis.cluster.memory - Redis OOM threshold reached. Used: 2048MB / Max: 2048MB.
  Command 'SET' rejected for key 'cache:session:73650'. Policy 'noeviction' prevented key removal.

2026-08-30T18:30:10.685839Z WARNING [QueryMonitor-60] postgres.slow_query - Long running transaction detected: PID 18021 running for 451s.
  Query: SELECT * FROM orders WHERE status = 'PENDING' AND created_at < NOW() - INTERVAL '1 day' ORDER BY created_at DESC;
  Execution State: active | Wait Event: IO:DataFileRead | Locks Held: ExclusiveLock on relation 'orders'
  Context: Unindexed sequential scan (seq_scan) on table 'orders' (12,450,000 rows scanned).

2026-08-30T18:30:19.703824Z CRITICAL [RedisEvent-81] redis.cluster.memory - Redis OOM threshold reached. Used: 2048MB / Max: 2048MB.
  Command 'SET' rejected for key 'cache:session:23783'. Policy 'noeviction' prevented key removal.

2026-08-30T18:30:31.734267Z WARNING [QueryMonitor-21] postgres.slow_query - Long running transaction detected: PID 83728 running for 356s.
  Query: SELECT * FROM orders WHERE status = 'PENDING' AND created_at < NOW() - INTERVAL '1 day' ORDER BY created_at DESC;
  Execution State: active | Wait Event: IO:DataFileRead | Locks Held: ExclusiveLock on relation 'orders'
  Context: Unindexed sequential scan (seq_scan) on table 'orders' (12,450,000 rows scanned).

2026-08-30T18:30:34.739288Z CRITICAL [RedisEvent-62] redis.cluster.memory - Redis OOM threshold reached. Used: 2048MB / Max: 2048MB.
  Command 'SET' rejected for key 'cache:session:41006'. Policy 'noeviction' prevented key removal.

2026-08-30T18:30:37.744819Z ERROR [DBPool-50] postgres.connection.pool - Connection acquire timeout after 5000ms. Active: 100/100, Idle: 0, Waiting: 42.
  SQL State: 53300 (too_many_connections) - User 'app_user' has reached maximum allowed connections.

2026-08-30T18:30:40.750836Z WARNING [QueryMonitor-42] postgres.slow_query - Long running transaction detected: PID 70934 running for 499s.
  Query: SELECT * FROM orders WHERE status = 'PENDING' AND created_at < NOW() - INTERVAL '1 day' ORDER BY created_at DESC;
  Execution State: active | Wait Event: IO:DataFileRead | Locks Held: ExclusiveLock on relation 'orders'
  Context: Unindexed sequential scan (seq_scan) on table 'orders' (12,450,000 rows scanned).

2026-08-30T18:30:49.767486Z CRITICAL [RedisEvent-54] redis.cluster.memory - Redis OOM threshold reached. Used: 2048MB / Max: 2048MB.
  Command 'SET' rejected for key 'cache:session:27221'. Policy 'noeviction' prevented key removal.

2026-08-30T18:30:55.784159Z CRITICAL [RedisEvent-80] redis.cluster.memory - Redis OOM threshold reached. Used: 2048MB / Max: 2048MB.
  Command 'SET' rejected for key 'cache:session:22189'. Policy 'noeviction' prevented key removal.

2026-08-30T18:31:01.798937Z CRITICAL [RedisEvent-39] redis.cluster.memory - Redis OOM threshold reached. Used: 2048MB / Max: 2048MB.
  Command 'SET' rejected for key 'cache:session:97479'. Policy 'noeviction' prevented key removal.

2026-08-30T18:31:16.826577Z ERROR [DBPool-49] postgres.connection.pool - Connection acquire timeout after 5000ms. Active: 100/100, Idle: 0, Waiting: 42.
  SQL State: 53300 (too_many_connections) - User 'app_user' has reached maximum allowed connections.

2026-08-30T18:31:31.857772Z CRITICAL [RedisEvent-14] redis.cluster.memory - Redis OOM threshold reached. Used: 2048MB / Max: 2048MB.
  Command 'SET' rejected for key 'cache:session:76088'. Policy 'noeviction' prevented key removal.

2026-08-30T18:31:40.876557Z CRITICAL [RedisEvent-60] redis.cluster.memory - Redis OOM threshold reached. Used: 2048MB / Max: 2048MB.
  Command 'SET' rejected for key 'cache:session:76261'. Policy 'noeviction' prevented key removal.

2026-08-30T18:31:46.887563Z WARNING [QueryMonitor-55] postgres.slow_query - Long running transaction detected: PID 55399 running for 644s.
  Query: SELECT * FROM orders WHERE status = 'PENDING' AND created_at < NOW() - INTERVAL '1 day' ORDER BY created_at DESC;
  Execution State: active | Wait Event: IO:DataFileRead | Locks Held: ExclusiveLock on relation 'orders'
  Context: Unindexed sequential scan (seq_scan) on table 'orders' (12,450,000 rows scanned).

2026-08-30T18:32:16.966728Z WARNING [QueryMonitor-59] postgres.slow_query - Long running transaction detected: PID 63362 running for 410s.
  Query: SELECT * FROM orders WHERE status = 'PENDING' AND created_at < NOW() - INTERVAL '1 day' ORDER BY created_at DESC;
  Execution State: active | Wait Event: IO:DataFileRead | Locks Held: ExclusiveLock on relation 'orders'
  Context: Unindexed sequential scan (seq_scan) on table 'orders' (12,450,000 rows scanned).

2026-08-30T18:32:25.986092Z ERROR [DBPool-28] postgres.connection.pool - Connection acquire timeout after 5000ms. Active: 100/100, Idle: 0, Waiting: 42.
  SQL State: 53300 (too_many_connections) - User 'app_user' has reached maximum allowed connections.

2026-08-30T18:32:31.998636Z CRITICAL [RedisEvent-83] redis.cluster.memory - Redis OOM threshold reached. Used: 2048MB / Max: 2048MB.
  Command 'SET' rejected for key 'cache:session:25892'. Policy 'noeviction' prevented key removal.

2026-08-30T18:32:44.023324Z WARNING [QueryMonitor-38] postgres.slow_query - Long running transaction detected: PID 47492 running for 656s.
  Query: SELECT * FROM orders WHERE status = 'PENDING' AND created_at < NOW() - INTERVAL '1 day' ORDER BY created_at DESC;
  Execution State: active | Wait Event: IO:DataFileRead | Locks Held: ExclusiveLock on relation 'orders'
  Context: Unindexed sequential scan (seq_scan) on table 'orders' (12,450,000 rows scanned).

2026-08-30T18:32:47.029064Z WARNING [QueryMonitor-49] postgres.slow_query - Long running transaction detected: PID 24253 running for 436s.
  Query: SELECT * FROM orders WHERE status = 'PENDING' AND created_at < NOW() - INTERVAL '1 day' ORDER BY created_at DESC;
  Execution State: active | Wait Event: IO:DataFileRead | Locks Held: ExclusiveLock on relation 'orders'
  Context: Unindexed sequential scan (seq_scan) on table 'orders' (12,450,000 rows scanned).

2026-08-30T18:32:50.034833Z WARNING [QueryMonitor-16] postgres.slow_query - Long running transaction detected: PID 55151 running for 566s.
  Query: SELECT * FROM orders WHERE status = 'PENDING' AND created_at < NOW() - INTERVAL '1 day' ORDER BY created_at DESC;
  Execution State: active | Wait Event: IO:DataFileRead | Locks Held: ExclusiveLock on relation 'orders'
  Context: Unindexed sequential scan (seq_scan) on table 'orders' (12,450,000 rows scanned).

2026-08-30T18:33:02.063689Z CRITICAL [RedisEvent-36] redis.cluster.memory - Redis OOM threshold reached. Used: 2048MB / Max: 2048MB.
  Command 'SET' rejected for key 'cache:session:93555'. Policy 'noeviction' prevented key removal.

2026-08-30T18:33:11.083796Z ERROR [DBPool-12] postgres.connection.pool - Connection acquire timeout after 5000ms. Active: 100/100, Idle: 0, Waiting: 42.
  SQL State: 53300 (too_many_connections) - User 'app_user' has reached maximum allowed connections.

2026-08-30T18:33:14.090231Z CRITICAL [RedisEvent-65] redis.cluster.memory - Redis OOM threshold reached. Used: 2048MB / Max: 2048MB.
  Command 'SET' rejected for key 'cache:session:70394'. Policy 'noeviction' prevented key removal.

2026-08-30T18:33:29.133113Z WARNING [QueryMonitor-38] postgres.slow_query - Long running transaction detected: PID 84186 running for 388s.
  Query: SELECT * FROM orders WHERE status = 'PENDING' AND created_at < NOW() - INTERVAL '1 day' ORDER BY created_at DESC;
  Execution State: active | Wait Event: IO:DataFileRead | Locks Held: ExclusiveLock on relation 'orders'
  Context: Unindexed sequential scan (seq_scan) on table 'orders' (12,450,000 rows scanned).

2026-08-30T18:33:32.139500Z ERROR [DBPool-87] postgres.connection.pool - Connection acquire timeout after 5000ms. Active: 100/100, Idle: 0, Waiting: 42.
  SQL State: 53300 (too_many_connections) - User 'app_user' has reached maximum allowed connections.

2026-08-30T18:33:47.178760Z CRITICAL [RedisEvent-37] redis.cluster.memory - Redis OOM threshold reached. Used: 2048MB / Max: 2048MB.
  Command 'SET' rejected for key 'cache:session:62400'. Policy 'noeviction' prevented key removal.

2026-08-30T18:33:53.194174Z WARNING [QueryMonitor-61] postgres.slow_query - Long running transaction detected: PID 87840 running for 781s.
  Query: SELECT * FROM orders WHERE status = 'PENDING' AND created_at < NOW() - INTERVAL '1 day' ORDER BY created_at DESC;
  Execution State: active | Wait Event: IO:DataFileRead | Locks Held: ExclusiveLock on relation 'orders'
  Context: Unindexed sequential scan (seq_scan) on table 'orders' (12,450,000 rows scanned).

2026-08-30T18:33:59.207985Z ERROR [DBPool-21] postgres.connection.pool - Connection acquire timeout after 5000ms. Active: 100/100, Idle: 0, Waiting: 42.
  SQL State: 53300 (too_many_connections) - User 'app_user' has reached maximum allowed connections.

2026-08-30T18:34:02.214861Z WARNING [QueryMonitor-70] postgres.slow_query - Long running transaction detected: PID 87065 running for 617s.
  Query: SELECT * FROM orders WHERE status = 'PENDING' AND created_at < NOW() - INTERVAL '1 day' ORDER BY created_at DESC;
  Execution State: active | Wait Event: IO:DataFileRead | Locks Held: ExclusiveLock on relation 'orders'
  Context: Unindexed sequential scan (seq_scan) on table 'orders' (12,450,000 rows scanned).

2026-08-30T18:34:14.239346Z WARNING [QueryMonitor-93] postgres.slow_query - Long running transaction detected: PID 51811 running for 642s.
  Query: SELECT * FROM orders WHERE status = 'PENDING' AND created_at < NOW() - INTERVAL '1 day' ORDER BY created_at DESC;
  Execution State: active | Wait Event: IO:DataFileRead | Locks Held: ExclusiveLock on relation 'orders'
  Context: Unindexed sequential scan (seq_scan) on table 'orders' (12,450,000 rows scanned).

2026-08-30T18:34:20.251732Z CRITICAL [RedisEvent-31] redis.cluster.memory - Redis OOM threshold reached. Used: 2048MB / Max: 2048MB.
  Command 'SET' rejected for key 'cache:session:90778'. Policy 'noeviction' prevented key removal.

2026-08-30T18:34:56.335353Z WARNING [QueryMonitor-36] postgres.slow_query - Long running transaction detected: PID 28336 running for 540s.
  Query: SELECT * FROM orders WHERE status = 'PENDING' AND created_at < NOW() - INTERVAL '1 day' ORDER BY created_at DESC;
  Execution State: active | Wait Event: IO:DataFileRead | Locks Held: ExclusiveLock on relation 'orders'
  Context: Unindexed sequential scan (seq_scan) on table 'orders' (12,450,000 rows scanned).

2026-08-30T18:35:14.371404Z CRITICAL [RedisEvent-90] redis.cluster.memory - Redis OOM threshold reached. Used: 2048MB / Max: 2048MB.
  Command 'SET' rejected for key 'cache:session:14140'. Policy 'noeviction' prevented key removal.

2026-08-30T18:35:20.383721Z ERROR [DBPool-66] postgres.connection.pool - Connection acquire timeout after 5000ms. Active: 100/100, Idle: 0, Waiting: 42.
  SQL State: 53300 (too_many_connections) - User 'app_user' has reached maximum allowed connections.

2026-08-30T18:35:23.390553Z ERROR [DBPool-16] postgres.connection.pool - Connection acquire timeout after 5000ms. Active: 100/100, Idle: 0, Waiting: 42.
  SQL State: 53300 (too_many_connections) - User 'app_user' has reached maximum allowed connections.

2026-08-30T18:35:41.428098Z WARNING [QueryMonitor-84] postgres.slow_query - Long running transaction detected: PID 54476 running for 777s.
  Query: SELECT * FROM orders WHERE status = 'PENDING' AND created_at < NOW() - INTERVAL '1 day' ORDER BY created_at DESC;
  Execution State: active | Wait Event: IO:DataFileRead | Locks Held: ExclusiveLock on relation 'orders'
  Context: Unindexed sequential scan (seq_scan) on table 'orders' (12,450,000 rows scanned).

2026-08-30T18:35:56.460675Z WARNING [QueryMonitor-73] postgres.slow_query - Long running transaction detected: PID 23987 running for 414s.
  Query: SELECT * FROM orders WHERE status = 'PENDING' AND created_at < NOW() - INTERVAL '1 day' ORDER BY created_at DESC;
  Execution State: active | Wait Event: IO:DataFileRead | Locks Held: ExclusiveLock on relation 'orders'
  Context: Unindexed sequential scan (seq_scan) on table 'orders' (12,450,000 rows scanned).

2026-08-30T18:36:02.477444Z WARNING [QueryMonitor-13] postgres.slow_query - Long running transaction detected: PID 94640 running for 711s.
  Query: SELECT * FROM orders WHERE status = 'PENDING' AND created_at < NOW() - INTERVAL '1 day' ORDER BY created_at DESC;
  Execution State: active | Wait Event: IO:DataFileRead | Locks Held: ExclusiveLock on relation 'orders'
  Context: Unindexed sequential scan (seq_scan) on table 'orders' (12,450,000 rows scanned).

2026-08-30T18:36:05.483522Z WARNING [QueryMonitor-79] postgres.slow_query - Long running transaction detected: PID 78156 running for 574s.
  Query: SELECT * FROM orders WHERE status = 'PENDING' AND created_at < NOW() - INTERVAL '1 day' ORDER BY created_at DESC;
  Execution State: active | Wait Event: IO:DataFileRead | Locks Held: ExclusiveLock on relation 'orders'
  Context: Unindexed sequential scan (seq_scan) on table 'orders' (12,450,000 rows scanned).

2026-08-30T18:36:08.489522Z ERROR [DBPool-76] postgres.connection.pool - Connection acquire timeout after 5000ms. Active: 100/100, Idle: 0, Waiting: 42.
  SQL State: 53300 (too_many_connections) - User 'app_user' has reached maximum allowed connections.

2026-08-30T18:36:11.495896Z CRITICAL [RedisEvent-70] redis.cluster.memory - Redis OOM threshold reached. Used: 2048MB / Max: 2048MB.
  Command 'SET' rejected for key 'cache:session:45432'. Policy 'noeviction' prevented key removal.

2026-08-30T18:36:14.511721Z WARNING [QueryMonitor-96] postgres.slow_query - Long running transaction detected: PID 74738 running for 477s.
  Query: SELECT * FROM orders WHERE status = 'PENDING' AND created_at < NOW() - INTERVAL '1 day' ORDER BY created_at DESC;
  Execution State: active | Wait Event: IO:DataFileRead | Locks Held: ExclusiveLock on relation 'orders'
  Context: Unindexed sequential scan (seq_scan) on table 'orders' (12,450,000 rows scanned).

2026-08-30T18:36:17.517672Z CRITICAL [RedisEvent-53] redis.cluster.memory - Redis OOM threshold reached. Used: 2048MB / Max: 2048MB.
  Command 'SET' rejected for key 'cache:session:99324'. Policy 'noeviction' prevented key removal.

2026-08-30T18:36:23.529904Z WARNING [QueryMonitor-16] postgres.slow_query - Long running transaction detected: PID 32208 running for 693s.
  Query: SELECT * FROM orders WHERE status = 'PENDING' AND created_at < NOW() - INTERVAL '1 day' ORDER BY created_at DESC;
  Execution State: active | Wait Event: IO:DataFileRead | Locks Held: ExclusiveLock on relation 'orders'
  Context: Unindexed sequential scan (seq_scan) on table 'orders' (12,450,000 rows scanned).

2026-08-30T18:36:32.547647Z WARNING [QueryMonitor-75] postgres.slow_query - Long running transaction detected: PID 98525 running for 477s.
  Query: SELECT * FROM orders WHERE status = 'PENDING' AND created_at < NOW() - INTERVAL '1 day' ORDER BY created_at DESC;
  Execution State: active | Wait Event: IO:DataFileRead | Locks Held: ExclusiveLock on relation 'orders'
  Context: Unindexed sequential scan (seq_scan) on table 'orders' (12,450,000 rows scanned).

2026-08-30T18:36:35.553610Z CRITICAL [RedisEvent-28] redis.cluster.memory - Redis OOM threshold reached. Used: 2048MB / Max: 2048MB.
  Command 'SET' rejected for key 'cache:session:75102'. Policy 'noeviction' prevented key removal.

2026-08-30T18:37:17.641487Z WARNING [QueryMonitor-27] postgres.slow_query - Long running transaction detected: PID 60112 running for 593s.
  Query: SELECT * FROM orders WHERE status = 'PENDING' AND created_at < NOW() - INTERVAL '1 day' ORDER BY created_at DESC;
  Execution State: active | Wait Event: IO:DataFileRead | Locks Held: ExclusiveLock on relation 'orders'
  Context: Unindexed sequential scan (seq_scan) on table 'orders' (12,450,000 rows scanned).

2026-08-30T18:37:20.647894Z CRITICAL [RedisEvent-79] redis.cluster.memory - Redis OOM threshold reached. Used: 2048MB / Max: 2048MB.
  Command 'SET' rejected for key 'cache:session:78043'. Policy 'noeviction' prevented key removal.

2026-08-30T18:37:26.659887Z WARNING [QueryMonitor-27] postgres.slow_query - Long running transaction detected: PID 43292 running for 375s.
  Query: SELECT * FROM orders WHERE status = 'PENDING' AND created_at < NOW() - INTERVAL '1 day' ORDER BY created_at DESC;
  Execution State: active | Wait Event: IO:DataFileRead | Locks Held: ExclusiveLock on relation 'orders'
  Context: Unindexed sequential scan (seq_scan) on table 'orders' (12,450,000 rows scanned).

2026-08-30T18:37:29.666180Z ERROR [DBPool-34] postgres.connection.pool - Connection acquire timeout after 5000ms. Active: 100/100, Idle: 0, Waiting: 42.
  SQL State: 53300 (too_many_connections) - User 'app_user' has reached maximum allowed connections.

2026-08-30T18:37:32.674521Z ERROR [DBPool-83] postgres.connection.pool - Connection acquire timeout after 5000ms. Active: 100/100, Idle: 0, Waiting: 42.
  SQL State: 53300 (too_many_connections) - User 'app_user' has reached maximum allowed connections.

2026-08-30T18:37:41.694081Z CRITICAL [RedisEvent-12] redis.cluster.memory - Redis OOM threshold reached. Used: 2048MB / Max: 2048MB.
  Command 'SET' rejected for key 'cache:session:48016'. Policy 'noeviction' prevented key removal.

2026-08-30T18:37:44.699796Z CRITICAL [RedisEvent-44] redis.cluster.memory - Redis OOM threshold reached. Used: 2048MB / Max: 2048MB.
  Command 'SET' rejected for key 'cache:session:23057'. Policy 'noeviction' prevented key removal.

2026-08-30T18:38:02.737041Z CRITICAL [RedisEvent-94] redis.cluster.memory - Redis OOM threshold reached. Used: 2048MB / Max: 2048MB.
  Command 'SET' rejected for key 'cache:session:61145'. Policy 'noeviction' prevented key removal.

2026-08-30T18:38:05.742530Z CRITICAL [RedisEvent-48] redis.cluster.memory - Redis OOM threshold reached. Used: 2048MB / Max: 2048MB.
  Command 'SET' rejected for key 'cache:session:29291'. Policy 'noeviction' prevented key removal.

2026-08-30T18:38:23.782220Z ERROR [DBPool-42] postgres.connection.pool - Connection acquire timeout after 5000ms. Active: 100/100, Idle: 0, Waiting: 42.
  SQL State: 53300 (too_many_connections) - User 'app_user' has reached maximum allowed connections.

2026-08-30T18:38:26.787793Z ERROR [DBPool-76] postgres.connection.pool - Connection acquire timeout after 5000ms. Active: 100/100, Idle: 0, Waiting: 42.
  SQL State: 53300 (too_many_connections) - User 'app_user' has reached maximum allowed connections.

2026-08-30T18:38:29.792782Z CRITICAL [RedisEvent-35] redis.cluster.memory - Redis OOM threshold reached. Used: 2048MB / Max: 2048MB.
  Command 'SET' rejected for key 'cache:session:82941'. Policy 'noeviction' prevented key removal.

2026-08-30T18:38:32.798785Z ERROR [DBPool-28] postgres.connection.pool - Connection acquire timeout after 5000ms. Active: 100/100, Idle: 0, Waiting: 42.
  SQL State: 53300 (too_many_connections) - User 'app_user' has reached maximum allowed connections.

2026-08-30T18:38:41.815325Z WARNING [QueryMonitor-86] postgres.slow_query - Long running transaction detected: PID 65873 running for 679s.
  Query: SELECT * FROM orders WHERE status = 'PENDING' AND created_at < NOW() - INTERVAL '1 day' ORDER BY created_at DESC;
  Execution State: active | Wait Event: IO:DataFileRead | Locks Held: ExclusiveLock on relation 'orders'
  Context: Unindexed sequential scan (seq_scan) on table 'orders' (12,450,000 rows scanned).

2026-08-30T18:38:47.827841Z WARNING [QueryMonitor-57] postgres.slow_query - Long running transaction detected: PID 28984 running for 482s.
  Query: SELECT * FROM orders WHERE status = 'PENDING' AND created_at < NOW() - INTERVAL '1 day' ORDER BY created_at DESC;
  Execution State: active | Wait Event: IO:DataFileRead | Locks Held: ExclusiveLock on relation 'orders'
  Context: Unindexed sequential scan (seq_scan) on table 'orders' (12,450,000 rows scanned).

2026-08-30T18:39:11.888110Z WARNING [QueryMonitor-46] postgres.slow_query - Long running transaction detected: PID 18899 running for 527s.
  Query: SELECT * FROM orders WHERE status = 'PENDING' AND created_at < NOW() - INTERVAL '1 day' ORDER BY created_at DESC;
  Execution State: active | Wait Event: IO:DataFileRead | Locks Held: ExclusiveLock on relation 'orders'
  Context: Unindexed sequential scan (seq_scan) on table 'orders' (12,450,000 rows scanned).

2026-08-30T18:39:14.903075Z CRITICAL [RedisEvent-43] redis.cluster.memory - Redis OOM threshold reached. Used: 2048MB / Max: 2048MB.
  Command 'SET' rejected for key 'cache:session:54019'. Policy 'noeviction' prevented key removal.

2026-08-30T18:39:23.930204Z WARNING [QueryMonitor-67] postgres.slow_query - Long running transaction detected: PID 42310 running for 811s.
  Query: SELECT * FROM orders WHERE status = 'PENDING' AND created_at < NOW() - INTERVAL '1 day' ORDER BY created_at DESC;
  Execution State: active | Wait Event: IO:DataFileRead | Locks Held: ExclusiveLock on relation 'orders'
  Context: Unindexed sequential scan (seq_scan) on table 'orders' (12,450,000 rows scanned).

2026-08-30T18:39:39.058458Z WARNING [QueryMonitor-51] postgres.slow_query - Long running transaction detected: PID 20197 running for 633s.
  Query: SELECT * FROM orders WHERE status = 'PENDING' AND created_at < NOW() - INTERVAL '1 day' ORDER BY created_at DESC;
  Execution State: active | Wait Event: IO:DataFileRead | Locks Held: ExclusiveLock on relation 'orders'
  Context: Unindexed sequential scan (seq_scan) on table 'orders' (12,450,000 rows scanned).

2026-08-30T18:39:42.068377Z WARNING [QueryMonitor-78] postgres.slow_query - Long running transaction detected: PID 64088 running for 532s.
  Query: SELECT * FROM orders WHERE status = 'PENDING' AND created_at < NOW() - INTERVAL '1 day' ORDER BY created_at DESC;
  Execution State: active | Wait Event: IO:DataFileRead | Locks Held: ExclusiveLock on relation 'orders'
  Context: Unindexed sequential scan (seq_scan) on table 'orders' (12,450,000 rows scanned).

2026-08-30T18:40:00.119948Z CRITICAL [RedisEvent-26] redis.cluster.memory - Redis OOM threshold reached. Used: 2048MB / Max: 2048MB.
  Command 'SET' rejected for key 'cache:session:75703'. Policy 'noeviction' prevented key removal.

2026-08-30T18:40:12.155902Z ERROR [DBPool-66] postgres.connection.pool - Connection acquire timeout after 5000ms. Active: 100/100, Idle: 0, Waiting: 42.
  SQL State: 53300 (too_many_connections) - User 'app_user' has reached maximum allowed connections.

2026-08-30T18:40:36.240829Z CRITICAL [RedisEvent-32] redis.cluster.memory - Redis OOM threshold reached. Used: 2048MB / Max: 2048MB.
  Command 'SET' rejected for key 'cache:session:30051'. Policy 'noeviction' prevented key removal.

2026-08-30T18:41:00.296058Z WARNING [QueryMonitor-15] postgres.slow_query - Long running transaction detected: PID 53033 running for 575s.
  Query: SELECT * FROM orders WHERE status = 'PENDING' AND created_at < NOW() - INTERVAL '1 day' ORDER BY created_at DESC;
  Execution State: active | Wait Event: IO:DataFileRead | Locks Held: ExclusiveLock on relation 'orders'
  Context: Unindexed sequential scan (seq_scan) on table 'orders' (12,450,000 rows scanned).

2026-08-30T18:41:06.307637Z ERROR [DBPool-11] postgres.connection.pool - Connection acquire timeout after 5000ms. Active: 100/100, Idle: 0, Waiting: 42.
  SQL State: 53300 (too_many_connections) - User 'app_user' has reached maximum allowed connections.

2026-08-30T18:42:00.432748Z WARNING [QueryMonitor-43] postgres.slow_query - Long running transaction detected: PID 38915 running for 684s.
  Query: SELECT * FROM orders WHERE status = 'PENDING' AND created_at < NOW() - INTERVAL '1 day' ORDER BY created_at DESC;
  Execution State: active | Wait Event: IO:DataFileRead | Locks Held: ExclusiveLock on relation 'orders'
  Context: Unindexed sequential scan (seq_scan) on table 'orders' (12,450,000 rows scanned).

2026-08-30T18:42:03.437899Z WARNING [QueryMonitor-41] postgres.slow_query - Long running transaction detected: PID 50011 running for 429s.
  Query: SELECT * FROM orders WHERE status = 'PENDING' AND created_at < NOW() - INTERVAL '1 day' ORDER BY created_at DESC;
  Execution State: active | Wait Event: IO:DataFileRead | Locks Held: ExclusiveLock on relation 'orders'
  Context: Unindexed sequential scan (seq_scan) on table 'orders' (12,450,000 rows scanned).

2026-08-30T18:42:15.470978Z ERROR [DBPool-76] postgres.connection.pool - Connection acquire timeout after 5000ms. Active: 100/100, Idle: 0, Waiting: 42.
  SQL State: 53300 (too_many_connections) - User 'app_user' has reached maximum allowed connections.

2026-08-30T18:42:18.479487Z CRITICAL [RedisEvent-87] redis.cluster.memory - Redis OOM threshold reached. Used: 2048MB / Max: 2048MB.
  Command 'SET' rejected for key 'cache:session:12292'. Policy 'noeviction' prevented key removal.

2026-08-30T18:42:21.487615Z CRITICAL [RedisEvent-57] redis.cluster.memory - Redis OOM threshold reached. Used: 2048MB / Max: 2048MB.
  Command 'SET' rejected for key 'cache:session:57599'. Policy 'noeviction' prevented key removal.

2026-08-30T18:42:24.493618Z ERROR [DBPool-87] postgres.connection.pool - Connection acquire timeout after 5000ms. Active: 100/100, Idle: 0, Waiting: 42.
  SQL State: 53300 (too_many_connections) - User 'app_user' has reached maximum allowed connections.

2026-08-30T18:42:42.531020Z WARNING [QueryMonitor-11] postgres.slow_query - Long running transaction detected: PID 69989 running for 350s.
  Query: SELECT * FROM orders WHERE status = 'PENDING' AND created_at < NOW() - INTERVAL '1 day' ORDER BY created_at DESC;
  Execution State: active | Wait Event: IO:DataFileRead | Locks Held: ExclusiveLock on relation 'orders'
  Context: Unindexed sequential scan (seq_scan) on table 'orders' (12,450,000 rows scanned).

2026-08-30T18:42:45.538892Z CRITICAL [RedisEvent-55] redis.cluster.memory - Redis OOM threshold reached. Used: 2048MB / Max: 2048MB.
  Command 'SET' rejected for key 'cache:session:21972'. Policy 'noeviction' prevented key removal.

2026-08-30T18:42:48.546166Z ERROR [DBPool-19] postgres.connection.pool - Connection acquire timeout after 5000ms. Active: 100/100, Idle: 0, Waiting: 42.
  SQL State: 53300 (too_many_connections) - User 'app_user' has reached maximum allowed connections.

2026-08-30T18:42:51.551701Z ERROR [DBPool-99] postgres.connection.pool - Connection acquire timeout after 5000ms. Active: 100/100, Idle: 0, Waiting: 42.
  SQL State: 53300 (too_many_connections) - User 'app_user' has reached maximum allowed connections.

2026-08-30T18:42:54.565915Z WARNING [QueryMonitor-84] postgres.slow_query - Long running transaction detected: PID 91469 running for 451s.
  Query: SELECT * FROM orders WHERE status = 'PENDING' AND created_at < NOW() - INTERVAL '1 day' ORDER BY created_at DESC;
  Execution State: active | Wait Event: IO:DataFileRead | Locks Held: ExclusiveLock on relation 'orders'
  Context: Unindexed sequential scan (seq_scan) on table 'orders' (12,450,000 rows scanned).

2026-08-30T18:43:00.577956Z CRITICAL [RedisEvent-35] redis.cluster.memory - Redis OOM threshold reached. Used: 2048MB / Max: 2048MB.
  Command 'SET' rejected for key 'cache:session:39781'. Policy 'noeviction' prevented key removal.

2026-08-30T18:43:18.624299Z ERROR [DBPool-99] postgres.connection.pool - Connection acquire timeout after 5000ms. Active: 100/100, Idle: 0, Waiting: 42.
  SQL State: 53300 (too_many_connections) - User 'app_user' has reached maximum allowed connections.

2026-08-30T18:43:33.650231Z WARNING [QueryMonitor-94] postgres.slow_query - Long running transaction detected: PID 81463 running for 477s.
  Query: SELECT * FROM orders WHERE status = 'PENDING' AND created_at < NOW() - INTERVAL '1 day' ORDER BY created_at DESC;
  Execution State: active | Wait Event: IO:DataFileRead | Locks Held: ExclusiveLock on relation 'orders'
  Context: Unindexed sequential scan (seq_scan) on table 'orders' (12,450,000 rows scanned).

2026-08-30T18:43:36.656410Z WARNING [QueryMonitor-41] postgres.slow_query - Long running transaction detected: PID 91038 running for 403s.
  Query: SELECT * FROM orders WHERE status = 'PENDING' AND created_at < NOW() - INTERVAL '1 day' ORDER BY created_at DESC;
  Execution State: active | Wait Event: IO:DataFileRead | Locks Held: ExclusiveLock on relation 'orders'
  Context: Unindexed sequential scan (seq_scan) on table 'orders' (12,450,000 rows scanned).

2026-08-30T18:43:42.674819Z WARNING [QueryMonitor-59] postgres.slow_query - Long running transaction detected: PID 73781 running for 620s.
  Query: SELECT * FROM orders WHERE status = 'PENDING' AND created_at < NOW() - INTERVAL '1 day' ORDER BY created_at DESC;
  Execution State: active | Wait Event: IO:DataFileRead | Locks Held: ExclusiveLock on relation 'orders'
  Context: Unindexed sequential scan (seq_scan) on table 'orders' (12,450,000 rows scanned).

2026-08-30T18:43:45.679194Z CRITICAL [RedisEvent-31] redis.cluster.memory - Redis OOM threshold reached. Used: 2048MB / Max: 2048MB.
  Command 'SET' rejected for key 'cache:session:81234'. Policy 'noeviction' prevented key removal.

2026-08-30T18:43:51.690359Z CRITICAL [RedisEvent-83] redis.cluster.memory - Redis OOM threshold reached. Used: 2048MB / Max: 2048MB.
  Command 'SET' rejected for key 'cache:session:39074'. Policy 'noeviction' prevented key removal.

2026-08-30T18:44:03.724044Z CRITICAL [RedisEvent-81] redis.cluster.memory - Redis OOM threshold reached. Used: 2048MB / Max: 2048MB.
  Command 'SET' rejected for key 'cache:session:36593'. Policy 'noeviction' prevented key removal.

2026-08-30T18:44:09.734724Z ERROR [DBPool-23] postgres.connection.pool - Connection acquire timeout after 5000ms. Active: 100/100, Idle: 0, Waiting: 42.
  SQL State: 53300 (too_many_connections) - User 'app_user' has reached maximum allowed connections.

2026-08-30T18:44:12.740264Z WARNING [QueryMonitor-20] postgres.slow_query - Long running transaction detected: PID 52165 running for 682s.
  Query: SELECT * FROM orders WHERE status = 'PENDING' AND created_at < NOW() - INTERVAL '1 day' ORDER BY created_at DESC;
  Execution State: active | Wait Event: IO:DataFileRead | Locks Held: ExclusiveLock on relation 'orders'
  Context: Unindexed sequential scan (seq_scan) on table 'orders' (12,450,000 rows scanned).

2026-08-30T18:44:15.745562Z WARNING [QueryMonitor-81] postgres.slow_query - Long running transaction detected: PID 57071 running for 528s.
  Query: SELECT * FROM orders WHERE status = 'PENDING' AND created_at < NOW() - INTERVAL '1 day' ORDER BY created_at DESC;
  Execution State: active | Wait Event: IO:DataFileRead | Locks Held: ExclusiveLock on relation 'orders'
  Context: Unindexed sequential scan (seq_scan) on table 'orders' (12,450,000 rows scanned).

2026-08-30T18:44:30.781633Z ERROR [DBPool-66] postgres.connection.pool - Connection acquire timeout after 5000ms. Active: 100/100, Idle: 0, Waiting: 42.
  SQL State: 53300 (too_many_connections) - User 'app_user' has reached maximum allowed connections.

2026-08-30T18:44:33.786665Z WARNING [QueryMonitor-12] postgres.slow_query - Long running transaction detected: PID 92944 running for 425s.
  Query: SELECT * FROM orders WHERE status = 'PENDING' AND created_at < NOW() - INTERVAL '1 day' ORDER BY created_at DESC;
  Execution State: active | Wait Event: IO:DataFileRead | Locks Held: ExclusiveLock on relation 'orders'
  Context: Unindexed sequential scan (seq_scan) on table 'orders' (12,450,000 rows scanned).

2026-08-30T18:44:36.794678Z ERROR [DBPool-50] postgres.connection.pool - Connection acquire timeout after 5000ms. Active: 100/100, Idle: 0, Waiting: 42.
  SQL State: 53300 (too_many_connections) - User 'app_user' has reached maximum allowed connections.

2026-08-30T18:44:39.807578Z ERROR [DBPool-24] postgres.connection.pool - Connection acquire timeout after 5000ms. Active: 100/100, Idle: 0, Waiting: 42.
  SQL State: 53300 (too_many_connections) - User 'app_user' has reached maximum allowed connections.

2026-08-30T18:44:48.827201Z ERROR [DBPool-16] postgres.connection.pool - Connection acquire timeout after 5000ms. Active: 100/100, Idle: 0, Waiting: 42.
  SQL State: 53300 (too_many_connections) - User 'app_user' has reached maximum allowed connections.

2026-08-30T18:44:54.843348Z CRITICAL [RedisEvent-52] redis.cluster.memory - Redis OOM threshold reached. Used: 2048MB / Max: 2048MB.
  Command 'SET' rejected for key 'cache:session:96660'. Policy 'noeviction' prevented key removal.

2026-08-30T18:44:57.849309Z CRITICAL [RedisEvent-13] redis.cluster.memory - Redis OOM threshold reached. Used: 2048MB / Max: 2048MB.
  Command 'SET' rejected for key 'cache:session:70749'. Policy 'noeviction' prevented key removal.

2026-08-30T18:45:03.865467Z WARNING [QueryMonitor-85] postgres.slow_query - Long running transaction detected: PID 56847 running for 637s.
  Query: SELECT * FROM orders WHERE status = 'PENDING' AND created_at < NOW() - INTERVAL '1 day' ORDER BY created_at DESC;
  Execution State: active | Wait Event: IO:DataFileRead | Locks Held: ExclusiveLock on relation 'orders'
  Context: Unindexed sequential scan (seq_scan) on table 'orders' (12,450,000 rows scanned).

2026-08-30T18:45:06.871301Z CRITICAL [RedisEvent-30] redis.cluster.memory - Redis OOM threshold reached. Used: 2048MB / Max: 2048MB.
  Command 'SET' rejected for key 'cache:session:99553'. Policy 'noeviction' prevented key removal.

2026-08-30T18:45:09.876197Z ERROR [DBPool-34] postgres.connection.pool - Connection acquire timeout after 5000ms. Active: 100/100, Idle: 0, Waiting: 42.
  SQL State: 53300 (too_many_connections) - User 'app_user' has reached maximum allowed connections.

2026-08-30T18:45:30.933619Z CRITICAL [RedisEvent-83] redis.cluster.memory - Redis OOM threshold reached. Used: 2048MB / Max: 2048MB.
  Command 'SET' rejected for key 'cache:session:68774'. Policy 'noeviction' prevented key removal.

2026-08-30T18:45:45.977274Z WARNING [QueryMonitor-18] postgres.slow_query - Long running transaction detected: PID 51775 running for 765s.
  Query: SELECT * FROM orders WHERE status = 'PENDING' AND created_at < NOW() - INTERVAL '1 day' ORDER BY created_at DESC;
  Execution State: active | Wait Event: IO:DataFileRead | Locks Held: ExclusiveLock on relation 'orders'
  Context: Unindexed sequential scan (seq_scan) on table 'orders' (12,450,000 rows scanned).

2026-08-30T18:45:55.006194Z CRITICAL [RedisEvent-93] redis.cluster.memory - Redis OOM threshold reached. Used: 2048MB / Max: 2048MB.
  Command 'SET' rejected for key 'cache:session:60155'. Policy 'noeviction' prevented key removal.

2026-08-30T18:45:58.014802Z WARNING [QueryMonitor-65] postgres.slow_query - Long running transaction detected: PID 61654 running for 786s.
  Query: SELECT * FROM orders WHERE status = 'PENDING' AND created_at < NOW() - INTERVAL '1 day' ORDER BY created_at DESC;
  Execution State: active | Wait Event: IO:DataFileRead | Locks Held: ExclusiveLock on relation 'orders'
  Context: Unindexed sequential scan (seq_scan) on table 'orders' (12,450,000 rows scanned).

2026-08-30T18:46:16.060061Z ERROR [DBPool-36] postgres.connection.pool - Connection acquire timeout after 5000ms. Active: 100/100, Idle: 0, Waiting: 42.
  SQL State: 53300 (too_many_connections) - User 'app_user' has reached maximum allowed connections.

2026-08-30T18:46:34.110009Z ERROR [DBPool-99] postgres.connection.pool - Connection acquire timeout after 5000ms. Active: 100/100, Idle: 0, Waiting: 42.
  SQL State: 53300 (too_many_connections) - User 'app_user' has reached maximum allowed connections.

2026-08-30T18:46:37.115969Z CRITICAL [RedisEvent-68] redis.cluster.memory - Redis OOM threshold reached. Used: 2048MB / Max: 2048MB.
  Command 'SET' rejected for key 'cache:session:51686'. Policy 'noeviction' prevented key removal.

2026-08-30T18:46:43.126870Z WARNING [QueryMonitor-58] postgres.slow_query - Long running transaction detected: PID 54099 running for 797s.
  Query: SELECT * FROM orders WHERE status = 'PENDING' AND created_at < NOW() - INTERVAL '1 day' ORDER BY created_at DESC;
  Execution State: active | Wait Event: IO:DataFileRead | Locks Held: ExclusiveLock on relation 'orders'
  Context: Unindexed sequential scan (seq_scan) on table 'orders' (12,450,000 rows scanned).

2026-08-30T18:46:46.136170Z ERROR [DBPool-48] postgres.connection.pool - Connection acquire timeout after 5000ms. Active: 100/100, Idle: 0, Waiting: 42.
  SQL State: 53300 (too_many_connections) - User 'app_user' has reached maximum allowed connections.

2026-08-30T18:47:04.249920Z ERROR [DBPool-71] postgres.connection.pool - Connection acquire timeout after 5000ms. Active: 100/100, Idle: 0, Waiting: 42.
  SQL State: 53300 (too_many_connections) - User 'app_user' has reached maximum allowed connections.

2026-08-30T18:47:10.265924Z ERROR [DBPool-69] postgres.connection.pool - Connection acquire timeout after 5000ms. Active: 100/100, Idle: 0, Waiting: 42.
  SQL State: 53300 (too_many_connections) - User 'app_user' has reached maximum allowed connections.

2026-08-30T18:47:25.320947Z CRITICAL [RedisEvent-81] redis.cluster.memory - Redis OOM threshold reached. Used: 2048MB / Max: 2048MB.
  Command 'SET' rejected for key 'cache:session:69520'. Policy 'noeviction' prevented key removal.

2026-08-30T18:47:37.354083Z CRITICAL [RedisEvent-32] redis.cluster.memory - Redis OOM threshold reached. Used: 2048MB / Max: 2048MB.
  Command 'SET' rejected for key 'cache:session:34921'. Policy 'noeviction' prevented key removal.

2026-08-30T18:47:40.359966Z WARNING [QueryMonitor-49] postgres.slow_query - Long running transaction detected: PID 52202 running for 749s.
  Query: SELECT * FROM orders WHERE status = 'PENDING' AND created_at < NOW() - INTERVAL '1 day' ORDER BY created_at DESC;
  Execution State: active | Wait Event: IO:DataFileRead | Locks Held: ExclusiveLock on relation 'orders'
  Context: Unindexed sequential scan (seq_scan) on table 'orders' (12,450,000 rows scanned).

2026-08-30T18:47:43.366975Z WARNING [QueryMonitor-17] postgres.slow_query - Long running transaction detected: PID 64694 running for 798s.
  Query: SELECT * FROM orders WHERE status = 'PENDING' AND created_at < NOW() - INTERVAL '1 day' ORDER BY created_at DESC;
  Execution State: active | Wait Event: IO:DataFileRead | Locks Held: ExclusiveLock on relation 'orders'
  Context: Unindexed sequential scan (seq_scan) on table 'orders' (12,450,000 rows scanned).

2026-08-30T18:48:10.433345Z CRITICAL [RedisEvent-21] redis.cluster.memory - Redis OOM threshold reached. Used: 2048MB / Max: 2048MB.
  Command 'SET' rejected for key 'cache:session:91550'. Policy 'noeviction' prevented key removal.

2026-08-30T18:48:22.463309Z CRITICAL [RedisEvent-91] redis.cluster.memory - Redis OOM threshold reached. Used: 2048MB / Max: 2048MB.
  Command 'SET' rejected for key 'cache:session:58564'. Policy 'noeviction' prevented key removal.

2026-08-30T18:48:28.475695Z ERROR [DBPool-83] postgres.connection.pool - Connection acquire timeout after 5000ms. Active: 100/100, Idle: 0, Waiting: 42.
  SQL State: 53300 (too_many_connections) - User 'app_user' has reached maximum allowed connections.

2026-08-30T18:48:34.489603Z WARNING [QueryMonitor-39] postgres.slow_query - Long running transaction detected: PID 27043 running for 561s.
  Query: SELECT * FROM orders WHERE status = 'PENDING' AND created_at < NOW() - INTERVAL '1 day' ORDER BY created_at DESC;
  Execution State: active | Wait Event: IO:DataFileRead | Locks Held: ExclusiveLock on relation 'orders'
  Context: Unindexed sequential scan (seq_scan) on table 'orders' (12,450,000 rows scanned).

2026-08-30T18:48:37.495938Z CRITICAL [RedisEvent-34] redis.cluster.memory - Redis OOM threshold reached. Used: 2048MB / Max: 2048MB.
  Command 'SET' rejected for key 'cache:session:55588'. Policy 'noeviction' prevented key removal.

2026-08-30T18:48:40.502571Z WARNING [QueryMonitor-50] postgres.slow_query - Long running transaction detected: PID 37139 running for 534s.
  Query: SELECT * FROM orders WHERE status = 'PENDING' AND created_at < NOW() - INTERVAL '1 day' ORDER BY created_at DESC;
  Execution State: active | Wait Event: IO:DataFileRead | Locks Held: ExclusiveLock on relation 'orders'
  Context: Unindexed sequential scan (seq_scan) on table 'orders' (12,450,000 rows scanned).

2026-08-30T18:48:52.540819Z WARNING [QueryMonitor-24] postgres.slow_query - Long running transaction detected: PID 64923 running for 644s.
  Query: SELECT * FROM orders WHERE status = 'PENDING' AND created_at < NOW() - INTERVAL '1 day' ORDER BY created_at DESC;
  Execution State: active | Wait Event: IO:DataFileRead | Locks Held: ExclusiveLock on relation 'orders'
  Context: Unindexed sequential scan (seq_scan) on table 'orders' (12,450,000 rows scanned).

2026-08-30T18:49:22.754210Z ERROR [DBPool-59] postgres.connection.pool - Connection acquire timeout after 5000ms. Active: 100/100, Idle: 0, Waiting: 42.
  SQL State: 53300 (too_many_connections) - User 'app_user' has reached maximum allowed connections.

2026-08-30T18:49:40.833450Z WARNING [QueryMonitor-80] postgres.slow_query - Long running transaction detected: PID 43006 running for 827s.
  Query: SELECT * FROM orders WHERE status = 'PENDING' AND created_at < NOW() - INTERVAL '1 day' ORDER BY created_at DESC;
  Execution State: active | Wait Event: IO:DataFileRead | Locks Held: ExclusiveLock on relation 'orders'
  Context: Unindexed sequential scan (seq_scan) on table 'orders' (12,450,000 rows scanned).

2026-08-30T18:49:43.840030Z WARNING [QueryMonitor-89] postgres.slow_query - Long running transaction detected: PID 56736 running for 558s.
  Query: SELECT * FROM orders WHERE status = 'PENDING' AND created_at < NOW() - INTERVAL '1 day' ORDER BY created_at DESC;
  Execution State: active | Wait Event: IO:DataFileRead | Locks Held: ExclusiveLock on relation 'orders'
  Context: Unindexed sequential scan (seq_scan) on table 'orders' (12,450,000 rows scanned).

2026-08-30T18:49:52.858887Z WARNING [QueryMonitor-96] postgres.slow_query - Long running transaction detected: PID 90613 running for 336s.
  Query: SELECT * FROM orders WHERE status = 'PENDING' AND created_at < NOW() - INTERVAL '1 day' ORDER BY created_at DESC;
  Execution State: active | Wait Event: IO:DataFileRead | Locks Held: ExclusiveLock on relation 'orders'
  Context: Unindexed sequential scan (seq_scan) on table 'orders' (12,450,000 rows scanned).

2026-08-30T18:49:55.870153Z WARNING [QueryMonitor-68] postgres.slow_query - Long running transaction detected: PID 36948 running for 381s.
  Query: SELECT * FROM orders WHERE status = 'PENDING' AND created_at < NOW() - INTERVAL '1 day' ORDER BY created_at DESC;
  Execution State: active | Wait Event: IO:DataFileRead | Locks Held: ExclusiveLock on relation 'orders'
  Context: Unindexed sequential scan (seq_scan) on table 'orders' (12,450,000 rows scanned).

2026-08-30T18:49:58.878017Z WARNING [QueryMonitor-17] postgres.slow_query - Long running transaction detected: PID 66722 running for 847s.
  Query: SELECT * FROM orders WHERE status = 'PENDING' AND created_at < NOW() - INTERVAL '1 day' ORDER BY created_at DESC;
  Execution State: active | Wait Event: IO:DataFileRead | Locks Held: ExclusiveLock on relation 'orders'
  Context: Unindexed sequential scan (seq_scan) on table 'orders' (12,450,000 rows scanned).

2026-08-30T18:50:01.884430Z CRITICAL [RedisEvent-62] redis.cluster.memory - Redis OOM threshold reached. Used: 2048MB / Max: 2048MB.
  Command 'SET' rejected for key 'cache:session:74929'. Policy 'noeviction' prevented key removal.

2026-08-30T18:50:04.890639Z WARNING [QueryMonitor-54] postgres.slow_query - Long running transaction detected: PID 21630 running for 732s.
  Query: SELECT * FROM orders WHERE status = 'PENDING' AND created_at < NOW() - INTERVAL '1 day' ORDER BY created_at DESC;
  Execution State: active | Wait Event: IO:DataFileRead | Locks Held: ExclusiveLock on relation 'orders'
  Context: Unindexed sequential scan (seq_scan) on table 'orders' (12,450,000 rows scanned).

2026-08-30T18:50:07.896189Z WARNING [QueryMonitor-49] postgres.slow_query - Long running transaction detected: PID 64723 running for 493s.
  Query: SELECT * FROM orders WHERE status = 'PENDING' AND created_at < NOW() - INTERVAL '1 day' ORDER BY created_at DESC;
  Execution State: active | Wait Event: IO:DataFileRead | Locks Held: ExclusiveLock on relation 'orders'
  Context: Unindexed sequential scan (seq_scan) on table 'orders' (12,450,000 rows scanned).

2026-08-30T18:50:28.939996Z ERROR [DBPool-30] postgres.connection.pool - Connection acquire timeout after 5000ms. Active: 100/100, Idle: 0, Waiting: 42.
  SQL State: 53300 (too_many_connections) - User 'app_user' has reached maximum allowed connections.

2026-08-30T18:50:34.952761Z WARNING [QueryMonitor-16] postgres.slow_query - Long running transaction detected: PID 50432 running for 503s.
  Query: SELECT * FROM orders WHERE status = 'PENDING' AND created_at < NOW() - INTERVAL '1 day' ORDER BY created_at DESC;
  Execution State: active | Wait Event: IO:DataFileRead | Locks Held: ExclusiveLock on relation 'orders'
  Context: Unindexed sequential scan (seq_scan) on table 'orders' (12,450,000 rows scanned).

2026-08-30T18:50:52.998191Z WARNING [QueryMonitor-73] postgres.slow_query - Long running transaction detected: PID 73399 running for 784s.
  Query: SELECT * FROM orders WHERE status = 'PENDING' AND created_at < NOW() - INTERVAL '1 day' ORDER BY created_at DESC;
  Execution State: active | Wait Event: IO:DataFileRead | Locks Held: ExclusiveLock on relation 'orders'
  Context: Unindexed sequential scan (seq_scan) on table 'orders' (12,450,000 rows scanned).

2026-08-30T18:51:02.022993Z CRITICAL [RedisEvent-81] redis.cluster.memory - Redis OOM threshold reached. Used: 2048MB / Max: 2048MB.
  Command 'SET' rejected for key 'cache:session:45542'. Policy 'noeviction' prevented key removal.

2026-08-30T18:51:35.091496Z ERROR [DBPool-83] postgres.connection.pool - Connection acquire timeout after 5000ms. Active: 100/100, Idle: 0, Waiting: 42.
  SQL State: 53300 (too_many_connections) - User 'app_user' has reached maximum allowed connections.

2026-08-30T18:51:41.115948Z ERROR [DBPool-91] postgres.connection.pool - Connection acquire timeout after 5000ms. Active: 100/100, Idle: 0, Waiting: 42.
  SQL State: 53300 (too_many_connections) - User 'app_user' has reached maximum allowed connections.

2026-08-30T18:51:56.162757Z CRITICAL [RedisEvent-15] redis.cluster.memory - Redis OOM threshold reached. Used: 2048MB / Max: 2048MB.
  Command 'SET' rejected for key 'cache:session:79508'. Policy 'noeviction' prevented key removal.

2026-08-30T18:52:02.174831Z CRITICAL [RedisEvent-88] redis.cluster.memory - Redis OOM threshold reached. Used: 2048MB / Max: 2048MB.
  Command 'SET' rejected for key 'cache:session:43329'. Policy 'noeviction' prevented key removal.

2026-08-30T18:52:05.190604Z CRITICAL [RedisEvent-87] redis.cluster.memory - Redis OOM threshold reached. Used: 2048MB / Max: 2048MB.
  Command 'SET' rejected for key 'cache:session:18134'. Policy 'noeviction' prevented key removal.

2026-08-30T18:52:11.201799Z CRITICAL [RedisEvent-86] redis.cluster.memory - Redis OOM threshold reached. Used: 2048MB / Max: 2048MB.
  Command 'SET' rejected for key 'cache:session:60123'. Policy 'noeviction' prevented key removal.

2026-08-30T18:52:35.263190Z ERROR [DBPool-89] postgres.connection.pool - Connection acquire timeout after 5000ms. Active: 100/100, Idle: 0, Waiting: 42.
  SQL State: 53300 (too_many_connections) - User 'app_user' has reached maximum allowed connections.

2026-08-30T18:52:56.333663Z WARNING [QueryMonitor-30] postgres.slow_query - Long running transaction detected: PID 78166 running for 511s.
  Query: SELECT * FROM orders WHERE status = 'PENDING' AND created_at < NOW() - INTERVAL '1 day' ORDER BY created_at DESC;
  Execution State: active | Wait Event: IO:DataFileRead | Locks Held: ExclusiveLock on relation 'orders'
  Context: Unindexed sequential scan (seq_scan) on table 'orders' (12,450,000 rows scanned).

2026-08-30T18:52:59.340356Z ERROR [DBPool-81] postgres.connection.pool - Connection acquire timeout after 5000ms. Active: 100/100, Idle: 0, Waiting: 42.
  SQL State: 53300 (too_many_connections) - User 'app_user' has reached maximum allowed connections.

2026-08-30T18:53:23.409008Z WARNING [QueryMonitor-56] postgres.slow_query - Long running transaction detected: PID 37182 running for 497s.
  Query: SELECT * FROM orders WHERE status = 'PENDING' AND created_at < NOW() - INTERVAL '1 day' ORDER BY created_at DESC;
  Execution State: active | Wait Event: IO:DataFileRead | Locks Held: ExclusiveLock on relation 'orders'
  Context: Unindexed sequential scan (seq_scan) on table 'orders' (12,450,000 rows scanned).

2026-08-30T18:53:29.420318Z ERROR [DBPool-15] postgres.connection.pool - Connection acquire timeout after 5000ms. Active: 100/100, Idle: 0, Waiting: 42.
  SQL State: 53300 (too_many_connections) - User 'app_user' has reached maximum allowed connections.

2026-08-30T18:53:47.475196Z CRITICAL [RedisEvent-26] redis.cluster.memory - Redis OOM threshold reached. Used: 2048MB / Max: 2048MB.
  Command 'SET' rejected for key 'cache:session:62798'. Policy 'noeviction' prevented key removal.

2026-08-30T18:54:20.654087Z WARNING [QueryMonitor-58] postgres.slow_query - Long running transaction detected: PID 26996 running for 523s.
  Query: SELECT * FROM orders WHERE status = 'PENDING' AND created_at < NOW() - INTERVAL '1 day' ORDER BY created_at DESC;
  Execution State: active | Wait Event: IO:DataFileRead | Locks Held: ExclusiveLock on relation 'orders'
  Context: Unindexed sequential scan (seq_scan) on table 'orders' (12,450,000 rows scanned).

2026-08-30T18:54:29.673587Z ERROR [DBPool-36] postgres.connection.pool - Connection acquire timeout after 5000ms. Active: 100/100, Idle: 0, Waiting: 42.
  SQL State: 53300 (too_many_connections) - User 'app_user' has reached maximum allowed connections.

2026-08-30T18:54:38.688871Z ERROR [DBPool-89] postgres.connection.pool - Connection acquire timeout after 5000ms. Active: 100/100, Idle: 0, Waiting: 42.
  SQL State: 53300 (too_many_connections) - User 'app_user' has reached maximum allowed connections.

2026-08-30T18:54:41.696628Z CRITICAL [RedisEvent-62] redis.cluster.memory - Redis OOM threshold reached. Used: 2048MB / Max: 2048MB.
  Command 'SET' rejected for key 'cache:session:50310'. Policy 'noeviction' prevented key removal.

2026-08-30T18:54:47.711379Z ERROR [DBPool-85] postgres.connection.pool - Connection acquire timeout after 5000ms. Active: 100/100, Idle: 0, Waiting: 42.
  SQL State: 53300 (too_many_connections) - User 'app_user' has reached maximum allowed connections.

2026-08-30T18:54:53.723383Z WARNING [QueryMonitor-27] postgres.slow_query - Long running transaction detected: PID 25348 running for 466s.
  Query: SELECT * FROM orders WHERE status = 'PENDING' AND created_at < NOW() - INTERVAL '1 day' ORDER BY created_at DESC;
  Execution State: active | Wait Event: IO:DataFileRead | Locks Held: ExclusiveLock on relation 'orders'
  Context: Unindexed sequential scan (seq_scan) on table 'orders' (12,450,000 rows scanned).

2026-08-30T18:54:59.747266Z CRITICAL [RedisEvent-32] redis.cluster.memory - Redis OOM threshold reached. Used: 2048MB / Max: 2048MB.
  Command 'SET' rejected for key 'cache:session:82877'. Policy 'noeviction' prevented key removal.

2026-08-30T18:55:02.757966Z CRITICAL [RedisEvent-51] redis.cluster.memory - Redis OOM threshold reached. Used: 2048MB / Max: 2048MB.
  Command 'SET' rejected for key 'cache:session:52571'. Policy 'noeviction' prevented key removal.

2026-08-30T18:55:08.772459Z CRITICAL [RedisEvent-78] redis.cluster.memory - Redis OOM threshold reached. Used: 2048MB / Max: 2048MB.
  Command 'SET' rejected for key 'cache:session:25774'. Policy 'noeviction' prevented key removal.

2026-08-30T18:55:17.800110Z ERROR [DBPool-62] postgres.connection.pool - Connection acquire timeout after 5000ms. Active: 100/100, Idle: 0, Waiting: 42.
  SQL State: 53300 (too_many_connections) - User 'app_user' has reached maximum allowed connections.

2026-08-30T18:55:29.830081Z WARNING [QueryMonitor-86] postgres.slow_query - Long running transaction detected: PID 18462 running for 610s.
  Query: SELECT * FROM orders WHERE status = 'PENDING' AND created_at < NOW() - INTERVAL '1 day' ORDER BY created_at DESC;
  Execution State: active | Wait Event: IO:DataFileRead | Locks Held: ExclusiveLock on relation 'orders'
  Context: Unindexed sequential scan (seq_scan) on table 'orders' (12,450,000 rows scanned).

2026-08-30T18:55:32.836560Z WARNING [QueryMonitor-30] postgres.slow_query - Long running transaction detected: PID 41175 running for 810s.
  Query: SELECT * FROM orders WHERE status = 'PENDING' AND created_at < NOW() - INTERVAL '1 day' ORDER BY created_at DESC;
  Execution State: active | Wait Event: IO:DataFileRead | Locks Held: ExclusiveLock on relation 'orders'
  Context: Unindexed sequential scan (seq_scan) on table 'orders' (12,450,000 rows scanned).

2026-08-30T18:55:44.864241Z CRITICAL [RedisEvent-63] redis.cluster.memory - Redis OOM threshold reached. Used: 2048MB / Max: 2048MB.
  Command 'SET' rejected for key 'cache:session:52182'. Policy 'noeviction' prevented key removal.

2026-08-30T18:56:02.913018Z WARNING [QueryMonitor-18] postgres.slow_query - Long running transaction detected: PID 98941 running for 705s.
  Query: SELECT * FROM orders WHERE status = 'PENDING' AND created_at < NOW() - INTERVAL '1 day' ORDER BY created_at DESC;
  Execution State: active | Wait Event: IO:DataFileRead | Locks Held: ExclusiveLock on relation 'orders'
  Context: Unindexed sequential scan (seq_scan) on table 'orders' (12,450,000 rows scanned).

2026-08-30T18:56:08.925406Z ERROR [DBPool-38] postgres.connection.pool - Connection acquire timeout after 5000ms. Active: 100/100, Idle: 0, Waiting: 42.
  SQL State: 53300 (too_many_connections) - User 'app_user' has reached maximum allowed connections.

2026-08-30T18:56:11.932300Z WARNING [QueryMonitor-86] postgres.slow_query - Long running transaction detected: PID 30626 running for 562s.
  Query: SELECT * FROM orders WHERE status = 'PENDING' AND created_at < NOW() - INTERVAL '1 day' ORDER BY created_at DESC;
  Execution State: active | Wait Event: IO:DataFileRead | Locks Held: ExclusiveLock on relation 'orders'
  Context: Unindexed sequential scan (seq_scan) on table 'orders' (12,450,000 rows scanned).

2026-08-30T18:56:14.945308Z ERROR [DBPool-85] postgres.connection.pool - Connection acquire timeout after 5000ms. Active: 100/100, Idle: 0, Waiting: 42.
  SQL State: 53300 (too_many_connections) - User 'app_user' has reached maximum allowed connections.

2026-08-30T18:56:20.959380Z CRITICAL [RedisEvent-29] redis.cluster.memory - Redis OOM threshold reached. Used: 2048MB / Max: 2048MB.
  Command 'SET' rejected for key 'cache:session:12840'. Policy 'noeviction' prevented key removal.

2026-08-30T18:56:32.985121Z WARNING [QueryMonitor-81] postgres.slow_query - Long running transaction detected: PID 38703 running for 699s.
  Query: SELECT * FROM orders WHERE status = 'PENDING' AND created_at < NOW() - INTERVAL '1 day' ORDER BY created_at DESC;
  Execution State: active | Wait Event: IO:DataFileRead | Locks Held: ExclusiveLock on relation 'orders'
  Context: Unindexed sequential scan (seq_scan) on table 'orders' (12,450,000 rows scanned).

2026-08-30T18:56:35.992097Z CRITICAL [RedisEvent-24] redis.cluster.memory - Redis OOM threshold reached. Used: 2048MB / Max: 2048MB.
  Command 'SET' rejected for key 'cache:session:73023'. Policy 'noeviction' prevented key removal.

2026-08-30T18:56:48.017542Z WARNING [QueryMonitor-78] postgres.slow_query - Long running transaction detected: PID 46703 running for 830s.
  Query: SELECT * FROM orders WHERE status = 'PENDING' AND created_at < NOW() - INTERVAL '1 day' ORDER BY created_at DESC;
  Execution State: active | Wait Event: IO:DataFileRead | Locks Held: ExclusiveLock on relation 'orders'
  Context: Unindexed sequential scan (seq_scan) on table 'orders' (12,450,000 rows scanned).

2026-08-30T18:57:15.108501Z WARNING [QueryMonitor-23] postgres.slow_query - Long running transaction detected: PID 51602 running for 520s.
  Query: SELECT * FROM orders WHERE status = 'PENDING' AND created_at < NOW() - INTERVAL '1 day' ORDER BY created_at DESC;
  Execution State: active | Wait Event: IO:DataFileRead | Locks Held: ExclusiveLock on relation 'orders'
  Context: Unindexed sequential scan (seq_scan) on table 'orders' (12,450,000 rows scanned).

2026-08-30T18:57:36.164666Z CRITICAL [RedisEvent-50] redis.cluster.memory - Redis OOM threshold reached. Used: 2048MB / Max: 2048MB.
  Command 'SET' rejected for key 'cache:session:73651'. Policy 'noeviction' prevented key removal.

2026-08-30T18:57:39.170350Z ERROR [DBPool-51] postgres.connection.pool - Connection acquire timeout after 5000ms. Active: 100/100, Idle: 0, Waiting: 42.
  SQL State: 53300 (too_many_connections) - User 'app_user' has reached maximum allowed connections.

2026-08-30T18:57:57.212068Z CRITICAL [RedisEvent-61] redis.cluster.memory - Redis OOM threshold reached. Used: 2048MB / Max: 2048MB.
  Command 'SET' rejected for key 'cache:session:87011'. Policy 'noeviction' prevented key removal.

2026-08-30T18:58:09.238246Z ERROR [DBPool-48] postgres.connection.pool - Connection acquire timeout after 5000ms. Active: 100/100, Idle: 0, Waiting: 42.
  SQL State: 53300 (too_many_connections) - User 'app_user' has reached maximum allowed connections.

2026-08-30T18:58:12.244044Z CRITICAL [RedisEvent-87] redis.cluster.memory - Redis OOM threshold reached. Used: 2048MB / Max: 2048MB.
  Command 'SET' rejected for key 'cache:session:70049'. Policy 'noeviction' prevented key removal.

2026-08-30T18:58:18.272084Z CRITICAL [RedisEvent-53] redis.cluster.memory - Redis OOM threshold reached. Used: 2048MB / Max: 2048MB.
  Command 'SET' rejected for key 'cache:session:11044'. Policy 'noeviction' prevented key removal.

2026-08-30T18:58:27.290408Z CRITICAL [RedisEvent-84] redis.cluster.memory - Redis OOM threshold reached. Used: 2048MB / Max: 2048MB.
  Command 'SET' rejected for key 'cache:session:58851'. Policy 'noeviction' prevented key removal.

2026-08-30T18:58:33.301604Z CRITICAL [RedisEvent-85] redis.cluster.memory - Redis OOM threshold reached. Used: 2048MB / Max: 2048MB.
  Command 'SET' rejected for key 'cache:session:78436'. Policy 'noeviction' prevented key removal.

2026-08-30T18:58:36.308612Z ERROR [DBPool-88] postgres.connection.pool - Connection acquire timeout after 5000ms. Active: 100/100, Idle: 0, Waiting: 42.
  SQL State: 53300 (too_many_connections) - User 'app_user' has reached maximum allowed connections.

2026-08-30T18:58:51.350578Z WARNING [QueryMonitor-83] postgres.slow_query - Long running transaction detected: PID 40041 running for 434s.
  Query: SELECT * FROM orders WHERE status = 'PENDING' AND created_at < NOW() - INTERVAL '1 day' ORDER BY created_at DESC;
  Execution State: active | Wait Event: IO:DataFileRead | Locks Held: ExclusiveLock on relation 'orders'
  Context: Unindexed sequential scan (seq_scan) on table 'orders' (12,450,000 rows scanned).

2026-08-30T18:58:54.359522Z WARNING [QueryMonitor-74] postgres.slow_query - Long running transaction detected: PID 48055 running for 570s.
  Query: SELECT * FROM orders WHERE status = 'PENDING' AND created_at < NOW() - INTERVAL '1 day' ORDER BY created_at DESC;
  Execution State: active | Wait Event: IO:DataFileRead | Locks Held: ExclusiveLock on relation 'orders'
  Context: Unindexed sequential scan (seq_scan) on table 'orders' (12,450,000 rows scanned).

2026-08-30T18:59:00.374280Z WARNING [QueryMonitor-64] postgres.slow_query - Long running transaction detected: PID 40385 running for 530s.
  Query: SELECT * FROM orders WHERE status = 'PENDING' AND created_at < NOW() - INTERVAL '1 day' ORDER BY created_at DESC;
  Execution State: active | Wait Event: IO:DataFileRead | Locks Held: ExclusiveLock on relation 'orders'
  Context: Unindexed sequential scan (seq_scan) on table 'orders' (12,450,000 rows scanned).

2026-08-30T18:59:03.381840Z CRITICAL [RedisEvent-48] redis.cluster.memory - Redis OOM threshold reached. Used: 2048MB / Max: 2048MB.
  Command 'SET' rejected for key 'cache:session:33669'. Policy 'noeviction' prevented key removal.

2026-08-30T18:59:09.408275Z ERROR [DBPool-48] postgres.connection.pool - Connection acquire timeout after 5000ms. Active: 100/100, Idle: 0, Waiting: 42.
  SQL State: 53300 (too_many_connections) - User 'app_user' has reached maximum allowed connections.

2026-08-30T18:59:18.436828Z ERROR [DBPool-37] postgres.connection.pool - Connection acquire timeout after 5000ms. Active: 100/100, Idle: 0, Waiting: 42.
  SQL State: 53300 (too_many_connections) - User 'app_user' has reached maximum allowed connections.

2026-08-30T18:59:33.477352Z ERROR [DBPool-44] postgres.connection.pool - Connection acquire timeout after 5000ms. Active: 100/100, Idle: 0, Waiting: 42.
  SQL State: 53300 (too_many_connections) - User 'app_user' has reached maximum allowed connections.

2026-08-30T18:59:51.534240Z ERROR [DBPool-27] postgres.connection.pool - Connection acquire timeout after 5000ms. Active: 100/100, Idle: 0, Waiting: 42.
  SQL State: 53300 (too_many_connections) - User 'app_user' has reached maximum allowed connections.

2026-08-30T18:59:57.560290Z CRITICAL [RedisEvent-17] redis.cluster.memory - Redis OOM threshold reached. Used: 2048MB / Max: 2048MB.
  Command 'SET' rejected for key 'cache:session:51283'. Policy 'noeviction' prevented key removal.

2026-08-30T19:00:00.566484Z CRITICAL [RedisEvent-48] redis.cluster.memory - Redis OOM threshold reached. Used: 2048MB / Max: 2048MB.
  Command 'SET' rejected for key 'cache:session:80746'. Policy 'noeviction' prevented key removal.

2026-08-30T19:00:18.619983Z ERROR [DBPool-73] postgres.connection.pool - Connection acquire timeout after 5000ms. Active: 100/100, Idle: 0, Waiting: 42.
  SQL State: 53300 (too_many_connections) - User 'app_user' has reached maximum allowed connections.

2026-08-30T19:00:21.625778Z ERROR [DBPool-24] postgres.connection.pool - Connection acquire timeout after 5000ms. Active: 100/100, Idle: 0, Waiting: 42.
  SQL State: 53300 (too_many_connections) - User 'app_user' has reached maximum allowed connections.

2026-08-30T19:00:27.638139Z ERROR [DBPool-95] postgres.connection.pool - Connection acquire timeout after 5000ms. Active: 100/100, Idle: 0, Waiting: 42.
  SQL State: 53300 (too_many_connections) - User 'app_user' has reached maximum allowed connections.

2026-08-30T19:00:33.656920Z ERROR [DBPool-55] postgres.connection.pool - Connection acquire timeout after 5000ms. Active: 100/100, Idle: 0, Waiting: 42.
  SQL State: 53300 (too_many_connections) - User 'app_user' has reached maximum allowed connections.

2026-08-30T19:00:39.670056Z WARNING [QueryMonitor-14] postgres.slow_query - Long running transaction detected: PID 28621 running for 757s.
  Query: SELECT * FROM orders WHERE status = 'PENDING' AND created_at < NOW() - INTERVAL '1 day' ORDER BY created_at DESC;
  Execution State: active | Wait Event: IO:DataFileRead | Locks Held: ExclusiveLock on relation 'orders'
  Context: Unindexed sequential scan (seq_scan) on table 'orders' (12,450,000 rows scanned).

2026-08-30T19:00:54.707371Z ERROR [DBPool-70] postgres.connection.pool - Connection acquire timeout after 5000ms. Active: 100/100, Idle: 0, Waiting: 42.
  SQL State: 53300 (too_many_connections) - User 'app_user' has reached maximum allowed connections.

2026-08-30T19:01:36.801459Z CRITICAL [RedisEvent-33] redis.cluster.memory - Redis OOM threshold reached. Used: 2048MB / Max: 2048MB.
  Command 'SET' rejected for key 'cache:session:34676'. Policy 'noeviction' prevented key removal.

2026-08-30T19:01:45.820521Z WARNING [QueryMonitor-68] postgres.slow_query - Long running transaction detected: PID 97966 running for 801s.
  Query: SELECT * FROM orders WHERE status = 'PENDING' AND created_at < NOW() - INTERVAL '1 day' ORDER BY created_at DESC;
  Execution State: active | Wait Event: IO:DataFileRead | Locks Held: ExclusiveLock on relation 'orders'
  Context: Unindexed sequential scan (seq_scan) on table 'orders' (12,450,000 rows scanned).

2026-08-30T19:01:48.826450Z CRITICAL [RedisEvent-45] redis.cluster.memory - Redis OOM threshold reached. Used: 2048MB / Max: 2048MB.
  Command 'SET' rejected for key 'cache:session:86393'. Policy 'noeviction' prevented key removal.

2026-08-30T19:01:54.838716Z WARNING [QueryMonitor-39] postgres.slow_query - Long running transaction detected: PID 52985 running for 547s.
  Query: SELECT * FROM orders WHERE status = 'PENDING' AND created_at < NOW() - INTERVAL '1 day' ORDER BY created_at DESC;
  Execution State: active | Wait Event: IO:DataFileRead | Locks Held: ExclusiveLock on relation 'orders'
  Context: Unindexed sequential scan (seq_scan) on table 'orders' (12,450,000 rows scanned).

2026-08-30T19:02:00.851712Z CRITICAL [RedisEvent-73] redis.cluster.memory - Redis OOM threshold reached. Used: 2048MB / Max: 2048MB.
  Command 'SET' rejected for key 'cache:session:70428'. Policy 'noeviction' prevented key removal.

2026-08-30T19:02:15.896708Z ERROR [DBPool-24] postgres.connection.pool - Connection acquire timeout after 5000ms. Active: 100/100, Idle: 0, Waiting: 42.
  SQL State: 53300 (too_many_connections) - User 'app_user' has reached maximum allowed connections.

2026-08-30T19:02:18.902574Z ERROR [DBPool-60] postgres.connection.pool - Connection acquire timeout after 5000ms. Active: 100/100, Idle: 0, Waiting: 42.
  SQL State: 53300 (too_many_connections) - User 'app_user' has reached maximum allowed connections.

2026-08-30T19:02:27.927048Z CRITICAL [RedisEvent-37] redis.cluster.memory - Redis OOM threshold reached. Used: 2048MB / Max: 2048MB.
  Command 'SET' rejected for key 'cache:session:46713'. Policy 'noeviction' prevented key removal.

2026-08-30T19:02:30.937046Z ERROR [DBPool-23] postgres.connection.pool - Connection acquire timeout after 5000ms. Active: 100/100, Idle: 0, Waiting: 42.
  SQL State: 53300 (too_many_connections) - User 'app_user' has reached maximum allowed connections.

2026-08-30T19:02:36.949958Z ERROR [DBPool-55] postgres.connection.pool - Connection acquire timeout after 5000ms. Active: 100/100, Idle: 0, Waiting: 42.
  SQL State: 53300 (too_many_connections) - User 'app_user' has reached maximum allowed connections.

2026-08-30T19:02:39.956055Z ERROR [DBPool-64] postgres.connection.pool - Connection acquire timeout after 5000ms. Active: 100/100, Idle: 0, Waiting: 42.
  SQL State: 53300 (too_many_connections) - User 'app_user' has reached maximum allowed connections.

2026-08-30T19:02:45.967764Z WARNING [QueryMonitor-59] postgres.slow_query - Long running transaction detected: PID 25068 running for 404s.
  Query: SELECT * FROM orders WHERE status = 'PENDING' AND created_at < NOW() - INTERVAL '1 day' ORDER BY created_at DESC;
  Execution State: active | Wait Event: IO:DataFileRead | Locks Held: ExclusiveLock on relation 'orders'
  Context: Unindexed sequential scan (seq_scan) on table 'orders' (12,450,000 rows scanned).

2026-08-30T19:02:48.974257Z ERROR [DBPool-29] postgres.connection.pool - Connection acquire timeout after 5000ms. Active: 100/100, Idle: 0, Waiting: 42.
  SQL State: 53300 (too_many_connections) - User 'app_user' has reached maximum allowed connections.

2026-08-30T19:02:57.995271Z WARNING [QueryMonitor-25] postgres.slow_query - Long running transaction detected: PID 66326 running for 469s.
  Query: SELECT * FROM orders WHERE status = 'PENDING' AND created_at < NOW() - INTERVAL '1 day' ORDER BY created_at DESC;
  Execution State: active | Wait Event: IO:DataFileRead | Locks Held: ExclusiveLock on relation 'orders'
  Context: Unindexed sequential scan (seq_scan) on table 'orders' (12,450,000 rows scanned).

2026-08-30T19:03:01.003392Z WARNING [QueryMonitor-63] postgres.slow_query - Long running transaction detected: PID 21828 running for 396s.
  Query: SELECT * FROM orders WHERE status = 'PENDING' AND created_at < NOW() - INTERVAL '1 day' ORDER BY created_at DESC;
  Execution State: active | Wait Event: IO:DataFileRead | Locks Held: ExclusiveLock on relation 'orders'
  Context: Unindexed sequential scan (seq_scan) on table 'orders' (12,450,000 rows scanned).

2026-08-30T19:03:04.009496Z ERROR [DBPool-85] postgres.connection.pool - Connection acquire timeout after 5000ms. Active: 100/100, Idle: 0, Waiting: 42.
  SQL State: 53300 (too_many_connections) - User 'app_user' has reached maximum allowed connections.

2026-08-30T19:03:10.029588Z ERROR [DBPool-52] postgres.connection.pool - Connection acquire timeout after 5000ms. Active: 100/100, Idle: 0, Waiting: 42.
  SQL State: 53300 (too_many_connections) - User 'app_user' has reached maximum allowed connections.

2026-08-30T19:03:13.035417Z WARNING [QueryMonitor-51] postgres.slow_query - Long running transaction detected: PID 96399 running for 684s.
  Query: SELECT * FROM orders WHERE status = 'PENDING' AND created_at < NOW() - INTERVAL '1 day' ORDER BY created_at DESC;
  Execution State: active | Wait Event: IO:DataFileRead | Locks Held: ExclusiveLock on relation 'orders'
  Context: Unindexed sequential scan (seq_scan) on table 'orders' (12,450,000 rows scanned).

2026-08-30T19:03:31.385043Z WARNING [QueryMonitor-80] postgres.slow_query - Long running transaction detected: PID 31594 running for 818s.
  Query: SELECT * FROM orders WHERE status = 'PENDING' AND created_at < NOW() - INTERVAL '1 day' ORDER BY created_at DESC;
  Execution State: active | Wait Event: IO:DataFileRead | Locks Held: ExclusiveLock on relation 'orders'
  Context: Unindexed sequential scan (seq_scan) on table 'orders' (12,450,000 rows scanned).

2026-08-30T19:03:37.399202Z WARNING [QueryMonitor-27] postgres.slow_query - Long running transaction detected: PID 97807 running for 501s.
  Query: SELECT * FROM orders WHERE status = 'PENDING' AND created_at < NOW() - INTERVAL '1 day' ORDER BY created_at DESC;
  Execution State: active | Wait Event: IO:DataFileRead | Locks Held: ExclusiveLock on relation 'orders'
  Context: Unindexed sequential scan (seq_scan) on table 'orders' (12,450,000 rows scanned).

2026-08-30T19:03:43.412195Z CRITICAL [RedisEvent-78] redis.cluster.memory - Redis OOM threshold reached. Used: 2048MB / Max: 2048MB.
  Command 'SET' rejected for key 'cache:session:49615'. Policy 'noeviction' prevented key removal.

2026-08-30T19:03:46.419646Z ERROR [DBPool-85] postgres.connection.pool - Connection acquire timeout after 5000ms. Active: 100/100, Idle: 0, Waiting: 42.
  SQL State: 53300 (too_many_connections) - User 'app_user' has reached maximum allowed connections.

2026-08-30T19:04:15.540871Z CRITICAL [RedisEvent-74] redis.cluster.memory - Redis OOM threshold reached. Used: 2048MB / Max: 2048MB.
  Command 'SET' rejected for key 'cache:session:92261'. Policy 'noeviction' prevented key removal.

2026-08-30T19:04:18.549060Z CRITICAL [RedisEvent-92] redis.cluster.memory - Redis OOM threshold reached. Used: 2048MB / Max: 2048MB.
  Command 'SET' rejected for key 'cache:session:19548'. Policy 'noeviction' prevented key removal.

2026-08-30T19:04:21.555343Z WARNING [QueryMonitor-13] postgres.slow_query - Long running transaction detected: PID 54673 running for 491s.
  Query: SELECT * FROM orders WHERE status = 'PENDING' AND created_at < NOW() - INTERVAL '1 day' ORDER BY created_at DESC;
  Execution State: active | Wait Event: IO:DataFileRead | Locks Held: ExclusiveLock on relation 'orders'
  Context: Unindexed sequential scan (seq_scan) on table 'orders' (12,450,000 rows scanned).

2026-08-30T19:04:24.560926Z CRITICAL [RedisEvent-91] redis.cluster.memory - Redis OOM threshold reached. Used: 2048MB / Max: 2048MB.
  Command 'SET' rejected for key 'cache:session:84326'. Policy 'noeviction' prevented key removal.

2026-08-30T19:04:36.584674Z CRITICAL [RedisEvent-45] redis.cluster.memory - Redis OOM threshold reached. Used: 2048MB / Max: 2048MB.
  Command 'SET' rejected for key 'cache:session:64399'. Policy 'noeviction' prevented key removal.

2026-08-30T19:04:42.596128Z WARNING [QueryMonitor-28] postgres.slow_query - Long running transaction detected: PID 89807 running for 786s.
  Query: SELECT * FROM orders WHERE status = 'PENDING' AND created_at < NOW() - INTERVAL '1 day' ORDER BY created_at DESC;
  Execution State: active | Wait Event: IO:DataFileRead | Locks Held: ExclusiveLock on relation 'orders'
  Context: Unindexed sequential scan (seq_scan) on table 'orders' (12,450,000 rows scanned).

2026-08-30T19:04:48.608358Z CRITICAL [RedisEvent-29] redis.cluster.memory - Redis OOM threshold reached. Used: 2048MB / Max: 2048MB.
  Command 'SET' rejected for key 'cache:session:74881'. Policy 'noeviction' prevented key removal.

2026-08-30T19:04:54.618630Z ERROR [DBPool-71] postgres.connection.pool - Connection acquire timeout after 5000ms. Active: 100/100, Idle: 0, Waiting: 42.
  SQL State: 53300 (too_many_connections) - User 'app_user' has reached maximum allowed connections.

2026-08-30T19:05:00.630156Z WARNING [QueryMonitor-78] postgres.slow_query - Long running transaction detected: PID 31564 running for 817s.
  Query: SELECT * FROM orders WHERE status = 'PENDING' AND created_at < NOW() - INTERVAL '1 day' ORDER BY created_at DESC;
  Execution State: active | Wait Event: IO:DataFileRead | Locks Held: ExclusiveLock on relation 'orders'
  Context: Unindexed sequential scan (seq_scan) on table 'orders' (12,450,000 rows scanned).

2026-08-30T19:05:33.846036Z WARNING [QueryMonitor-89] postgres.slow_query - Long running transaction detected: PID 49376 running for 469s.
  Query: SELECT * FROM orders WHERE status = 'PENDING' AND created_at < NOW() - INTERVAL '1 day' ORDER BY created_at DESC;
  Execution State: active | Wait Event: IO:DataFileRead | Locks Held: ExclusiveLock on relation 'orders'
  Context: Unindexed sequential scan (seq_scan) on table 'orders' (12,450,000 rows scanned).

2026-08-30T19:05:39.856320Z ERROR [DBPool-95] postgres.connection.pool - Connection acquire timeout after 5000ms. Active: 100/100, Idle: 0, Waiting: 42.
  SQL State: 53300 (too_many_connections) - User 'app_user' has reached maximum allowed connections.

2026-08-30T19:05:42.862147Z CRITICAL [RedisEvent-54] redis.cluster.memory - Redis OOM threshold reached. Used: 2048MB / Max: 2048MB.
  Command 'SET' rejected for key 'cache:session:84193'. Policy 'noeviction' prevented key removal.

2026-08-30T19:05:51.878590Z CRITICAL [RedisEvent-88] redis.cluster.memory - Redis OOM threshold reached. Used: 2048MB / Max: 2048MB.
  Command 'SET' rejected for key 'cache:session:46462'. Policy 'noeviction' prevented key removal.

2026-08-30T19:05:54.884449Z ERROR [DBPool-40] postgres.connection.pool - Connection acquire timeout after 5000ms. Active: 100/100, Idle: 0, Waiting: 42.
  SQL State: 53300 (too_many_connections) - User 'app_user' has reached maximum allowed connections.

2026-08-30T19:05:57.889494Z ERROR [DBPool-32] postgres.connection.pool - Connection acquire timeout after 5000ms. Active: 100/100, Idle: 0, Waiting: 42.
  SQL State: 53300 (too_many_connections) - User 'app_user' has reached maximum allowed connections.

2026-08-30T19:06:00.894225Z ERROR [DBPool-20] postgres.connection.pool - Connection acquire timeout after 5000ms. Active: 100/100, Idle: 0, Waiting: 42.
  SQL State: 53300 (too_many_connections) - User 'app_user' has reached maximum allowed connections.

2026-08-30T19:06:15.921766Z WARNING [QueryMonitor-46] postgres.slow_query - Long running transaction detected: PID 58359 running for 746s.
  Query: SELECT * FROM orders WHERE status = 'PENDING' AND created_at < NOW() - INTERVAL '1 day' ORDER BY created_at DESC;
  Execution State: active | Wait Event: IO:DataFileRead | Locks Held: ExclusiveLock on relation 'orders'
  Context: Unindexed sequential scan (seq_scan) on table 'orders' (12,450,000 rows scanned).

2026-08-30T19:06:18.926982Z WARNING [QueryMonitor-16] postgres.slow_query - Long running transaction detected: PID 35360 running for 333s.
  Query: SELECT * FROM orders WHERE status = 'PENDING' AND created_at < NOW() - INTERVAL '1 day' ORDER BY created_at DESC;
  Execution State: active | Wait Event: IO:DataFileRead | Locks Held: ExclusiveLock on relation 'orders'
  Context: Unindexed sequential scan (seq_scan) on table 'orders' (12,450,000 rows scanned).

2026-08-30T19:06:21.932669Z WARNING [QueryMonitor-48] postgres.slow_query - Long running transaction detected: PID 93236 running for 408s.
  Query: SELECT * FROM orders WHERE status = 'PENDING' AND created_at < NOW() - INTERVAL '1 day' ORDER BY created_at DESC;
  Execution State: active | Wait Event: IO:DataFileRead | Locks Held: ExclusiveLock on relation 'orders'
  Context: Unindexed sequential scan (seq_scan) on table 'orders' (12,450,000 rows scanned).

2026-08-30T19:06:36.961743Z WARNING [QueryMonitor-60] postgres.slow_query - Long running transaction detected: PID 76145 running for 322s.
  Query: SELECT * FROM orders WHERE status = 'PENDING' AND created_at < NOW() - INTERVAL '1 day' ORDER BY created_at DESC;
  Execution State: active | Wait Event: IO:DataFileRead | Locks Held: ExclusiveLock on relation 'orders'
  Context: Unindexed sequential scan (seq_scan) on table 'orders' (12,450,000 rows scanned).

2026-08-30T19:06:42.994317Z ERROR [DBPool-87] postgres.connection.pool - Connection acquire timeout after 5000ms. Active: 100/100, Idle: 0, Waiting: 42.
  SQL State: 53300 (too_many_connections) - User 'app_user' has reached maximum allowed connections.

2026-08-30T19:06:58.060322Z WARNING [QueryMonitor-67] postgres.slow_query - Long running transaction detected: PID 79476 running for 796s.
  Query: SELECT * FROM orders WHERE status = 'PENDING' AND created_at < NOW() - INTERVAL '1 day' ORDER BY created_at DESC;
  Execution State: active | Wait Event: IO:DataFileRead | Locks Held: ExclusiveLock on relation 'orders'
  Context: Unindexed sequential scan (seq_scan) on table 'orders' (12,450,000 rows scanned).

2026-08-30T19:07:07.086619Z ERROR [DBPool-44] postgres.connection.pool - Connection acquire timeout after 5000ms. Active: 100/100, Idle: 0, Waiting: 42.
  SQL State: 53300 (too_many_connections) - User 'app_user' has reached maximum allowed connections.

2026-08-30T19:07:10.091881Z CRITICAL [RedisEvent-10] redis.cluster.memory - Redis OOM threshold reached. Used: 2048MB / Max: 2048MB.
  Command 'SET' rejected for key 'cache:session:58113'. Policy 'noeviction' prevented key removal.

2026-08-30T19:07:16.103419Z CRITICAL [RedisEvent-36] redis.cluster.memory - Redis OOM threshold reached. Used: 2048MB / Max: 2048MB.
  Command 'SET' rejected for key 'cache:session:69476'. Policy 'noeviction' prevented key removal.

2026-08-30T19:07:19.109405Z WARNING [QueryMonitor-31] postgres.slow_query - Long running transaction detected: PID 40444 running for 517s.
  Query: SELECT * FROM orders WHERE status = 'PENDING' AND created_at < NOW() - INTERVAL '1 day' ORDER BY created_at DESC;
  Execution State: active | Wait Event: IO:DataFileRead | Locks Held: ExclusiveLock on relation 'orders'
  Context: Unindexed sequential scan (seq_scan) on table 'orders' (12,450,000 rows scanned).

2026-08-30T19:07:25.126914Z ERROR [DBPool-94] postgres.connection.pool - Connection acquire timeout after 5000ms. Active: 100/100, Idle: 0, Waiting: 42.
  SQL State: 53300 (too_many_connections) - User 'app_user' has reached maximum allowed connections.

2026-08-30T19:07:28.145981Z WARNING [QueryMonitor-67] postgres.slow_query - Long running transaction detected: PID 35532 running for 664s.
  Query: SELECT * FROM orders WHERE status = 'PENDING' AND created_at < NOW() - INTERVAL '1 day' ORDER BY created_at DESC;
  Execution State: active | Wait Event: IO:DataFileRead | Locks Held: ExclusiveLock on relation 'orders'
  Context: Unindexed sequential scan (seq_scan) on table 'orders' (12,450,000 rows scanned).

2026-08-30T19:07:31.160232Z ERROR [DBPool-69] postgres.connection.pool - Connection acquire timeout after 5000ms. Active: 100/100, Idle: 0, Waiting: 42.
  SQL State: 53300 (too_many_connections) - User 'app_user' has reached maximum allowed connections.

2026-08-30T19:07:34.167204Z CRITICAL [RedisEvent-24] redis.cluster.memory - Redis OOM threshold reached. Used: 2048MB / Max: 2048MB.
  Command 'SET' rejected for key 'cache:session:43116'. Policy 'noeviction' prevented key removal.

2026-08-30T19:08:04.395139Z WARNING [QueryMonitor-61] postgres.slow_query - Long running transaction detected: PID 47655 running for 356s.
  Query: SELECT * FROM orders WHERE status = 'PENDING' AND created_at < NOW() - INTERVAL '1 day' ORDER BY created_at DESC;
  Execution State: active | Wait Event: IO:DataFileRead | Locks Held: ExclusiveLock on relation 'orders'
  Context: Unindexed sequential scan (seq_scan) on table 'orders' (12,450,000 rows scanned).

2026-08-30T19:08:07.401165Z CRITICAL [RedisEvent-61] redis.cluster.memory - Redis OOM threshold reached. Used: 2048MB / Max: 2048MB.
  Command 'SET' rejected for key 'cache:session:69802'. Policy 'noeviction' prevented key removal.

2026-08-30T19:08:13.424900Z WARNING [QueryMonitor-91] postgres.slow_query - Long running transaction detected: PID 47061 running for 757s.
  Query: SELECT * FROM orders WHERE status = 'PENDING' AND created_at < NOW() - INTERVAL '1 day' ORDER BY created_at DESC;
  Execution State: active | Wait Event: IO:DataFileRead | Locks Held: ExclusiveLock on relation 'orders'
  Context: Unindexed sequential scan (seq_scan) on table 'orders' (12,450,000 rows scanned).

2026-08-30T19:08:16.430869Z WARNING [QueryMonitor-57] postgres.slow_query - Long running transaction detected: PID 24577 running for 532s.
  Query: SELECT * FROM orders WHERE status = 'PENDING' AND created_at < NOW() - INTERVAL '1 day' ORDER BY created_at DESC;
  Execution State: active | Wait Event: IO:DataFileRead | Locks Held: ExclusiveLock on relation 'orders'
  Context: Unindexed sequential scan (seq_scan) on table 'orders' (12,450,000 rows scanned).

2026-08-30T19:08:28.460689Z CRITICAL [RedisEvent-53] redis.cluster.memory - Redis OOM threshold reached. Used: 2048MB / Max: 2048MB.
  Command 'SET' rejected for key 'cache:session:77781'. Policy 'noeviction' prevented key removal.

2026-08-30T19:08:40.483508Z ERROR [DBPool-35] postgres.connection.pool - Connection acquire timeout after 5000ms. Active: 100/100, Idle: 0, Waiting: 42.
  SQL State: 53300 (too_many_connections) - User 'app_user' has reached maximum allowed connections.

2026-08-30T19:08:58.517167Z WARNING [QueryMonitor-46] postgres.slow_query - Long running transaction detected: PID 73650 running for 825s.
  Query: SELECT * FROM orders WHERE status = 'PENDING' AND created_at < NOW() - INTERVAL '1 day' ORDER BY created_at DESC;
  Execution State: active | Wait Event: IO:DataFileRead | Locks Held: ExclusiveLock on relation 'orders'
  Context: Unindexed sequential scan (seq_scan) on table 'orders' (12,450,000 rows scanned).

2026-08-30T19:09:01.522575Z WARNING [QueryMonitor-16] postgres.slow_query - Long running transaction detected: PID 70891 running for 845s.
  Query: SELECT * FROM orders WHERE status = 'PENDING' AND created_at < NOW() - INTERVAL '1 day' ORDER BY created_at DESC;
  Execution State: active | Wait Event: IO:DataFileRead | Locks Held: ExclusiveLock on relation 'orders'
  Context: Unindexed sequential scan (seq_scan) on table 'orders' (12,450,000 rows scanned).

2026-08-30T19:09:10.538979Z WARNING [QueryMonitor-97] postgres.slow_query - Long running transaction detected: PID 90780 running for 720s.
  Query: SELECT * FROM orders WHERE status = 'PENDING' AND created_at < NOW() - INTERVAL '1 day' ORDER BY created_at DESC;
  Execution State: active | Wait Event: IO:DataFileRead | Locks Held: ExclusiveLock on relation 'orders'
  Context: Unindexed sequential scan (seq_scan) on table 'orders' (12,450,000 rows scanned).

2026-08-30T19:09:13.555555Z ERROR [DBPool-90] postgres.connection.pool - Connection acquire timeout after 5000ms. Active: 100/100, Idle: 0, Waiting: 42.
  SQL State: 53300 (too_many_connections) - User 'app_user' has reached maximum allowed connections.

2026-08-30T19:09:19.569185Z CRITICAL [RedisEvent-56] redis.cluster.memory - Redis OOM threshold reached. Used: 2048MB / Max: 2048MB.
  Command 'SET' rejected for key 'cache:session:47731'. Policy 'noeviction' prevented key removal.

2026-08-30T19:09:22.575385Z WARNING [QueryMonitor-32] postgres.slow_query - Long running transaction detected: PID 56659 running for 801s.
  Query: SELECT * FROM orders WHERE status = 'PENDING' AND created_at < NOW() - INTERVAL '1 day' ORDER BY created_at DESC;
  Execution State: active | Wait Event: IO:DataFileRead | Locks Held: ExclusiveLock on relation 'orders'
  Context: Unindexed sequential scan (seq_scan) on table 'orders' (12,450,000 rows scanned).

2026-08-30T19:09:37.602882Z ERROR [DBPool-70] postgres.connection.pool - Connection acquire timeout after 5000ms. Active: 100/100, Idle: 0, Waiting: 42.
  SQL State: 53300 (too_many_connections) - User 'app_user' has reached maximum allowed connections.

2026-08-30T19:09:46.618521Z ERROR [DBPool-45] postgres.connection.pool - Connection acquire timeout after 5000ms. Active: 100/100, Idle: 0, Waiting: 42.
  SQL State: 53300 (too_many_connections) - User 'app_user' has reached maximum allowed connections.

2026-08-30T19:09:58.644653Z CRITICAL [RedisEvent-24] redis.cluster.memory - Redis OOM threshold reached. Used: 2048MB / Max: 2048MB.
  Command 'SET' rejected for key 'cache:session:81715'. Policy 'noeviction' prevented key removal.

2026-08-30T19:10:07.667500Z ERROR [DBPool-52] postgres.connection.pool - Connection acquire timeout after 5000ms. Active: 100/100, Idle: 0, Waiting: 42.
  SQL State: 53300 (too_many_connections) - User 'app_user' has reached maximum allowed connections.

2026-08-30T19:10:10.672529Z WARNING [QueryMonitor-77] postgres.slow_query - Long running transaction detected: PID 75004 running for 700s.
  Query: SELECT * FROM orders WHERE status = 'PENDING' AND created_at < NOW() - INTERVAL '1 day' ORDER BY created_at DESC;
  Execution State: active | Wait Event: IO:DataFileRead | Locks Held: ExclusiveLock on relation 'orders'
  Context: Unindexed sequential scan (seq_scan) on table 'orders' (12,450,000 rows scanned).

2026-08-30T19:10:13.688464Z ERROR [DBPool-31] postgres.connection.pool - Connection acquire timeout after 5000ms. Active: 100/100, Idle: 0, Waiting: 42.
  SQL State: 53300 (too_many_connections) - User 'app_user' has reached maximum allowed connections.

2026-08-30T19:10:22.706160Z ERROR [DBPool-98] postgres.connection.pool - Connection acquire timeout after 5000ms. Active: 100/100, Idle: 0, Waiting: 42.
  SQL State: 53300 (too_many_connections) - User 'app_user' has reached maximum allowed connections.

2026-08-30T19:10:25.711234Z WARNING [QueryMonitor-49] postgres.slow_query - Long running transaction detected: PID 89248 running for 480s.
  Query: SELECT * FROM orders WHERE status = 'PENDING' AND created_at < NOW() - INTERVAL '1 day' ORDER BY created_at DESC;
  Execution State: active | Wait Event: IO:DataFileRead | Locks Held: ExclusiveLock on relation 'orders'
  Context: Unindexed sequential scan (seq_scan) on table 'orders' (12,450,000 rows scanned).

2026-08-30T19:10:37.741854Z CRITICAL [RedisEvent-10] redis.cluster.memory - Redis OOM threshold reached. Used: 2048MB / Max: 2048MB.
  Command 'SET' rejected for key 'cache:session:35643'. Policy 'noeviction' prevented key removal.

2026-08-30T19:10:40.747066Z WARNING [QueryMonitor-63] postgres.slow_query - Long running transaction detected: PID 32117 running for 612s.
  Query: SELECT * FROM orders WHERE status = 'PENDING' AND created_at < NOW() - INTERVAL '1 day' ORDER BY created_at DESC;
  Execution State: active | Wait Event: IO:DataFileRead | Locks Held: ExclusiveLock on relation 'orders'
  Context: Unindexed sequential scan (seq_scan) on table 'orders' (12,450,000 rows scanned).

2026-08-30T19:11:31.871942Z CRITICAL [RedisEvent-29] redis.cluster.memory - Redis OOM threshold reached. Used: 2048MB / Max: 2048MB.
  Command 'SET' rejected for key 'cache:session:11734'. Policy 'noeviction' prevented key removal.

2026-08-30T19:11:34.877514Z CRITICAL [RedisEvent-99] redis.cluster.memory - Redis OOM threshold reached. Used: 2048MB / Max: 2048MB.
  Command 'SET' rejected for key 'cache:session:41870'. Policy 'noeviction' prevented key removal.

2026-08-30T19:11:37.888435Z CRITICAL [RedisEvent-67] redis.cluster.memory - Redis OOM threshold reached. Used: 2048MB / Max: 2048MB.
  Command 'SET' rejected for key 'cache:session:55036'. Policy 'noeviction' prevented key removal.

2026-08-30T19:11:40.893890Z ERROR [DBPool-69] postgres.connection.pool - Connection acquire timeout after 5000ms. Active: 100/100, Idle: 0, Waiting: 42.
  SQL State: 53300 (too_many_connections) - User 'app_user' has reached maximum allowed connections.

2026-08-30T19:11:46.904394Z CRITICAL [RedisEvent-90] redis.cluster.memory - Redis OOM threshold reached. Used: 2048MB / Max: 2048MB.
  Command 'SET' rejected for key 'cache:session:43912'. Policy 'noeviction' prevented key removal.

2026-08-30T19:11:55.930209Z ERROR [DBPool-98] postgres.connection.pool - Connection acquire timeout after 5000ms. Active: 100/100, Idle: 0, Waiting: 42.
  SQL State: 53300 (too_many_connections) - User 'app_user' has reached maximum allowed connections.

2026-08-30T19:11:58.935916Z CRITICAL [RedisEvent-79] redis.cluster.memory - Redis OOM threshold reached. Used: 2048MB / Max: 2048MB.
  Command 'SET' rejected for key 'cache:session:38648'. Policy 'noeviction' prevented key removal.

2026-08-30T19:12:10.957486Z CRITICAL [RedisEvent-62] redis.cluster.memory - Redis OOM threshold reached. Used: 2048MB / Max: 2048MB.
  Command 'SET' rejected for key 'cache:session:30619'. Policy 'noeviction' prevented key removal.

2026-08-30T19:12:13.987506Z CRITICAL [RedisEvent-47] redis.cluster.memory - Redis OOM threshold reached. Used: 2048MB / Max: 2048MB.
  Command 'SET' rejected for key 'cache:session:49430'. Policy 'noeviction' prevented key removal.

2026-08-30T19:12:16.993230Z WARNING [QueryMonitor-13] postgres.slow_query - Long running transaction detected: PID 38231 running for 597s.
  Query: SELECT * FROM orders WHERE status = 'PENDING' AND created_at < NOW() - INTERVAL '1 day' ORDER BY created_at DESC;
  Execution State: active | Wait Event: IO:DataFileRead | Locks Held: ExclusiveLock on relation 'orders'
  Context: Unindexed sequential scan (seq_scan) on table 'orders' (12,450,000 rows scanned).

2026-08-30T19:12:26.022002Z ERROR [DBPool-61] postgres.connection.pool - Connection acquire timeout after 5000ms. Active: 100/100, Idle: 0, Waiting: 42.
  SQL State: 53300 (too_many_connections) - User 'app_user' has reached maximum allowed connections.

2026-08-30T19:12:29.027541Z ERROR [DBPool-84] postgres.connection.pool - Connection acquire timeout after 5000ms. Active: 100/100, Idle: 0, Waiting: 42.
  SQL State: 53300 (too_many_connections) - User 'app_user' has reached maximum allowed connections.

2026-08-30T19:12:35.039257Z CRITICAL [RedisEvent-94] redis.cluster.memory - Redis OOM threshold reached. Used: 2048MB / Max: 2048MB.
  Command 'SET' rejected for key 'cache:session:56989'. Policy 'noeviction' prevented key removal.

2026-08-30T19:12:38.044678Z WARNING [QueryMonitor-40] postgres.slow_query - Long running transaction detected: PID 42377 running for 673s.
  Query: SELECT * FROM orders WHERE status = 'PENDING' AND created_at < NOW() - INTERVAL '1 day' ORDER BY created_at DESC;
  Execution State: active | Wait Event: IO:DataFileRead | Locks Held: ExclusiveLock on relation 'orders'
  Context: Unindexed sequential scan (seq_scan) on table 'orders' (12,450,000 rows scanned).

2026-08-30T19:12:41.049665Z WARNING [QueryMonitor-24] postgres.slow_query - Long running transaction detected: PID 77486 running for 515s.
  Query: SELECT * FROM orders WHERE status = 'PENDING' AND created_at < NOW() - INTERVAL '1 day' ORDER BY created_at DESC;
  Execution State: active | Wait Event: IO:DataFileRead | Locks Held: ExclusiveLock on relation 'orders'
  Context: Unindexed sequential scan (seq_scan) on table 'orders' (12,450,000 rows scanned).

2026-08-30T19:12:50.074871Z ERROR [DBPool-84] postgres.connection.pool - Connection acquire timeout after 5000ms. Active: 100/100, Idle: 0, Waiting: 42.
  SQL State: 53300 (too_many_connections) - User 'app_user' has reached maximum allowed connections.

2026-08-30T19:13:11.132638Z CRITICAL [RedisEvent-55] redis.cluster.memory - Redis OOM threshold reached. Used: 2048MB / Max: 2048MB.
  Command 'SET' rejected for key 'cache:session:61465'. Policy 'noeviction' prevented key removal.

2026-08-30T19:13:17.157143Z CRITICAL [RedisEvent-99] redis.cluster.memory - Redis OOM threshold reached. Used: 2048MB / Max: 2048MB.
  Command 'SET' rejected for key 'cache:session:68028'. Policy 'noeviction' prevented key removal.

2026-08-30T19:13:35.204474Z CRITICAL [RedisEvent-34] redis.cluster.memory - Redis OOM threshold reached. Used: 2048MB / Max: 2048MB.
  Command 'SET' rejected for key 'cache:session:49104'. Policy 'noeviction' prevented key removal.

2026-08-30T19:13:41.233315Z WARNING [QueryMonitor-58] postgres.slow_query - Long running transaction detected: PID 72803 running for 541s.
  Query: SELECT * FROM orders WHERE status = 'PENDING' AND created_at < NOW() - INTERVAL '1 day' ORDER BY created_at DESC;
  Execution State: active | Wait Event: IO:DataFileRead | Locks Held: ExclusiveLock on relation 'orders'
  Context: Unindexed sequential scan (seq_scan) on table 'orders' (12,450,000 rows scanned).

2026-08-30T19:13:56.270036Z ERROR [DBPool-43] postgres.connection.pool - Connection acquire timeout after 5000ms. Active: 100/100, Idle: 0, Waiting: 42.
  SQL State: 53300 (too_many_connections) - User 'app_user' has reached maximum allowed connections.

2026-08-30T19:14:02.281601Z CRITICAL [RedisEvent-75] redis.cluster.memory - Redis OOM threshold reached. Used: 2048MB / Max: 2048MB.
  Command 'SET' rejected for key 'cache:session:42269'. Policy 'noeviction' prevented key removal.

2026-08-30T19:14:26.353317Z ERROR [DBPool-68] postgres.connection.pool - Connection acquire timeout after 5000ms. Active: 100/100, Idle: 0, Waiting: 42.
  SQL State: 53300 (too_many_connections) - User 'app_user' has reached maximum allowed connections.

2026-08-30T19:14:35.382577Z CRITICAL [RedisEvent-37] redis.cluster.memory - Redis OOM threshold reached. Used: 2048MB / Max: 2048MB.
  Command 'SET' rejected for key 'cache:session:47335'. Policy 'noeviction' prevented key removal.

2026-08-30T19:14:41.400652Z WARNING [QueryMonitor-88] postgres.slow_query - Long running transaction detected: PID 41435 running for 482s.
  Query: SELECT * FROM orders WHERE status = 'PENDING' AND created_at < NOW() - INTERVAL '1 day' ORDER BY created_at DESC;
  Execution State: active | Wait Event: IO:DataFileRead | Locks Held: ExclusiveLock on relation 'orders'
  Context: Unindexed sequential scan (seq_scan) on table 'orders' (12,450,000 rows scanned).

2026-08-30T19:14:50.417075Z WARNING [QueryMonitor-73] postgres.slow_query - Long running transaction detected: PID 50435 running for 491s.
  Query: SELECT * FROM orders WHERE status = 'PENDING' AND created_at < NOW() - INTERVAL '1 day' ORDER BY created_at DESC;
  Execution State: active | Wait Event: IO:DataFileRead | Locks Held: ExclusiveLock on relation 'orders'
  Context: Unindexed sequential scan (seq_scan) on table 'orders' (12,450,000 rows scanned).

2026-08-30T19:14:56.435622Z ERROR [DBPool-78] postgres.connection.pool - Connection acquire timeout after 5000ms. Active: 100/100, Idle: 0, Waiting: 42.
  SQL State: 53300 (too_many_connections) - User 'app_user' has reached maximum allowed connections.

2026-08-30T19:15:02.446335Z WARNING [QueryMonitor-36] postgres.slow_query - Long running transaction detected: PID 21108 running for 812s.
  Query: SELECT * FROM orders WHERE status = 'PENDING' AND created_at < NOW() - INTERVAL '1 day' ORDER BY created_at DESC;
  Execution State: active | Wait Event: IO:DataFileRead | Locks Held: ExclusiveLock on relation 'orders'
  Context: Unindexed sequential scan (seq_scan) on table 'orders' (12,450,000 rows scanned).

2026-08-30T19:15:08.456463Z WARNING [QueryMonitor-35] postgres.slow_query - Long running transaction detected: PID 82222 running for 389s.
  Query: SELECT * FROM orders WHERE status = 'PENDING' AND created_at < NOW() - INTERVAL '1 day' ORDER BY created_at DESC;
  Execution State: active | Wait Event: IO:DataFileRead | Locks Held: ExclusiveLock on relation 'orders'
  Context: Unindexed sequential scan (seq_scan) on table 'orders' (12,450,000 rows scanned).

2026-08-30T19:15:11.462945Z CRITICAL [RedisEvent-55] redis.cluster.memory - Redis OOM threshold reached. Used: 2048MB / Max: 2048MB.
  Command 'SET' rejected for key 'cache:session:99883'. Policy 'noeviction' prevented key removal.

2026-08-30T19:15:17.476145Z WARNING [QueryMonitor-42] postgres.slow_query - Long running transaction detected: PID 70691 running for 689s.
  Query: SELECT * FROM orders WHERE status = 'PENDING' AND created_at < NOW() - INTERVAL '1 day' ORDER BY created_at DESC;
  Execution State: active | Wait Event: IO:DataFileRead | Locks Held: ExclusiveLock on relation 'orders'
  Context: Unindexed sequential scan (seq_scan) on table 'orders' (12,450,000 rows scanned).

2026-08-30T19:15:26.497246Z ERROR [DBPool-46] postgres.connection.pool - Connection acquire timeout after 5000ms. Active: 100/100, Idle: 0, Waiting: 42.
  SQL State: 53300 (too_many_connections) - User 'app_user' has reached maximum allowed connections.

2026-08-30T19:15:47.557231Z CRITICAL [RedisEvent-48] redis.cluster.memory - Redis OOM threshold reached. Used: 2048MB / Max: 2048MB.
  Command 'SET' rejected for key 'cache:session:54249'. Policy 'noeviction' prevented key removal.

2026-08-30T19:16:08.604913Z WARNING [QueryMonitor-73] postgres.slow_query - Long running transaction detected: PID 86395 running for 641s.
  Query: SELECT * FROM orders WHERE status = 'PENDING' AND created_at < NOW() - INTERVAL '1 day' ORDER BY created_at DESC;
  Execution State: active | Wait Event: IO:DataFileRead | Locks Held: ExclusiveLock on relation 'orders'
  Context: Unindexed sequential scan (seq_scan) on table 'orders' (12,450,000 rows scanned).

2026-08-30T19:16:17.642793Z WARNING [QueryMonitor-43] postgres.slow_query - Long running transaction detected: PID 22348 running for 507s.
  Query: SELECT * FROM orders WHERE status = 'PENDING' AND created_at < NOW() - INTERVAL '1 day' ORDER BY created_at DESC;
  Execution State: active | Wait Event: IO:DataFileRead | Locks Held: ExclusiveLock on relation 'orders'
  Context: Unindexed sequential scan (seq_scan) on table 'orders' (12,450,000 rows scanned).

2026-08-30T19:16:20.648194Z CRITICAL [RedisEvent-18] redis.cluster.memory - Redis OOM threshold reached. Used: 2048MB / Max: 2048MB.
  Command 'SET' rejected for key 'cache:session:63762'. Policy 'noeviction' prevented key removal.

2026-08-30T19:16:23.653510Z CRITICAL [RedisEvent-12] redis.cluster.memory - Redis OOM threshold reached. Used: 2048MB / Max: 2048MB.
  Command 'SET' rejected for key 'cache:session:14491'. Policy 'noeviction' prevented key removal.

2026-08-30T19:16:26.659394Z WARNING [QueryMonitor-49] postgres.slow_query - Long running transaction detected: PID 64741 running for 528s.
  Query: SELECT * FROM orders WHERE status = 'PENDING' AND created_at < NOW() - INTERVAL '1 day' ORDER BY created_at DESC;
  Execution State: active | Wait Event: IO:DataFileRead | Locks Held: ExclusiveLock on relation 'orders'
  Context: Unindexed sequential scan (seq_scan) on table 'orders' (12,450,000 rows scanned).

2026-08-30T19:16:50.717908Z CRITICAL [RedisEvent-61] redis.cluster.memory - Redis OOM threshold reached. Used: 2048MB / Max: 2048MB.
  Command 'SET' rejected for key 'cache:session:35778'. Policy 'noeviction' prevented key removal.

2026-08-30T19:16:53.723456Z ERROR [DBPool-25] postgres.connection.pool - Connection acquire timeout after 5000ms. Active: 100/100, Idle: 0, Waiting: 42.
  SQL State: 53300 (too_many_connections) - User 'app_user' has reached maximum allowed connections.

2026-08-30T19:17:02.747899Z WARNING [QueryMonitor-35] postgres.slow_query - Long running transaction detected: PID 44330 running for 744s.
  Query: SELECT * FROM orders WHERE status = 'PENDING' AND created_at < NOW() - INTERVAL '1 day' ORDER BY created_at DESC;
  Execution State: active | Wait Event: IO:DataFileRead | Locks Held: ExclusiveLock on relation 'orders'
  Context: Unindexed sequential scan (seq_scan) on table 'orders' (12,450,000 rows scanned).

2026-08-30T19:17:29.837664Z WARNING [QueryMonitor-84] postgres.slow_query - Long running transaction detected: PID 89385 running for 542s.
  Query: SELECT * FROM orders WHERE status = 'PENDING' AND created_at < NOW() - INTERVAL '1 day' ORDER BY created_at DESC;
  Execution State: active | Wait Event: IO:DataFileRead | Locks Held: ExclusiveLock on relation 'orders'
  Context: Unindexed sequential scan (seq_scan) on table 'orders' (12,450,000 rows scanned).

2026-08-30T19:17:41.859585Z WARNING [QueryMonitor-60] postgres.slow_query - Long running transaction detected: PID 54557 running for 513s.
  Query: SELECT * FROM orders WHERE status = 'PENDING' AND created_at < NOW() - INTERVAL '1 day' ORDER BY created_at DESC;
  Execution State: active | Wait Event: IO:DataFileRead | Locks Held: ExclusiveLock on relation 'orders'
  Context: Unindexed sequential scan (seq_scan) on table 'orders' (12,450,000 rows scanned).

2026-08-30T19:17:53.886098Z CRITICAL [RedisEvent-77] redis.cluster.memory - Redis OOM threshold reached. Used: 2048MB / Max: 2048MB.
  Command 'SET' rejected for key 'cache:session:50180'. Policy 'noeviction' prevented key removal.

2026-08-30T19:18:11.918803Z CRITICAL [RedisEvent-72] redis.cluster.memory - Redis OOM threshold reached. Used: 2048MB / Max: 2048MB.
  Command 'SET' rejected for key 'cache:session:21700'. Policy 'noeviction' prevented key removal.

2026-08-30T19:18:17.931532Z WARNING [QueryMonitor-60] postgres.slow_query - Long running transaction detected: PID 53226 running for 832s.
  Query: SELECT * FROM orders WHERE status = 'PENDING' AND created_at < NOW() - INTERVAL '1 day' ORDER BY created_at DESC;
  Execution State: active | Wait Event: IO:DataFileRead | Locks Held: ExclusiveLock on relation 'orders'
  Context: Unindexed sequential scan (seq_scan) on table 'orders' (12,450,000 rows scanned).

2026-08-30T19:18:29.963264Z CRITICAL [RedisEvent-89] redis.cluster.memory - Redis OOM threshold reached. Used: 2048MB / Max: 2048MB.
  Command 'SET' rejected for key 'cache:session:11348'. Policy 'noeviction' prevented key removal.

2026-08-30T19:18:38.979767Z WARNING [QueryMonitor-48] postgres.slow_query - Long running transaction detected: PID 51516 running for 489s.
  Query: SELECT * FROM orders WHERE status = 'PENDING' AND created_at < NOW() - INTERVAL '1 day' ORDER BY created_at DESC;
  Execution State: active | Wait Event: IO:DataFileRead | Locks Held: ExclusiveLock on relation 'orders'
  Context: Unindexed sequential scan (seq_scan) on table 'orders' (12,450,000 rows scanned).

2026-08-30T19:18:44.990585Z WARNING [QueryMonitor-90] postgres.slow_query - Long running transaction detected: PID 49842 running for 613s.
  Query: SELECT * FROM orders WHERE status = 'PENDING' AND created_at < NOW() - INTERVAL '1 day' ORDER BY created_at DESC;
  Execution State: active | Wait Event: IO:DataFileRead | Locks Held: ExclusiveLock on relation 'orders'
  Context: Unindexed sequential scan (seq_scan) on table 'orders' (12,450,000 rows scanned).

2026-08-30T19:18:47.996450Z CRITICAL [RedisEvent-81] redis.cluster.memory - Redis OOM threshold reached. Used: 2048MB / Max: 2048MB.
  Command 'SET' rejected for key 'cache:session:47678'. Policy 'noeviction' prevented key removal.

2026-08-30T19:18:51.002629Z CRITICAL [RedisEvent-45] redis.cluster.memory - Redis OOM threshold reached. Used: 2048MB / Max: 2048MB.
  Command 'SET' rejected for key 'cache:session:63773'. Policy 'noeviction' prevented key removal.

2026-08-30T19:19:00.019548Z ERROR [DBPool-84] postgres.connection.pool - Connection acquire timeout after 5000ms. Active: 100/100, Idle: 0, Waiting: 42.
  SQL State: 53300 (too_many_connections) - User 'app_user' has reached maximum allowed connections.

2026-08-30T19:19:06.030292Z WARNING [QueryMonitor-54] postgres.slow_query - Long running transaction detected: PID 74985 running for 391s.
  Query: SELECT * FROM orders WHERE status = 'PENDING' AND created_at < NOW() - INTERVAL '1 day' ORDER BY created_at DESC;
  Execution State: active | Wait Event: IO:DataFileRead | Locks Held: ExclusiveLock on relation 'orders'
  Context: Unindexed sequential scan (seq_scan) on table 'orders' (12,450,000 rows scanned).

2026-08-30T19:19:21.060637Z CRITICAL [RedisEvent-34] redis.cluster.memory - Redis OOM threshold reached. Used: 2048MB / Max: 2048MB.
  Command 'SET' rejected for key 'cache:session:89660'. Policy 'noeviction' prevented key removal.

2026-08-30T19:19:27.071387Z WARNING [QueryMonitor-32] postgres.slow_query - Long running transaction detected: PID 74500 running for 398s.
  Query: SELECT * FROM orders WHERE status = 'PENDING' AND created_at < NOW() - INTERVAL '1 day' ORDER BY created_at DESC;
  Execution State: active | Wait Event: IO:DataFileRead | Locks Held: ExclusiveLock on relation 'orders'
  Context: Unindexed sequential scan (seq_scan) on table 'orders' (12,450,000 rows scanned).

2026-08-30T19:19:30.076655Z CRITICAL [RedisEvent-55] redis.cluster.memory - Redis OOM threshold reached. Used: 2048MB / Max: 2048MB.
  Command 'SET' rejected for key 'cache:session:99688'. Policy 'noeviction' prevented key removal.

2026-08-30T19:19:33.082228Z ERROR [DBPool-93] postgres.connection.pool - Connection acquire timeout after 5000ms. Active: 100/100, Idle: 0, Waiting: 42.
  SQL State: 53300 (too_many_connections) - User 'app_user' has reached maximum allowed connections.

2026-08-30T19:19:42.099378Z ERROR [DBPool-33] postgres.connection.pool - Connection acquire timeout after 5000ms. Active: 100/100, Idle: 0, Waiting: 42.
  SQL State: 53300 (too_many_connections) - User 'app_user' has reached maximum allowed connections.

2026-08-30T19:19:45.104881Z WARNING [QueryMonitor-50] postgres.slow_query - Long running transaction detected: PID 46351 running for 798s.
  Query: SELECT * FROM orders WHERE status = 'PENDING' AND created_at < NOW() - INTERVAL '1 day' ORDER BY created_at DESC;
  Execution State: active | Wait Event: IO:DataFileRead | Locks Held: ExclusiveLock on relation 'orders'
  Context: Unindexed sequential scan (seq_scan) on table 'orders' (12,450,000 rows scanned).

2026-08-30T19:19:54.124803Z CRITICAL [RedisEvent-26] redis.cluster.memory - Redis OOM threshold reached. Used: 2048MB / Max: 2048MB.
  Command 'SET' rejected for key 'cache:session:72635'. Policy 'noeviction' prevented key removal.

2026-08-30T19:19:57.132657Z WARNING [QueryMonitor-67] postgres.slow_query - Long running transaction detected: PID 77954 running for 433s.
  Query: SELECT * FROM orders WHERE status = 'PENDING' AND created_at < NOW() - INTERVAL '1 day' ORDER BY created_at DESC;
  Execution State: active | Wait Event: IO:DataFileRead | Locks Held: ExclusiveLock on relation 'orders'
  Context: Unindexed sequential scan (seq_scan) on table 'orders' (12,450,000 rows scanned).

2026-08-30T19:20:15.196870Z WARNING [QueryMonitor-20] postgres.slow_query - Long running transaction detected: PID 26369 running for 721s.
  Query: SELECT * FROM orders WHERE status = 'PENDING' AND created_at < NOW() - INTERVAL '1 day' ORDER BY created_at DESC;
  Execution State: active | Wait Event: IO:DataFileRead | Locks Held: ExclusiveLock on relation 'orders'
  Context: Unindexed sequential scan (seq_scan) on table 'orders' (12,450,000 rows scanned).

2026-08-30T19:20:27.323330Z WARNING [QueryMonitor-53] postgres.slow_query - Long running transaction detected: PID 40979 running for 361s.
  Query: SELECT * FROM orders WHERE status = 'PENDING' AND created_at < NOW() - INTERVAL '1 day' ORDER BY created_at DESC;
  Execution State: active | Wait Event: IO:DataFileRead | Locks Held: ExclusiveLock on relation 'orders'
  Context: Unindexed sequential scan (seq_scan) on table 'orders' (12,450,000 rows scanned).

2026-08-30T19:20:33.334169Z CRITICAL [RedisEvent-71] redis.cluster.memory - Redis OOM threshold reached. Used: 2048MB / Max: 2048MB.
  Command 'SET' rejected for key 'cache:session:57861'. Policy 'noeviction' prevented key removal.

2026-08-30T19:20:39.350952Z CRITICAL [RedisEvent-32] redis.cluster.memory - Redis OOM threshold reached. Used: 2048MB / Max: 2048MB.
  Command 'SET' rejected for key 'cache:session:16659'. Policy 'noeviction' prevented key removal.

2026-08-30T19:20:42.356965Z WARNING [QueryMonitor-93] postgres.slow_query - Long running transaction detected: PID 59370 running for 812s.
  Query: SELECT * FROM orders WHERE status = 'PENDING' AND created_at < NOW() - INTERVAL '1 day' ORDER BY created_at DESC;
  Execution State: active | Wait Event: IO:DataFileRead | Locks Held: ExclusiveLock on relation 'orders'
  Context: Unindexed sequential scan (seq_scan) on table 'orders' (12,450,000 rows scanned).

2026-08-30T19:20:45.363703Z ERROR [DBPool-10] postgres.connection.pool - Connection acquire timeout after 5000ms. Active: 100/100, Idle: 0, Waiting: 42.
  SQL State: 53300 (too_many_connections) - User 'app_user' has reached maximum allowed connections.

2026-08-30T19:20:54.382225Z WARNING [QueryMonitor-39] postgres.slow_query - Long running transaction detected: PID 59903 running for 682s.
  Query: SELECT * FROM orders WHERE status = 'PENDING' AND created_at < NOW() - INTERVAL '1 day' ORDER BY created_at DESC;
  Execution State: active | Wait Event: IO:DataFileRead | Locks Held: ExclusiveLock on relation 'orders'
  Context: Unindexed sequential scan (seq_scan) on table 'orders' (12,450,000 rows scanned).

2026-08-30T19:21:03.400049Z CRITICAL [RedisEvent-38] redis.cluster.memory - Redis OOM threshold reached. Used: 2048MB / Max: 2048MB.
  Command 'SET' rejected for key 'cache:session:81413'. Policy 'noeviction' prevented key removal.

2026-08-30T19:21:30.477788Z CRITICAL [RedisEvent-74] redis.cluster.memory - Redis OOM threshold reached. Used: 2048MB / Max: 2048MB.
  Command 'SET' rejected for key 'cache:session:96194'. Policy 'noeviction' prevented key removal.

2026-08-30T19:21:36.490234Z CRITICAL [RedisEvent-40] redis.cluster.memory - Redis OOM threshold reached. Used: 2048MB / Max: 2048MB.
  Command 'SET' rejected for key 'cache:session:23878'. Policy 'noeviction' prevented key removal.

2026-08-30T19:21:42.580749Z ERROR [DBPool-33] postgres.connection.pool - Connection acquire timeout after 5000ms. Active: 100/100, Idle: 0, Waiting: 42.
  SQL State: 53300 (too_many_connections) - User 'app_user' has reached maximum allowed connections.

2026-08-30T19:21:45.586087Z ERROR [DBPool-21] postgres.connection.pool - Connection acquire timeout after 5000ms. Active: 100/100, Idle: 0, Waiting: 42.
  SQL State: 53300 (too_many_connections) - User 'app_user' has reached maximum allowed connections.

2026-08-30T19:21:57.618826Z CRITICAL [RedisEvent-46] redis.cluster.memory - Redis OOM threshold reached. Used: 2048MB / Max: 2048MB.
  Command 'SET' rejected for key 'cache:session:32863'. Policy 'noeviction' prevented key removal.

2026-08-30T19:22:00.624161Z CRITICAL [RedisEvent-93] redis.cluster.memory - Redis OOM threshold reached. Used: 2048MB / Max: 2048MB.
  Command 'SET' rejected for key 'cache:session:74071'. Policy 'noeviction' prevented key removal.

2026-08-30T19:22:06.652383Z ERROR [DBPool-65] postgres.connection.pool - Connection acquire timeout after 5000ms. Active: 100/100, Idle: 0, Waiting: 42.
  SQL State: 53300 (too_many_connections) - User 'app_user' has reached maximum allowed connections.

2026-08-30T19:22:12.663376Z ERROR [DBPool-75] postgres.connection.pool - Connection acquire timeout after 5000ms. Active: 100/100, Idle: 0, Waiting: 42.
  SQL State: 53300 (too_many_connections) - User 'app_user' has reached maximum allowed connections.

2026-08-30T19:22:18.680693Z CRITICAL [RedisEvent-65] redis.cluster.memory - Redis OOM threshold reached. Used: 2048MB / Max: 2048MB.
  Command 'SET' rejected for key 'cache:session:39137'. Policy 'noeviction' prevented key removal.

2026-08-30T19:22:24.691785Z ERROR [DBPool-41] postgres.connection.pool - Connection acquire timeout after 5000ms. Active: 100/100, Idle: 0, Waiting: 42.
  SQL State: 53300 (too_many_connections) - User 'app_user' has reached maximum allowed connections.

2026-08-30T19:22:42.743988Z ERROR [DBPool-79] postgres.connection.pool - Connection acquire timeout after 5000ms. Active: 100/100, Idle: 0, Waiting: 42.
  SQL State: 53300 (too_many_connections) - User 'app_user' has reached maximum allowed connections.

2026-08-30T19:23:03.792044Z CRITICAL [RedisEvent-38] redis.cluster.memory - Redis OOM threshold reached. Used: 2048MB / Max: 2048MB.
  Command 'SET' rejected for key 'cache:session:28836'. Policy 'noeviction' prevented key removal.

2026-08-30T19:23:18.845827Z CRITICAL [RedisEvent-51] redis.cluster.memory - Redis OOM threshold reached. Used: 2048MB / Max: 2048MB.
  Command 'SET' rejected for key 'cache:session:87238'. Policy 'noeviction' prevented key removal.

2026-08-30T19:23:45.904029Z CRITICAL [RedisEvent-63] redis.cluster.memory - Redis OOM threshold reached. Used: 2048MB / Max: 2048MB.
  Command 'SET' rejected for key 'cache:session:94928'. Policy 'noeviction' prevented key removal.

2026-08-30T19:23:48.910064Z CRITICAL [RedisEvent-68] redis.cluster.memory - Redis OOM threshold reached. Used: 2048MB / Max: 2048MB.
  Command 'SET' rejected for key 'cache:session:31880'. Policy 'noeviction' prevented key removal.

2026-08-30T19:23:51.924334Z WARNING [QueryMonitor-44] postgres.slow_query - Long running transaction detected: PID 85301 running for 650s.
  Query: SELECT * FROM orders WHERE status = 'PENDING' AND created_at < NOW() - INTERVAL '1 day' ORDER BY created_at DESC;
  Execution State: active | Wait Event: IO:DataFileRead | Locks Held: ExclusiveLock on relation 'orders'
  Context: Unindexed sequential scan (seq_scan) on table 'orders' (12,450,000 rows scanned).

2026-08-30T19:23:57.934451Z WARNING [QueryMonitor-91] postgres.slow_query - Long running transaction detected: PID 83912 running for 450s.
  Query: SELECT * FROM orders WHERE status = 'PENDING' AND created_at < NOW() - INTERVAL '1 day' ORDER BY created_at DESC;
  Execution State: active | Wait Event: IO:DataFileRead | Locks Held: ExclusiveLock on relation 'orders'
  Context: Unindexed sequential scan (seq_scan) on table 'orders' (12,450,000 rows scanned).

2026-08-30T19:24:09.964515Z WARNING [QueryMonitor-59] postgres.slow_query - Long running transaction detected: PID 27620 running for 652s.
  Query: SELECT * FROM orders WHERE status = 'PENDING' AND created_at < NOW() - INTERVAL '1 day' ORDER BY created_at DESC;
  Execution State: active | Wait Event: IO:DataFileRead | Locks Held: ExclusiveLock on relation 'orders'
  Context: Unindexed sequential scan (seq_scan) on table 'orders' (12,450,000 rows scanned).

2026-08-30T19:24:49.249213Z ERROR [DBPool-69] postgres.connection.pool - Connection acquire timeout after 5000ms. Active: 100/100, Idle: 0, Waiting: 42.
  SQL State: 53300 (too_many_connections) - User 'app_user' has reached maximum allowed connections.

2026-08-30T19:25:01.270796Z ERROR [DBPool-84] postgres.connection.pool - Connection acquire timeout after 5000ms. Active: 100/100, Idle: 0, Waiting: 42.
  SQL State: 53300 (too_many_connections) - User 'app_user' has reached maximum allowed connections.

2026-08-30T19:25:07.282502Z ERROR [DBPool-24] postgres.connection.pool - Connection acquire timeout after 5000ms. Active: 100/100, Idle: 0, Waiting: 42.
  SQL State: 53300 (too_many_connections) - User 'app_user' has reached maximum allowed connections.

2026-08-30T19:25:10.287480Z ERROR [DBPool-74] postgres.connection.pool - Connection acquire timeout after 5000ms. Active: 100/100, Idle: 0, Waiting: 42.
  SQL State: 53300 (too_many_connections) - User 'app_user' has reached maximum allowed connections.

2026-08-30T19:25:16.325625Z ERROR [DBPool-19] postgres.connection.pool - Connection acquire timeout after 5000ms. Active: 100/100, Idle: 0, Waiting: 42.
  SQL State: 53300 (too_many_connections) - User 'app_user' has reached maximum allowed connections.

2026-08-30T19:25:22.338155Z ERROR [DBPool-33] postgres.connection.pool - Connection acquire timeout after 5000ms. Active: 100/100, Idle: 0, Waiting: 42.
  SQL State: 53300 (too_many_connections) - User 'app_user' has reached maximum allowed connections.

2026-08-30T19:25:40.384549Z ERROR [DBPool-45] postgres.connection.pool - Connection acquire timeout after 5000ms. Active: 100/100, Idle: 0, Waiting: 42.
  SQL State: 53300 (too_many_connections) - User 'app_user' has reached maximum allowed connections.

2026-08-30T19:26:07.448312Z WARNING [QueryMonitor-76] postgres.slow_query - Long running transaction detected: PID 88834 running for 615s.
  Query: SELECT * FROM orders WHERE status = 'PENDING' AND created_at < NOW() - INTERVAL '1 day' ORDER BY created_at DESC;
  Execution State: active | Wait Event: IO:DataFileRead | Locks Held: ExclusiveLock on relation 'orders'
  Context: Unindexed sequential scan (seq_scan) on table 'orders' (12,450,000 rows scanned).

2026-08-30T19:26:10.455004Z ERROR [DBPool-89] postgres.connection.pool - Connection acquire timeout after 5000ms. Active: 100/100, Idle: 0, Waiting: 42.
  SQL State: 53300 (too_many_connections) - User 'app_user' has reached maximum allowed connections.

2026-08-30T19:26:19.482441Z CRITICAL [RedisEvent-37] redis.cluster.memory - Redis OOM threshold reached. Used: 2048MB / Max: 2048MB.
  Command 'SET' rejected for key 'cache:session:83431'. Policy 'noeviction' prevented key removal.

2026-08-30T19:26:28.509811Z CRITICAL [RedisEvent-60] redis.cluster.memory - Redis OOM threshold reached. Used: 2048MB / Max: 2048MB.
  Command 'SET' rejected for key 'cache:session:14425'. Policy 'noeviction' prevented key removal.

2026-08-30T19:26:37.533715Z WARNING [QueryMonitor-62] postgres.slow_query - Long running transaction detected: PID 38966 running for 347s.
  Query: SELECT * FROM orders WHERE status = 'PENDING' AND created_at < NOW() - INTERVAL '1 day' ORDER BY created_at DESC;
  Execution State: active | Wait Event: IO:DataFileRead | Locks Held: ExclusiveLock on relation 'orders'
  Context: Unindexed sequential scan (seq_scan) on table 'orders' (12,450,000 rows scanned).

2026-08-30T19:26:43.549914Z WARNING [QueryMonitor-18] postgres.slow_query - Long running transaction detected: PID 65157 running for 622s.
  Query: SELECT * FROM orders WHERE status = 'PENDING' AND created_at < NOW() - INTERVAL '1 day' ORDER BY created_at DESC;
  Execution State: active | Wait Event: IO:DataFileRead | Locks Held: ExclusiveLock on relation 'orders'
  Context: Unindexed sequential scan (seq_scan) on table 'orders' (12,450,000 rows scanned).

2026-08-30T19:26:46.556170Z WARNING [QueryMonitor-41] postgres.slow_query - Long running transaction detected: PID 50419 running for 467s.
  Query: SELECT * FROM orders WHERE status = 'PENDING' AND created_at < NOW() - INTERVAL '1 day' ORDER BY created_at DESC;
  Execution State: active | Wait Event: IO:DataFileRead | Locks Held: ExclusiveLock on relation 'orders'
  Context: Unindexed sequential scan (seq_scan) on table 'orders' (12,450,000 rows scanned).

2026-08-30T19:26:49.561856Z WARNING [QueryMonitor-31] postgres.slow_query - Long running transaction detected: PID 20766 running for 402s.
  Query: SELECT * FROM orders WHERE status = 'PENDING' AND created_at < NOW() - INTERVAL '1 day' ORDER BY created_at DESC;
  Execution State: active | Wait Event: IO:DataFileRead | Locks Held: ExclusiveLock on relation 'orders'
  Context: Unindexed sequential scan (seq_scan) on table 'orders' (12,450,000 rows scanned).

2026-08-30T19:27:01.589873Z WARNING [QueryMonitor-46] postgres.slow_query - Long running transaction detected: PID 82388 running for 821s.
  Query: SELECT * FROM orders WHERE status = 'PENDING' AND created_at < NOW() - INTERVAL '1 day' ORDER BY created_at DESC;
  Execution State: active | Wait Event: IO:DataFileRead | Locks Held: ExclusiveLock on relation 'orders'
  Context: Unindexed sequential scan (seq_scan) on table 'orders' (12,450,000 rows scanned).

2026-08-30T19:27:04.602785Z CRITICAL [RedisEvent-90] redis.cluster.memory - Redis OOM threshold reached. Used: 2048MB / Max: 2048MB.
  Command 'SET' rejected for key 'cache:session:83645'. Policy 'noeviction' prevented key removal.

2026-08-30T19:27:07.609688Z ERROR [DBPool-50] postgres.connection.pool - Connection acquire timeout after 5000ms. Active: 100/100, Idle: 0, Waiting: 42.
  SQL State: 53300 (too_many_connections) - User 'app_user' has reached maximum allowed connections.

2026-08-30T19:27:13.623474Z WARNING [QueryMonitor-54] postgres.slow_query - Long running transaction detected: PID 93387 running for 537s.
  Query: SELECT * FROM orders WHERE status = 'PENDING' AND created_at < NOW() - INTERVAL '1 day' ORDER BY created_at DESC;
  Execution State: active | Wait Event: IO:DataFileRead | Locks Held: ExclusiveLock on relation 'orders'
  Context: Unindexed sequential scan (seq_scan) on table 'orders' (12,450,000 rows scanned).

2026-08-30T19:27:16.638145Z ERROR [DBPool-45] postgres.connection.pool - Connection acquire timeout after 5000ms. Active: 100/100, Idle: 0, Waiting: 42.
  SQL State: 53300 (too_many_connections) - User 'app_user' has reached maximum allowed connections.

2026-08-30T19:27:25.655970Z ERROR [DBPool-15] postgres.connection.pool - Connection acquire timeout after 5000ms. Active: 100/100, Idle: 0, Waiting: 42.
  SQL State: 53300 (too_many_connections) - User 'app_user' has reached maximum allowed connections.

2026-08-30T19:27:34.684209Z CRITICAL [RedisEvent-84] redis.cluster.memory - Redis OOM threshold reached. Used: 2048MB / Max: 2048MB.
  Command 'SET' rejected for key 'cache:session:14051'. Policy 'noeviction' prevented key removal.

2026-08-30T19:27:37.690648Z WARNING [QueryMonitor-69] postgres.slow_query - Long running transaction detected: PID 29700 running for 559s.
  Query: SELECT * FROM orders WHERE status = 'PENDING' AND created_at < NOW() - INTERVAL '1 day' ORDER BY created_at DESC;
  Execution State: active | Wait Event: IO:DataFileRead | Locks Held: ExclusiveLock on relation 'orders'
  Context: Unindexed sequential scan (seq_scan) on table 'orders' (12,450,000 rows scanned).

2026-08-30T19:27:40.699766Z ERROR [DBPool-24] postgres.connection.pool - Connection acquire timeout after 5000ms. Active: 100/100, Idle: 0, Waiting: 42.
  SQL State: 53300 (too_many_connections) - User 'app_user' has reached maximum allowed connections.

2026-08-30T19:27:58.778867Z CRITICAL [RedisEvent-81] redis.cluster.memory - Redis OOM threshold reached. Used: 2048MB / Max: 2048MB.
  Command 'SET' rejected for key 'cache:session:48202'. Policy 'noeviction' prevented key removal.

2026-08-30T19:28:04.855484Z WARNING [QueryMonitor-13] postgres.slow_query - Long running transaction detected: PID 92202 running for 739s.
  Query: SELECT * FROM orders WHERE status = 'PENDING' AND created_at < NOW() - INTERVAL '1 day' ORDER BY created_at DESC;
  Execution State: active | Wait Event: IO:DataFileRead | Locks Held: ExclusiveLock on relation 'orders'
  Context: Unindexed sequential scan (seq_scan) on table 'orders' (12,450,000 rows scanned).

2026-08-30T19:28:07.866905Z CRITICAL [RedisEvent-85] redis.cluster.memory - Redis OOM threshold reached. Used: 2048MB / Max: 2048MB.
  Command 'SET' rejected for key 'cache:session:40453'. Policy 'noeviction' prevented key removal.

2026-08-30T19:28:10.881698Z ERROR [DBPool-55] postgres.connection.pool - Connection acquire timeout after 5000ms. Active: 100/100, Idle: 0, Waiting: 42.
  SQL State: 53300 (too_many_connections) - User 'app_user' has reached maximum allowed connections.

2026-08-30T19:28:13.887558Z WARNING [QueryMonitor-93] postgres.slow_query - Long running transaction detected: PID 59291 running for 698s.
  Query: SELECT * FROM orders WHERE status = 'PENDING' AND created_at < NOW() - INTERVAL '1 day' ORDER BY created_at DESC;
  Execution State: active | Wait Event: IO:DataFileRead | Locks Held: ExclusiveLock on relation 'orders'
  Context: Unindexed sequential scan (seq_scan) on table 'orders' (12,450,000 rows scanned).

2026-08-30T19:28:16.892834Z ERROR [DBPool-41] postgres.connection.pool - Connection acquire timeout after 5000ms. Active: 100/100, Idle: 0, Waiting: 42.
  SQL State: 53300 (too_many_connections) - User 'app_user' has reached maximum allowed connections.

2026-08-30T19:28:31.931037Z CRITICAL [RedisEvent-76] redis.cluster.memory - Redis OOM threshold reached. Used: 2048MB / Max: 2048MB.
  Command 'SET' rejected for key 'cache:session:90253'. Policy 'noeviction' prevented key removal.

2026-08-30T19:28:43.954847Z CRITICAL [RedisEvent-34] redis.cluster.memory - Redis OOM threshold reached. Used: 2048MB / Max: 2048MB.
  Command 'SET' rejected for key 'cache:session:35078'. Policy 'noeviction' prevented key removal.

2026-08-30T19:28:46.960468Z WARNING [QueryMonitor-72] postgres.slow_query - Long running transaction detected: PID 82350 running for 429s.
  Query: SELECT * FROM orders WHERE status = 'PENDING' AND created_at < NOW() - INTERVAL '1 day' ORDER BY created_at DESC;
  Execution State: active | Wait Event: IO:DataFileRead | Locks Held: ExclusiveLock on relation 'orders'
  Context: Unindexed sequential scan (seq_scan) on table 'orders' (12,450,000 rows scanned).

2026-08-30T19:28:49.985661Z CRITICAL [RedisEvent-96] redis.cluster.memory - Redis OOM threshold reached. Used: 2048MB / Max: 2048MB.
  Command 'SET' rejected for key 'cache:session:31186'. Policy 'noeviction' prevented key removal.

2026-08-30T19:28:52.991917Z CRITICAL [RedisEvent-27] redis.cluster.memory - Redis OOM threshold reached. Used: 2048MB / Max: 2048MB.
  Command 'SET' rejected for key 'cache:session:90769'. Policy 'noeviction' prevented key removal.

2026-08-30T19:29:02.010859Z ERROR [DBPool-36] postgres.connection.pool - Connection acquire timeout after 5000ms. Active: 100/100, Idle: 0, Waiting: 42.
  SQL State: 53300 (too_many_connections) - User 'app_user' has reached maximum allowed connections.

2026-08-30T19:29:05.017329Z CRITICAL [RedisEvent-73] redis.cluster.memory - Redis OOM threshold reached. Used: 2048MB / Max: 2048MB.
  Command 'SET' rejected for key 'cache:session:81177'. Policy 'noeviction' prevented key removal.

2026-08-30T19:29:14.034715Z CRITICAL [RedisEvent-17] redis.cluster.memory - Redis OOM threshold reached. Used: 2048MB / Max: 2048MB.
  Command 'SET' rejected for key 'cache:session:59684'. Policy 'noeviction' prevented key removal.

2026-08-30T19:29:17.043172Z WARNING [QueryMonitor-31] postgres.slow_query - Long running transaction detected: PID 81950 running for 469s.
  Query: SELECT * FROM orders WHERE status = 'PENDING' AND created_at < NOW() - INTERVAL '1 day' ORDER BY created_at DESC;
  Execution State: active | Wait Event: IO:DataFileRead | Locks Held: ExclusiveLock on relation 'orders'
  Context: Unindexed sequential scan (seq_scan) on table 'orders' (12,450,000 rows scanned).

2026-08-30T19:29:23.061428Z ERROR [DBPool-81] postgres.connection.pool - Connection acquire timeout after 5000ms. Active: 100/100, Idle: 0, Waiting: 42.
  SQL State: 53300 (too_many_connections) - User 'app_user' has reached maximum allowed connections.

2026-08-30T19:29:35.083538Z ERROR [DBPool-34] postgres.connection.pool - Connection acquire timeout after 5000ms. Active: 100/100, Idle: 0, Waiting: 42.
  SQL State: 53300 (too_many_connections) - User 'app_user' has reached maximum allowed connections.

2026-08-30T19:29:41.099212Z CRITICAL [RedisEvent-20] redis.cluster.memory - Redis OOM threshold reached. Used: 2048MB / Max: 2048MB.
  Command 'SET' rejected for key 'cache:session:95656'. Policy 'noeviction' prevented key removal.

2026-08-30T19:29:53.146803Z WARNING [QueryMonitor-40] postgres.slow_query - Long running transaction detected: PID 38566 running for 507s.
  Query: SELECT * FROM orders WHERE status = 'PENDING' AND created_at < NOW() - INTERVAL '1 day' ORDER BY created_at DESC;
  Execution State: active | Wait Event: IO:DataFileRead | Locks Held: ExclusiveLock on relation 'orders'
  Context: Unindexed sequential scan (seq_scan) on table 'orders' (12,450,000 rows scanned).

