2026-08-29T10:00:09.192Z CRITICAL kafka-broker-1[912]: CommitFailedException: Offset commit failed with CommitFailedException due to rebalance in progress for topic 'payment-events'
2026-08-29T10:00:25.126Z CRITICAL payment_gateway.processor [Worker-842]: Payment processing failed for tx_504941.
  Request Context: {"amount": 384, "currency": "USD", "gateway": "Stripe-v2", "attempt": 3}
  Exception: org.apache.http.conn.HttpHostConnectException: Connect to 10.244.2.225:8080 failed: Connection refused
    at org.apache.http.impl.conn.DefaultHttpClientConnectionOperator.connect(DefaultHttpClientConnectionOperator.java:159)
2026-08-29T10:00:41.881Z CRITICAL payment_gateway.processor [Worker-248]: Payment processing failed for tx_522794.
  Request Context: {"amount": 199, "currency": "USD", "gateway": "Stripe-v2", "attempt": 3}
  Exception: org.apache.http.conn.HttpHostConnectException: Connect to 10.244.2.146:8080 failed: Connection refused
    at org.apache.http.impl.conn.DefaultHttpClientConnectionOperator.connect(DefaultHttpClientConnectionOperator.java:159)
2026-08-29T10:01:09.252Z INFO payment_gateway.processor [Worker-781]: Payment intent created tx_852008 amount=$721.00 currency=USD
2026-08-29T10:01:22.689Z INFO payment_gateway.processor [Worker-943]: Payment intent created tx_861509 amount=$224.00 currency=USD
2026-08-29T10:01:41.403Z ERROR nginx-ingress[301]: 502 Bad Gateway: connect() failed (111: Connection refused) while connecting to upstream 'http://10.244.2.193:8080/payment/charge'
2026-08-29T10:02:08.687Z CRITICAL kafka-broker-1[912]: CommitFailedException: Offset commit failed with CommitFailedException due to rebalance in progress for topic 'payment-events'
2026-08-29T10:02:23.532Z INFO payment_gateway.processor [Worker-315]: Payment intent created tx_168927 amount=$377.00 currency=USD
2026-08-29T10:02:41.657Z WARNING kafka-broker-1[912]: [ConsumerGroup order-processing-group]: Consumer lag threshold warning: partition 1 lag is 52839 messages
2026-08-29T10:03:01.202Z ERROR nginx-ingress[301]: 502 Bad Gateway: connect() failed (111: Connection refused) while connecting to upstream 'http://10.244.2.81:8080/payment/charge'
2026-08-29T10:03:23.303Z INFO payment_gateway.processor [Worker-257]: Payment intent created tx_863332 amount=$445.00 currency=USD
2026-08-29T10:03:49.818Z INFO payment_gateway.processor [Worker-817]: Payment intent created tx_386167 amount=$468.00 currency=USD
2026-08-29T10:04:09.827Z CRITICAL payment_gateway.processor [Worker-178]: Payment processing failed for tx_416493.
  Request Context: {"amount": 612, "currency": "USD", "gateway": "Stripe-v2", "attempt": 3}
  Exception: org.apache.http.conn.HttpHostConnectException: Connect to 10.244.2.218:8080 failed: Connection refused
    at org.apache.http.impl.conn.DefaultHttpClientConnectionOperator.connect(DefaultHttpClientConnectionOperator.java:159)
2026-08-29T10:04:24.119Z WARNING kafka-broker-1[912]: [ConsumerGroup order-processing-group]: Consumer lag threshold warning: partition 0 lag is 82229 messages
2026-08-29T10:04:44.673Z WARNING kafka-broker-1[912]: [ConsumerGroup order-processing-group]: Consumer lag threshold warning: partition 3 lag is 83776 messages
2026-08-29T10:05:10.794Z CRITICAL kafka-broker-1[912]: CommitFailedException: Offset commit failed with CommitFailedException due to rebalance in progress for topic 'payment-events'
2026-08-29T10:05:26.455Z INFO payment_gateway.processor [Worker-601]: Payment intent created tx_740888 amount=$573.00 currency=USD
2026-08-29T10:05:43.633Z CRITICAL payment_gateway.processor [Worker-573]: Payment processing failed for tx_642534.
  Request Context: {"amount": 329, "currency": "USD", "gateway": "Stripe-v2", "attempt": 3}
  Exception: org.apache.http.conn.HttpHostConnectException: Connect to 10.244.2.233:8080 failed: Connection refused
    at org.apache.http.impl.conn.DefaultHttpClientConnectionOperator.connect(DefaultHttpClientConnectionOperator.java:159)
2026-08-29T10:06:10.527Z ERROR nginx-ingress[301]: 502 Bad Gateway: connect() failed (111: Connection refused) while connecting to upstream 'http://10.244.2.38:8080/payment/charge'
2026-08-29T10:06:21.138Z WARNING kafka-broker-1[912]: [ConsumerGroup order-processing-group]: Consumer lag threshold warning: partition 0 lag is 67917 messages
2026-08-29T10:06:46.879Z WARNING kafka-broker-1[912]: [ConsumerGroup order-processing-group]: Consumer lag threshold warning: partition 2 lag is 90961 messages
2026-08-29T10:07:05.211Z CRITICAL payment_gateway.processor [Worker-986]: Payment processing failed for tx_192880.
  Request Context: {"amount": 694, "currency": "USD", "gateway": "Stripe-v2", "attempt": 3}
  Exception: org.apache.http.conn.HttpHostConnectException: Connect to 10.244.2.221:8080 failed: Connection refused
    at org.apache.http.impl.conn.DefaultHttpClientConnectionOperator.connect(DefaultHttpClientConnectionOperator.java:159)
2026-08-29T10:07:28.676Z WARNING kafka-broker-1[912]: [ConsumerGroup order-processing-group]: Consumer lag threshold warning: partition 2 lag is 79521 messages
2026-08-29T10:07:47.151Z ERROR nginx-ingress[301]: 502 Bad Gateway: connect() failed (111: Connection refused) while connecting to upstream 'http://10.244.2.206:8080/payment/charge'
2026-08-29T10:08:01.953Z CRITICAL kafka-broker-1[912]: CommitFailedException: Offset commit failed with CommitFailedException due to rebalance in progress for topic 'payment-events'
2026-08-29T10:08:28.487Z WARNING kafka-broker-1[912]: [ConsumerGroup order-processing-group]: Consumer lag threshold warning: partition 3 lag is 91830 messages
2026-08-29T10:08:46.118Z CRITICAL kafka-broker-1[912]: CommitFailedException: Offset commit failed with CommitFailedException due to rebalance in progress for topic 'payment-events'
2026-08-29T10:09:03.196Z WARNING kafka-broker-1[912]: [ConsumerGroup order-processing-group]: Consumer lag threshold warning: partition 3 lag is 84323 messages
2026-08-29T10:09:25.891Z INFO payment_gateway.processor [Worker-864]: Payment intent created tx_127415 amount=$225.00 currency=USD
2026-08-29T10:09:43.891Z WARNING kafka-broker-1[912]: [ConsumerGroup order-processing-group]: Consumer lag threshold warning: partition 2 lag is 80773 messages
2026-08-29T10:10:07.111Z WARNING kafka-broker-1[912]: [ConsumerGroup order-processing-group]: Consumer lag threshold warning: partition 0 lag is 51509 messages
2026-08-29T10:10:27.890Z WARNING kafka-broker-1[912]: [ConsumerGroup order-processing-group]: Consumer lag threshold warning: partition 1 lag is 87274 messages
2026-08-29T10:10:44.463Z CRITICAL payment_gateway.processor [Worker-237]: Payment processing failed for tx_946060.
  Request Context: {"amount": 567, "currency": "USD", "gateway": "Stripe-v2", "attempt": 3}
  Exception: org.apache.http.conn.HttpHostConnectException: Connect to 10.244.2.238:8080 failed: Connection refused
    at org.apache.http.impl.conn.DefaultHttpClientConnectionOperator.connect(DefaultHttpClientConnectionOperator.java:159)
2026-08-29T10:11:02.599Z CRITICAL kafka-broker-1[912]: CommitFailedException: Offset commit failed with CommitFailedException due to rebalance in progress for topic 'payment-events'
2026-08-29T10:11:30.606Z INFO payment_gateway.processor [Worker-164]: Payment intent created tx_770833 amount=$794.00 currency=USD
2026-08-29T10:11:43.436Z CRITICAL payment_gateway.processor [Worker-600]: Payment processing failed for tx_759230.
  Request Context: {"amount": 560, "currency": "USD", "gateway": "Stripe-v2", "attempt": 3}
  Exception: org.apache.http.conn.HttpHostConnectException: Connect to 10.244.2.64:8080 failed: Connection refused
    at org.apache.http.impl.conn.DefaultHttpClientConnectionOperator.connect(DefaultHttpClientConnectionOperator.java:159)
2026-08-29T10:12:01.794Z ERROR nginx-ingress[301]: 502 Bad Gateway: connect() failed (111: Connection refused) while connecting to upstream 'http://10.244.2.234:8080/payment/charge'
2026-08-29T10:12:23.325Z ERROR nginx-ingress[301]: 502 Bad Gateway: connect() failed (111: Connection refused) while connecting to upstream 'http://10.244.2.4:8080/payment/charge'
2026-08-29T10:12:43.536Z CRITICAL payment_gateway.processor [Worker-164]: Payment processing failed for tx_365750.
  Request Context: {"amount": 581, "currency": "USD", "gateway": "Stripe-v2", "attempt": 3}
  Exception: org.apache.http.conn.HttpHostConnectException: Connect to 10.244.2.146:8080 failed: Connection refused
    at org.apache.http.impl.conn.DefaultHttpClientConnectionOperator.connect(DefaultHttpClientConnectionOperator.java:159)
2026-08-29T10:13:02.278Z CRITICAL payment_gateway.processor [Worker-128]: Payment processing failed for tx_796792.
  Request Context: {"amount": 602, "currency": "USD", "gateway": "Stripe-v2", "attempt": 3}
  Exception: org.apache.http.conn.HttpHostConnectException: Connect to 10.244.2.206:8080 failed: Connection refused
    at org.apache.http.impl.conn.DefaultHttpClientConnectionOperator.connect(DefaultHttpClientConnectionOperator.java:159)
2026-08-29T10:13:25.464Z WARNING kafka-broker-1[912]: [ConsumerGroup order-processing-group]: Consumer lag threshold warning: partition 0 lag is 79425 messages
2026-08-29T10:13:43.566Z CRITICAL payment_gateway.processor [Worker-937]: Payment processing failed for tx_187708.
  Request Context: {"amount": 391, "currency": "USD", "gateway": "Stripe-v2", "attempt": 3}
  Exception: org.apache.http.conn.HttpHostConnectException: Connect to 10.244.2.194:8080 failed: Connection refused
    at org.apache.http.impl.conn.DefaultHttpClientConnectionOperator.connect(DefaultHttpClientConnectionOperator.java:159)
2026-08-29T10:14:08.264Z WARNING kafka-broker-1[912]: [ConsumerGroup order-processing-group]: Consumer lag threshold warning: partition 0 lag is 62646 messages
2026-08-29T10:14:28.336Z CRITICAL payment_gateway.processor [Worker-259]: Payment processing failed for tx_991437.
  Request Context: {"amount": 431, "currency": "USD", "gateway": "Stripe-v2", "attempt": 3}
  Exception: org.apache.http.conn.HttpHostConnectException: Connect to 10.244.2.69:8080 failed: Connection refused
    at org.apache.http.impl.conn.DefaultHttpClientConnectionOperator.connect(DefaultHttpClientConnectionOperator.java:159)
2026-08-29T10:14:49.753Z INFO payment_gateway.processor [Worker-181]: Payment intent created tx_951805 amount=$339.00 currency=USD
2026-08-29T10:15:03.172Z CRITICAL kafka-broker-1[912]: CommitFailedException: Offset commit failed with CommitFailedException due to rebalance in progress for topic 'payment-events'
2026-08-29T10:15:22.368Z INFO payment_gateway.processor [Worker-972]: Payment intent created tx_526696 amount=$677.00 currency=USD
2026-08-29T10:15:50.767Z WARNING kafka-broker-1[912]: [ConsumerGroup order-processing-group]: Consumer lag threshold warning: partition 3 lag is 53772 messages
2026-08-29T10:16:04.121Z INFO payment_gateway.processor [Worker-176]: Payment intent created tx_486509 amount=$720.00 currency=USD
2026-08-29T10:16:29.992Z CRITICAL payment_gateway.processor [Worker-459]: Payment processing failed for tx_732304.
  Request Context: {"amount": 581, "currency": "USD", "gateway": "Stripe-v2", "attempt": 3}
  Exception: org.apache.http.conn.HttpHostConnectException: Connect to 10.244.2.101:8080 failed: Connection refused
    at org.apache.http.impl.conn.DefaultHttpClientConnectionOperator.connect(DefaultHttpClientConnectionOperator.java:159)
2026-08-29T10:16:42.714Z CRITICAL kafka-broker-1[912]: CommitFailedException: Offset commit failed with CommitFailedException due to rebalance in progress for topic 'payment-events'
2026-08-29T10:17:01.321Z CRITICAL kafka-broker-1[912]: CommitFailedException: Offset commit failed with CommitFailedException due to rebalance in progress for topic 'payment-events'
2026-08-29T10:17:29.970Z INFO payment_gateway.processor [Worker-154]: Payment intent created tx_513769 amount=$61.00 currency=USD
2026-08-29T10:17:41.369Z CRITICAL payment_gateway.processor [Worker-544]: Payment processing failed for tx_187777.
  Request Context: {"amount": 658, "currency": "USD", "gateway": "Stripe-v2", "attempt": 3}
  Exception: org.apache.http.conn.HttpHostConnectException: Connect to 10.244.2.176:8080 failed: Connection refused
    at org.apache.http.impl.conn.DefaultHttpClientConnectionOperator.connect(DefaultHttpClientConnectionOperator.java:159)
2026-08-29T10:18:08.154Z INFO payment_gateway.processor [Worker-255]: Payment intent created tx_456535 amount=$234.00 currency=USD
2026-08-29T10:18:22.902Z INFO payment_gateway.processor [Worker-353]: Payment intent created tx_184400 amount=$287.00 currency=USD
2026-08-29T10:18:43.104Z CRITICAL payment_gateway.processor [Worker-550]: Payment processing failed for tx_795182.
  Request Context: {"amount": 159, "currency": "USD", "gateway": "Stripe-v2", "attempt": 3}
  Exception: org.apache.http.conn.HttpHostConnectException: Connect to 10.244.2.32:8080 failed: Connection refused
    at org.apache.http.impl.conn.DefaultHttpClientConnectionOperator.connect(DefaultHttpClientConnectionOperator.java:159)
2026-08-29T10:19:05.886Z WARNING kafka-broker-1[912]: [ConsumerGroup order-processing-group]: Consumer lag threshold warning: partition 3 lag is 79282 messages
2026-08-29T10:19:23.358Z INFO payment_gateway.processor [Worker-560]: Payment intent created tx_546758 amount=$512.00 currency=USD
2026-08-29T10:19:42.258Z CRITICAL kafka-broker-1[912]: CommitFailedException: Offset commit failed with CommitFailedException due to rebalance in progress for topic 'payment-events'
2026-08-29T10:20:09.149Z CRITICAL kafka-broker-1[912]: CommitFailedException: Offset commit failed with CommitFailedException due to rebalance in progress for topic 'payment-events'
2026-08-29T10:20:25.547Z INFO payment_gateway.processor [Worker-374]: Payment intent created tx_427340 amount=$421.00 currency=USD
2026-08-29T10:20:48.593Z ERROR nginx-ingress[301]: 502 Bad Gateway: connect() failed (111: Connection refused) while connecting to upstream 'http://10.244.2.199:8080/payment/charge'
2026-08-29T10:21:03.461Z CRITICAL kafka-broker-1[912]: CommitFailedException: Offset commit failed with CommitFailedException due to rebalance in progress for topic 'payment-events'
2026-08-29T10:21:30.118Z WARNING kafka-broker-1[912]: [ConsumerGroup order-processing-group]: Consumer lag threshold warning: partition 2 lag is 93192 messages
2026-08-29T10:21:41.388Z CRITICAL payment_gateway.processor [Worker-900]: Payment processing failed for tx_543389.
  Request Context: {"amount": 103, "currency": "USD", "gateway": "Stripe-v2", "attempt": 3}
  Exception: org.apache.http.conn.HttpHostConnectException: Connect to 10.244.2.173:8080 failed: Connection refused
    at org.apache.http.impl.conn.DefaultHttpClientConnectionOperator.connect(DefaultHttpClientConnectionOperator.java:159)
2026-08-29T10:22:07.490Z INFO payment_gateway.processor [Worker-702]: Payment intent created tx_600730 amount=$347.00 currency=USD
2026-08-29T10:22:22.456Z CRITICAL kafka-broker-1[912]: CommitFailedException: Offset commit failed with CommitFailedException due to rebalance in progress for topic 'payment-events'
2026-08-29T10:22:49.696Z CRITICAL kafka-broker-1[912]: CommitFailedException: Offset commit failed with CommitFailedException due to rebalance in progress for topic 'payment-events'
2026-08-29T10:23:10.650Z CRITICAL kafka-broker-1[912]: CommitFailedException: Offset commit failed with CommitFailedException due to rebalance in progress for topic 'payment-events'
2026-08-29T10:23:26.991Z ERROR nginx-ingress[301]: 502 Bad Gateway: connect() failed (111: Connection refused) while connecting to upstream 'http://10.244.2.5:8080/payment/charge'
2026-08-29T10:23:42.950Z INFO payment_gateway.processor [Worker-299]: Payment intent created tx_612735 amount=$784.00 currency=USD
2026-08-29T10:24:01.722Z ERROR nginx-ingress[301]: 502 Bad Gateway: connect() failed (111: Connection refused) while connecting to upstream 'http://10.244.2.235:8080/payment/charge'
2026-08-29T10:24:28.942Z INFO payment_gateway.processor [Worker-564]: Payment intent created tx_228728 amount=$388.00 currency=USD
2026-08-29T10:24:43.281Z INFO payment_gateway.processor [Worker-564]: Payment intent created tx_430310 amount=$281.00 currency=USD
2026-08-29T10:25:10.396Z CRITICAL payment_gateway.processor [Worker-917]: Payment processing failed for tx_633283.
  Request Context: {"amount": 245, "currency": "USD", "gateway": "Stripe-v2", "attempt": 3}
  Exception: org.apache.http.conn.HttpHostConnectException: Connect to 10.244.2.92:8080 failed: Connection refused
    at org.apache.http.impl.conn.DefaultHttpClientConnectionOperator.connect(DefaultHttpClientConnectionOperator.java:159)
2026-08-29T10:25:28.299Z WARNING kafka-broker-1[912]: [ConsumerGroup order-processing-group]: Consumer lag threshold warning: partition 2 lag is 56965 messages
2026-08-29T10:25:48.452Z WARNING kafka-broker-1[912]: [ConsumerGroup order-processing-group]: Consumer lag threshold warning: partition 3 lag is 83883 messages
2026-08-29T10:26:07.520Z CRITICAL payment_gateway.processor [Worker-588]: Payment processing failed for tx_709139.
  Request Context: {"amount": 669, "currency": "USD", "gateway": "Stripe-v2", "attempt": 3}
  Exception: org.apache.http.conn.HttpHostConnectException: Connect to 10.244.2.98:8080 failed: Connection refused
    at org.apache.http.impl.conn.DefaultHttpClientConnectionOperator.connect(DefaultHttpClientConnectionOperator.java:159)
2026-08-29T10:26:26.199Z INFO payment_gateway.processor [Worker-297]: Payment intent created tx_706211 amount=$97.00 currency=USD
2026-08-29T10:26:43.853Z WARNING kafka-broker-1[912]: [ConsumerGroup order-processing-group]: Consumer lag threshold warning: partition 0 lag is 87106 messages
2026-08-29T10:27:02.372Z INFO payment_gateway.processor [Worker-315]: Payment intent created tx_937595 amount=$415.00 currency=USD
2026-08-29T10:27:24.527Z CRITICAL payment_gateway.processor [Worker-255]: Payment processing failed for tx_451017.
  Request Context: {"amount": 192, "currency": "USD", "gateway": "Stripe-v2", "attempt": 3}
  Exception: org.apache.http.conn.HttpHostConnectException: Connect to 10.244.2.219:8080 failed: Connection refused
    at org.apache.http.impl.conn.DefaultHttpClientConnectionOperator.connect(DefaultHttpClientConnectionOperator.java:159)
2026-08-29T10:27:47.194Z ERROR nginx-ingress[301]: 502 Bad Gateway: connect() failed (111: Connection refused) while connecting to upstream 'http://10.244.2.83:8080/payment/charge'
2026-08-29T10:28:05.314Z ERROR nginx-ingress[301]: 502 Bad Gateway: connect() failed (111: Connection refused) while connecting to upstream 'http://10.244.2.156:8080/payment/charge'
2026-08-29T10:28:25.736Z CRITICAL payment_gateway.processor [Worker-474]: Payment processing failed for tx_198361.
  Request Context: {"amount": 683, "currency": "USD", "gateway": "Stripe-v2", "attempt": 3}
  Exception: org.apache.http.conn.HttpHostConnectException: Connect to 10.244.2.196:8080 failed: Connection refused
    at org.apache.http.impl.conn.DefaultHttpClientConnectionOperator.connect(DefaultHttpClientConnectionOperator.java:159)
2026-08-29T10:28:41.531Z CRITICAL kafka-broker-1[912]: CommitFailedException: Offset commit failed with CommitFailedException due to rebalance in progress for topic 'payment-events'
2026-08-29T10:29:08.499Z CRITICAL payment_gateway.processor [Worker-862]: Payment processing failed for tx_909732.
  Request Context: {"amount": 57, "currency": "USD", "gateway": "Stripe-v2", "attempt": 3}
  Exception: org.apache.http.conn.HttpHostConnectException: Connect to 10.244.2.107:8080 failed: Connection refused
    at org.apache.http.impl.conn.DefaultHttpClientConnectionOperator.connect(DefaultHttpClientConnectionOperator.java:159)
2026-08-29T10:29:29.908Z WARNING kafka-broker-1[912]: [ConsumerGroup order-processing-group]: Consumer lag threshold warning: partition 1 lag is 76296 messages
2026-08-29T10:29:41.990Z WARNING kafka-broker-1[912]: [ConsumerGroup order-processing-group]: Consumer lag threshold warning: partition 2 lag is 50387 messages
2026-08-29T10:30:04.382Z CRITICAL kafka-broker-1[912]: CommitFailedException: Offset commit failed with CommitFailedException due to rebalance in progress for topic 'payment-events'
2026-08-29T10:30:29.803Z WARNING kafka-broker-1[912]: [ConsumerGroup order-processing-group]: Consumer lag threshold warning: partition 3 lag is 62582 messages
2026-08-29T10:30:47.517Z CRITICAL kafka-broker-1[912]: CommitFailedException: Offset commit failed with CommitFailedException due to rebalance in progress for topic 'payment-events'
2026-08-29T10:31:04.454Z CRITICAL kafka-broker-1[912]: CommitFailedException: Offset commit failed with CommitFailedException due to rebalance in progress for topic 'payment-events'
2026-08-29T10:31:28.715Z WARNING kafka-broker-1[912]: [ConsumerGroup order-processing-group]: Consumer lag threshold warning: partition 0 lag is 66005 messages
2026-08-29T10:31:50.697Z ERROR nginx-ingress[301]: 502 Bad Gateway: connect() failed (111: Connection refused) while connecting to upstream 'http://10.244.2.134:8080/payment/charge'
2026-08-29T10:32:02.745Z CRITICAL kafka-broker-1[912]: CommitFailedException: Offset commit failed with CommitFailedException due to rebalance in progress for topic 'payment-events'
2026-08-29T10:32:24.640Z CRITICAL payment_gateway.processor [Worker-449]: Payment processing failed for tx_897271.
  Request Context: {"amount": 198, "currency": "USD", "gateway": "Stripe-v2", "attempt": 3}
  Exception: org.apache.http.conn.HttpHostConnectException: Connect to 10.244.2.18:8080 failed: Connection refused
    at org.apache.http.impl.conn.DefaultHttpClientConnectionOperator.connect(DefaultHttpClientConnectionOperator.java:159)
2026-08-29T10:32:43.490Z CRITICAL kafka-broker-1[912]: CommitFailedException: Offset commit failed with CommitFailedException due to rebalance in progress for topic 'payment-events'
2026-08-29T10:33:02.403Z INFO payment_gateway.processor [Worker-788]: Payment intent created tx_623716 amount=$606.00 currency=USD
2026-08-29T10:33:25.688Z WARNING kafka-broker-1[912]: [ConsumerGroup order-processing-group]: Consumer lag threshold warning: partition 3 lag is 92811 messages
2026-08-29T10:33:44.931Z INFO payment_gateway.processor [Worker-864]: Payment intent created tx_465481 amount=$362.00 currency=USD
2026-08-29T10:34:09.830Z CRITICAL kafka-broker-1[912]: CommitFailedException: Offset commit failed with CommitFailedException due to rebalance in progress for topic 'payment-events'
2026-08-29T10:34:27.338Z ERROR nginx-ingress[301]: 502 Bad Gateway: connect() failed (111: Connection refused) while connecting to upstream 'http://10.244.2.205:8080/payment/charge'
2026-08-29T10:34:42.549Z WARNING kafka-broker-1[912]: [ConsumerGroup order-processing-group]: Consumer lag threshold warning: partition 0 lag is 74082 messages
2026-08-29T10:35:03.751Z CRITICAL kafka-broker-1[912]: CommitFailedException: Offset commit failed with CommitFailedException due to rebalance in progress for topic 'payment-events'
2026-08-29T10:35:30.135Z CRITICAL payment_gateway.processor [Worker-327]: Payment processing failed for tx_158595.
  Request Context: {"amount": 611, "currency": "USD", "gateway": "Stripe-v2", "attempt": 3}
  Exception: org.apache.http.conn.HttpHostConnectException: Connect to 10.244.2.207:8080 failed: Connection refused
    at org.apache.http.impl.conn.DefaultHttpClientConnectionOperator.connect(DefaultHttpClientConnectionOperator.java:159)
2026-08-29T10:35:43.991Z CRITICAL payment_gateway.processor [Worker-371]: Payment processing failed for tx_726893.
  Request Context: {"amount": 614, "currency": "USD", "gateway": "Stripe-v2", "attempt": 3}
  Exception: org.apache.http.conn.HttpHostConnectException: Connect to 10.244.2.228:8080 failed: Connection refused
    at org.apache.http.impl.conn.DefaultHttpClientConnectionOperator.connect(DefaultHttpClientConnectionOperator.java:159)
2026-08-29T10:36:01.206Z CRITICAL kafka-broker-1[912]: CommitFailedException: Offset commit failed with CommitFailedException due to rebalance in progress for topic 'payment-events'
2026-08-29T10:36:22.792Z CRITICAL payment_gateway.processor [Worker-104]: Payment processing failed for tx_634344.
  Request Context: {"amount": 661, "currency": "USD", "gateway": "Stripe-v2", "attempt": 3}
  Exception: org.apache.http.conn.HttpHostConnectException: Connect to 10.244.2.45:8080 failed: Connection refused
    at org.apache.http.impl.conn.DefaultHttpClientConnectionOperator.connect(DefaultHttpClientConnectionOperator.java:159)
2026-08-29T10:36:49.963Z CRITICAL payment_gateway.processor [Worker-781]: Payment processing failed for tx_485832.
  Request Context: {"amount": 55, "currency": "USD", "gateway": "Stripe-v2", "attempt": 3}
  Exception: org.apache.http.conn.HttpHostConnectException: Connect to 10.244.2.232:8080 failed: Connection refused
    at org.apache.http.impl.conn.DefaultHttpClientConnectionOperator.connect(DefaultHttpClientConnectionOperator.java:159)
2026-08-29T10:37:02.250Z CRITICAL payment_gateway.processor [Worker-953]: Payment processing failed for tx_260125.
  Request Context: {"amount": 621, "currency": "USD", "gateway": "Stripe-v2", "attempt": 3}
  Exception: org.apache.http.conn.HttpHostConnectException: Connect to 10.244.2.99:8080 failed: Connection refused
    at org.apache.http.impl.conn.DefaultHttpClientConnectionOperator.connect(DefaultHttpClientConnectionOperator.java:159)
2026-08-29T10:37:26.638Z CRITICAL payment_gateway.processor [Worker-751]: Payment processing failed for tx_404091.
  Request Context: {"amount": 669, "currency": "USD", "gateway": "Stripe-v2", "attempt": 3}
  Exception: org.apache.http.conn.HttpHostConnectException: Connect to 10.244.2.40:8080 failed: Connection refused
    at org.apache.http.impl.conn.DefaultHttpClientConnectionOperator.connect(DefaultHttpClientConnectionOperator.java:159)
2026-08-29T10:37:47.337Z CRITICAL kafka-broker-1[912]: CommitFailedException: Offset commit failed with CommitFailedException due to rebalance in progress for topic 'payment-events'
2026-08-29T10:38:02.640Z CRITICAL payment_gateway.processor [Worker-740]: Payment processing failed for tx_111499.
  Request Context: {"amount": 125, "currency": "USD", "gateway": "Stripe-v2", "attempt": 3}
  Exception: org.apache.http.conn.HttpHostConnectException: Connect to 10.244.2.252:8080 failed: Connection refused
    at org.apache.http.impl.conn.DefaultHttpClientConnectionOperator.connect(DefaultHttpClientConnectionOperator.java:159)
2026-08-29T10:38:26.323Z ERROR nginx-ingress[301]: 502 Bad Gateway: connect() failed (111: Connection refused) while connecting to upstream 'http://10.244.2.118:8080/payment/charge'
2026-08-29T10:38:47.308Z INFO payment_gateway.processor [Worker-594]: Payment intent created tx_605690 amount=$686.00 currency=USD
2026-08-29T10:39:03.972Z INFO payment_gateway.processor [Worker-858]: Payment intent created tx_397882 amount=$282.00 currency=USD
2026-08-29T10:39:27.335Z CRITICAL payment_gateway.processor [Worker-656]: Payment processing failed for tx_989744.
  Request Context: {"amount": 322, "currency": "USD", "gateway": "Stripe-v2", "attempt": 3}
  Exception: org.apache.http.conn.HttpHostConnectException: Connect to 10.244.2.154:8080 failed: Connection refused
    at org.apache.http.impl.conn.DefaultHttpClientConnectionOperator.connect(DefaultHttpClientConnectionOperator.java:159)
2026-08-29T10:39:46.262Z CRITICAL payment_gateway.processor [Worker-943]: Payment processing failed for tx_143864.
  Request Context: {"amount": 214, "currency": "USD", "gateway": "Stripe-v2", "attempt": 3}
  Exception: org.apache.http.conn.HttpHostConnectException: Connect to 10.244.2.242:8080 failed: Connection refused
    at org.apache.http.impl.conn.DefaultHttpClientConnectionOperator.connect(DefaultHttpClientConnectionOperator.java:159)
2026-08-29T10:40:06.221Z CRITICAL kafka-broker-1[912]: CommitFailedException: Offset commit failed with CommitFailedException due to rebalance in progress for topic 'payment-events'
2026-08-29T10:40:23.678Z CRITICAL kafka-broker-1[912]: CommitFailedException: Offset commit failed with CommitFailedException due to rebalance in progress for topic 'payment-events'
2026-08-29T10:40:47.284Z INFO payment_gateway.processor [Worker-859]: Payment intent created tx_140043 amount=$612.00 currency=USD
2026-08-29T10:41:05.621Z INFO payment_gateway.processor [Worker-125]: Payment intent created tx_641901 amount=$565.00 currency=USD
2026-08-29T10:41:21.709Z CRITICAL kafka-broker-1[912]: CommitFailedException: Offset commit failed with CommitFailedException due to rebalance in progress for topic 'payment-events'
2026-08-29T10:41:49.615Z INFO payment_gateway.processor [Worker-304]: Payment intent created tx_629133 amount=$712.00 currency=USD
2026-08-29T10:42:08.682Z CRITICAL kafka-broker-1[912]: CommitFailedException: Offset commit failed with CommitFailedException due to rebalance in progress for topic 'payment-events'
2026-08-29T10:42:29.476Z CRITICAL kafka-broker-1[912]: CommitFailedException: Offset commit failed with CommitFailedException due to rebalance in progress for topic 'payment-events'
2026-08-29T10:42:49.885Z WARNING kafka-broker-1[912]: [ConsumerGroup order-processing-group]: Consumer lag threshold warning: partition 2 lag is 91349 messages
2026-08-29T10:43:01.697Z CRITICAL kafka-broker-1[912]: CommitFailedException: Offset commit failed with CommitFailedException due to rebalance in progress for topic 'payment-events'
2026-08-29T10:43:21.839Z ERROR nginx-ingress[301]: 502 Bad Gateway: connect() failed (111: Connection refused) while connecting to upstream 'http://10.244.2.130:8080/payment/charge'
2026-08-29T10:43:46.102Z CRITICAL kafka-broker-1[912]: CommitFailedException: Offset commit failed with CommitFailedException due to rebalance in progress for topic 'payment-events'
2026-08-29T10:44:01.445Z CRITICAL payment_gateway.processor [Worker-461]: Payment processing failed for tx_523471.
  Request Context: {"amount": 332, "currency": "USD", "gateway": "Stripe-v2", "attempt": 3}
  Exception: org.apache.http.conn.HttpHostConnectException: Connect to 10.244.2.32:8080 failed: Connection refused
    at org.apache.http.impl.conn.DefaultHttpClientConnectionOperator.connect(DefaultHttpClientConnectionOperator.java:159)
2026-08-29T10:44:26.481Z INFO payment_gateway.processor [Worker-770]: Payment intent created tx_331023 amount=$25.00 currency=USD
2026-08-29T10:44:47.902Z CRITICAL kafka-broker-1[912]: CommitFailedException: Offset commit failed with CommitFailedException due to rebalance in progress for topic 'payment-events'
2026-08-29T10:45:01.360Z CRITICAL kafka-broker-1[912]: CommitFailedException: Offset commit failed with CommitFailedException due to rebalance in progress for topic 'payment-events'
2026-08-29T10:45:23.692Z INFO payment_gateway.processor [Worker-187]: Payment intent created tx_302125 amount=$520.00 currency=USD
2026-08-29T10:45:48.578Z CRITICAL kafka-broker-1[912]: CommitFailedException: Offset commit failed with CommitFailedException due to rebalance in progress for topic 'payment-events'
2026-08-29T10:46:04.831Z CRITICAL payment_gateway.processor [Worker-765]: Payment processing failed for tx_426445.
  Request Context: {"amount": 28, "currency": "USD", "gateway": "Stripe-v2", "attempt": 3}
  Exception: org.apache.http.conn.HttpHostConnectException: Connect to 10.244.2.232:8080 failed: Connection refused
    at org.apache.http.impl.conn.DefaultHttpClientConnectionOperator.connect(DefaultHttpClientConnectionOperator.java:159)
2026-08-29T10:46:26.871Z CRITICAL payment_gateway.processor [Worker-438]: Payment processing failed for tx_965105.
  Request Context: {"amount": 183, "currency": "USD", "gateway": "Stripe-v2", "attempt": 3}
  Exception: org.apache.http.conn.HttpHostConnectException: Connect to 10.244.2.249:8080 failed: Connection refused
    at org.apache.http.impl.conn.DefaultHttpClientConnectionOperator.connect(DefaultHttpClientConnectionOperator.java:159)
2026-08-29T10:46:50.401Z ERROR nginx-ingress[301]: 502 Bad Gateway: connect() failed (111: Connection refused) while connecting to upstream 'http://10.244.2.92:8080/payment/charge'
2026-08-29T10:47:06.900Z WARNING kafka-broker-1[912]: [ConsumerGroup order-processing-group]: Consumer lag threshold warning: partition 0 lag is 86451 messages
2026-08-29T10:47:24.691Z CRITICAL kafka-broker-1[912]: CommitFailedException: Offset commit failed with CommitFailedException due to rebalance in progress for topic 'payment-events'
2026-08-29T10:47:48.532Z WARNING kafka-broker-1[912]: [ConsumerGroup order-processing-group]: Consumer lag threshold warning: partition 3 lag is 88111 messages
2026-08-29T10:48:08.296Z ERROR nginx-ingress[301]: 502 Bad Gateway: connect() failed (111: Connection refused) while connecting to upstream 'http://10.244.2.121:8080/payment/charge'
2026-08-29T10:48:30.765Z INFO payment_gateway.processor [Worker-573]: Payment intent created tx_772655 amount=$71.00 currency=USD
2026-08-29T10:48:50.942Z CRITICAL kafka-broker-1[912]: CommitFailedException: Offset commit failed with CommitFailedException due to rebalance in progress for topic 'payment-events'
2026-08-29T10:49:08.448Z ERROR nginx-ingress[301]: 502 Bad Gateway: connect() failed (111: Connection refused) while connecting to upstream 'http://10.244.2.110:8080/payment/charge'
2026-08-29T10:49:29.563Z CRITICAL kafka-broker-1[912]: CommitFailedException: Offset commit failed with CommitFailedException due to rebalance in progress for topic 'payment-events'
2026-08-29T10:49:48.529Z CRITICAL kafka-broker-1[912]: CommitFailedException: Offset commit failed with CommitFailedException due to rebalance in progress for topic 'payment-events'
2026-08-30T14:10:28.776755Z CRITICAL [PaymentWorker-37] payment_gateway.processor - Payment transaction tx_48257 failed with HTTP 502 Bad Gateway.
  Request Context: {"amount": 115, "currency": "USD", "gateway": "Stripe-v2", "attempt": 3}
  Exception: org.apache.http.conn.HttpHostConnectException: Connect to 10.244.2.45:8080 failed: Connection refused
    at org.apache.http.impl.conn.DefaultHttpClientConnectionOperator.connect(DefaultHttpClientConnectionOperator.java:159)
    at org.apache.http.impl.conn.PoolingHttpClientConnectionManager.connect(PoolingHttpClientConnectionManager.java:376)

2026-08-30T14:10:34.796924Z ERROR [KafkaConsumer-46] payment_gateway.kafka - Kafka Consumer Lag Critical: Topic 'payment-events' partition 3 lag is 45752.

2026-08-30T14:10:43.816424Z CRITICAL [PaymentWorker-11] payment_gateway.processor - Payment transaction tx_57165 failed with HTTP 502 Bad Gateway.
  Request Context: {"amount": 278, "currency": "USD", "gateway": "Stripe-v2", "attempt": 3}
  Exception: org.apache.http.conn.HttpHostConnectException: Connect to 10.244.2.45:8080 failed: Connection refused
    at org.apache.http.impl.conn.DefaultHttpClientConnectionOperator.connect(DefaultHttpClientConnectionOperator.java:159)
    at org.apache.http.impl.conn.PoolingHttpClientConnectionManager.connect(PoolingHttpClientConnectionManager.java:376)

2026-08-30T14:10:46.821362Z ERROR [KafkaConsumer-52] payment_gateway.kafka - Kafka Consumer Lag Critical: Topic 'payment-events' partition 3 lag is 55681.

2026-08-30T14:10:52.831984Z CRITICAL [PaymentWorker-38] payment_gateway.processor - Payment transaction tx_31821 failed with HTTP 502 Bad Gateway.
  Request Context: {"amount": 197, "currency": "USD", "gateway": "Stripe-v2", "attempt": 3}
  Exception: org.apache.http.conn.HttpHostConnectException: Connect to 10.244.2.45:8080 failed: Connection refused
    at org.apache.http.impl.conn.DefaultHttpClientConnectionOperator.connect(DefaultHttpClientConnectionOperator.java:159)
    at org.apache.http.impl.conn.PoolingHttpClientConnectionManager.connect(PoolingHttpClientConnectionManager.java:376)

2026-08-30T14:11:01.847409Z ERROR [KafkaConsumer-22] payment_gateway.kafka - Kafka Consumer Lag Critical: Topic 'payment-events' partition 3 lag is 45475.

2026-08-30T14:11:16.891401Z CRITICAL [PaymentWorker-26] payment_gateway.processor - Payment transaction tx_56489 failed with HTTP 502 Bad Gateway.
  Request Context: {"amount": 392, "currency": "USD", "gateway": "Stripe-v2", "attempt": 3}
  Exception: org.apache.http.conn.HttpHostConnectException: Connect to 10.244.2.45:8080 failed: Connection refused
    at org.apache.http.impl.conn.DefaultHttpClientConnectionOperator.connect(DefaultHttpClientConnectionOperator.java:159)
    at org.apache.http.impl.conn.PoolingHttpClientConnectionManager.connect(PoolingHttpClientConnectionManager.java:376)

2026-08-30T14:11:31.931868Z ERROR [KafkaConsumer-50] payment_gateway.kafka - Kafka Consumer Lag Critical: Topic 'payment-events' partition 1 lag is 71797.

2026-08-30T14:11:32.302700Z ERROR [KafkaConsumer-49] payment_gateway.kafka - Kafka Consumer Lag Critical: Topic 'payment-events' partition 2 lag is 73574.

2026-08-30T14:11:34.936946Z CRITICAL [PaymentWorker-63] payment_gateway.processor - Payment transaction tx_74007 failed with HTTP 502 Bad Gateway.
  Request Context: {"amount": 369, "currency": "USD", "gateway": "Stripe-v2", "attempt": 3}
  Exception: org.apache.http.conn.HttpHostConnectException: Connect to 10.244.2.45:8080 failed: Connection refused
    at org.apache.http.impl.conn.DefaultHttpClientConnectionOperator.connect(DefaultHttpClientConnectionOperator.java:159)
    at org.apache.http.impl.conn.PoolingHttpClientConnectionManager.connect(PoolingHttpClientConnectionManager.java:376)

2026-08-30T14:11:37.942199Z CRITICAL [PaymentWorker-88] payment_gateway.processor - Payment transaction tx_57813 failed with HTTP 502 Bad Gateway.
  Request Context: {"amount": 463, "currency": "USD", "gateway": "Stripe-v2", "attempt": 3}
  Exception: org.apache.http.conn.HttpHostConnectException: Connect to 10.244.2.45:8080 failed: Connection refused
    at org.apache.http.impl.conn.DefaultHttpClientConnectionOperator.connect(DefaultHttpClientConnectionOperator.java:159)
    at org.apache.http.impl.conn.PoolingHttpClientConnectionManager.connect(PoolingHttpClientConnectionManager.java:376)

2026-08-30T14:11:49.964167Z ERROR [KafkaConsumer-57] payment_gateway.kafka - Kafka Consumer Lag Critical: Topic 'payment-events' partition 0 lag is 40850.

2026-08-30T14:11:58.978747Z CRITICAL [PaymentWorker-95] payment_gateway.processor - Payment transaction tx_20598 failed with HTTP 502 Bad Gateway.
  Request Context: {"amount": 428, "currency": "USD", "gateway": "Stripe-v2", "attempt": 3}
  Exception: org.apache.http.conn.HttpHostConnectException: Connect to 10.244.2.45:8080 failed: Connection refused
    at org.apache.http.impl.conn.DefaultHttpClientConnectionOperator.connect(DefaultHttpClientConnectionOperator.java:159)
    at org.apache.http.impl.conn.PoolingHttpClientConnectionManager.connect(PoolingHttpClientConnectionManager.java:376)

2026-08-30T14:12:01.983457Z ERROR [KafkaConsumer-14] payment_gateway.kafka - Kafka Consumer Lag Critical: Topic 'payment-events' partition 0 lag is 53228.

2026-08-30T14:12:04.990966Z ERROR [KafkaConsumer-69] payment_gateway.kafka - Kafka Consumer Lag Critical: Topic 'payment-events' partition 1 lag is 46977.

2026-08-30T14:12:05.895612Z CRITICAL [PaymentWorker-64] payment_gateway.processor - Payment transaction tx_65465 failed with HTTP 502 Bad Gateway.
  Request Context: {"amount": 141, "currency": "USD", "gateway": "Stripe-v2", "attempt": 3}
  Exception: org.apache.http.conn.HttpHostConnectException: Connect to 10.244.2.45:8080 failed: Connection refused
    at org.apache.http.impl.conn.DefaultHttpClientConnectionOperator.connect(DefaultHttpClientConnectionOperator.java:159)
    at org.apache.http.impl.conn.PoolingHttpClientConnectionManager.connect(PoolingHttpClientConnectionManager.java:376)

2026-08-30T14:12:20.021481Z ERROR [KafkaConsumer-51] payment_gateway.kafka - Kafka Consumer Lag Critical: Topic 'payment-events' partition 0 lag is 58095.

2026-08-30T14:12:29.042668Z ERROR [KafkaConsumer-69] payment_gateway.kafka - Kafka Consumer Lag Critical: Topic 'payment-events' partition 0 lag is 68002.

2026-08-30T14:12:32.047876Z CRITICAL [PaymentWorker-70] payment_gateway.processor - Payment transaction tx_40946 failed with HTTP 502 Bad Gateway.
  Request Context: {"amount": 400, "currency": "USD", "gateway": "Stripe-v2", "attempt": 3}
  Exception: org.apache.http.conn.HttpHostConnectException: Connect to 10.244.2.45:8080 failed: Connection refused
    at org.apache.http.impl.conn.DefaultHttpClientConnectionOperator.connect(DefaultHttpClientConnectionOperator.java:159)
    at org.apache.http.impl.conn.PoolingHttpClientConnectionManager.connect(PoolingHttpClientConnectionManager.java:376)

2026-08-30T14:12:35.052569Z ERROR [KafkaConsumer-91] payment_gateway.kafka - Kafka Consumer Lag Critical: Topic 'payment-events' partition 0 lag is 56007.

2026-08-30T14:12:41.062577Z ERROR [KafkaConsumer-50] payment_gateway.kafka - Kafka Consumer Lag Critical: Topic 'payment-events' partition 2 lag is 59703.

2026-08-30T14:12:44.076449Z ERROR [KafkaConsumer-63] payment_gateway.kafka - Kafka Consumer Lag Critical: Topic 'payment-events' partition 1 lag is 54595.

2026-08-30T14:13:20.157497Z ERROR [KafkaConsumer-68] payment_gateway.kafka - Kafka Consumer Lag Critical: Topic 'payment-events' partition 2 lag is 50375.

2026-08-30T14:13:44.210046Z ERROR [KafkaConsumer-39] payment_gateway.kafka - Kafka Consumer Lag Critical: Topic 'payment-events' partition 3 lag is 45905.

2026-08-30T14:13:47.214784Z ERROR [KafkaConsumer-61] payment_gateway.kafka - Kafka Consumer Lag Critical: Topic 'payment-events' partition 2 lag is 66953.

2026-08-30T14:13:50.222366Z ERROR [KafkaConsumer-97] payment_gateway.kafka - Kafka Consumer Lag Critical: Topic 'payment-events' partition 1 lag is 71277.

2026-08-30T14:13:59.259467Z CRITICAL [PaymentWorker-92] payment_gateway.processor - Payment transaction tx_49739 failed with HTTP 502 Bad Gateway.
  Request Context: {"amount": 454, "currency": "USD", "gateway": "Stripe-v2", "attempt": 3}
  Exception: org.apache.http.conn.HttpHostConnectException: Connect to 10.244.2.45:8080 failed: Connection refused
    at org.apache.http.impl.conn.DefaultHttpClientConnectionOperator.connect(DefaultHttpClientConnectionOperator.java:159)
    at org.apache.http.impl.conn.PoolingHttpClientConnectionManager.connect(PoolingHttpClientConnectionManager.java:376)

2026-08-30T14:14:05.278339Z CRITICAL [PaymentWorker-97] payment_gateway.processor - Payment transaction tx_58085 failed with HTTP 502 Bad Gateway.
  Request Context: {"amount": 194, "currency": "USD", "gateway": "Stripe-v2", "attempt": 3}
  Exception: org.apache.http.conn.HttpHostConnectException: Connect to 10.244.2.45:8080 failed: Connection refused
    at org.apache.http.impl.conn.DefaultHttpClientConnectionOperator.connect(DefaultHttpClientConnectionOperator.java:159)
    at org.apache.http.impl.conn.PoolingHttpClientConnectionManager.connect(PoolingHttpClientConnectionManager.java:376)

2026-08-30T14:14:11.298008Z ERROR [KafkaConsumer-20] payment_gateway.kafka - Kafka Consumer Lag Critical: Topic 'payment-events' partition 1 lag is 67338.

2026-08-30T14:14:14.303041Z ERROR [KafkaConsumer-14] payment_gateway.kafka - Kafka Consumer Lag Critical: Topic 'payment-events' partition 2 lag is 45300.

2026-08-30T14:14:26.327606Z ERROR [KafkaConsumer-75] payment_gateway.kafka - Kafka Consumer Lag Critical: Topic 'payment-events' partition 2 lag is 43351.

2026-08-30T14:14:53.396072Z ERROR [KafkaConsumer-80] payment_gateway.kafka - Kafka Consumer Lag Critical: Topic 'payment-events' partition 0 lag is 60043.

2026-08-30T14:14:56.407284Z ERROR [KafkaConsumer-87] payment_gateway.kafka - Kafka Consumer Lag Critical: Topic 'payment-events' partition 2 lag is 76734.

2026-08-30T14:15:02.420373Z CRITICAL [PaymentWorker-92] payment_gateway.processor - Payment transaction tx_99477 failed with HTTP 502 Bad Gateway.
  Request Context: {"amount": 261, "currency": "USD", "gateway": "Stripe-v2", "attempt": 3}
  Exception: org.apache.http.conn.HttpHostConnectException: Connect to 10.244.2.45:8080 failed: Connection refused
    at org.apache.http.impl.conn.DefaultHttpClientConnectionOperator.connect(DefaultHttpClientConnectionOperator.java:159)
    at org.apache.http.impl.conn.PoolingHttpClientConnectionManager.connect(PoolingHttpClientConnectionManager.java:376)

2026-08-30T14:15:08.436162Z CRITICAL [PaymentWorker-50] payment_gateway.processor - Payment transaction tx_27303 failed with HTTP 502 Bad Gateway.
  Request Context: {"amount": 30, "currency": "USD", "gateway": "Stripe-v2", "attempt": 3}
  Exception: org.apache.http.conn.HttpHostConnectException: Connect to 10.244.2.45:8080 failed: Connection refused
    at org.apache.http.impl.conn.DefaultHttpClientConnectionOperator.connect(DefaultHttpClientConnectionOperator.java:159)
    at org.apache.http.impl.conn.PoolingHttpClientConnectionManager.connect(PoolingHttpClientConnectionManager.java:376)

2026-08-30T14:15:17.450951Z ERROR [KafkaConsumer-20] payment_gateway.kafka - Kafka Consumer Lag Critical: Topic 'payment-events' partition 0 lag is 79767.

2026-08-30T14:15:26.472600Z CRITICAL [PaymentWorker-55] payment_gateway.processor - Payment transaction tx_32147 failed with HTTP 502 Bad Gateway.
  Request Context: {"amount": 416, "currency": "USD", "gateway": "Stripe-v2", "attempt": 3}
  Exception: org.apache.http.conn.HttpHostConnectException: Connect to 10.244.2.45:8080 failed: Connection refused
    at org.apache.http.impl.conn.DefaultHttpClientConnectionOperator.connect(DefaultHttpClientConnectionOperator.java:159)
    at org.apache.http.impl.conn.PoolingHttpClientConnectionManager.connect(PoolingHttpClientConnectionManager.java:376)

2026-08-30T14:15:38.512160Z CRITICAL [PaymentWorker-51] payment_gateway.processor - Payment transaction tx_67300 failed with HTTP 502 Bad Gateway.
  Request Context: {"amount": 480, "currency": "USD", "gateway": "Stripe-v2", "attempt": 3}
  Exception: org.apache.http.conn.HttpHostConnectException: Connect to 10.244.2.45:8080 failed: Connection refused
    at org.apache.http.impl.conn.DefaultHttpClientConnectionOperator.connect(DefaultHttpClientConnectionOperator.java:159)
    at org.apache.http.impl.conn.PoolingHttpClientConnectionManager.connect(PoolingHttpClientConnectionManager.java:376)

2026-08-30T14:15:41.517282Z CRITICAL [PaymentWorker-17] payment_gateway.processor - Payment transaction tx_78363 failed with HTTP 502 Bad Gateway.
  Request Context: {"amount": 220, "currency": "USD", "gateway": "Stripe-v2", "attempt": 3}
  Exception: org.apache.http.conn.HttpHostConnectException: Connect to 10.244.2.45:8080 failed: Connection refused
    at org.apache.http.impl.conn.DefaultHttpClientConnectionOperator.connect(DefaultHttpClientConnectionOperator.java:159)
    at org.apache.http.impl.conn.PoolingHttpClientConnectionManager.connect(PoolingHttpClientConnectionManager.java:376)

2026-08-30T14:15:47.536932Z CRITICAL [PaymentWorker-56] payment_gateway.processor - Payment transaction tx_12770 failed with HTTP 502 Bad Gateway.
  Request Context: {"amount": 395, "currency": "USD", "gateway": "Stripe-v2", "attempt": 3}
  Exception: org.apache.http.conn.HttpHostConnectException: Connect to 10.244.2.45:8080 failed: Connection refused
    at org.apache.http.impl.conn.DefaultHttpClientConnectionOperator.connect(DefaultHttpClientConnectionOperator.java:159)
    at org.apache.http.impl.conn.PoolingHttpClientConnectionManager.connect(PoolingHttpClientConnectionManager.java:376)

2026-08-30T14:15:56.550987Z CRITICAL [PaymentWorker-44] payment_gateway.processor - Payment transaction tx_24871 failed with HTTP 502 Bad Gateway.
  Request Context: {"amount": 115, "currency": "USD", "gateway": "Stripe-v2", "attempt": 3}
  Exception: org.apache.http.conn.HttpHostConnectException: Connect to 10.244.2.45:8080 failed: Connection refused
    at org.apache.http.impl.conn.DefaultHttpClientConnectionOperator.connect(DefaultHttpClientConnectionOperator.java:159)
    at org.apache.http.impl.conn.PoolingHttpClientConnectionManager.connect(PoolingHttpClientConnectionManager.java:376)

2026-08-30T14:15:59.556159Z ERROR [KafkaConsumer-98] payment_gateway.kafka - Kafka Consumer Lag Critical: Topic 'payment-events' partition 1 lag is 46876.

2026-08-30T14:16:08.577912Z ERROR [KafkaConsumer-51] payment_gateway.kafka - Kafka Consumer Lag Critical: Topic 'payment-events' partition 1 lag is 70565.

2026-08-30T14:16:14.587996Z CRITICAL [PaymentWorker-33] payment_gateway.processor - Payment transaction tx_45885 failed with HTTP 502 Bad Gateway.
  Request Context: {"amount": 420, "currency": "USD", "gateway": "Stripe-v2", "attempt": 3}
  Exception: org.apache.http.conn.HttpHostConnectException: Connect to 10.244.2.45:8080 failed: Connection refused
    at org.apache.http.impl.conn.DefaultHttpClientConnectionOperator.connect(DefaultHttpClientConnectionOperator.java:159)
    at org.apache.http.impl.conn.PoolingHttpClientConnectionManager.connect(PoolingHttpClientConnectionManager.java:376)

2026-08-30T14:16:17.595610Z CRITICAL [PaymentWorker-48] payment_gateway.processor - Payment transaction tx_83074 failed with HTTP 502 Bad Gateway.
  Request Context: {"amount": 340, "currency": "USD", "gateway": "Stripe-v2", "attempt": 3}
  Exception: org.apache.http.conn.HttpHostConnectException: Connect to 10.244.2.45:8080 failed: Connection refused
    at org.apache.http.impl.conn.DefaultHttpClientConnectionOperator.connect(DefaultHttpClientConnectionOperator.java:159)
    at org.apache.http.impl.conn.PoolingHttpClientConnectionManager.connect(PoolingHttpClientConnectionManager.java:376)

2026-08-30T14:16:49.205886Z CRITICAL [PaymentWorker-81] payment_gateway.processor - Payment transaction tx_90648 failed with HTTP 502 Bad Gateway.
  Request Context: {"amount": 261, "currency": "USD", "gateway": "Stripe-v2", "attempt": 3}
  Exception: org.apache.http.conn.HttpHostConnectException: Connect to 10.244.2.45:8080 failed: Connection refused
    at org.apache.http.impl.conn.DefaultHttpClientConnectionOperator.connect(DefaultHttpClientConnectionOperator.java:159)
    at org.apache.http.impl.conn.PoolingHttpClientConnectionManager.connect(PoolingHttpClientConnectionManager.java:376)

2026-08-30T14:16:52.212138Z CRITICAL [PaymentWorker-49] payment_gateway.processor - Payment transaction tx_66939 failed with HTTP 502 Bad Gateway.
  Request Context: {"amount": 113, "currency": "USD", "gateway": "Stripe-v2", "attempt": 3}
  Exception: org.apache.http.conn.HttpHostConnectException: Connect to 10.244.2.45:8080 failed: Connection refused
    at org.apache.http.impl.conn.DefaultHttpClientConnectionOperator.connect(DefaultHttpClientConnectionOperator.java:159)
    at org.apache.http.impl.conn.PoolingHttpClientConnectionManager.connect(PoolingHttpClientConnectionManager.java:376)

2026-08-30T14:17:07.240271Z ERROR [KafkaConsumer-64] payment_gateway.kafka - Kafka Consumer Lag Critical: Topic 'payment-events' partition 1 lag is 45565.

2026-08-30T14:17:22.274077Z CRITICAL [PaymentWorker-96] payment_gateway.processor - Payment transaction tx_81312 failed with HTTP 502 Bad Gateway.
  Request Context: {"amount": 137, "currency": "USD", "gateway": "Stripe-v2", "attempt": 3}
  Exception: org.apache.http.conn.HttpHostConnectException: Connect to 10.244.2.45:8080 failed: Connection refused
    at org.apache.http.impl.conn.DefaultHttpClientConnectionOperator.connect(DefaultHttpClientConnectionOperator.java:159)
    at org.apache.http.impl.conn.PoolingHttpClientConnectionManager.connect(PoolingHttpClientConnectionManager.java:376)

2026-08-30T14:17:25.280682Z ERROR [KafkaConsumer-84] payment_gateway.kafka - Kafka Consumer Lag Critical: Topic 'payment-events' partition 3 lag is 47466.

2026-08-30T14:17:37.301018Z CRITICAL [PaymentWorker-59] payment_gateway.processor - Payment transaction tx_89647 failed with HTTP 502 Bad Gateway.
  Request Context: {"amount": 98, "currency": "USD", "gateway": "Stripe-v2", "attempt": 3}
  Exception: org.apache.http.conn.HttpHostConnectException: Connect to 10.244.2.45:8080 failed: Connection refused
    at org.apache.http.impl.conn.DefaultHttpClientConnectionOperator.connect(DefaultHttpClientConnectionOperator.java:159)
    at org.apache.http.impl.conn.PoolingHttpClientConnectionManager.connect(PoolingHttpClientConnectionManager.java:376)

2026-08-30T14:17:46.316915Z ERROR [KafkaConsumer-22] payment_gateway.kafka - Kafka Consumer Lag Critical: Topic 'payment-events' partition 2 lag is 48552.

2026-08-30T14:17:49.328383Z ERROR [KafkaConsumer-99] payment_gateway.kafka - Kafka Consumer Lag Critical: Topic 'payment-events' partition 3 lag is 53518.

2026-08-30T14:17:52.338871Z ERROR [KafkaConsumer-12] payment_gateway.kafka - Kafka Consumer Lag Critical: Topic 'payment-events' partition 2 lag is 45242.

2026-08-30T14:17:58.349461Z CRITICAL [PaymentWorker-81] payment_gateway.processor - Payment transaction tx_96402 failed with HTTP 502 Bad Gateway.
  Request Context: {"amount": 234, "currency": "USD", "gateway": "Stripe-v2", "attempt": 3}
  Exception: org.apache.http.conn.HttpHostConnectException: Connect to 10.244.2.45:8080 failed: Connection refused
    at org.apache.http.impl.conn.DefaultHttpClientConnectionOperator.connect(DefaultHttpClientConnectionOperator.java:159)
    at org.apache.http.impl.conn.PoolingHttpClientConnectionManager.connect(PoolingHttpClientConnectionManager.java:376)

2026-08-30T14:18:01.354303Z ERROR [KafkaConsumer-97] payment_gateway.kafka - Kafka Consumer Lag Critical: Topic 'payment-events' partition 1 lag is 48918.

2026-08-30T14:18:07.372500Z CRITICAL [PaymentWorker-98] payment_gateway.processor - Payment transaction tx_15295 failed with HTTP 502 Bad Gateway.
  Request Context: {"amount": 337, "currency": "USD", "gateway": "Stripe-v2", "attempt": 3}
  Exception: org.apache.http.conn.HttpHostConnectException: Connect to 10.244.2.45:8080 failed: Connection refused
    at org.apache.http.impl.conn.DefaultHttpClientConnectionOperator.connect(DefaultHttpClientConnectionOperator.java:159)
    at org.apache.http.impl.conn.PoolingHttpClientConnectionManager.connect(PoolingHttpClientConnectionManager.java:376)

2026-08-30T14:18:10.377205Z CRITICAL [PaymentWorker-25] payment_gateway.processor - Payment transaction tx_72372 failed with HTTP 502 Bad Gateway.
  Request Context: {"amount": 10, "currency": "USD", "gateway": "Stripe-v2", "attempt": 3}
  Exception: org.apache.http.conn.HttpHostConnectException: Connect to 10.244.2.45:8080 failed: Connection refused
    at org.apache.http.impl.conn.DefaultHttpClientConnectionOperator.connect(DefaultHttpClientConnectionOperator.java:159)
    at org.apache.http.impl.conn.PoolingHttpClientConnectionManager.connect(PoolingHttpClientConnectionManager.java:376)

2026-08-30T14:18:13.382475Z CRITICAL [PaymentWorker-51] payment_gateway.processor - Payment transaction tx_95425 failed with HTTP 502 Bad Gateway.
  Request Context: {"amount": 169, "currency": "USD", "gateway": "Stripe-v2", "attempt": 3}
  Exception: org.apache.http.conn.HttpHostConnectException: Connect to 10.244.2.45:8080 failed: Connection refused
    at org.apache.http.impl.conn.DefaultHttpClientConnectionOperator.connect(DefaultHttpClientConnectionOperator.java:159)
    at org.apache.http.impl.conn.PoolingHttpClientConnectionManager.connect(PoolingHttpClientConnectionManager.java:376)

2026-08-30T14:18:16.386968Z ERROR [KafkaConsumer-25] payment_gateway.kafka - Kafka Consumer Lag Critical: Topic 'payment-events' partition 3 lag is 53415.

2026-08-30T14:18:19.392618Z ERROR [KafkaConsumer-58] payment_gateway.kafka - Kafka Consumer Lag Critical: Topic 'payment-events' partition 0 lag is 57174.

2026-08-30T14:18:22.398538Z CRITICAL [PaymentWorker-66] payment_gateway.processor - Payment transaction tx_55599 failed with HTTP 502 Bad Gateway.
  Request Context: {"amount": 66, "currency": "USD", "gateway": "Stripe-v2", "attempt": 3}
  Exception: org.apache.http.conn.HttpHostConnectException: Connect to 10.244.2.45:8080 failed: Connection refused
    at org.apache.http.impl.conn.DefaultHttpClientConnectionOperator.connect(DefaultHttpClientConnectionOperator.java:159)
    at org.apache.http.impl.conn.PoolingHttpClientConnectionManager.connect(PoolingHttpClientConnectionManager.java:376)

2026-08-30T14:18:28.409109Z ERROR [KafkaConsumer-17] payment_gateway.kafka - Kafka Consumer Lag Critical: Topic 'payment-events' partition 1 lag is 41897.

2026-08-30T14:19:07.866861Z ERROR [KafkaConsumer-13] payment_gateway.kafka - Kafka Consumer Lag Critical: Topic 'payment-events' partition 1 lag is 54707.

2026-08-30T14:19:16.910931Z ERROR [KafkaConsumer-44] payment_gateway.kafka - Kafka Consumer Lag Critical: Topic 'payment-events' partition 1 lag is 64667.

2026-08-30T14:19:31.942740Z ERROR [KafkaConsumer-56] payment_gateway.kafka - Kafka Consumer Lag Critical: Topic 'payment-events' partition 3 lag is 54342.

2026-08-30T14:19:37.953031Z ERROR [KafkaConsumer-36] payment_gateway.kafka - Kafka Consumer Lag Critical: Topic 'payment-events' partition 0 lag is 66751.

2026-08-30T14:19:40.961560Z CRITICAL [PaymentWorker-34] payment_gateway.processor - Payment transaction tx_55492 failed with HTTP 502 Bad Gateway.
  Request Context: {"amount": 481, "currency": "USD", "gateway": "Stripe-v2", "attempt": 3}
  Exception: org.apache.http.conn.HttpHostConnectException: Connect to 10.244.2.45:8080 failed: Connection refused
    at org.apache.http.impl.conn.DefaultHttpClientConnectionOperator.connect(DefaultHttpClientConnectionOperator.java:159)
    at org.apache.http.impl.conn.PoolingHttpClientConnectionManager.connect(PoolingHttpClientConnectionManager.java:376)

2026-08-30T14:19:43.966064Z CRITICAL [PaymentWorker-65] payment_gateway.processor - Payment transaction tx_34409 failed with HTTP 502 Bad Gateway.
  Request Context: {"amount": 98, "currency": "USD", "gateway": "Stripe-v2", "attempt": 3}
  Exception: org.apache.http.conn.HttpHostConnectException: Connect to 10.244.2.45:8080 failed: Connection refused
    at org.apache.http.impl.conn.DefaultHttpClientConnectionOperator.connect(DefaultHttpClientConnectionOperator.java:159)
    at org.apache.http.impl.conn.PoolingHttpClientConnectionManager.connect(PoolingHttpClientConnectionManager.java:376)

2026-08-30T14:19:58.993205Z CRITICAL [PaymentWorker-55] payment_gateway.processor - Payment transaction tx_22833 failed with HTTP 502 Bad Gateway.
  Request Context: {"amount": 171, "currency": "USD", "gateway": "Stripe-v2", "attempt": 3}
  Exception: org.apache.http.conn.HttpHostConnectException: Connect to 10.244.2.45:8080 failed: Connection refused
    at org.apache.http.impl.conn.DefaultHttpClientConnectionOperator.connect(DefaultHttpClientConnectionOperator.java:159)
    at org.apache.http.impl.conn.PoolingHttpClientConnectionManager.connect(PoolingHttpClientConnectionManager.java:376)

2026-08-30T14:20:01.998325Z CRITICAL [PaymentWorker-42] payment_gateway.processor - Payment transaction tx_64877 failed with HTTP 502 Bad Gateway.
  Request Context: {"amount": 320, "currency": "USD", "gateway": "Stripe-v2", "attempt": 3}
  Exception: org.apache.http.conn.HttpHostConnectException: Connect to 10.244.2.45:8080 failed: Connection refused
    at org.apache.http.impl.conn.DefaultHttpClientConnectionOperator.connect(DefaultHttpClientConnectionOperator.java:159)
    at org.apache.http.impl.conn.PoolingHttpClientConnectionManager.connect(PoolingHttpClientConnectionManager.java:376)

2026-08-30T14:20:14.032521Z ERROR [KafkaConsumer-93] payment_gateway.kafka - Kafka Consumer Lag Critical: Topic 'payment-events' partition 2 lag is 64793.

2026-08-30T14:20:17.038766Z ERROR [KafkaConsumer-82] payment_gateway.kafka - Kafka Consumer Lag Critical: Topic 'payment-events' partition 2 lag is 72689.

2026-08-30T14:20:20.045854Z ERROR [KafkaConsumer-83] payment_gateway.kafka - Kafka Consumer Lag Critical: Topic 'payment-events' partition 1 lag is 71329.

2026-08-30T14:20:23.109663Z ERROR [KafkaConsumer-93] payment_gateway.kafka - Kafka Consumer Lag Critical: Topic 'payment-events' partition 1 lag is 55594.

2026-08-30T14:20:26.126255Z ERROR [KafkaConsumer-60] payment_gateway.kafka - Kafka Consumer Lag Critical: Topic 'payment-events' partition 0 lag is 56813.

2026-08-30T14:20:41.158500Z CRITICAL [PaymentWorker-35] payment_gateway.processor - Payment transaction tx_99671 failed with HTTP 502 Bad Gateway.
  Request Context: {"amount": 172, "currency": "USD", "gateway": "Stripe-v2", "attempt": 3}
  Exception: org.apache.http.conn.HttpHostConnectException: Connect to 10.244.2.45:8080 failed: Connection refused
    at org.apache.http.impl.conn.DefaultHttpClientConnectionOperator.connect(DefaultHttpClientConnectionOperator.java:159)
    at org.apache.http.impl.conn.PoolingHttpClientConnectionManager.connect(PoolingHttpClientConnectionManager.java:376)

2026-08-30T14:20:44.164335Z ERROR [KafkaConsumer-25] payment_gateway.kafka - Kafka Consumer Lag Critical: Topic 'payment-events' partition 3 lag is 42343.

2026-08-30T14:20:47.169796Z ERROR [KafkaConsumer-61] payment_gateway.kafka - Kafka Consumer Lag Critical: Topic 'payment-events' partition 1 lag is 49067.

2026-08-30T14:20:50.175305Z CRITICAL [PaymentWorker-26] payment_gateway.processor - Payment transaction tx_47571 failed with HTTP 502 Bad Gateway.
  Request Context: {"amount": 166, "currency": "USD", "gateway": "Stripe-v2", "attempt": 3}
  Exception: org.apache.http.conn.HttpHostConnectException: Connect to 10.244.2.45:8080 failed: Connection refused
    at org.apache.http.impl.conn.DefaultHttpClientConnectionOperator.connect(DefaultHttpClientConnectionOperator.java:159)
    at org.apache.http.impl.conn.PoolingHttpClientConnectionManager.connect(PoolingHttpClientConnectionManager.java:376)

2026-08-30T14:20:59.191531Z CRITICAL [PaymentWorker-69] payment_gateway.processor - Payment transaction tx_46027 failed with HTTP 502 Bad Gateway.
  Request Context: {"amount": 118, "currency": "USD", "gateway": "Stripe-v2", "attempt": 3}
  Exception: org.apache.http.conn.HttpHostConnectException: Connect to 10.244.2.45:8080 failed: Connection refused
    at org.apache.http.impl.conn.DefaultHttpClientConnectionOperator.connect(DefaultHttpClientConnectionOperator.java:159)
    at org.apache.http.impl.conn.PoolingHttpClientConnectionManager.connect(PoolingHttpClientConnectionManager.java:376)

2026-08-30T14:21:11.223689Z ERROR [KafkaConsumer-27] payment_gateway.kafka - Kafka Consumer Lag Critical: Topic 'payment-events' partition 1 lag is 47583.

2026-08-30T14:21:14.230465Z ERROR [KafkaConsumer-14] payment_gateway.kafka - Kafka Consumer Lag Critical: Topic 'payment-events' partition 0 lag is 59081.

2026-08-30T14:21:17.236817Z CRITICAL [PaymentWorker-40] payment_gateway.processor - Payment transaction tx_99122 failed with HTTP 502 Bad Gateway.
  Request Context: {"amount": 25, "currency": "USD", "gateway": "Stripe-v2", "attempt": 3}
  Exception: org.apache.http.conn.HttpHostConnectException: Connect to 10.244.2.45:8080 failed: Connection refused
    at org.apache.http.impl.conn.DefaultHttpClientConnectionOperator.connect(DefaultHttpClientConnectionOperator.java:159)
    at org.apache.http.impl.conn.PoolingHttpClientConnectionManager.connect(PoolingHttpClientConnectionManager.java:376)

2026-08-30T14:21:23.261989Z CRITICAL [PaymentWorker-26] payment_gateway.processor - Payment transaction tx_56250 failed with HTTP 502 Bad Gateway.
  Request Context: {"amount": 384, "currency": "USD", "gateway": "Stripe-v2", "attempt": 3}
  Exception: org.apache.http.conn.HttpHostConnectException: Connect to 10.244.2.45:8080 failed: Connection refused
    at org.apache.http.impl.conn.DefaultHttpClientConnectionOperator.connect(DefaultHttpClientConnectionOperator.java:159)
    at org.apache.http.impl.conn.PoolingHttpClientConnectionManager.connect(PoolingHttpClientConnectionManager.java:376)

2026-08-30T14:21:32.283098Z ERROR [KafkaConsumer-88] payment_gateway.kafka - Kafka Consumer Lag Critical: Topic 'payment-events' partition 3 lag is 51297.

2026-08-30T14:21:44.310729Z ERROR [KafkaConsumer-85] payment_gateway.kafka - Kafka Consumer Lag Critical: Topic 'payment-events' partition 1 lag is 56826.

2026-08-30T14:22:14.378832Z ERROR [KafkaConsumer-82] payment_gateway.kafka - Kafka Consumer Lag Critical: Topic 'payment-events' partition 0 lag is 44366.

2026-08-30T14:22:20.399189Z ERROR [KafkaConsumer-23] payment_gateway.kafka - Kafka Consumer Lag Critical: Topic 'payment-events' partition 1 lag is 65503.

2026-08-30T14:22:29.428159Z CRITICAL [PaymentWorker-38] payment_gateway.processor - Payment transaction tx_54019 failed with HTTP 502 Bad Gateway.
  Request Context: {"amount": 147, "currency": "USD", "gateway": "Stripe-v2", "attempt": 3}
  Exception: org.apache.http.conn.HttpHostConnectException: Connect to 10.244.2.45:8080 failed: Connection refused
    at org.apache.http.impl.conn.DefaultHttpClientConnectionOperator.connect(DefaultHttpClientConnectionOperator.java:159)
    at org.apache.http.impl.conn.PoolingHttpClientConnectionManager.connect(PoolingHttpClientConnectionManager.java:376)

2026-08-30T14:22:50.487217Z ERROR [KafkaConsumer-19] payment_gateway.kafka - Kafka Consumer Lag Critical: Topic 'payment-events' partition 3 lag is 63527.

2026-08-30T14:23:02.511520Z ERROR [KafkaConsumer-99] payment_gateway.kafka - Kafka Consumer Lag Critical: Topic 'payment-events' partition 3 lag is 45954.

2026-08-30T14:23:14.534629Z ERROR [KafkaConsumer-47] payment_gateway.kafka - Kafka Consumer Lag Critical: Topic 'payment-events' partition 3 lag is 46861.

2026-08-30T14:23:23.563057Z ERROR [KafkaConsumer-25] payment_gateway.kafka - Kafka Consumer Lag Critical: Topic 'payment-events' partition 0 lag is 76612.

2026-08-30T14:23:29.572671Z ERROR [KafkaConsumer-76] payment_gateway.kafka - Kafka Consumer Lag Critical: Topic 'payment-events' partition 1 lag is 64053.

2026-08-30T14:23:38.589322Z CRITICAL [PaymentWorker-46] payment_gateway.processor - Payment transaction tx_70930 failed with HTTP 502 Bad Gateway.
  Request Context: {"amount": 74, "currency": "USD", "gateway": "Stripe-v2", "attempt": 3}
  Exception: org.apache.http.conn.HttpHostConnectException: Connect to 10.244.2.45:8080 failed: Connection refused
    at org.apache.http.impl.conn.DefaultHttpClientConnectionOperator.connect(DefaultHttpClientConnectionOperator.java:159)
    at org.apache.http.impl.conn.PoolingHttpClientConnectionManager.connect(PoolingHttpClientConnectionManager.java:376)

2026-08-30T14:23:50.621704Z CRITICAL [PaymentWorker-12] payment_gateway.processor - Payment transaction tx_27263 failed with HTTP 502 Bad Gateway.
  Request Context: {"amount": 438, "currency": "USD", "gateway": "Stripe-v2", "attempt": 3}
  Exception: org.apache.http.conn.HttpHostConnectException: Connect to 10.244.2.45:8080 failed: Connection refused
    at org.apache.http.impl.conn.DefaultHttpClientConnectionOperator.connect(DefaultHttpClientConnectionOperator.java:159)
    at org.apache.http.impl.conn.PoolingHttpClientConnectionManager.connect(PoolingHttpClientConnectionManager.java:376)

2026-08-30T14:24:05.655219Z ERROR [KafkaConsumer-95] payment_gateway.kafka - Kafka Consumer Lag Critical: Topic 'payment-events' partition 0 lag is 40387.

2026-08-30T14:24:08.660668Z CRITICAL [PaymentWorker-31] payment_gateway.processor - Payment transaction tx_70051 failed with HTTP 502 Bad Gateway.
  Request Context: {"amount": 172, "currency": "USD", "gateway": "Stripe-v2", "attempt": 3}
  Exception: org.apache.http.conn.HttpHostConnectException: Connect to 10.244.2.45:8080 failed: Connection refused
    at org.apache.http.impl.conn.DefaultHttpClientConnectionOperator.connect(DefaultHttpClientConnectionOperator.java:159)
    at org.apache.http.impl.conn.PoolingHttpClientConnectionManager.connect(PoolingHttpClientConnectionManager.java:376)

2026-08-30T14:24:11.666659Z CRITICAL [PaymentWorker-48] payment_gateway.processor - Payment transaction tx_59380 failed with HTTP 502 Bad Gateway.
  Request Context: {"amount": 273, "currency": "USD", "gateway": "Stripe-v2", "attempt": 3}
  Exception: org.apache.http.conn.HttpHostConnectException: Connect to 10.244.2.45:8080 failed: Connection refused
    at org.apache.http.impl.conn.DefaultHttpClientConnectionOperator.connect(DefaultHttpClientConnectionOperator.java:159)
    at org.apache.http.impl.conn.PoolingHttpClientConnectionManager.connect(PoolingHttpClientConnectionManager.java:376)

2026-08-30T14:24:23.694033Z ERROR [KafkaConsumer-11] payment_gateway.kafka - Kafka Consumer Lag Critical: Topic 'payment-events' partition 1 lag is 64481.

2026-08-30T14:24:32.711683Z CRITICAL [PaymentWorker-54] payment_gateway.processor - Payment transaction tx_40953 failed with HTTP 502 Bad Gateway.
  Request Context: {"amount": 323, "currency": "USD", "gateway": "Stripe-v2", "attempt": 3}
  Exception: org.apache.http.conn.HttpHostConnectException: Connect to 10.244.2.45:8080 failed: Connection refused
    at org.apache.http.impl.conn.DefaultHttpClientConnectionOperator.connect(DefaultHttpClientConnectionOperator.java:159)
    at org.apache.http.impl.conn.PoolingHttpClientConnectionManager.connect(PoolingHttpClientConnectionManager.java:376)

2026-08-30T14:24:44.733659Z ERROR [KafkaConsumer-60] payment_gateway.kafka - Kafka Consumer Lag Critical: Topic 'payment-events' partition 0 lag is 78337.

2026-08-30T14:24:47.739604Z ERROR [KafkaConsumer-93] payment_gateway.kafka - Kafka Consumer Lag Critical: Topic 'payment-events' partition 0 lag is 45713.

2026-08-30T14:24:50.746853Z ERROR [KafkaConsumer-33] payment_gateway.kafka - Kafka Consumer Lag Critical: Topic 'payment-events' partition 3 lag is 47109.

2026-08-30T14:24:53.751933Z CRITICAL [PaymentWorker-71] payment_gateway.processor - Payment transaction tx_17397 failed with HTTP 502 Bad Gateway.
  Request Context: {"amount": 431, "currency": "USD", "gateway": "Stripe-v2", "attempt": 3}
  Exception: org.apache.http.conn.HttpHostConnectException: Connect to 10.244.2.45:8080 failed: Connection refused
    at org.apache.http.impl.conn.DefaultHttpClientConnectionOperator.connect(DefaultHttpClientConnectionOperator.java:159)
    at org.apache.http.impl.conn.PoolingHttpClientConnectionManager.connect(PoolingHttpClientConnectionManager.java:376)

2026-08-30T14:24:59.763939Z CRITICAL [PaymentWorker-72] payment_gateway.processor - Payment transaction tx_52250 failed with HTTP 502 Bad Gateway.
  Request Context: {"amount": 490, "currency": "USD", "gateway": "Stripe-v2", "attempt": 3}
  Exception: org.apache.http.conn.HttpHostConnectException: Connect to 10.244.2.45:8080 failed: Connection refused
    at org.apache.http.impl.conn.DefaultHttpClientConnectionOperator.connect(DefaultHttpClientConnectionOperator.java:159)
    at org.apache.http.impl.conn.PoolingHttpClientConnectionManager.connect(PoolingHttpClientConnectionManager.java:376)

2026-08-30T14:25:08.796416Z CRITICAL [PaymentWorker-44] payment_gateway.processor - Payment transaction tx_67833 failed with HTTP 502 Bad Gateway.
  Request Context: {"amount": 151, "currency": "USD", "gateway": "Stripe-v2", "attempt": 3}
  Exception: org.apache.http.conn.HttpHostConnectException: Connect to 10.244.2.45:8080 failed: Connection refused
    at org.apache.http.impl.conn.DefaultHttpClientConnectionOperator.connect(DefaultHttpClientConnectionOperator.java:159)
    at org.apache.http.impl.conn.PoolingHttpClientConnectionManager.connect(PoolingHttpClientConnectionManager.java:376)

2026-08-30T14:25:11.801583Z CRITICAL [PaymentWorker-74] payment_gateway.processor - Payment transaction tx_72703 failed with HTTP 502 Bad Gateway.
  Request Context: {"amount": 422, "currency": "USD", "gateway": "Stripe-v2", "attempt": 3}
  Exception: org.apache.http.conn.HttpHostConnectException: Connect to 10.244.2.45:8080 failed: Connection refused
    at org.apache.http.impl.conn.DefaultHttpClientConnectionOperator.connect(DefaultHttpClientConnectionOperator.java:159)
    at org.apache.http.impl.conn.PoolingHttpClientConnectionManager.connect(PoolingHttpClientConnectionManager.java:376)

2026-08-30T14:25:20.828651Z CRITICAL [PaymentWorker-83] payment_gateway.processor - Payment transaction tx_26096 failed with HTTP 502 Bad Gateway.
  Request Context: {"amount": 244, "currency": "USD", "gateway": "Stripe-v2", "attempt": 3}
  Exception: org.apache.http.conn.HttpHostConnectException: Connect to 10.244.2.45:8080 failed: Connection refused
    at org.apache.http.impl.conn.DefaultHttpClientConnectionOperator.connect(DefaultHttpClientConnectionOperator.java:159)
    at org.apache.http.impl.conn.PoolingHttpClientConnectionManager.connect(PoolingHttpClientConnectionManager.java:376)

2026-08-30T14:25:23.869450Z CRITICAL [PaymentWorker-63] payment_gateway.processor - Payment transaction tx_36787 failed with HTTP 502 Bad Gateway.
  Request Context: {"amount": 433, "currency": "USD", "gateway": "Stripe-v2", "attempt": 3}
  Exception: org.apache.http.conn.HttpHostConnectException: Connect to 10.244.2.45:8080 failed: Connection refused
    at org.apache.http.impl.conn.DefaultHttpClientConnectionOperator.connect(DefaultHttpClientConnectionOperator.java:159)
    at org.apache.http.impl.conn.PoolingHttpClientConnectionManager.connect(PoolingHttpClientConnectionManager.java:376)

2026-08-30T14:25:26.876659Z CRITICAL [PaymentWorker-37] payment_gateway.processor - Payment transaction tx_56347 failed with HTTP 502 Bad Gateway.
  Request Context: {"amount": 15, "currency": "USD", "gateway": "Stripe-v2", "attempt": 3}
  Exception: org.apache.http.conn.HttpHostConnectException: Connect to 10.244.2.45:8080 failed: Connection refused
    at org.apache.http.impl.conn.DefaultHttpClientConnectionOperator.connect(DefaultHttpClientConnectionOperator.java:159)
    at org.apache.http.impl.conn.PoolingHttpClientConnectionManager.connect(PoolingHttpClientConnectionManager.java:376)

2026-08-30T14:25:32.887124Z CRITICAL [PaymentWorker-63] payment_gateway.processor - Payment transaction tx_59133 failed with HTTP 502 Bad Gateway.
  Request Context: {"amount": 230, "currency": "USD", "gateway": "Stripe-v2", "attempt": 3}
  Exception: org.apache.http.conn.HttpHostConnectException: Connect to 10.244.2.45:8080 failed: Connection refused
    at org.apache.http.impl.conn.DefaultHttpClientConnectionOperator.connect(DefaultHttpClientConnectionOperator.java:159)
    at org.apache.http.impl.conn.PoolingHttpClientConnectionManager.connect(PoolingHttpClientConnectionManager.java:376)

2026-08-30T14:25:47.934877Z ERROR [KafkaConsumer-90] payment_gateway.kafka - Kafka Consumer Lag Critical: Topic 'payment-events' partition 0 lag is 66999.

2026-08-30T14:25:53.947209Z ERROR [KafkaConsumer-76] payment_gateway.kafka - Kafka Consumer Lag Critical: Topic 'payment-events' partition 3 lag is 75442.

2026-08-30T14:25:56.956375Z ERROR [KafkaConsumer-51] payment_gateway.kafka - Kafka Consumer Lag Critical: Topic 'payment-events' partition 2 lag is 60323.

2026-08-30T14:26:02.968604Z CRITICAL [PaymentWorker-52] payment_gateway.processor - Payment transaction tx_36710 failed with HTTP 502 Bad Gateway.
  Request Context: {"amount": 209, "currency": "USD", "gateway": "Stripe-v2", "attempt": 3}
  Exception: org.apache.http.conn.HttpHostConnectException: Connect to 10.244.2.45:8080 failed: Connection refused
    at org.apache.http.impl.conn.DefaultHttpClientConnectionOperator.connect(DefaultHttpClientConnectionOperator.java:159)
    at org.apache.http.impl.conn.PoolingHttpClientConnectionManager.connect(PoolingHttpClientConnectionManager.java:376)

2026-08-30T14:26:05.973611Z CRITICAL [PaymentWorker-15] payment_gateway.processor - Payment transaction tx_58704 failed with HTTP 502 Bad Gateway.
  Request Context: {"amount": 273, "currency": "USD", "gateway": "Stripe-v2", "attempt": 3}
  Exception: org.apache.http.conn.HttpHostConnectException: Connect to 10.244.2.45:8080 failed: Connection refused
    at org.apache.http.impl.conn.DefaultHttpClientConnectionOperator.connect(DefaultHttpClientConnectionOperator.java:159)
    at org.apache.http.impl.conn.PoolingHttpClientConnectionManager.connect(PoolingHttpClientConnectionManager.java:376)

2026-08-30T14:26:36.042122Z CRITICAL [PaymentWorker-87] payment_gateway.processor - Payment transaction tx_45872 failed with HTTP 502 Bad Gateway.
  Request Context: {"amount": 454, "currency": "USD", "gateway": "Stripe-v2", "attempt": 3}
  Exception: org.apache.http.conn.HttpHostConnectException: Connect to 10.244.2.45:8080 failed: Connection refused
    at org.apache.http.impl.conn.DefaultHttpClientConnectionOperator.connect(DefaultHttpClientConnectionOperator.java:159)
    at org.apache.http.impl.conn.PoolingHttpClientConnectionManager.connect(PoolingHttpClientConnectionManager.java:376)

2026-08-30T14:26:42.055190Z ERROR [KafkaConsumer-54] payment_gateway.kafka - Kafka Consumer Lag Critical: Topic 'payment-events' partition 2 lag is 56275.

2026-08-30T14:26:45.060947Z ERROR [KafkaConsumer-79] payment_gateway.kafka - Kafka Consumer Lag Critical: Topic 'payment-events' partition 0 lag is 67791.

2026-08-30T14:26:48.073846Z ERROR [KafkaConsumer-10] payment_gateway.kafka - Kafka Consumer Lag Critical: Topic 'payment-events' partition 0 lag is 76938.

2026-08-30T14:26:51.080467Z CRITICAL [PaymentWorker-23] payment_gateway.processor - Payment transaction tx_94569 failed with HTTP 502 Bad Gateway.
  Request Context: {"amount": 230, "currency": "USD", "gateway": "Stripe-v2", "attempt": 3}
  Exception: org.apache.http.conn.HttpHostConnectException: Connect to 10.244.2.45:8080 failed: Connection refused
    at org.apache.http.impl.conn.DefaultHttpClientConnectionOperator.connect(DefaultHttpClientConnectionOperator.java:159)
    at org.apache.http.impl.conn.PoolingHttpClientConnectionManager.connect(PoolingHttpClientConnectionManager.java:376)

2026-08-30T14:26:57.092365Z ERROR [KafkaConsumer-56] payment_gateway.kafka - Kafka Consumer Lag Critical: Topic 'payment-events' partition 2 lag is 67576.

2026-08-30T14:27:00.100597Z ERROR [KafkaConsumer-21] payment_gateway.kafka - Kafka Consumer Lag Critical: Topic 'payment-events' partition 0 lag is 43014.

2026-08-30T14:27:06.113772Z CRITICAL [PaymentWorker-69] payment_gateway.processor - Payment transaction tx_50200 failed with HTTP 502 Bad Gateway.
  Request Context: {"amount": 326, "currency": "USD", "gateway": "Stripe-v2", "attempt": 3}
  Exception: org.apache.http.conn.HttpHostConnectException: Connect to 10.244.2.45:8080 failed: Connection refused
    at org.apache.http.impl.conn.DefaultHttpClientConnectionOperator.connect(DefaultHttpClientConnectionOperator.java:159)
    at org.apache.http.impl.conn.PoolingHttpClientConnectionManager.connect(PoolingHttpClientConnectionManager.java:376)

2026-08-30T14:27:09.120206Z ERROR [KafkaConsumer-81] payment_gateway.kafka - Kafka Consumer Lag Critical: Topic 'payment-events' partition 1 lag is 59787.

2026-08-30T14:27:21.143724Z CRITICAL [PaymentWorker-62] payment_gateway.processor - Payment transaction tx_29338 failed with HTTP 502 Bad Gateway.
  Request Context: {"amount": 123, "currency": "USD", "gateway": "Stripe-v2", "attempt": 3}
  Exception: org.apache.http.conn.HttpHostConnectException: Connect to 10.244.2.45:8080 failed: Connection refused
    at org.apache.http.impl.conn.DefaultHttpClientConnectionOperator.connect(DefaultHttpClientConnectionOperator.java:159)
    at org.apache.http.impl.conn.PoolingHttpClientConnectionManager.connect(PoolingHttpClientConnectionManager.java:376)

2026-08-30T14:27:30.212197Z ERROR [KafkaConsumer-14] payment_gateway.kafka - Kafka Consumer Lag Critical: Topic 'payment-events' partition 2 lag is 46059.

2026-08-30T14:27:33.218465Z CRITICAL [PaymentWorker-96] payment_gateway.processor - Payment transaction tx_71863 failed with HTTP 502 Bad Gateway.
  Request Context: {"amount": 55, "currency": "USD", "gateway": "Stripe-v2", "attempt": 3}
  Exception: org.apache.http.conn.HttpHostConnectException: Connect to 10.244.2.45:8080 failed: Connection refused
    at org.apache.http.impl.conn.DefaultHttpClientConnectionOperator.connect(DefaultHttpClientConnectionOperator.java:159)
    at org.apache.http.impl.conn.PoolingHttpClientConnectionManager.connect(PoolingHttpClientConnectionManager.java:376)

2026-08-30T14:27:36.224588Z ERROR [KafkaConsumer-30] payment_gateway.kafka - Kafka Consumer Lag Critical: Topic 'payment-events' partition 3 lag is 62534.

2026-08-30T14:27:39.230767Z CRITICAL [PaymentWorker-11] payment_gateway.processor - Payment transaction tx_56646 failed with HTTP 502 Bad Gateway.
  Request Context: {"amount": 427, "currency": "USD", "gateway": "Stripe-v2", "attempt": 3}
  Exception: org.apache.http.conn.HttpHostConnectException: Connect to 10.244.2.45:8080 failed: Connection refused
    at org.apache.http.impl.conn.DefaultHttpClientConnectionOperator.connect(DefaultHttpClientConnectionOperator.java:159)
    at org.apache.http.impl.conn.PoolingHttpClientConnectionManager.connect(PoolingHttpClientConnectionManager.java:376)

2026-08-30T14:27:42.236272Z CRITICAL [PaymentWorker-97] payment_gateway.processor - Payment transaction tx_19023 failed with HTTP 502 Bad Gateway.
  Request Context: {"amount": 391, "currency": "USD", "gateway": "Stripe-v2", "attempt": 3}
  Exception: org.apache.http.conn.HttpHostConnectException: Connect to 10.244.2.45:8080 failed: Connection refused
    at org.apache.http.impl.conn.DefaultHttpClientConnectionOperator.connect(DefaultHttpClientConnectionOperator.java:159)
    at org.apache.http.impl.conn.PoolingHttpClientConnectionManager.connect(PoolingHttpClientConnectionManager.java:376)

2026-08-30T14:27:51.253643Z ERROR [KafkaConsumer-75] payment_gateway.kafka - Kafka Consumer Lag Critical: Topic 'payment-events' partition 3 lag is 54033.

2026-08-30T14:27:54.258632Z ERROR [KafkaConsumer-73] payment_gateway.kafka - Kafka Consumer Lag Critical: Topic 'payment-events' partition 2 lag is 51623.

2026-08-30T14:28:06.289814Z ERROR [KafkaConsumer-63] payment_gateway.kafka - Kafka Consumer Lag Critical: Topic 'payment-events' partition 2 lag is 70464.

2026-08-30T14:28:09.295553Z CRITICAL [PaymentWorker-52] payment_gateway.processor - Payment transaction tx_72258 failed with HTTP 502 Bad Gateway.
  Request Context: {"amount": 107, "currency": "USD", "gateway": "Stripe-v2", "attempt": 3}
  Exception: org.apache.http.conn.HttpHostConnectException: Connect to 10.244.2.45:8080 failed: Connection refused
    at org.apache.http.impl.conn.DefaultHttpClientConnectionOperator.connect(DefaultHttpClientConnectionOperator.java:159)
    at org.apache.http.impl.conn.PoolingHttpClientConnectionManager.connect(PoolingHttpClientConnectionManager.java:376)

2026-08-30T14:28:15.310432Z ERROR [KafkaConsumer-12] payment_gateway.kafka - Kafka Consumer Lag Critical: Topic 'payment-events' partition 3 lag is 57849.

2026-08-30T14:28:27.349531Z ERROR [KafkaConsumer-34] payment_gateway.kafka - Kafka Consumer Lag Critical: Topic 'payment-events' partition 2 lag is 44835.

2026-08-30T14:28:30.361477Z CRITICAL [PaymentWorker-21] payment_gateway.processor - Payment transaction tx_69376 failed with HTTP 502 Bad Gateway.
  Request Context: {"amount": 65, "currency": "USD", "gateway": "Stripe-v2", "attempt": 3}
  Exception: org.apache.http.conn.HttpHostConnectException: Connect to 10.244.2.45:8080 failed: Connection refused
    at org.apache.http.impl.conn.DefaultHttpClientConnectionOperator.connect(DefaultHttpClientConnectionOperator.java:159)
    at org.apache.http.impl.conn.PoolingHttpClientConnectionManager.connect(PoolingHttpClientConnectionManager.java:376)

2026-08-30T14:28:33.366491Z ERROR [KafkaConsumer-55] payment_gateway.kafka - Kafka Consumer Lag Critical: Topic 'payment-events' partition 1 lag is 62709.

2026-08-30T14:28:57.421229Z ERROR [KafkaConsumer-87] payment_gateway.kafka - Kafka Consumer Lag Critical: Topic 'payment-events' partition 0 lag is 74497.

2026-08-30T14:29:03.441226Z ERROR [KafkaConsumer-93] payment_gateway.kafka - Kafka Consumer Lag Critical: Topic 'payment-events' partition 3 lag is 61830.

2026-08-30T14:29:06.447431Z CRITICAL [PaymentWorker-99] payment_gateway.processor - Payment transaction tx_73617 failed with HTTP 502 Bad Gateway.
  Request Context: {"amount": 307, "currency": "USD", "gateway": "Stripe-v2", "attempt": 3}
  Exception: org.apache.http.conn.HttpHostConnectException: Connect to 10.244.2.45:8080 failed: Connection refused
    at org.apache.http.impl.conn.DefaultHttpClientConnectionOperator.connect(DefaultHttpClientConnectionOperator.java:159)
    at org.apache.http.impl.conn.PoolingHttpClientConnectionManager.connect(PoolingHttpClientConnectionManager.java:376)

2026-08-30T14:29:12.459277Z ERROR [KafkaConsumer-27] payment_gateway.kafka - Kafka Consumer Lag Critical: Topic 'payment-events' partition 1 lag is 55093.

2026-08-30T14:29:21.478423Z ERROR [KafkaConsumer-65] payment_gateway.kafka - Kafka Consumer Lag Critical: Topic 'payment-events' partition 2 lag is 71987.

2026-08-30T14:29:27.496235Z CRITICAL [PaymentWorker-71] payment_gateway.processor - Payment transaction tx_24841 failed with HTTP 502 Bad Gateway.
  Request Context: {"amount": 92, "currency": "USD", "gateway": "Stripe-v2", "attempt": 3}
  Exception: org.apache.http.conn.HttpHostConnectException: Connect to 10.244.2.45:8080 failed: Connection refused
    at org.apache.http.impl.conn.DefaultHttpClientConnectionOperator.connect(DefaultHttpClientConnectionOperator.java:159)
    at org.apache.http.impl.conn.PoolingHttpClientConnectionManager.connect(PoolingHttpClientConnectionManager.java:376)

2026-08-30T14:29:39.522220Z CRITICAL [PaymentWorker-50] payment_gateway.processor - Payment transaction tx_94739 failed with HTTP 502 Bad Gateway.
  Request Context: {"amount": 392, "currency": "USD", "gateway": "Stripe-v2", "attempt": 3}
  Exception: org.apache.http.conn.HttpHostConnectException: Connect to 10.244.2.45:8080 failed: Connection refused
    at org.apache.http.impl.conn.DefaultHttpClientConnectionOperator.connect(DefaultHttpClientConnectionOperator.java:159)
    at org.apache.http.impl.conn.PoolingHttpClientConnectionManager.connect(PoolingHttpClientConnectionManager.java:376)

2026-08-30T14:29:42.529007Z ERROR [KafkaConsumer-84] payment_gateway.kafka - Kafka Consumer Lag Critical: Topic 'payment-events' partition 1 lag is 51000.

2026-08-30T14:29:51.545775Z CRITICAL [PaymentWorker-40] payment_gateway.processor - Payment transaction tx_63141 failed with HTTP 502 Bad Gateway.
  Request Context: {"amount": 119, "currency": "USD", "gateway": "Stripe-v2", "attempt": 3}
  Exception: org.apache.http.conn.HttpHostConnectException: Connect to 10.244.2.45:8080 failed: Connection refused
    at org.apache.http.impl.conn.DefaultHttpClientConnectionOperator.connect(DefaultHttpClientConnectionOperator.java:159)
    at org.apache.http.impl.conn.PoolingHttpClientConnectionManager.connect(PoolingHttpClientConnectionManager.java:376)

2026-08-30T14:30:00.561551Z CRITICAL [PaymentWorker-22] payment_gateway.processor - Payment transaction tx_72381 failed with HTTP 502 Bad Gateway.
  Request Context: {"amount": 345, "currency": "USD", "gateway": "Stripe-v2", "attempt": 3}
  Exception: org.apache.http.conn.HttpHostConnectException: Connect to 10.244.2.45:8080 failed: Connection refused
    at org.apache.http.impl.conn.DefaultHttpClientConnectionOperator.connect(DefaultHttpClientConnectionOperator.java:159)
    at org.apache.http.impl.conn.PoolingHttpClientConnectionManager.connect(PoolingHttpClientConnectionManager.java:376)

2026-08-30T14:30:24.628862Z ERROR [KafkaConsumer-90] payment_gateway.kafka - Kafka Consumer Lag Critical: Topic 'payment-events' partition 2 lag is 70045.

2026-08-30T14:30:27.635334Z ERROR [KafkaConsumer-43] payment_gateway.kafka - Kafka Consumer Lag Critical: Topic 'payment-events' partition 1 lag is 61892.

2026-08-30T14:30:30.642060Z CRITICAL [PaymentWorker-32] payment_gateway.processor - Payment transaction tx_96071 failed with HTTP 502 Bad Gateway.
  Request Context: {"amount": 309, "currency": "USD", "gateway": "Stripe-v2", "attempt": 3}
  Exception: org.apache.http.conn.HttpHostConnectException: Connect to 10.244.2.45:8080 failed: Connection refused
    at org.apache.http.impl.conn.DefaultHttpClientConnectionOperator.connect(DefaultHttpClientConnectionOperator.java:159)
    at org.apache.http.impl.conn.PoolingHttpClientConnectionManager.connect(PoolingHttpClientConnectionManager.java:376)

2026-08-30T14:30:45.670924Z ERROR [KafkaConsumer-64] payment_gateway.kafka - Kafka Consumer Lag Critical: Topic 'payment-events' partition 0 lag is 79855.

2026-08-30T14:31:00.700355Z ERROR [KafkaConsumer-16] payment_gateway.kafka - Kafka Consumer Lag Critical: Topic 'payment-events' partition 3 lag is 40489.

2026-08-30T14:31:18.735447Z ERROR [KafkaConsumer-12] payment_gateway.kafka - Kafka Consumer Lag Critical: Topic 'payment-events' partition 1 lag is 51078.

2026-08-30T14:31:21.741822Z CRITICAL [PaymentWorker-69] payment_gateway.processor - Payment transaction tx_86597 failed with HTTP 502 Bad Gateway.
  Request Context: {"amount": 100, "currency": "USD", "gateway": "Stripe-v2", "attempt": 3}
  Exception: org.apache.http.conn.HttpHostConnectException: Connect to 10.244.2.45:8080 failed: Connection refused
    at org.apache.http.impl.conn.DefaultHttpClientConnectionOperator.connect(DefaultHttpClientConnectionOperator.java:159)
    at org.apache.http.impl.conn.PoolingHttpClientConnectionManager.connect(PoolingHttpClientConnectionManager.java:376)

2026-08-30T14:31:45.789800Z CRITICAL [PaymentWorker-51] payment_gateway.processor - Payment transaction tx_11743 failed with HTTP 502 Bad Gateway.
  Request Context: {"amount": 307, "currency": "USD", "gateway": "Stripe-v2", "attempt": 3}
  Exception: org.apache.http.conn.HttpHostConnectException: Connect to 10.244.2.45:8080 failed: Connection refused
    at org.apache.http.impl.conn.DefaultHttpClientConnectionOperator.connect(DefaultHttpClientConnectionOperator.java:159)
    at org.apache.http.impl.conn.PoolingHttpClientConnectionManager.connect(PoolingHttpClientConnectionManager.java:376)

2026-08-30T14:31:51.809986Z CRITICAL [PaymentWorker-76] payment_gateway.processor - Payment transaction tx_18834 failed with HTTP 502 Bad Gateway.
  Request Context: {"amount": 140, "currency": "USD", "gateway": "Stripe-v2", "attempt": 3}
  Exception: org.apache.http.conn.HttpHostConnectException: Connect to 10.244.2.45:8080 failed: Connection refused
    at org.apache.http.impl.conn.DefaultHttpClientConnectionOperator.connect(DefaultHttpClientConnectionOperator.java:159)
    at org.apache.http.impl.conn.PoolingHttpClientConnectionManager.connect(PoolingHttpClientConnectionManager.java:376)

2026-08-30T14:32:03.900096Z CRITICAL [PaymentWorker-15] payment_gateway.processor - Payment transaction tx_22017 failed with HTTP 502 Bad Gateway.
  Request Context: {"amount": 30, "currency": "USD", "gateway": "Stripe-v2", "attempt": 3}
  Exception: org.apache.http.conn.HttpHostConnectException: Connect to 10.244.2.45:8080 failed: Connection refused
    at org.apache.http.impl.conn.DefaultHttpClientConnectionOperator.connect(DefaultHttpClientConnectionOperator.java:159)
    at org.apache.http.impl.conn.PoolingHttpClientConnectionManager.connect(PoolingHttpClientConnectionManager.java:376)

2026-08-30T14:32:09.914443Z ERROR [KafkaConsumer-41] payment_gateway.kafka - Kafka Consumer Lag Critical: Topic 'payment-events' partition 1 lag is 79849.

2026-08-30T14:32:15.924383Z CRITICAL [PaymentWorker-95] payment_gateway.processor - Payment transaction tx_94890 failed with HTTP 502 Bad Gateway.
  Request Context: {"amount": 499, "currency": "USD", "gateway": "Stripe-v2", "attempt": 3}
  Exception: org.apache.http.conn.HttpHostConnectException: Connect to 10.244.2.45:8080 failed: Connection refused
    at org.apache.http.impl.conn.DefaultHttpClientConnectionOperator.connect(DefaultHttpClientConnectionOperator.java:159)
    at org.apache.http.impl.conn.PoolingHttpClientConnectionManager.connect(PoolingHttpClientConnectionManager.java:376)

2026-08-30T14:32:31.049498Z CRITICAL [PaymentWorker-12] payment_gateway.processor - Payment transaction tx_45043 failed with HTTP 502 Bad Gateway.
  Request Context: {"amount": 443, "currency": "USD", "gateway": "Stripe-v2", "attempt": 3}
  Exception: org.apache.http.conn.HttpHostConnectException: Connect to 10.244.2.45:8080 failed: Connection refused
    at org.apache.http.impl.conn.DefaultHttpClientConnectionOperator.connect(DefaultHttpClientConnectionOperator.java:159)
    at org.apache.http.impl.conn.PoolingHttpClientConnectionManager.connect(PoolingHttpClientConnectionManager.java:376)

2026-08-30T14:32:40.069640Z ERROR [KafkaConsumer-22] payment_gateway.kafka - Kafka Consumer Lag Critical: Topic 'payment-events' partition 3 lag is 77621.

2026-08-30T14:32:46.078968Z ERROR [KafkaConsumer-32] payment_gateway.kafka - Kafka Consumer Lag Critical: Topic 'payment-events' partition 3 lag is 69969.

2026-08-30T14:32:49.083441Z ERROR [KafkaConsumer-66] payment_gateway.kafka - Kafka Consumer Lag Critical: Topic 'payment-events' partition 3 lag is 79479.

2026-08-30T14:32:52.088465Z ERROR [KafkaConsumer-30] payment_gateway.kafka - Kafka Consumer Lag Critical: Topic 'payment-events' partition 0 lag is 42656.

2026-08-30T14:32:58.101114Z ERROR [KafkaConsumer-69] payment_gateway.kafka - Kafka Consumer Lag Critical: Topic 'payment-events' partition 1 lag is 42571.

2026-08-30T14:33:04.115529Z CRITICAL [PaymentWorker-43] payment_gateway.processor - Payment transaction tx_53974 failed with HTTP 502 Bad Gateway.
  Request Context: {"amount": 402, "currency": "USD", "gateway": "Stripe-v2", "attempt": 3}
  Exception: org.apache.http.conn.HttpHostConnectException: Connect to 10.244.2.45:8080 failed: Connection refused
    at org.apache.http.impl.conn.DefaultHttpClientConnectionOperator.connect(DefaultHttpClientConnectionOperator.java:159)
    at org.apache.http.impl.conn.PoolingHttpClientConnectionManager.connect(PoolingHttpClientConnectionManager.java:376)

2026-08-30T14:33:16.211694Z ERROR [KafkaConsumer-93] payment_gateway.kafka - Kafka Consumer Lag Critical: Topic 'payment-events' partition 2 lag is 49218.

2026-08-30T14:33:22.231141Z ERROR [KafkaConsumer-75] payment_gateway.kafka - Kafka Consumer Lag Critical: Topic 'payment-events' partition 1 lag is 71943.

2026-08-30T14:33:25.241926Z ERROR [KafkaConsumer-72] payment_gateway.kafka - Kafka Consumer Lag Critical: Topic 'payment-events' partition 0 lag is 59766.

2026-08-30T14:33:28.248204Z CRITICAL [PaymentWorker-14] payment_gateway.processor - Payment transaction tx_34059 failed with HTTP 502 Bad Gateway.
  Request Context: {"amount": 492, "currency": "USD", "gateway": "Stripe-v2", "attempt": 3}
  Exception: org.apache.http.conn.HttpHostConnectException: Connect to 10.244.2.45:8080 failed: Connection refused
    at org.apache.http.impl.conn.DefaultHttpClientConnectionOperator.connect(DefaultHttpClientConnectionOperator.java:159)
    at org.apache.http.impl.conn.PoolingHttpClientConnectionManager.connect(PoolingHttpClientConnectionManager.java:376)

2026-08-30T14:33:43.272604Z CRITICAL [PaymentWorker-37] payment_gateway.processor - Payment transaction tx_46705 failed with HTTP 502 Bad Gateway.
  Request Context: {"amount": 481, "currency": "USD", "gateway": "Stripe-v2", "attempt": 3}
  Exception: org.apache.http.conn.HttpHostConnectException: Connect to 10.244.2.45:8080 failed: Connection refused
    at org.apache.http.impl.conn.DefaultHttpClientConnectionOperator.connect(DefaultHttpClientConnectionOperator.java:159)
    at org.apache.http.impl.conn.PoolingHttpClientConnectionManager.connect(PoolingHttpClientConnectionManager.java:376)

2026-08-30T14:33:46.277241Z ERROR [KafkaConsumer-76] payment_gateway.kafka - Kafka Consumer Lag Critical: Topic 'payment-events' partition 2 lag is 73760.

2026-08-30T14:33:49.283511Z ERROR [KafkaConsumer-15] payment_gateway.kafka - Kafka Consumer Lag Critical: Topic 'payment-events' partition 2 lag is 65727.

2026-08-30T14:33:52.289096Z CRITICAL [PaymentWorker-84] payment_gateway.processor - Payment transaction tx_19796 failed with HTTP 502 Bad Gateway.
  Request Context: {"amount": 435, "currency": "USD", "gateway": "Stripe-v2", "attempt": 3}
  Exception: org.apache.http.conn.HttpHostConnectException: Connect to 10.244.2.45:8080 failed: Connection refused
    at org.apache.http.impl.conn.DefaultHttpClientConnectionOperator.connect(DefaultHttpClientConnectionOperator.java:159)
    at org.apache.http.impl.conn.PoolingHttpClientConnectionManager.connect(PoolingHttpClientConnectionManager.java:376)

2026-08-30T14:33:58.308772Z CRITICAL [PaymentWorker-64] payment_gateway.processor - Payment transaction tx_25253 failed with HTTP 502 Bad Gateway.
  Request Context: {"amount": 397, "currency": "USD", "gateway": "Stripe-v2", "attempt": 3}
  Exception: org.apache.http.conn.HttpHostConnectException: Connect to 10.244.2.45:8080 failed: Connection refused
    at org.apache.http.impl.conn.DefaultHttpClientConnectionOperator.connect(DefaultHttpClientConnectionOperator.java:159)
    at org.apache.http.impl.conn.PoolingHttpClientConnectionManager.connect(PoolingHttpClientConnectionManager.java:376)

2026-08-30T14:34:04.318907Z ERROR [KafkaConsumer-50] payment_gateway.kafka - Kafka Consumer Lag Critical: Topic 'payment-events' partition 3 lag is 58792.

2026-08-30T14:34:07.327573Z ERROR [KafkaConsumer-55] payment_gateway.kafka - Kafka Consumer Lag Critical: Topic 'payment-events' partition 3 lag is 72173.

2026-08-30T14:34:19.362527Z CRITICAL [PaymentWorker-95] payment_gateway.processor - Payment transaction tx_12305 failed with HTTP 502 Bad Gateway.
  Request Context: {"amount": 422, "currency": "USD", "gateway": "Stripe-v2", "attempt": 3}
  Exception: org.apache.http.conn.HttpHostConnectException: Connect to 10.244.2.45:8080 failed: Connection refused
    at org.apache.http.impl.conn.DefaultHttpClientConnectionOperator.connect(DefaultHttpClientConnectionOperator.java:159)
    at org.apache.http.impl.conn.PoolingHttpClientConnectionManager.connect(PoolingHttpClientConnectionManager.java:376)

2026-08-30T14:34:25.381959Z ERROR [KafkaConsumer-40] payment_gateway.kafka - Kafka Consumer Lag Critical: Topic 'payment-events' partition 2 lag is 40003.

2026-08-30T14:34:34.398911Z CRITICAL [PaymentWorker-70] payment_gateway.processor - Payment transaction tx_47615 failed with HTTP 502 Bad Gateway.
  Request Context: {"amount": 413, "currency": "USD", "gateway": "Stripe-v2", "attempt": 3}
  Exception: org.apache.http.conn.HttpHostConnectException: Connect to 10.244.2.45:8080 failed: Connection refused
    at org.apache.http.impl.conn.DefaultHttpClientConnectionOperator.connect(DefaultHttpClientConnectionOperator.java:159)
    at org.apache.http.impl.conn.PoolingHttpClientConnectionManager.connect(PoolingHttpClientConnectionManager.java:376)

2026-08-30T14:34:49.441284Z CRITICAL [PaymentWorker-49] payment_gateway.processor - Payment transaction tx_54026 failed with HTTP 502 Bad Gateway.
  Request Context: {"amount": 339, "currency": "USD", "gateway": "Stripe-v2", "attempt": 3}
  Exception: org.apache.http.conn.HttpHostConnectException: Connect to 10.244.2.45:8080 failed: Connection refused
    at org.apache.http.impl.conn.DefaultHttpClientConnectionOperator.connect(DefaultHttpClientConnectionOperator.java:159)
    at org.apache.http.impl.conn.PoolingHttpClientConnectionManager.connect(PoolingHttpClientConnectionManager.java:376)

2026-08-30T14:35:01.462553Z ERROR [KafkaConsumer-33] payment_gateway.kafka - Kafka Consumer Lag Critical: Topic 'payment-events' partition 2 lag is 69075.

2026-08-30T14:35:22.498398Z ERROR [KafkaConsumer-24] payment_gateway.kafka - Kafka Consumer Lag Critical: Topic 'payment-events' partition 3 lag is 65674.

2026-08-30T14:35:25.506756Z ERROR [KafkaConsumer-10] payment_gateway.kafka - Kafka Consumer Lag Critical: Topic 'payment-events' partition 0 lag is 50026.

2026-08-30T14:35:28.511386Z ERROR [KafkaConsumer-41] payment_gateway.kafka - Kafka Consumer Lag Critical: Topic 'payment-events' partition 2 lag is 79500.

2026-08-30T14:35:49.803180Z ERROR [KafkaConsumer-94] payment_gateway.kafka - Kafka Consumer Lag Critical: Topic 'payment-events' partition 2 lag is 68390.

2026-08-30T14:35:52.808258Z CRITICAL [PaymentWorker-57] payment_gateway.processor - Payment transaction tx_19984 failed with HTTP 502 Bad Gateway.
  Request Context: {"amount": 82, "currency": "USD", "gateway": "Stripe-v2", "attempt": 3}
  Exception: org.apache.http.conn.HttpHostConnectException: Connect to 10.244.2.45:8080 failed: Connection refused
    at org.apache.http.impl.conn.DefaultHttpClientConnectionOperator.connect(DefaultHttpClientConnectionOperator.java:159)
    at org.apache.http.impl.conn.PoolingHttpClientConnectionManager.connect(PoolingHttpClientConnectionManager.java:376)

2026-08-30T14:35:55.816274Z ERROR [KafkaConsumer-94] payment_gateway.kafka - Kafka Consumer Lag Critical: Topic 'payment-events' partition 2 lag is 71786.

2026-08-30T14:35:58.820775Z ERROR [KafkaConsumer-33] payment_gateway.kafka - Kafka Consumer Lag Critical: Topic 'payment-events' partition 2 lag is 72661.

2026-08-30T14:36:10.851135Z ERROR [KafkaConsumer-36] payment_gateway.kafka - Kafka Consumer Lag Critical: Topic 'payment-events' partition 0 lag is 53451.

2026-08-30T14:36:22.885699Z CRITICAL [PaymentWorker-86] payment_gateway.processor - Payment transaction tx_61364 failed with HTTP 502 Bad Gateway.
  Request Context: {"amount": 339, "currency": "USD", "gateway": "Stripe-v2", "attempt": 3}
  Exception: org.apache.http.conn.HttpHostConnectException: Connect to 10.244.2.45:8080 failed: Connection refused
    at org.apache.http.impl.conn.DefaultHttpClientConnectionOperator.connect(DefaultHttpClientConnectionOperator.java:159)
    at org.apache.http.impl.conn.PoolingHttpClientConnectionManager.connect(PoolingHttpClientConnectionManager.java:376)

2026-08-30T14:36:31.908042Z CRITICAL [PaymentWorker-35] payment_gateway.processor - Payment transaction tx_18140 failed with HTTP 502 Bad Gateway.
  Request Context: {"amount": 346, "currency": "USD", "gateway": "Stripe-v2", "attempt": 3}
  Exception: org.apache.http.conn.HttpHostConnectException: Connect to 10.244.2.45:8080 failed: Connection refused
    at org.apache.http.impl.conn.DefaultHttpClientConnectionOperator.connect(DefaultHttpClientConnectionOperator.java:159)
    at org.apache.http.impl.conn.PoolingHttpClientConnectionManager.connect(PoolingHttpClientConnectionManager.java:376)

2026-08-30T14:36:37.920800Z CRITICAL [PaymentWorker-56] payment_gateway.processor - Payment transaction tx_88174 failed with HTTP 502 Bad Gateway.
  Request Context: {"amount": 97, "currency": "USD", "gateway": "Stripe-v2", "attempt": 3}
  Exception: org.apache.http.conn.HttpHostConnectException: Connect to 10.244.2.45:8080 failed: Connection refused
    at org.apache.http.impl.conn.DefaultHttpClientConnectionOperator.connect(DefaultHttpClientConnectionOperator.java:159)
    at org.apache.http.impl.conn.PoolingHttpClientConnectionManager.connect(PoolingHttpClientConnectionManager.java:376)

2026-08-30T14:37:10.986915Z CRITICAL [PaymentWorker-51] payment_gateway.processor - Payment transaction tx_29978 failed with HTTP 502 Bad Gateway.
  Request Context: {"amount": 185, "currency": "USD", "gateway": "Stripe-v2", "attempt": 3}
  Exception: org.apache.http.conn.HttpHostConnectException: Connect to 10.244.2.45:8080 failed: Connection refused
    at org.apache.http.impl.conn.DefaultHttpClientConnectionOperator.connect(DefaultHttpClientConnectionOperator.java:159)
    at org.apache.http.impl.conn.PoolingHttpClientConnectionManager.connect(PoolingHttpClientConnectionManager.java:376)

2026-08-30T14:37:32.071476Z ERROR [KafkaConsumer-54] payment_gateway.kafka - Kafka Consumer Lag Critical: Topic 'payment-events' partition 3 lag is 41418.

2026-08-30T14:37:41.086176Z CRITICAL [PaymentWorker-90] payment_gateway.processor - Payment transaction tx_19008 failed with HTTP 502 Bad Gateway.
  Request Context: {"amount": 130, "currency": "USD", "gateway": "Stripe-v2", "attempt": 3}
  Exception: org.apache.http.conn.HttpHostConnectException: Connect to 10.244.2.45:8080 failed: Connection refused
    at org.apache.http.impl.conn.DefaultHttpClientConnectionOperator.connect(DefaultHttpClientConnectionOperator.java:159)
    at org.apache.http.impl.conn.PoolingHttpClientConnectionManager.connect(PoolingHttpClientConnectionManager.java:376)

2026-08-30T14:37:44.101116Z ERROR [KafkaConsumer-79] payment_gateway.kafka - Kafka Consumer Lag Critical: Topic 'payment-events' partition 3 lag is 57414.

2026-08-30T14:37:59.137921Z ERROR [KafkaConsumer-34] payment_gateway.kafka - Kafka Consumer Lag Critical: Topic 'payment-events' partition 2 lag is 65204.

2026-08-30T14:38:05.158759Z CRITICAL [PaymentWorker-90] payment_gateway.processor - Payment transaction tx_68196 failed with HTTP 502 Bad Gateway.
  Request Context: {"amount": 437, "currency": "USD", "gateway": "Stripe-v2", "attempt": 3}
  Exception: org.apache.http.conn.HttpHostConnectException: Connect to 10.244.2.45:8080 failed: Connection refused
    at org.apache.http.impl.conn.DefaultHttpClientConnectionOperator.connect(DefaultHttpClientConnectionOperator.java:159)
    at org.apache.http.impl.conn.PoolingHttpClientConnectionManager.connect(PoolingHttpClientConnectionManager.java:376)

2026-08-30T14:38:17.180573Z CRITICAL [PaymentWorker-71] payment_gateway.processor - Payment transaction tx_87861 failed with HTTP 502 Bad Gateway.
  Request Context: {"amount": 189, "currency": "USD", "gateway": "Stripe-v2", "attempt": 3}
  Exception: org.apache.http.conn.HttpHostConnectException: Connect to 10.244.2.45:8080 failed: Connection refused
    at org.apache.http.impl.conn.DefaultHttpClientConnectionOperator.connect(DefaultHttpClientConnectionOperator.java:159)
    at org.apache.http.impl.conn.PoolingHttpClientConnectionManager.connect(PoolingHttpClientConnectionManager.java:376)

2026-08-30T14:38:26.217430Z CRITICAL [PaymentWorker-77] payment_gateway.processor - Payment transaction tx_86328 failed with HTTP 502 Bad Gateway.
  Request Context: {"amount": 343, "currency": "USD", "gateway": "Stripe-v2", "attempt": 3}
  Exception: org.apache.http.conn.HttpHostConnectException: Connect to 10.244.2.45:8080 failed: Connection refused
    at org.apache.http.impl.conn.DefaultHttpClientConnectionOperator.connect(DefaultHttpClientConnectionOperator.java:159)
    at org.apache.http.impl.conn.PoolingHttpClientConnectionManager.connect(PoolingHttpClientConnectionManager.java:376)

2026-08-30T14:38:35.243596Z CRITICAL [PaymentWorker-98] payment_gateway.processor - Payment transaction tx_74283 failed with HTTP 502 Bad Gateway.
  Request Context: {"amount": 242, "currency": "USD", "gateway": "Stripe-v2", "attempt": 3}
  Exception: org.apache.http.conn.HttpHostConnectException: Connect to 10.244.2.45:8080 failed: Connection refused
    at org.apache.http.impl.conn.DefaultHttpClientConnectionOperator.connect(DefaultHttpClientConnectionOperator.java:159)
    at org.apache.http.impl.conn.PoolingHttpClientConnectionManager.connect(PoolingHttpClientConnectionManager.java:376)

2026-08-30T14:38:47.290427Z ERROR [KafkaConsumer-28] payment_gateway.kafka - Kafka Consumer Lag Critical: Topic 'payment-events' partition 0 lag is 73572.

2026-08-30T14:38:50.295145Z ERROR [KafkaConsumer-26] payment_gateway.kafka - Kafka Consumer Lag Critical: Topic 'payment-events' partition 0 lag is 48763.

2026-08-30T14:38:53.308378Z CRITICAL [PaymentWorker-52] payment_gateway.processor - Payment transaction tx_50461 failed with HTTP 502 Bad Gateway.
  Request Context: {"amount": 299, "currency": "USD", "gateway": "Stripe-v2", "attempt": 3}
  Exception: org.apache.http.conn.HttpHostConnectException: Connect to 10.244.2.45:8080 failed: Connection refused
    at org.apache.http.impl.conn.DefaultHttpClientConnectionOperator.connect(DefaultHttpClientConnectionOperator.java:159)
    at org.apache.http.impl.conn.PoolingHttpClientConnectionManager.connect(PoolingHttpClientConnectionManager.java:376)

2026-08-30T14:38:56.484939Z ERROR [KafkaConsumer-15] payment_gateway.kafka - Kafka Consumer Lag Critical: Topic 'payment-events' partition 2 lag is 71986.

2026-08-30T14:39:02.495628Z ERROR [KafkaConsumer-34] payment_gateway.kafka - Kafka Consumer Lag Critical: Topic 'payment-events' partition 3 lag is 74703.

2026-08-30T14:39:05.500813Z CRITICAL [PaymentWorker-92] payment_gateway.processor - Payment transaction tx_17144 failed with HTTP 502 Bad Gateway.
  Request Context: {"amount": 133, "currency": "USD", "gateway": "Stripe-v2", "attempt": 3}
  Exception: org.apache.http.conn.HttpHostConnectException: Connect to 10.244.2.45:8080 failed: Connection refused
    at org.apache.http.impl.conn.DefaultHttpClientConnectionOperator.connect(DefaultHttpClientConnectionOperator.java:159)
    at org.apache.http.impl.conn.PoolingHttpClientConnectionManager.connect(PoolingHttpClientConnectionManager.java:376)

2026-08-30T14:39:17.531526Z CRITICAL [PaymentWorker-38] payment_gateway.processor - Payment transaction tx_29117 failed with HTTP 502 Bad Gateway.
  Request Context: {"amount": 313, "currency": "USD", "gateway": "Stripe-v2", "attempt": 3}
  Exception: org.apache.http.conn.HttpHostConnectException: Connect to 10.244.2.45:8080 failed: Connection refused
    at org.apache.http.impl.conn.DefaultHttpClientConnectionOperator.connect(DefaultHttpClientConnectionOperator.java:159)
    at org.apache.http.impl.conn.PoolingHttpClientConnectionManager.connect(PoolingHttpClientConnectionManager.java:376)

2026-08-30T14:40:08.641545Z CRITICAL [PaymentWorker-75] payment_gateway.processor - Payment transaction tx_66393 failed with HTTP 502 Bad Gateway.
  Request Context: {"amount": 465, "currency": "USD", "gateway": "Stripe-v2", "attempt": 3}
  Exception: org.apache.http.conn.HttpHostConnectException: Connect to 10.244.2.45:8080 failed: Connection refused
    at org.apache.http.impl.conn.DefaultHttpClientConnectionOperator.connect(DefaultHttpClientConnectionOperator.java:159)
    at org.apache.http.impl.conn.PoolingHttpClientConnectionManager.connect(PoolingHttpClientConnectionManager.java:376)

2026-08-30T14:40:17.666438Z ERROR [KafkaConsumer-39] payment_gateway.kafka - Kafka Consumer Lag Critical: Topic 'payment-events' partition 2 lag is 74676.

2026-08-30T14:40:20.677059Z CRITICAL [PaymentWorker-60] payment_gateway.processor - Payment transaction tx_90086 failed with HTTP 502 Bad Gateway.
  Request Context: {"amount": 484, "currency": "USD", "gateway": "Stripe-v2", "attempt": 3}
  Exception: org.apache.http.conn.HttpHostConnectException: Connect to 10.244.2.45:8080 failed: Connection refused
    at org.apache.http.impl.conn.DefaultHttpClientConnectionOperator.connect(DefaultHttpClientConnectionOperator.java:159)
    at org.apache.http.impl.conn.PoolingHttpClientConnectionManager.connect(PoolingHttpClientConnectionManager.java:376)

2026-08-30T14:40:26.691352Z CRITICAL [PaymentWorker-95] payment_gateway.processor - Payment transaction tx_37420 failed with HTTP 502 Bad Gateway.
  Request Context: {"amount": 157, "currency": "USD", "gateway": "Stripe-v2", "attempt": 3}
  Exception: org.apache.http.conn.HttpHostConnectException: Connect to 10.244.2.45:8080 failed: Connection refused
    at org.apache.http.impl.conn.DefaultHttpClientConnectionOperator.connect(DefaultHttpClientConnectionOperator.java:159)
    at org.apache.http.impl.conn.PoolingHttpClientConnectionManager.connect(PoolingHttpClientConnectionManager.java:376)

2026-08-30T14:40:32.710130Z CRITICAL [PaymentWorker-73] payment_gateway.processor - Payment transaction tx_66928 failed with HTTP 502 Bad Gateway.
  Request Context: {"amount": 45, "currency": "USD", "gateway": "Stripe-v2", "attempt": 3}
  Exception: org.apache.http.conn.HttpHostConnectException: Connect to 10.244.2.45:8080 failed: Connection refused
    at org.apache.http.impl.conn.DefaultHttpClientConnectionOperator.connect(DefaultHttpClientConnectionOperator.java:159)
    at org.apache.http.impl.conn.PoolingHttpClientConnectionManager.connect(PoolingHttpClientConnectionManager.java:376)

2026-08-30T14:40:38.720353Z ERROR [KafkaConsumer-79] payment_gateway.kafka - Kafka Consumer Lag Critical: Topic 'payment-events' partition 2 lag is 52335.

2026-08-30T14:40:47.737722Z ERROR [KafkaConsumer-28] payment_gateway.kafka - Kafka Consumer Lag Critical: Topic 'payment-events' partition 2 lag is 55174.

2026-08-30T14:41:02.782344Z ERROR [KafkaConsumer-36] payment_gateway.kafka - Kafka Consumer Lag Critical: Topic 'payment-events' partition 3 lag is 59908.

2026-08-30T14:41:32.841366Z CRITICAL [PaymentWorker-77] payment_gateway.processor - Payment transaction tx_23175 failed with HTTP 502 Bad Gateway.
  Request Context: {"amount": 164, "currency": "USD", "gateway": "Stripe-v2", "attempt": 3}
  Exception: org.apache.http.conn.HttpHostConnectException: Connect to 10.244.2.45:8080 failed: Connection refused
    at org.apache.http.impl.conn.DefaultHttpClientConnectionOperator.connect(DefaultHttpClientConnectionOperator.java:159)
    at org.apache.http.impl.conn.PoolingHttpClientConnectionManager.connect(PoolingHttpClientConnectionManager.java:376)

2026-08-30T14:41:35.847208Z CRITICAL [PaymentWorker-83] payment_gateway.processor - Payment transaction tx_21325 failed with HTTP 502 Bad Gateway.
  Request Context: {"amount": 220, "currency": "USD", "gateway": "Stripe-v2", "attempt": 3}
  Exception: org.apache.http.conn.HttpHostConnectException: Connect to 10.244.2.45:8080 failed: Connection refused
    at org.apache.http.impl.conn.DefaultHttpClientConnectionOperator.connect(DefaultHttpClientConnectionOperator.java:159)
    at org.apache.http.impl.conn.PoolingHttpClientConnectionManager.connect(PoolingHttpClientConnectionManager.java:376)

2026-08-30T14:41:44.862511Z ERROR [KafkaConsumer-95] payment_gateway.kafka - Kafka Consumer Lag Critical: Topic 'payment-events' partition 0 lag is 54216.

2026-08-30T14:41:53.886952Z ERROR [KafkaConsumer-61] payment_gateway.kafka - Kafka Consumer Lag Critical: Topic 'payment-events' partition 1 lag is 40240.

2026-08-30T14:41:56.892223Z ERROR [KafkaConsumer-92] payment_gateway.kafka - Kafka Consumer Lag Critical: Topic 'payment-events' partition 3 lag is 58153.

2026-08-30T14:42:08.932252Z ERROR [KafkaConsumer-18] payment_gateway.kafka - Kafka Consumer Lag Critical: Topic 'payment-events' partition 2 lag is 44771.

2026-08-30T14:42:14.942690Z ERROR [KafkaConsumer-60] payment_gateway.kafka - Kafka Consumer Lag Critical: Topic 'payment-events' partition 3 lag is 71323.

2026-08-30T14:42:17.948654Z CRITICAL [PaymentWorker-72] payment_gateway.processor - Payment transaction tx_11875 failed with HTTP 502 Bad Gateway.
  Request Context: {"amount": 147, "currency": "USD", "gateway": "Stripe-v2", "attempt": 3}
  Exception: org.apache.http.conn.HttpHostConnectException: Connect to 10.244.2.45:8080 failed: Connection refused
    at org.apache.http.impl.conn.DefaultHttpClientConnectionOperator.connect(DefaultHttpClientConnectionOperator.java:159)
    at org.apache.http.impl.conn.PoolingHttpClientConnectionManager.connect(PoolingHttpClientConnectionManager.java:376)

2026-08-30T14:42:20.957106Z ERROR [KafkaConsumer-19] payment_gateway.kafka - Kafka Consumer Lag Critical: Topic 'payment-events' partition 1 lag is 66094.

2026-08-30T14:42:29.984701Z ERROR [KafkaConsumer-63] payment_gateway.kafka - Kafka Consumer Lag Critical: Topic 'payment-events' partition 2 lag is 73056.

2026-08-30T14:42:39.002034Z ERROR [KafkaConsumer-33] payment_gateway.kafka - Kafka Consumer Lag Critical: Topic 'payment-events' partition 1 lag is 70694.

2026-08-30T14:42:42.007140Z CRITICAL [PaymentWorker-38] payment_gateway.processor - Payment transaction tx_17867 failed with HTTP 502 Bad Gateway.
  Request Context: {"amount": 73, "currency": "USD", "gateway": "Stripe-v2", "attempt": 3}
  Exception: org.apache.http.conn.HttpHostConnectException: Connect to 10.244.2.45:8080 failed: Connection refused
    at org.apache.http.impl.conn.DefaultHttpClientConnectionOperator.connect(DefaultHttpClientConnectionOperator.java:159)
    at org.apache.http.impl.conn.PoolingHttpClientConnectionManager.connect(PoolingHttpClientConnectionManager.java:376)

2026-08-30T14:42:51.024501Z CRITICAL [PaymentWorker-76] payment_gateway.processor - Payment transaction tx_82183 failed with HTTP 502 Bad Gateway.
  Request Context: {"amount": 245, "currency": "USD", "gateway": "Stripe-v2", "attempt": 3}
  Exception: org.apache.http.conn.HttpHostConnectException: Connect to 10.244.2.45:8080 failed: Connection refused
    at org.apache.http.impl.conn.DefaultHttpClientConnectionOperator.connect(DefaultHttpClientConnectionOperator.java:159)
    at org.apache.http.impl.conn.PoolingHttpClientConnectionManager.connect(PoolingHttpClientConnectionManager.java:376)

2026-08-30T14:42:54.030388Z CRITICAL [PaymentWorker-59] payment_gateway.processor - Payment transaction tx_76706 failed with HTTP 502 Bad Gateway.
  Request Context: {"amount": 397, "currency": "USD", "gateway": "Stripe-v2", "attempt": 3}
  Exception: org.apache.http.conn.HttpHostConnectException: Connect to 10.244.2.45:8080 failed: Connection refused
    at org.apache.http.impl.conn.DefaultHttpClientConnectionOperator.connect(DefaultHttpClientConnectionOperator.java:159)
    at org.apache.http.impl.conn.PoolingHttpClientConnectionManager.connect(PoolingHttpClientConnectionManager.java:376)

2026-08-30T14:43:03.045646Z CRITICAL [PaymentWorker-74] payment_gateway.processor - Payment transaction tx_85870 failed with HTTP 502 Bad Gateway.
  Request Context: {"amount": 113, "currency": "USD", "gateway": "Stripe-v2", "attempt": 3}
  Exception: org.apache.http.conn.HttpHostConnectException: Connect to 10.244.2.45:8080 failed: Connection refused
    at org.apache.http.impl.conn.DefaultHttpClientConnectionOperator.connect(DefaultHttpClientConnectionOperator.java:159)
    at org.apache.http.impl.conn.PoolingHttpClientConnectionManager.connect(PoolingHttpClientConnectionManager.java:376)

2026-08-30T14:43:06.050853Z CRITICAL [PaymentWorker-99] payment_gateway.processor - Payment transaction tx_84269 failed with HTTP 502 Bad Gateway.
  Request Context: {"amount": 351, "currency": "USD", "gateway": "Stripe-v2", "attempt": 3}
  Exception: org.apache.http.conn.HttpHostConnectException: Connect to 10.244.2.45:8080 failed: Connection refused
    at org.apache.http.impl.conn.DefaultHttpClientConnectionOperator.connect(DefaultHttpClientConnectionOperator.java:159)
    at org.apache.http.impl.conn.PoolingHttpClientConnectionManager.connect(PoolingHttpClientConnectionManager.java:376)

2026-08-30T14:43:42.131195Z ERROR [KafkaConsumer-67] payment_gateway.kafka - Kafka Consumer Lag Critical: Topic 'payment-events' partition 1 lag is 62517.

2026-08-30T14:43:45.137032Z ERROR [KafkaConsumer-22] payment_gateway.kafka - Kafka Consumer Lag Critical: Topic 'payment-events' partition 3 lag is 51583.

2026-08-30T14:43:48.141703Z ERROR [KafkaConsumer-90] payment_gateway.kafka - Kafka Consumer Lag Critical: Topic 'payment-events' partition 0 lag is 45371.

2026-08-30T14:43:57.157242Z ERROR [KafkaConsumer-86] payment_gateway.kafka - Kafka Consumer Lag Critical: Topic 'payment-events' partition 0 lag is 68526.

2026-08-30T14:44:06.175537Z CRITICAL [PaymentWorker-76] payment_gateway.processor - Payment transaction tx_67952 failed with HTTP 502 Bad Gateway.
  Request Context: {"amount": 493, "currency": "USD", "gateway": "Stripe-v2", "attempt": 3}
  Exception: org.apache.http.conn.HttpHostConnectException: Connect to 10.244.2.45:8080 failed: Connection refused
    at org.apache.http.impl.conn.DefaultHttpClientConnectionOperator.connect(DefaultHttpClientConnectionOperator.java:159)
    at org.apache.http.impl.conn.PoolingHttpClientConnectionManager.connect(PoolingHttpClientConnectionManager.java:376)

2026-08-30T14:44:15.197365Z ERROR [KafkaConsumer-82] payment_gateway.kafka - Kafka Consumer Lag Critical: Topic 'payment-events' partition 1 lag is 44052.

2026-08-30T14:44:24.219777Z CRITICAL [PaymentWorker-64] payment_gateway.processor - Payment transaction tx_61980 failed with HTTP 502 Bad Gateway.
  Request Context: {"amount": 486, "currency": "USD", "gateway": "Stripe-v2", "attempt": 3}
  Exception: org.apache.http.conn.HttpHostConnectException: Connect to 10.244.2.45:8080 failed: Connection refused
    at org.apache.http.impl.conn.DefaultHttpClientConnectionOperator.connect(DefaultHttpClientConnectionOperator.java:159)
    at org.apache.http.impl.conn.PoolingHttpClientConnectionManager.connect(PoolingHttpClientConnectionManager.java:376)

2026-08-30T14:44:27.282113Z CRITICAL [PaymentWorker-59] payment_gateway.processor - Payment transaction tx_55731 failed with HTTP 502 Bad Gateway.
  Request Context: {"amount": 138, "currency": "USD", "gateway": "Stripe-v2", "attempt": 3}
  Exception: org.apache.http.conn.HttpHostConnectException: Connect to 10.244.2.45:8080 failed: Connection refused
    at org.apache.http.impl.conn.DefaultHttpClientConnectionOperator.connect(DefaultHttpClientConnectionOperator.java:159)
    at org.apache.http.impl.conn.PoolingHttpClientConnectionManager.connect(PoolingHttpClientConnectionManager.java:376)

2026-08-30T14:44:39.305346Z ERROR [KafkaConsumer-86] payment_gateway.kafka - Kafka Consumer Lag Critical: Topic 'payment-events' partition 0 lag is 67907.

2026-08-30T14:44:42.310725Z ERROR [KafkaConsumer-63] payment_gateway.kafka - Kafka Consumer Lag Critical: Topic 'payment-events' partition 3 lag is 56613.

2026-08-30T14:45:00.354020Z CRITICAL [PaymentWorker-26] payment_gateway.processor - Payment transaction tx_74691 failed with HTTP 502 Bad Gateway.
  Request Context: {"amount": 322, "currency": "USD", "gateway": "Stripe-v2", "attempt": 3}
  Exception: org.apache.http.conn.HttpHostConnectException: Connect to 10.244.2.45:8080 failed: Connection refused
    at org.apache.http.impl.conn.DefaultHttpClientConnectionOperator.connect(DefaultHttpClientConnectionOperator.java:159)
    at org.apache.http.impl.conn.PoolingHttpClientConnectionManager.connect(PoolingHttpClientConnectionManager.java:376)

2026-08-30T14:45:06.372900Z CRITICAL [PaymentWorker-70] payment_gateway.processor - Payment transaction tx_16074 failed with HTTP 502 Bad Gateway.
  Request Context: {"amount": 270, "currency": "USD", "gateway": "Stripe-v2", "attempt": 3}
  Exception: org.apache.http.conn.HttpHostConnectException: Connect to 10.244.2.45:8080 failed: Connection refused
    at org.apache.http.impl.conn.DefaultHttpClientConnectionOperator.connect(DefaultHttpClientConnectionOperator.java:159)
    at org.apache.http.impl.conn.PoolingHttpClientConnectionManager.connect(PoolingHttpClientConnectionManager.java:376)

2026-08-30T14:45:12.392457Z CRITICAL [PaymentWorker-54] payment_gateway.processor - Payment transaction tx_50433 failed with HTTP 502 Bad Gateway.
  Request Context: {"amount": 188, "currency": "USD", "gateway": "Stripe-v2", "attempt": 3}
  Exception: org.apache.http.conn.HttpHostConnectException: Connect to 10.244.2.45:8080 failed: Connection refused
    at org.apache.http.impl.conn.DefaultHttpClientConnectionOperator.connect(DefaultHttpClientConnectionOperator.java:159)
    at org.apache.http.impl.conn.PoolingHttpClientConnectionManager.connect(PoolingHttpClientConnectionManager.java:376)

2026-08-30T14:45:15.397553Z ERROR [KafkaConsumer-71] payment_gateway.kafka - Kafka Consumer Lag Critical: Topic 'payment-events' partition 3 lag is 69470.

2026-08-30T14:45:21.414307Z CRITICAL [PaymentWorker-67] payment_gateway.processor - Payment transaction tx_35845 failed with HTTP 502 Bad Gateway.
  Request Context: {"amount": 30, "currency": "USD", "gateway": "Stripe-v2", "attempt": 3}
  Exception: org.apache.http.conn.HttpHostConnectException: Connect to 10.244.2.45:8080 failed: Connection refused
    at org.apache.http.impl.conn.DefaultHttpClientConnectionOperator.connect(DefaultHttpClientConnectionOperator.java:159)
    at org.apache.http.impl.conn.PoolingHttpClientConnectionManager.connect(PoolingHttpClientConnectionManager.java:376)

2026-08-30T14:45:30.431606Z ERROR [KafkaConsumer-48] payment_gateway.kafka - Kafka Consumer Lag Critical: Topic 'payment-events' partition 2 lag is 56680.

2026-08-30T14:45:42.463830Z ERROR [KafkaConsumer-15] payment_gateway.kafka - Kafka Consumer Lag Critical: Topic 'payment-events' partition 2 lag is 61219.

2026-08-30T14:45:51.479309Z ERROR [KafkaConsumer-24] payment_gateway.kafka - Kafka Consumer Lag Critical: Topic 'payment-events' partition 3 lag is 62775.

2026-08-30T14:45:54.484234Z ERROR [KafkaConsumer-68] payment_gateway.kafka - Kafka Consumer Lag Critical: Topic 'payment-events' partition 0 lag is 66529.

2026-08-30T14:45:57.490367Z ERROR [KafkaConsumer-87] payment_gateway.kafka - Kafka Consumer Lag Critical: Topic 'payment-events' partition 1 lag is 68040.

2026-08-30T14:46:12.518953Z ERROR [KafkaConsumer-85] payment_gateway.kafka - Kafka Consumer Lag Critical: Topic 'payment-events' partition 2 lag is 74584.

2026-08-30T14:46:30.571476Z ERROR [KafkaConsumer-31] payment_gateway.kafka - Kafka Consumer Lag Critical: Topic 'payment-events' partition 1 lag is 57453.

2026-08-30T14:46:45.618562Z CRITICAL [PaymentWorker-85] payment_gateway.processor - Payment transaction tx_60762 failed with HTTP 502 Bad Gateway.
  Request Context: {"amount": 179, "currency": "USD", "gateway": "Stripe-v2", "attempt": 3}
  Exception: org.apache.http.conn.HttpHostConnectException: Connect to 10.244.2.45:8080 failed: Connection refused
    at org.apache.http.impl.conn.DefaultHttpClientConnectionOperator.connect(DefaultHttpClientConnectionOperator.java:159)
    at org.apache.http.impl.conn.PoolingHttpClientConnectionManager.connect(PoolingHttpClientConnectionManager.java:376)

2026-08-30T14:46:51.630654Z ERROR [KafkaConsumer-43] payment_gateway.kafka - Kafka Consumer Lag Critical: Topic 'payment-events' partition 1 lag is 68228.

2026-08-30T14:47:12.684148Z ERROR [KafkaConsumer-31] payment_gateway.kafka - Kafka Consumer Lag Critical: Topic 'payment-events' partition 1 lag is 74967.

2026-08-30T14:47:18.700842Z CRITICAL [PaymentWorker-95] payment_gateway.processor - Payment transaction tx_42262 failed with HTTP 502 Bad Gateway.
  Request Context: {"amount": 355, "currency": "USD", "gateway": "Stripe-v2", "attempt": 3}
  Exception: org.apache.http.conn.HttpHostConnectException: Connect to 10.244.2.45:8080 failed: Connection refused
    at org.apache.http.impl.conn.DefaultHttpClientConnectionOperator.connect(DefaultHttpClientConnectionOperator.java:159)
    at org.apache.http.impl.conn.PoolingHttpClientConnectionManager.connect(PoolingHttpClientConnectionManager.java:376)

2026-08-30T14:47:30.735903Z ERROR [KafkaConsumer-33] payment_gateway.kafka - Kafka Consumer Lag Critical: Topic 'payment-events' partition 2 lag is 55557.

2026-08-30T14:47:39.750951Z ERROR [KafkaConsumer-36] payment_gateway.kafka - Kafka Consumer Lag Critical: Topic 'payment-events' partition 3 lag is 63059.

2026-08-30T14:47:42.756380Z CRITICAL [PaymentWorker-74] payment_gateway.processor - Payment transaction tx_48757 failed with HTTP 502 Bad Gateway.
  Request Context: {"amount": 383, "currency": "USD", "gateway": "Stripe-v2", "attempt": 3}
  Exception: org.apache.http.conn.HttpHostConnectException: Connect to 10.244.2.45:8080 failed: Connection refused
    at org.apache.http.impl.conn.DefaultHttpClientConnectionOperator.connect(DefaultHttpClientConnectionOperator.java:159)
    at org.apache.http.impl.conn.PoolingHttpClientConnectionManager.connect(PoolingHttpClientConnectionManager.java:376)

2026-08-30T14:47:51.785374Z CRITICAL [PaymentWorker-68] payment_gateway.processor - Payment transaction tx_56886 failed with HTTP 502 Bad Gateway.
  Request Context: {"amount": 482, "currency": "USD", "gateway": "Stripe-v2", "attempt": 3}
  Exception: org.apache.http.conn.HttpHostConnectException: Connect to 10.244.2.45:8080 failed: Connection refused
    at org.apache.http.impl.conn.DefaultHttpClientConnectionOperator.connect(DefaultHttpClientConnectionOperator.java:159)
    at org.apache.http.impl.conn.PoolingHttpClientConnectionManager.connect(PoolingHttpClientConnectionManager.java:376)

2026-08-30T14:48:03.807091Z ERROR [KafkaConsumer-61] payment_gateway.kafka - Kafka Consumer Lag Critical: Topic 'payment-events' partition 0 lag is 65805.

2026-08-30T14:48:06.813467Z CRITICAL [PaymentWorker-40] payment_gateway.processor - Payment transaction tx_65890 failed with HTTP 502 Bad Gateway.
  Request Context: {"amount": 24, "currency": "USD", "gateway": "Stripe-v2", "attempt": 3}
  Exception: org.apache.http.conn.HttpHostConnectException: Connect to 10.244.2.45:8080 failed: Connection refused
    at org.apache.http.impl.conn.DefaultHttpClientConnectionOperator.connect(DefaultHttpClientConnectionOperator.java:159)
    at org.apache.http.impl.conn.PoolingHttpClientConnectionManager.connect(PoolingHttpClientConnectionManager.java:376)

2026-08-30T14:48:09.818506Z ERROR [KafkaConsumer-92] payment_gateway.kafka - Kafka Consumer Lag Critical: Topic 'payment-events' partition 0 lag is 62727.

2026-08-30T14:48:21.847316Z ERROR [KafkaConsumer-57] payment_gateway.kafka - Kafka Consumer Lag Critical: Topic 'payment-events' partition 1 lag is 73155.

2026-08-30T14:48:27.861125Z CRITICAL [PaymentWorker-13] payment_gateway.processor - Payment transaction tx_64470 failed with HTTP 502 Bad Gateway.
  Request Context: {"amount": 323, "currency": "USD", "gateway": "Stripe-v2", "attempt": 3}
  Exception: org.apache.http.conn.HttpHostConnectException: Connect to 10.244.2.45:8080 failed: Connection refused
    at org.apache.http.impl.conn.DefaultHttpClientConnectionOperator.connect(DefaultHttpClientConnectionOperator.java:159)
    at org.apache.http.impl.conn.PoolingHttpClientConnectionManager.connect(PoolingHttpClientConnectionManager.java:376)

2026-08-30T14:48:33.871105Z ERROR [KafkaConsumer-69] payment_gateway.kafka - Kafka Consumer Lag Critical: Topic 'payment-events' partition 3 lag is 79911.

2026-08-30T14:48:46.004703Z CRITICAL [PaymentWorker-73] payment_gateway.processor - Payment transaction tx_89374 failed with HTTP 502 Bad Gateway.
  Request Context: {"amount": 484, "currency": "USD", "gateway": "Stripe-v2", "attempt": 3}
  Exception: org.apache.http.conn.HttpHostConnectException: Connect to 10.244.2.45:8080 failed: Connection refused
    at org.apache.http.impl.conn.DefaultHttpClientConnectionOperator.connect(DefaultHttpClientConnectionOperator.java:159)
    at org.apache.http.impl.conn.PoolingHttpClientConnectionManager.connect(PoolingHttpClientConnectionManager.java:376)

2026-08-30T14:48:49.009576Z CRITICAL [PaymentWorker-79] payment_gateway.processor - Payment transaction tx_27223 failed with HTTP 502 Bad Gateway.
  Request Context: {"amount": 173, "currency": "USD", "gateway": "Stripe-v2", "attempt": 3}
  Exception: org.apache.http.conn.HttpHostConnectException: Connect to 10.244.2.45:8080 failed: Connection refused
    at org.apache.http.impl.conn.DefaultHttpClientConnectionOperator.connect(DefaultHttpClientConnectionOperator.java:159)
    at org.apache.http.impl.conn.PoolingHttpClientConnectionManager.connect(PoolingHttpClientConnectionManager.java:376)

2026-08-30T14:48:55.019446Z CRITICAL [PaymentWorker-99] payment_gateway.processor - Payment transaction tx_17837 failed with HTTP 502 Bad Gateway.
  Request Context: {"amount": 207, "currency": "USD", "gateway": "Stripe-v2", "attempt": 3}
  Exception: org.apache.http.conn.HttpHostConnectException: Connect to 10.244.2.45:8080 failed: Connection refused
    at org.apache.http.impl.conn.DefaultHttpClientConnectionOperator.connect(DefaultHttpClientConnectionOperator.java:159)
    at org.apache.http.impl.conn.PoolingHttpClientConnectionManager.connect(PoolingHttpClientConnectionManager.java:376)

2026-08-30T14:49:10.055857Z CRITICAL [PaymentWorker-87] payment_gateway.processor - Payment transaction tx_77156 failed with HTTP 502 Bad Gateway.
  Request Context: {"amount": 93, "currency": "USD", "gateway": "Stripe-v2", "attempt": 3}
  Exception: org.apache.http.conn.HttpHostConnectException: Connect to 10.244.2.45:8080 failed: Connection refused
    at org.apache.http.impl.conn.DefaultHttpClientConnectionOperator.connect(DefaultHttpClientConnectionOperator.java:159)
    at org.apache.http.impl.conn.PoolingHttpClientConnectionManager.connect(PoolingHttpClientConnectionManager.java:376)

2026-08-30T14:49:16.074223Z ERROR [KafkaConsumer-25] payment_gateway.kafka - Kafka Consumer Lag Critical: Topic 'payment-events' partition 1 lag is 58073.

2026-08-30T14:49:34.111567Z CRITICAL [PaymentWorker-66] payment_gateway.processor - Payment transaction tx_59173 failed with HTTP 502 Bad Gateway.
  Request Context: {"amount": 191, "currency": "USD", "gateway": "Stripe-v2", "attempt": 3}
  Exception: org.apache.http.conn.HttpHostConnectException: Connect to 10.244.2.45:8080 failed: Connection refused
    at org.apache.http.impl.conn.DefaultHttpClientConnectionOperator.connect(DefaultHttpClientConnectionOperator.java:159)
    at org.apache.http.impl.conn.PoolingHttpClientConnectionManager.connect(PoolingHttpClientConnectionManager.java:376)

2026-08-30T14:49:46.142801Z CRITICAL [PaymentWorker-87] payment_gateway.processor - Payment transaction tx_72698 failed with HTTP 502 Bad Gateway.
  Request Context: {"amount": 466, "currency": "USD", "gateway": "Stripe-v2", "attempt": 3}
  Exception: org.apache.http.conn.HttpHostConnectException: Connect to 10.244.2.45:8080 failed: Connection refused
    at org.apache.http.impl.conn.DefaultHttpClientConnectionOperator.connect(DefaultHttpClientConnectionOperator.java:159)
    at org.apache.http.impl.conn.PoolingHttpClientConnectionManager.connect(PoolingHttpClientConnectionManager.java:376)

2026-08-30T14:49:55.159437Z ERROR [KafkaConsumer-60] payment_gateway.kafka - Kafka Consumer Lag Critical: Topic 'payment-events' partition 2 lag is 77633.

2026-08-30T14:49:58.164511Z CRITICAL [PaymentWorker-85] payment_gateway.processor - Payment transaction tx_90984 failed with HTTP 502 Bad Gateway.
  Request Context: {"amount": 407, "currency": "USD", "gateway": "Stripe-v2", "attempt": 3}
  Exception: org.apache.http.conn.HttpHostConnectException: Connect to 10.244.2.45:8080 failed: Connection refused
    at org.apache.http.impl.conn.DefaultHttpClientConnectionOperator.connect(DefaultHttpClientConnectionOperator.java:159)
    at org.apache.http.impl.conn.PoolingHttpClientConnectionManager.connect(PoolingHttpClientConnectionManager.java:376)

2026-08-30T14:50:25.223415Z ERROR [KafkaConsumer-52] payment_gateway.kafka - Kafka Consumer Lag Critical: Topic 'payment-events' partition 2 lag is 56147.

2026-08-30T14:50:37.243983Z CRITICAL [PaymentWorker-43] payment_gateway.processor - Payment transaction tx_37173 failed with HTTP 502 Bad Gateway.
  Request Context: {"amount": 199, "currency": "USD", "gateway": "Stripe-v2", "attempt": 3}
  Exception: org.apache.http.conn.HttpHostConnectException: Connect to 10.244.2.45:8080 failed: Connection refused
    at org.apache.http.impl.conn.DefaultHttpClientConnectionOperator.connect(DefaultHttpClientConnectionOperator.java:159)
    at org.apache.http.impl.conn.PoolingHttpClientConnectionManager.connect(PoolingHttpClientConnectionManager.java:376)

2026-08-30T14:50:52.287231Z ERROR [KafkaConsumer-65] payment_gateway.kafka - Kafka Consumer Lag Critical: Topic 'payment-events' partition 1 lag is 72260.

2026-08-30T14:51:01.303288Z ERROR [KafkaConsumer-68] payment_gateway.kafka - Kafka Consumer Lag Critical: Topic 'payment-events' partition 2 lag is 52160.

2026-08-30T14:51:13.514349Z ERROR [KafkaConsumer-44] payment_gateway.kafka - Kafka Consumer Lag Critical: Topic 'payment-events' partition 0 lag is 58515.

2026-08-30T14:51:22.536099Z CRITICAL [PaymentWorker-68] payment_gateway.processor - Payment transaction tx_74547 failed with HTTP 502 Bad Gateway.
  Request Context: {"amount": 452, "currency": "USD", "gateway": "Stripe-v2", "attempt": 3}
  Exception: org.apache.http.conn.HttpHostConnectException: Connect to 10.244.2.45:8080 failed: Connection refused
    at org.apache.http.impl.conn.DefaultHttpClientConnectionOperator.connect(DefaultHttpClientConnectionOperator.java:159)
    at org.apache.http.impl.conn.PoolingHttpClientConnectionManager.connect(PoolingHttpClientConnectionManager.java:376)

2026-08-30T14:51:40.578715Z ERROR [KafkaConsumer-67] payment_gateway.kafka - Kafka Consumer Lag Critical: Topic 'payment-events' partition 2 lag is 54310.

2026-08-30T14:51:43.585597Z ERROR [KafkaConsumer-12] payment_gateway.kafka - Kafka Consumer Lag Critical: Topic 'payment-events' partition 3 lag is 62810.

2026-08-30T14:51:52.611649Z ERROR [KafkaConsumer-48] payment_gateway.kafka - Kafka Consumer Lag Critical: Topic 'payment-events' partition 0 lag is 76492.

2026-08-30T14:59:08.538805Z ERROR [KafkaConsumer-29] payment_gateway.kafka - Kafka Consumer Lag Critical: Topic 'payment-events' partition 0 lag is 62057.

2026-08-30T14:59:17.555969Z CRITICAL [PaymentWorker-87] payment_gateway.processor - Payment transaction tx_32502 failed with HTTP 502 Bad Gateway.
  Request Context: {"amount": 276, "currency": "USD", "gateway": "Stripe-v2", "attempt": 3}
  Exception: org.apache.http.conn.HttpHostConnectException: Connect to 10.244.2.45:8080 failed: Connection refused
    at org.apache.http.impl.conn.DefaultHttpClientConnectionOperator.connect(DefaultHttpClientConnectionOperator.java:159)
    at org.apache.http.impl.conn.PoolingHttpClientConnectionManager.connect(PoolingHttpClientConnectionManager.java:376)

2026-08-30T14:59:20.562807Z CRITICAL [PaymentWorker-36] payment_gateway.processor - Payment transaction tx_88762 failed with HTTP 502 Bad Gateway.
  Request Context: {"amount": 404, "currency": "USD", "gateway": "Stripe-v2", "attempt": 3}
  Exception: org.apache.http.conn.HttpHostConnectException: Connect to 10.244.2.45:8080 failed: Connection refused
    at org.apache.http.impl.conn.DefaultHttpClientConnectionOperator.connect(DefaultHttpClientConnectionOperator.java:159)
    at org.apache.http.impl.conn.PoolingHttpClientConnectionManager.connect(PoolingHttpClientConnectionManager.java:376)

2026-08-30T14:59:35.600776Z CRITICAL [PaymentWorker-10] payment_gateway.processor - Payment transaction tx_97742 failed with HTTP 502 Bad Gateway.
  Request Context: {"amount": 186, "currency": "USD", "gateway": "Stripe-v2", "attempt": 3}
  Exception: org.apache.http.conn.HttpHostConnectException: Connect to 10.244.2.45:8080 failed: Connection refused
    at org.apache.http.impl.conn.DefaultHttpClientConnectionOperator.connect(DefaultHttpClientConnectionOperator.java:159)
    at org.apache.http.impl.conn.PoolingHttpClientConnectionManager.connect(PoolingHttpClientConnectionManager.java:376)

2026-08-30T14:59:50.697962Z ERROR [KafkaConsumer-41] payment_gateway.kafka - Kafka Consumer Lag Critical: Topic 'payment-events' partition 3 lag is 56734.

2026-08-30T15:00:02.724877Z CRITICAL [PaymentWorker-51] payment_gateway.processor - Payment transaction tx_16534 failed with HTTP 502 Bad Gateway.
  Request Context: {"amount": 263, "currency": "USD", "gateway": "Stripe-v2", "attempt": 3}
  Exception: org.apache.http.conn.HttpHostConnectException: Connect to 10.244.2.45:8080 failed: Connection refused
    at org.apache.http.impl.conn.DefaultHttpClientConnectionOperator.connect(DefaultHttpClientConnectionOperator.java:159)
    at org.apache.http.impl.conn.PoolingHttpClientConnectionManager.connect(PoolingHttpClientConnectionManager.java:376)

2026-08-30T15:00:08.737133Z ERROR [KafkaConsumer-86] payment_gateway.kafka - Kafka Consumer Lag Critical: Topic 'payment-events' partition 0 lag is 65358.

2026-08-30T15:00:11.748974Z CRITICAL [PaymentWorker-32] payment_gateway.processor - Payment transaction tx_98212 failed with HTTP 502 Bad Gateway.
  Request Context: {"amount": 390, "currency": "USD", "gateway": "Stripe-v2", "attempt": 3}
  Exception: org.apache.http.conn.HttpHostConnectException: Connect to 10.244.2.45:8080 failed: Connection refused
    at org.apache.http.impl.conn.DefaultHttpClientConnectionOperator.connect(DefaultHttpClientConnectionOperator.java:159)
    at org.apache.http.impl.conn.PoolingHttpClientConnectionManager.connect(PoolingHttpClientConnectionManager.java:376)

2026-08-30T15:00:14.757796Z CRITICAL [PaymentWorker-58] payment_gateway.processor - Payment transaction tx_58017 failed with HTTP 502 Bad Gateway.
  Request Context: {"amount": 172, "currency": "USD", "gateway": "Stripe-v2", "attempt": 3}
  Exception: org.apache.http.conn.HttpHostConnectException: Connect to 10.244.2.45:8080 failed: Connection refused
    at org.apache.http.impl.conn.DefaultHttpClientConnectionOperator.connect(DefaultHttpClientConnectionOperator.java:159)
    at org.apache.http.impl.conn.PoolingHttpClientConnectionManager.connect(PoolingHttpClientConnectionManager.java:376)

2026-08-30T15:00:26.794247Z ERROR [KafkaConsumer-47] payment_gateway.kafka - Kafka Consumer Lag Critical: Topic 'payment-events' partition 0 lag is 69181.

2026-08-30T15:00:29.802330Z ERROR [KafkaConsumer-56] payment_gateway.kafka - Kafka Consumer Lag Critical: Topic 'payment-events' partition 3 lag is 73384.

2026-08-30T15:00:38.820546Z ERROR [KafkaConsumer-68] payment_gateway.kafka - Kafka Consumer Lag Critical: Topic 'payment-events' partition 2 lag is 52904.

2026-08-30T15:01:05.872539Z CRITICAL [PaymentWorker-88] payment_gateway.processor - Payment transaction tx_17402 failed with HTTP 502 Bad Gateway.
  Request Context: {"amount": 403, "currency": "USD", "gateway": "Stripe-v2", "attempt": 3}
  Exception: org.apache.http.conn.HttpHostConnectException: Connect to 10.244.2.45:8080 failed: Connection refused
    at org.apache.http.impl.conn.DefaultHttpClientConnectionOperator.connect(DefaultHttpClientConnectionOperator.java:159)
    at org.apache.http.impl.conn.PoolingHttpClientConnectionManager.connect(PoolingHttpClientConnectionManager.java:376)

2026-08-30T15:01:11.885923Z CRITICAL [PaymentWorker-47] payment_gateway.processor - Payment transaction tx_82714 failed with HTTP 502 Bad Gateway.
  Request Context: {"amount": 141, "currency": "USD", "gateway": "Stripe-v2", "attempt": 3}
  Exception: org.apache.http.conn.HttpHostConnectException: Connect to 10.244.2.45:8080 failed: Connection refused
    at org.apache.http.impl.conn.DefaultHttpClientConnectionOperator.connect(DefaultHttpClientConnectionOperator.java:159)
    at org.apache.http.impl.conn.PoolingHttpClientConnectionManager.connect(PoolingHttpClientConnectionManager.java:376)

2026-08-30T15:01:20.914480Z CRITICAL [PaymentWorker-13] payment_gateway.processor - Payment transaction tx_47871 failed with HTTP 502 Bad Gateway.
  Request Context: {"amount": 180, "currency": "USD", "gateway": "Stripe-v2", "attempt": 3}
  Exception: org.apache.http.conn.HttpHostConnectException: Connect to 10.244.2.45:8080 failed: Connection refused
    at org.apache.http.impl.conn.DefaultHttpClientConnectionOperator.connect(DefaultHttpClientConnectionOperator.java:159)
    at org.apache.http.impl.conn.PoolingHttpClientConnectionManager.connect(PoolingHttpClientConnectionManager.java:376)

2026-08-30T15:01:23.920306Z CRITICAL [PaymentWorker-98] payment_gateway.processor - Payment transaction tx_70932 failed with HTTP 502 Bad Gateway.
  Request Context: {"amount": 270, "currency": "USD", "gateway": "Stripe-v2", "attempt": 3}
  Exception: org.apache.http.conn.HttpHostConnectException: Connect to 10.244.2.45:8080 failed: Connection refused
    at org.apache.http.impl.conn.DefaultHttpClientConnectionOperator.connect(DefaultHttpClientConnectionOperator.java:159)
    at org.apache.http.impl.conn.PoolingHttpClientConnectionManager.connect(PoolingHttpClientConnectionManager.java:376)

2026-08-30T15:01:26.925328Z ERROR [KafkaConsumer-30] payment_gateway.kafka - Kafka Consumer Lag Critical: Topic 'payment-events' partition 3 lag is 60319.

2026-08-30T15:01:35.946079Z CRITICAL [PaymentWorker-64] payment_gateway.processor - Payment transaction tx_11388 failed with HTTP 502 Bad Gateway.
  Request Context: {"amount": 147, "currency": "USD", "gateway": "Stripe-v2", "attempt": 3}
  Exception: org.apache.http.conn.HttpHostConnectException: Connect to 10.244.2.45:8080 failed: Connection refused
    at org.apache.http.impl.conn.DefaultHttpClientConnectionOperator.connect(DefaultHttpClientConnectionOperator.java:159)
    at org.apache.http.impl.conn.PoolingHttpClientConnectionManager.connect(PoolingHttpClientConnectionManager.java:376)

2026-08-30T15:01:38.959983Z CRITICAL [PaymentWorker-17] payment_gateway.processor - Payment transaction tx_55486 failed with HTTP 502 Bad Gateway.
  Request Context: {"amount": 425, "currency": "USD", "gateway": "Stripe-v2", "attempt": 3}
  Exception: org.apache.http.conn.HttpHostConnectException: Connect to 10.244.2.45:8080 failed: Connection refused
    at org.apache.http.impl.conn.DefaultHttpClientConnectionOperator.connect(DefaultHttpClientConnectionOperator.java:159)
    at org.apache.http.impl.conn.PoolingHttpClientConnectionManager.connect(PoolingHttpClientConnectionManager.java:376)

2026-08-30T15:01:44.971932Z ERROR [KafkaConsumer-85] payment_gateway.kafka - Kafka Consumer Lag Critical: Topic 'payment-events' partition 1 lag is 79066.

2026-08-30T15:01:53.989421Z CRITICAL [PaymentWorker-10] payment_gateway.processor - Payment transaction tx_38781 failed with HTTP 502 Bad Gateway.
  Request Context: {"amount": 463, "currency": "USD", "gateway": "Stripe-v2", "attempt": 3}
  Exception: org.apache.http.conn.HttpHostConnectException: Connect to 10.244.2.45:8080 failed: Connection refused
    at org.apache.http.impl.conn.DefaultHttpClientConnectionOperator.connect(DefaultHttpClientConnectionOperator.java:159)
    at org.apache.http.impl.conn.PoolingHttpClientConnectionManager.connect(PoolingHttpClientConnectionManager.java:376)

2026-08-30T15:01:56.995108Z CRITICAL [PaymentWorker-98] payment_gateway.processor - Payment transaction tx_22765 failed with HTTP 502 Bad Gateway.
  Request Context: {"amount": 41, "currency": "USD", "gateway": "Stripe-v2", "attempt": 3}
  Exception: org.apache.http.conn.HttpHostConnectException: Connect to 10.244.2.45:8080 failed: Connection refused
    at org.apache.http.impl.conn.DefaultHttpClientConnectionOperator.connect(DefaultHttpClientConnectionOperator.java:159)
    at org.apache.http.impl.conn.PoolingHttpClientConnectionManager.connect(PoolingHttpClientConnectionManager.java:376)

2026-08-30T15:02:21.048885Z CRITICAL [PaymentWorker-60] payment_gateway.processor - Payment transaction tx_91117 failed with HTTP 502 Bad Gateway.
  Request Context: {"amount": 87, "currency": "USD", "gateway": "Stripe-v2", "attempt": 3}
  Exception: org.apache.http.conn.HttpHostConnectException: Connect to 10.244.2.45:8080 failed: Connection refused
    at org.apache.http.impl.conn.DefaultHttpClientConnectionOperator.connect(DefaultHttpClientConnectionOperator.java:159)
    at org.apache.http.impl.conn.PoolingHttpClientConnectionManager.connect(PoolingHttpClientConnectionManager.java:376)

2026-08-30T15:02:48.113470Z CRITICAL [PaymentWorker-27] payment_gateway.processor - Payment transaction tx_44684 failed with HTTP 502 Bad Gateway.
  Request Context: {"amount": 192, "currency": "USD", "gateway": "Stripe-v2", "attempt": 3}
  Exception: org.apache.http.conn.HttpHostConnectException: Connect to 10.244.2.45:8080 failed: Connection refused
    at org.apache.http.impl.conn.DefaultHttpClientConnectionOperator.connect(DefaultHttpClientConnectionOperator.java:159)
    at org.apache.http.impl.conn.PoolingHttpClientConnectionManager.connect(PoolingHttpClientConnectionManager.java:376)

2026-08-30T15:02:54.124608Z CRITICAL [PaymentWorker-61] payment_gateway.processor - Payment transaction tx_82066 failed with HTTP 502 Bad Gateway.
  Request Context: {"amount": 98, "currency": "USD", "gateway": "Stripe-v2", "attempt": 3}
  Exception: org.apache.http.conn.HttpHostConnectException: Connect to 10.244.2.45:8080 failed: Connection refused
    at org.apache.http.impl.conn.DefaultHttpClientConnectionOperator.connect(DefaultHttpClientConnectionOperator.java:159)
    at org.apache.http.impl.conn.PoolingHttpClientConnectionManager.connect(PoolingHttpClientConnectionManager.java:376)

2026-08-30T15:02:57.129734Z CRITICAL [PaymentWorker-71] payment_gateway.processor - Payment transaction tx_76627 failed with HTTP 502 Bad Gateway.
  Request Context: {"amount": 269, "currency": "USD", "gateway": "Stripe-v2", "attempt": 3}
  Exception: org.apache.http.conn.HttpHostConnectException: Connect to 10.244.2.45:8080 failed: Connection refused
    at org.apache.http.impl.conn.DefaultHttpClientConnectionOperator.connect(DefaultHttpClientConnectionOperator.java:159)
    at org.apache.http.impl.conn.PoolingHttpClientConnectionManager.connect(PoolingHttpClientConnectionManager.java:376)

2026-08-30T15:03:00.136389Z CRITICAL [PaymentWorker-58] payment_gateway.processor - Payment transaction tx_84999 failed with HTTP 502 Bad Gateway.
  Request Context: {"amount": 177, "currency": "USD", "gateway": "Stripe-v2", "attempt": 3}
  Exception: org.apache.http.conn.HttpHostConnectException: Connect to 10.244.2.45:8080 failed: Connection refused
    at org.apache.http.impl.conn.DefaultHttpClientConnectionOperator.connect(DefaultHttpClientConnectionOperator.java:159)
    at org.apache.http.impl.conn.PoolingHttpClientConnectionManager.connect(PoolingHttpClientConnectionManager.java:376)

2026-08-30T15:03:03.142360Z CRITICAL [PaymentWorker-11] payment_gateway.processor - Payment transaction tx_75744 failed with HTTP 502 Bad Gateway.
  Request Context: {"amount": 169, "currency": "USD", "gateway": "Stripe-v2", "attempt": 3}
  Exception: org.apache.http.conn.HttpHostConnectException: Connect to 10.244.2.45:8080 failed: Connection refused
    at org.apache.http.impl.conn.DefaultHttpClientConnectionOperator.connect(DefaultHttpClientConnectionOperator.java:159)
    at org.apache.http.impl.conn.PoolingHttpClientConnectionManager.connect(PoolingHttpClientConnectionManager.java:376)

2026-08-30T15:03:06.157080Z CRITICAL [PaymentWorker-88] payment_gateway.processor - Payment transaction tx_92714 failed with HTTP 502 Bad Gateway.
  Request Context: {"amount": 477, "currency": "USD", "gateway": "Stripe-v2", "attempt": 3}
  Exception: org.apache.http.conn.HttpHostConnectException: Connect to 10.244.2.45:8080 failed: Connection refused
    at org.apache.http.impl.conn.DefaultHttpClientConnectionOperator.connect(DefaultHttpClientConnectionOperator.java:159)
    at org.apache.http.impl.conn.PoolingHttpClientConnectionManager.connect(PoolingHttpClientConnectionManager.java:376)

2026-08-30T15:03:15.176725Z CRITICAL [PaymentWorker-51] payment_gateway.processor - Payment transaction tx_42537 failed with HTTP 502 Bad Gateway.
  Request Context: {"amount": 125, "currency": "USD", "gateway": "Stripe-v2", "attempt": 3}
  Exception: org.apache.http.conn.HttpHostConnectException: Connect to 10.244.2.45:8080 failed: Connection refused
    at org.apache.http.impl.conn.DefaultHttpClientConnectionOperator.connect(DefaultHttpClientConnectionOperator.java:159)
    at org.apache.http.impl.conn.PoolingHttpClientConnectionManager.connect(PoolingHttpClientConnectionManager.java:376)

2026-08-30T15:03:18.188201Z CRITICAL [PaymentWorker-74] payment_gateway.processor - Payment transaction tx_98154 failed with HTTP 502 Bad Gateway.
  Request Context: {"amount": 188, "currency": "USD", "gateway": "Stripe-v2", "attempt": 3}
  Exception: org.apache.http.conn.HttpHostConnectException: Connect to 10.244.2.45:8080 failed: Connection refused
    at org.apache.http.impl.conn.DefaultHttpClientConnectionOperator.connect(DefaultHttpClientConnectionOperator.java:159)
    at org.apache.http.impl.conn.PoolingHttpClientConnectionManager.connect(PoolingHttpClientConnectionManager.java:376)

2026-08-30T15:03:30.213349Z ERROR [KafkaConsumer-28] payment_gateway.kafka - Kafka Consumer Lag Critical: Topic 'payment-events' partition 3 lag is 44583.

2026-08-30T15:03:48.255597Z CRITICAL [PaymentWorker-18] payment_gateway.processor - Payment transaction tx_12422 failed with HTTP 502 Bad Gateway.
  Request Context: {"amount": 400, "currency": "USD", "gateway": "Stripe-v2", "attempt": 3}
  Exception: org.apache.http.conn.HttpHostConnectException: Connect to 10.244.2.45:8080 failed: Connection refused
    at org.apache.http.impl.conn.DefaultHttpClientConnectionOperator.connect(DefaultHttpClientConnectionOperator.java:159)
    at org.apache.http.impl.conn.PoolingHttpClientConnectionManager.connect(PoolingHttpClientConnectionManager.java:376)

2026-08-30T15:03:51.261098Z ERROR [KafkaConsumer-16] payment_gateway.kafka - Kafka Consumer Lag Critical: Topic 'payment-events' partition 0 lag is 64519.

2026-08-30T15:03:57.272440Z ERROR [KafkaConsumer-33] payment_gateway.kafka - Kafka Consumer Lag Critical: Topic 'payment-events' partition 3 lag is 63149.

2026-08-30T15:04:00.287081Z CRITICAL [PaymentWorker-88] payment_gateway.processor - Payment transaction tx_77861 failed with HTTP 502 Bad Gateway.
  Request Context: {"amount": 127, "currency": "USD", "gateway": "Stripe-v2", "attempt": 3}
  Exception: org.apache.http.conn.HttpHostConnectException: Connect to 10.244.2.45:8080 failed: Connection refused
    at org.apache.http.impl.conn.DefaultHttpClientConnectionOperator.connect(DefaultHttpClientConnectionOperator.java:159)
    at org.apache.http.impl.conn.PoolingHttpClientConnectionManager.connect(PoolingHttpClientConnectionManager.java:376)

2026-08-30T15:04:09.308301Z ERROR [KafkaConsumer-61] payment_gateway.kafka - Kafka Consumer Lag Critical: Topic 'payment-events' partition 0 lag is 74108.

2026-08-30T15:04:18.326852Z ERROR [KafkaConsumer-28] payment_gateway.kafka - Kafka Consumer Lag Critical: Topic 'payment-events' partition 0 lag is 48036.

2026-08-30T15:04:30.361364Z ERROR [KafkaConsumer-78] payment_gateway.kafka - Kafka Consumer Lag Critical: Topic 'payment-events' partition 0 lag is 72999.

2026-08-30T15:04:39.391127Z CRITICAL [PaymentWorker-38] payment_gateway.processor - Payment transaction tx_35771 failed with HTTP 502 Bad Gateway.
  Request Context: {"amount": 124, "currency": "USD", "gateway": "Stripe-v2", "attempt": 3}
  Exception: org.apache.http.conn.HttpHostConnectException: Connect to 10.244.2.45:8080 failed: Connection refused
    at org.apache.http.impl.conn.DefaultHttpClientConnectionOperator.connect(DefaultHttpClientConnectionOperator.java:159)
    at org.apache.http.impl.conn.PoolingHttpClientConnectionManager.connect(PoolingHttpClientConnectionManager.java:376)

2026-08-30T15:04:48.416152Z CRITICAL [PaymentWorker-77] payment_gateway.processor - Payment transaction tx_22461 failed with HTTP 502 Bad Gateway.
  Request Context: {"amount": 285, "currency": "USD", "gateway": "Stripe-v2", "attempt": 3}
  Exception: org.apache.http.conn.HttpHostConnectException: Connect to 10.244.2.45:8080 failed: Connection refused
    at org.apache.http.impl.conn.DefaultHttpClientConnectionOperator.connect(DefaultHttpClientConnectionOperator.java:159)
    at org.apache.http.impl.conn.PoolingHttpClientConnectionManager.connect(PoolingHttpClientConnectionManager.java:376)

2026-08-30T15:04:51.429281Z CRITICAL [PaymentWorker-83] payment_gateway.processor - Payment transaction tx_56345 failed with HTTP 502 Bad Gateway.
  Request Context: {"amount": 262, "currency": "USD", "gateway": "Stripe-v2", "attempt": 3}
  Exception: org.apache.http.conn.HttpHostConnectException: Connect to 10.244.2.45:8080 failed: Connection refused
    at org.apache.http.impl.conn.DefaultHttpClientConnectionOperator.connect(DefaultHttpClientConnectionOperator.java:159)
    at org.apache.http.impl.conn.PoolingHttpClientConnectionManager.connect(PoolingHttpClientConnectionManager.java:376)

2026-08-30T15:04:54.435655Z CRITICAL [PaymentWorker-60] payment_gateway.processor - Payment transaction tx_60693 failed with HTTP 502 Bad Gateway.
  Request Context: {"amount": 500, "currency": "USD", "gateway": "Stripe-v2", "attempt": 3}
  Exception: org.apache.http.conn.HttpHostConnectException: Connect to 10.244.2.45:8080 failed: Connection refused
    at org.apache.http.impl.conn.DefaultHttpClientConnectionOperator.connect(DefaultHttpClientConnectionOperator.java:159)
    at org.apache.http.impl.conn.PoolingHttpClientConnectionManager.connect(PoolingHttpClientConnectionManager.java:376)

2026-08-30T15:05:06.468346Z ERROR [KafkaConsumer-55] payment_gateway.kafka - Kafka Consumer Lag Critical: Topic 'payment-events' partition 1 lag is 52255.

2026-08-30T15:05:09.478354Z CRITICAL [PaymentWorker-36] payment_gateway.processor - Payment transaction tx_25455 failed with HTTP 502 Bad Gateway.
  Request Context: {"amount": 21, "currency": "USD", "gateway": "Stripe-v2", "attempt": 3}
  Exception: org.apache.http.conn.HttpHostConnectException: Connect to 10.244.2.45:8080 failed: Connection refused
    at org.apache.http.impl.conn.DefaultHttpClientConnectionOperator.connect(DefaultHttpClientConnectionOperator.java:159)
    at org.apache.http.impl.conn.PoolingHttpClientConnectionManager.connect(PoolingHttpClientConnectionManager.java:376)

2026-08-30T15:05:18.692120Z CRITICAL [PaymentWorker-43] payment_gateway.processor - Payment transaction tx_53519 failed with HTTP 502 Bad Gateway.
  Request Context: {"amount": 120, "currency": "USD", "gateway": "Stripe-v2", "attempt": 3}
  Exception: org.apache.http.conn.HttpHostConnectException: Connect to 10.244.2.45:8080 failed: Connection refused
    at org.apache.http.impl.conn.DefaultHttpClientConnectionOperator.connect(DefaultHttpClientConnectionOperator.java:159)
    at org.apache.http.impl.conn.PoolingHttpClientConnectionManager.connect(PoolingHttpClientConnectionManager.java:376)

2026-08-30T15:05:30.726266Z ERROR [KafkaConsumer-74] payment_gateway.kafka - Kafka Consumer Lag Critical: Topic 'payment-events' partition 0 lag is 66455.

2026-08-30T15:05:33.732479Z ERROR [KafkaConsumer-98] payment_gateway.kafka - Kafka Consumer Lag Critical: Topic 'payment-events' partition 3 lag is 54737.

2026-08-30T15:05:39.747255Z CRITICAL [PaymentWorker-22] payment_gateway.processor - Payment transaction tx_35843 failed with HTTP 502 Bad Gateway.
  Request Context: {"amount": 224, "currency": "USD", "gateway": "Stripe-v2", "attempt": 3}
  Exception: org.apache.http.conn.HttpHostConnectException: Connect to 10.244.2.45:8080 failed: Connection refused
    at org.apache.http.impl.conn.DefaultHttpClientConnectionOperator.connect(DefaultHttpClientConnectionOperator.java:159)
    at org.apache.http.impl.conn.PoolingHttpClientConnectionManager.connect(PoolingHttpClientConnectionManager.java:376)

2026-08-30T15:06:12.833468Z ERROR [KafkaConsumer-16] payment_gateway.kafka - Kafka Consumer Lag Critical: Topic 'payment-events' partition 1 lag is 50599.

2026-08-30T15:06:21.868094Z ERROR [KafkaConsumer-33] payment_gateway.kafka - Kafka Consumer Lag Critical: Topic 'payment-events' partition 1 lag is 52040.

2026-08-30T15:06:33.901304Z ERROR [KafkaConsumer-22] payment_gateway.kafka - Kafka Consumer Lag Critical: Topic 'payment-events' partition 3 lag is 48757.

2026-08-30T15:06:39.929011Z CRITICAL [PaymentWorker-97] payment_gateway.processor - Payment transaction tx_91443 failed with HTTP 502 Bad Gateway.
  Request Context: {"amount": 156, "currency": "USD", "gateway": "Stripe-v2", "attempt": 3}
  Exception: org.apache.http.conn.HttpHostConnectException: Connect to 10.244.2.45:8080 failed: Connection refused
    at org.apache.http.impl.conn.DefaultHttpClientConnectionOperator.connect(DefaultHttpClientConnectionOperator.java:159)
    at org.apache.http.impl.conn.PoolingHttpClientConnectionManager.connect(PoolingHttpClientConnectionManager.java:376)

2026-08-30T15:06:51.960442Z ERROR [KafkaConsumer-33] payment_gateway.kafka - Kafka Consumer Lag Critical: Topic 'payment-events' partition 3 lag is 70807.

2026-08-30T15:07:13.041381Z CRITICAL [PaymentWorker-51] payment_gateway.processor - Payment transaction tx_72991 failed with HTTP 502 Bad Gateway.
  Request Context: {"amount": 167, "currency": "USD", "gateway": "Stripe-v2", "attempt": 3}
  Exception: org.apache.http.conn.HttpHostConnectException: Connect to 10.244.2.45:8080 failed: Connection refused
    at org.apache.http.impl.conn.DefaultHttpClientConnectionOperator.connect(DefaultHttpClientConnectionOperator.java:159)
    at org.apache.http.impl.conn.PoolingHttpClientConnectionManager.connect(PoolingHttpClientConnectionManager.java:376)

2026-08-30T15:07:19.054132Z CRITICAL [PaymentWorker-80] payment_gateway.processor - Payment transaction tx_26428 failed with HTTP 502 Bad Gateway.
  Request Context: {"amount": 15, "currency": "USD", "gateway": "Stripe-v2", "attempt": 3}
  Exception: org.apache.http.conn.HttpHostConnectException: Connect to 10.244.2.45:8080 failed: Connection refused
    at org.apache.http.impl.conn.DefaultHttpClientConnectionOperator.connect(DefaultHttpClientConnectionOperator.java:159)
    at org.apache.http.impl.conn.PoolingHttpClientConnectionManager.connect(PoolingHttpClientConnectionManager.java:376)

2026-08-30T15:07:37.088516Z ERROR [KafkaConsumer-26] payment_gateway.kafka - Kafka Consumer Lag Critical: Topic 'payment-events' partition 3 lag is 57765.

2026-08-30T15:07:46.115088Z ERROR [KafkaConsumer-21] payment_gateway.kafka - Kafka Consumer Lag Critical: Topic 'payment-events' partition 0 lag is 57367.

2026-08-30T15:08:01.148850Z CRITICAL [PaymentWorker-87] payment_gateway.processor - Payment transaction tx_37445 failed with HTTP 502 Bad Gateway.
  Request Context: {"amount": 180, "currency": "USD", "gateway": "Stripe-v2", "attempt": 3}
  Exception: org.apache.http.conn.HttpHostConnectException: Connect to 10.244.2.45:8080 failed: Connection refused
    at org.apache.http.impl.conn.DefaultHttpClientConnectionOperator.connect(DefaultHttpClientConnectionOperator.java:159)
    at org.apache.http.impl.conn.PoolingHttpClientConnectionManager.connect(PoolingHttpClientConnectionManager.java:376)

2026-08-30T15:08:07.168333Z CRITICAL [PaymentWorker-16] payment_gateway.processor - Payment transaction tx_54309 failed with HTTP 502 Bad Gateway.
  Request Context: {"amount": 282, "currency": "USD", "gateway": "Stripe-v2", "attempt": 3}
  Exception: org.apache.http.conn.HttpHostConnectException: Connect to 10.244.2.45:8080 failed: Connection refused
    at org.apache.http.impl.conn.DefaultHttpClientConnectionOperator.connect(DefaultHttpClientConnectionOperator.java:159)
    at org.apache.http.impl.conn.PoolingHttpClientConnectionManager.connect(PoolingHttpClientConnectionManager.java:376)

2026-08-30T15:08:31.219099Z ERROR [KafkaConsumer-77] payment_gateway.kafka - Kafka Consumer Lag Critical: Topic 'payment-events' partition 1 lag is 64473.

2026-08-30T15:08:34.225331Z CRITICAL [PaymentWorker-19] payment_gateway.processor - Payment transaction tx_99413 failed with HTTP 502 Bad Gateway.
  Request Context: {"amount": 402, "currency": "USD", "gateway": "Stripe-v2", "attempt": 3}
  Exception: org.apache.http.conn.HttpHostConnectException: Connect to 10.244.2.45:8080 failed: Connection refused
    at org.apache.http.impl.conn.DefaultHttpClientConnectionOperator.connect(DefaultHttpClientConnectionOperator.java:159)
    at org.apache.http.impl.conn.PoolingHttpClientConnectionManager.connect(PoolingHttpClientConnectionManager.java:376)

2026-08-30T15:08:40.241980Z ERROR [KafkaConsumer-60] payment_gateway.kafka - Kafka Consumer Lag Critical: Topic 'payment-events' partition 1 lag is 79439.

2026-08-30T15:08:49.262960Z CRITICAL [PaymentWorker-33] payment_gateway.processor - Payment transaction tx_79145 failed with HTTP 502 Bad Gateway.
  Request Context: {"amount": 321, "currency": "USD", "gateway": "Stripe-v2", "attempt": 3}
  Exception: org.apache.http.conn.HttpHostConnectException: Connect to 10.244.2.45:8080 failed: Connection refused
    at org.apache.http.impl.conn.DefaultHttpClientConnectionOperator.connect(DefaultHttpClientConnectionOperator.java:159)
    at org.apache.http.impl.conn.PoolingHttpClientConnectionManager.connect(PoolingHttpClientConnectionManager.java:376)

2026-08-30T15:09:01.287905Z ERROR [KafkaConsumer-54] payment_gateway.kafka - Kafka Consumer Lag Critical: Topic 'payment-events' partition 0 lag is 41583.

2026-08-30T15:09:04.292851Z ERROR [KafkaConsumer-24] payment_gateway.kafka - Kafka Consumer Lag Critical: Topic 'payment-events' partition 0 lag is 72312.

2026-08-30T15:09:13.309615Z ERROR [KafkaConsumer-18] payment_gateway.kafka - Kafka Consumer Lag Critical: Topic 'payment-events' partition 2 lag is 74908.

2026-08-30T15:09:16.316149Z CRITICAL [PaymentWorker-55] payment_gateway.processor - Payment transaction tx_42526 failed with HTTP 502 Bad Gateway.
  Request Context: {"amount": 125, "currency": "USD", "gateway": "Stripe-v2", "attempt": 3}
  Exception: org.apache.http.conn.HttpHostConnectException: Connect to 10.244.2.45:8080 failed: Connection refused
    at org.apache.http.impl.conn.DefaultHttpClientConnectionOperator.connect(DefaultHttpClientConnectionOperator.java:159)
    at org.apache.http.impl.conn.PoolingHttpClientConnectionManager.connect(PoolingHttpClientConnectionManager.java:376)

2026-08-30T15:09:25.353121Z CRITICAL [PaymentWorker-25] payment_gateway.processor - Payment transaction tx_94420 failed with HTTP 502 Bad Gateway.
  Request Context: {"amount": 150, "currency": "USD", "gateway": "Stripe-v2", "attempt": 3}
  Exception: org.apache.http.conn.HttpHostConnectException: Connect to 10.244.2.45:8080 failed: Connection refused
    at org.apache.http.impl.conn.DefaultHttpClientConnectionOperator.connect(DefaultHttpClientConnectionOperator.java:159)
    at org.apache.http.impl.conn.PoolingHttpClientConnectionManager.connect(PoolingHttpClientConnectionManager.java:376)

2026-08-30T15:09:31.365905Z CRITICAL [PaymentWorker-64] payment_gateway.processor - Payment transaction tx_98969 failed with HTTP 502 Bad Gateway.
  Request Context: {"amount": 454, "currency": "USD", "gateway": "Stripe-v2", "attempt": 3}
  Exception: org.apache.http.conn.HttpHostConnectException: Connect to 10.244.2.45:8080 failed: Connection refused
    at org.apache.http.impl.conn.DefaultHttpClientConnectionOperator.connect(DefaultHttpClientConnectionOperator.java:159)
    at org.apache.http.impl.conn.PoolingHttpClientConnectionManager.connect(PoolingHttpClientConnectionManager.java:376)

2026-08-30T15:09:34.383175Z ERROR [KafkaConsumer-95] payment_gateway.kafka - Kafka Consumer Lag Critical: Topic 'payment-events' partition 0 lag is 43500.

2026-08-30T15:09:46.422160Z CRITICAL [PaymentWorker-50] payment_gateway.processor - Payment transaction tx_47026 failed with HTTP 502 Bad Gateway.
  Request Context: {"amount": 297, "currency": "USD", "gateway": "Stripe-v2", "attempt": 3}
  Exception: org.apache.http.conn.HttpHostConnectException: Connect to 10.244.2.45:8080 failed: Connection refused
    at org.apache.http.impl.conn.DefaultHttpClientConnectionOperator.connect(DefaultHttpClientConnectionOperator.java:159)
    at org.apache.http.impl.conn.PoolingHttpClientConnectionManager.connect(PoolingHttpClientConnectionManager.java:376)

2026-08-30T15:10:01.465266Z CRITICAL [PaymentWorker-94] payment_gateway.processor - Payment transaction tx_51030 failed with HTTP 502 Bad Gateway.
  Request Context: {"amount": 455, "currency": "USD", "gateway": "Stripe-v2", "attempt": 3}
  Exception: org.apache.http.conn.HttpHostConnectException: Connect to 10.244.2.45:8080 failed: Connection refused
    at org.apache.http.impl.conn.DefaultHttpClientConnectionOperator.connect(DefaultHttpClientConnectionOperator.java:159)
    at org.apache.http.impl.conn.PoolingHttpClientConnectionManager.connect(PoolingHttpClientConnectionManager.java:376)

2026-08-30T15:10:04.471727Z CRITICAL [PaymentWorker-35] payment_gateway.processor - Payment transaction tx_39812 failed with HTTP 502 Bad Gateway.
  Request Context: {"amount": 285, "currency": "USD", "gateway": "Stripe-v2", "attempt": 3}
  Exception: org.apache.http.conn.HttpHostConnectException: Connect to 10.244.2.45:8080 failed: Connection refused
    at org.apache.http.impl.conn.DefaultHttpClientConnectionOperator.connect(DefaultHttpClientConnectionOperator.java:159)
    at org.apache.http.impl.conn.PoolingHttpClientConnectionManager.connect(PoolingHttpClientConnectionManager.java:376)

2026-08-30T15:10:31.532542Z CRITICAL [PaymentWorker-77] payment_gateway.processor - Payment transaction tx_63750 failed with HTTP 502 Bad Gateway.
  Request Context: {"amount": 359, "currency": "USD", "gateway": "Stripe-v2", "attempt": 3}
  Exception: org.apache.http.conn.HttpHostConnectException: Connect to 10.244.2.45:8080 failed: Connection refused
    at org.apache.http.impl.conn.DefaultHttpClientConnectionOperator.connect(DefaultHttpClientConnectionOperator.java:159)
    at org.apache.http.impl.conn.PoolingHttpClientConnectionManager.connect(PoolingHttpClientConnectionManager.java:376)

2026-08-30T15:10:34.537266Z ERROR [KafkaConsumer-53] payment_gateway.kafka - Kafka Consumer Lag Critical: Topic 'payment-events' partition 3 lag is 41642.

2026-08-30T15:11:07.623359Z ERROR [KafkaConsumer-41] payment_gateway.kafka - Kafka Consumer Lag Critical: Topic 'payment-events' partition 3 lag is 65184.

2026-08-30T15:11:10.629703Z CRITICAL [PaymentWorker-39] payment_gateway.processor - Payment transaction tx_94151 failed with HTTP 502 Bad Gateway.
  Request Context: {"amount": 223, "currency": "USD", "gateway": "Stripe-v2", "attempt": 3}
  Exception: org.apache.http.conn.HttpHostConnectException: Connect to 10.244.2.45:8080 failed: Connection refused
    at org.apache.http.impl.conn.DefaultHttpClientConnectionOperator.connect(DefaultHttpClientConnectionOperator.java:159)
    at org.apache.http.impl.conn.PoolingHttpClientConnectionManager.connect(PoolingHttpClientConnectionManager.java:376)

2026-08-30T15:11:19.646528Z ERROR [KafkaConsumer-25] payment_gateway.kafka - Kafka Consumer Lag Critical: Topic 'payment-events' partition 2 lag is 75346.

2026-08-30T15:11:25.660616Z ERROR [KafkaConsumer-38] payment_gateway.kafka - Kafka Consumer Lag Critical: Topic 'payment-events' partition 1 lag is 73796.

2026-08-30T15:11:31.682792Z CRITICAL [PaymentWorker-28] payment_gateway.processor - Payment transaction tx_99775 failed with HTTP 502 Bad Gateway.
  Request Context: {"amount": 52, "currency": "USD", "gateway": "Stripe-v2", "attempt": 3}
  Exception: org.apache.http.conn.HttpHostConnectException: Connect to 10.244.2.45:8080 failed: Connection refused
    at org.apache.http.impl.conn.DefaultHttpClientConnectionOperator.connect(DefaultHttpClientConnectionOperator.java:159)
    at org.apache.http.impl.conn.PoolingHttpClientConnectionManager.connect(PoolingHttpClientConnectionManager.java:376)

2026-08-30T15:11:34.698906Z ERROR [KafkaConsumer-75] payment_gateway.kafka - Kafka Consumer Lag Critical: Topic 'payment-events' partition 0 lag is 76148.

2026-08-30T15:11:40.745462Z ERROR [KafkaConsumer-92] payment_gateway.kafka - Kafka Consumer Lag Critical: Topic 'payment-events' partition 0 lag is 60367.

2026-08-30T15:11:52.779393Z CRITICAL [PaymentWorker-60] payment_gateway.processor - Payment transaction tx_79287 failed with HTTP 502 Bad Gateway.
  Request Context: {"amount": 218, "currency": "USD", "gateway": "Stripe-v2", "attempt": 3}
  Exception: org.apache.http.conn.HttpHostConnectException: Connect to 10.244.2.45:8080 failed: Connection refused
    at org.apache.http.impl.conn.DefaultHttpClientConnectionOperator.connect(DefaultHttpClientConnectionOperator.java:159)
    at org.apache.http.impl.conn.PoolingHttpClientConnectionManager.connect(PoolingHttpClientConnectionManager.java:376)

2026-08-30T15:11:55.788512Z ERROR [KafkaConsumer-25] payment_gateway.kafka - Kafka Consumer Lag Critical: Topic 'payment-events' partition 2 lag is 64749.

2026-08-30T15:12:13.830789Z CRITICAL [PaymentWorker-36] payment_gateway.processor - Payment transaction tx_20698 failed with HTTP 502 Bad Gateway.
  Request Context: {"amount": 20, "currency": "USD", "gateway": "Stripe-v2", "attempt": 3}
  Exception: org.apache.http.conn.HttpHostConnectException: Connect to 10.244.2.45:8080 failed: Connection refused
    at org.apache.http.impl.conn.DefaultHttpClientConnectionOperator.connect(DefaultHttpClientConnectionOperator.java:159)
    at org.apache.http.impl.conn.PoolingHttpClientConnectionManager.connect(PoolingHttpClientConnectionManager.java:376)

2026-08-30T15:12:19.863718Z ERROR [KafkaConsumer-88] payment_gateway.kafka - Kafka Consumer Lag Critical: Topic 'payment-events' partition 2 lag is 58793.

2026-08-30T15:12:34.892334Z CRITICAL [PaymentWorker-54] payment_gateway.processor - Payment transaction tx_49356 failed with HTTP 502 Bad Gateway.
  Request Context: {"amount": 253, "currency": "USD", "gateway": "Stripe-v2", "attempt": 3}
  Exception: org.apache.http.conn.HttpHostConnectException: Connect to 10.244.2.45:8080 failed: Connection refused
    at org.apache.http.impl.conn.DefaultHttpClientConnectionOperator.connect(DefaultHttpClientConnectionOperator.java:159)
    at org.apache.http.impl.conn.PoolingHttpClientConnectionManager.connect(PoolingHttpClientConnectionManager.java:376)

2026-08-30T15:12:37.897850Z CRITICAL [PaymentWorker-92] payment_gateway.processor - Payment transaction tx_86617 failed with HTTP 502 Bad Gateway.
  Request Context: {"amount": 276, "currency": "USD", "gateway": "Stripe-v2", "attempt": 3}
  Exception: org.apache.http.conn.HttpHostConnectException: Connect to 10.244.2.45:8080 failed: Connection refused
    at org.apache.http.impl.conn.DefaultHttpClientConnectionOperator.connect(DefaultHttpClientConnectionOperator.java:159)
    at org.apache.http.impl.conn.PoolingHttpClientConnectionManager.connect(PoolingHttpClientConnectionManager.java:376)

2026-08-30T15:12:40.904275Z ERROR [KafkaConsumer-67] payment_gateway.kafka - Kafka Consumer Lag Critical: Topic 'payment-events' partition 1 lag is 70331.

2026-08-30T15:12:46.917593Z CRITICAL [PaymentWorker-23] payment_gateway.processor - Payment transaction tx_72576 failed with HTTP 502 Bad Gateway.
  Request Context: {"amount": 397, "currency": "USD", "gateway": "Stripe-v2", "attempt": 3}
  Exception: org.apache.http.conn.HttpHostConnectException: Connect to 10.244.2.45:8080 failed: Connection refused
    at org.apache.http.impl.conn.DefaultHttpClientConnectionOperator.connect(DefaultHttpClientConnectionOperator.java:159)
    at org.apache.http.impl.conn.PoolingHttpClientConnectionManager.connect(PoolingHttpClientConnectionManager.java:376)

2026-08-30T15:12:49.932282Z CRITICAL [PaymentWorker-62] payment_gateway.processor - Payment transaction tx_40569 failed with HTTP 502 Bad Gateway.
  Request Context: {"amount": 43, "currency": "USD", "gateway": "Stripe-v2", "attempt": 3}
  Exception: org.apache.http.conn.HttpHostConnectException: Connect to 10.244.2.45:8080 failed: Connection refused
    at org.apache.http.impl.conn.DefaultHttpClientConnectionOperator.connect(DefaultHttpClientConnectionOperator.java:159)
    at org.apache.http.impl.conn.PoolingHttpClientConnectionManager.connect(PoolingHttpClientConnectionManager.java:376)

2026-08-30T15:12:55.944495Z CRITICAL [PaymentWorker-47] payment_gateway.processor - Payment transaction tx_43511 failed with HTTP 502 Bad Gateway.
  Request Context: {"amount": 348, "currency": "USD", "gateway": "Stripe-v2", "attempt": 3}
  Exception: org.apache.http.conn.HttpHostConnectException: Connect to 10.244.2.45:8080 failed: Connection refused
    at org.apache.http.impl.conn.DefaultHttpClientConnectionOperator.connect(DefaultHttpClientConnectionOperator.java:159)
    at org.apache.http.impl.conn.PoolingHttpClientConnectionManager.connect(PoolingHttpClientConnectionManager.java:376)

2026-08-30T15:13:07.975878Z ERROR [KafkaConsumer-61] payment_gateway.kafka - Kafka Consumer Lag Critical: Topic 'payment-events' partition 3 lag is 56414.

2026-08-30T15:13:23.021722Z CRITICAL [PaymentWorker-52] payment_gateway.processor - Payment transaction tx_28022 failed with HTTP 502 Bad Gateway.
  Request Context: {"amount": 398, "currency": "USD", "gateway": "Stripe-v2", "attempt": 3}
  Exception: org.apache.http.conn.HttpHostConnectException: Connect to 10.244.2.45:8080 failed: Connection refused
    at org.apache.http.impl.conn.DefaultHttpClientConnectionOperator.connect(DefaultHttpClientConnectionOperator.java:159)
    at org.apache.http.impl.conn.PoolingHttpClientConnectionManager.connect(PoolingHttpClientConnectionManager.java:376)

2026-08-30T15:13:26.027545Z CRITICAL [PaymentWorker-87] payment_gateway.processor - Payment transaction tx_58852 failed with HTTP 502 Bad Gateway.
  Request Context: {"amount": 142, "currency": "USD", "gateway": "Stripe-v2", "attempt": 3}
  Exception: org.apache.http.conn.HttpHostConnectException: Connect to 10.244.2.45:8080 failed: Connection refused
    at org.apache.http.impl.conn.DefaultHttpClientConnectionOperator.connect(DefaultHttpClientConnectionOperator.java:159)
    at org.apache.http.impl.conn.PoolingHttpClientConnectionManager.connect(PoolingHttpClientConnectionManager.java:376)

2026-08-30T15:13:56.091788Z CRITICAL [PaymentWorker-66] payment_gateway.processor - Payment transaction tx_12778 failed with HTTP 502 Bad Gateway.
  Request Context: {"amount": 95, "currency": "USD", "gateway": "Stripe-v2", "attempt": 3}
  Exception: org.apache.http.conn.HttpHostConnectException: Connect to 10.244.2.45:8080 failed: Connection refused
    at org.apache.http.impl.conn.DefaultHttpClientConnectionOperator.connect(DefaultHttpClientConnectionOperator.java:159)
    at org.apache.http.impl.conn.PoolingHttpClientConnectionManager.connect(PoolingHttpClientConnectionManager.java:376)

2026-08-30T15:14:02.364034Z CRITICAL [PaymentWorker-78] payment_gateway.processor - Payment transaction tx_29881 failed with HTTP 502 Bad Gateway.
  Request Context: {"amount": 446, "currency": "USD", "gateway": "Stripe-v2", "attempt": 3}
  Exception: org.apache.http.conn.HttpHostConnectException: Connect to 10.244.2.45:8080 failed: Connection refused
    at org.apache.http.impl.conn.DefaultHttpClientConnectionOperator.connect(DefaultHttpClientConnectionOperator.java:159)
    at org.apache.http.impl.conn.PoolingHttpClientConnectionManager.connect(PoolingHttpClientConnectionManager.java:376)

2026-08-30T15:14:29.433138Z ERROR [KafkaConsumer-25] payment_gateway.kafka - Kafka Consumer Lag Critical: Topic 'payment-events' partition 3 lag is 60506.

2026-08-30T15:14:38.455514Z ERROR [KafkaConsumer-50] payment_gateway.kafka - Kafka Consumer Lag Critical: Topic 'payment-events' partition 2 lag is 52493.

2026-08-30T15:14:41.472723Z CRITICAL [PaymentWorker-75] payment_gateway.processor - Payment transaction tx_51495 failed with HTTP 502 Bad Gateway.
  Request Context: {"amount": 71, "currency": "USD", "gateway": "Stripe-v2", "attempt": 3}
  Exception: org.apache.http.conn.HttpHostConnectException: Connect to 10.244.2.45:8080 failed: Connection refused
    at org.apache.http.impl.conn.DefaultHttpClientConnectionOperator.connect(DefaultHttpClientConnectionOperator.java:159)
    at org.apache.http.impl.conn.PoolingHttpClientConnectionManager.connect(PoolingHttpClientConnectionManager.java:376)

2026-08-30T15:14:53.494959Z CRITICAL [PaymentWorker-76] payment_gateway.processor - Payment transaction tx_66951 failed with HTTP 502 Bad Gateway.
  Request Context: {"amount": 184, "currency": "USD", "gateway": "Stripe-v2", "attempt": 3}
  Exception: org.apache.http.conn.HttpHostConnectException: Connect to 10.244.2.45:8080 failed: Connection refused
    at org.apache.http.impl.conn.DefaultHttpClientConnectionOperator.connect(DefaultHttpClientConnectionOperator.java:159)
    at org.apache.http.impl.conn.PoolingHttpClientConnectionManager.connect(PoolingHttpClientConnectionManager.java:376)

2026-08-30T15:14:59.506934Z CRITICAL [PaymentWorker-32] payment_gateway.processor - Payment transaction tx_18670 failed with HTTP 502 Bad Gateway.
  Request Context: {"amount": 417, "currency": "USD", "gateway": "Stripe-v2", "attempt": 3}
  Exception: org.apache.http.conn.HttpHostConnectException: Connect to 10.244.2.45:8080 failed: Connection refused
    at org.apache.http.impl.conn.DefaultHttpClientConnectionOperator.connect(DefaultHttpClientConnectionOperator.java:159)
    at org.apache.http.impl.conn.PoolingHttpClientConnectionManager.connect(PoolingHttpClientConnectionManager.java:376)

2026-08-30T15:15:05.522268Z CRITICAL [PaymentWorker-55] payment_gateway.processor - Payment transaction tx_56296 failed with HTTP 502 Bad Gateway.
  Request Context: {"amount": 370, "currency": "USD", "gateway": "Stripe-v2", "attempt": 3}
  Exception: org.apache.http.conn.HttpHostConnectException: Connect to 10.244.2.45:8080 failed: Connection refused
    at org.apache.http.impl.conn.DefaultHttpClientConnectionOperator.connect(DefaultHttpClientConnectionOperator.java:159)
    at org.apache.http.impl.conn.PoolingHttpClientConnectionManager.connect(PoolingHttpClientConnectionManager.java:376)

2026-08-30T15:15:29.570422Z CRITICAL [PaymentWorker-30] payment_gateway.processor - Payment transaction tx_42237 failed with HTTP 502 Bad Gateway.
  Request Context: {"amount": 411, "currency": "USD", "gateway": "Stripe-v2", "attempt": 3}
  Exception: org.apache.http.conn.HttpHostConnectException: Connect to 10.244.2.45:8080 failed: Connection refused
    at org.apache.http.impl.conn.DefaultHttpClientConnectionOperator.connect(DefaultHttpClientConnectionOperator.java:159)
    at org.apache.http.impl.conn.PoolingHttpClientConnectionManager.connect(PoolingHttpClientConnectionManager.java:376)

2026-08-30T15:15:35.590688Z ERROR [KafkaConsumer-76] payment_gateway.kafka - Kafka Consumer Lag Critical: Topic 'payment-events' partition 1 lag is 78032.

2026-08-30T15:15:44.627599Z ERROR [KafkaConsumer-33] payment_gateway.kafka - Kafka Consumer Lag Critical: Topic 'payment-events' partition 2 lag is 50470.

2026-08-30T15:15:47.633292Z ERROR [KafkaConsumer-12] payment_gateway.kafka - Kafka Consumer Lag Critical: Topic 'payment-events' partition 1 lag is 68836.

2026-08-30T15:15:50.639201Z ERROR [KafkaConsumer-26] payment_gateway.kafka - Kafka Consumer Lag Critical: Topic 'payment-events' partition 0 lag is 73016.

2026-08-30T15:15:53.651416Z CRITICAL [PaymentWorker-34] payment_gateway.processor - Payment transaction tx_63838 failed with HTTP 502 Bad Gateway.
  Request Context: {"amount": 255, "currency": "USD", "gateway": "Stripe-v2", "attempt": 3}
  Exception: org.apache.http.conn.HttpHostConnectException: Connect to 10.244.2.45:8080 failed: Connection refused
    at org.apache.http.impl.conn.DefaultHttpClientConnectionOperator.connect(DefaultHttpClientConnectionOperator.java:159)
    at org.apache.http.impl.conn.PoolingHttpClientConnectionManager.connect(PoolingHttpClientConnectionManager.java:376)

2026-08-30T15:15:59.664742Z ERROR [KafkaConsumer-14] payment_gateway.kafka - Kafka Consumer Lag Critical: Topic 'payment-events' partition 0 lag is 61712.

2026-08-30T15:16:02.669588Z CRITICAL [PaymentWorker-81] payment_gateway.processor - Payment transaction tx_45475 failed with HTTP 502 Bad Gateway.
  Request Context: {"amount": 27, "currency": "USD", "gateway": "Stripe-v2", "attempt": 3}
  Exception: org.apache.http.conn.HttpHostConnectException: Connect to 10.244.2.45:8080 failed: Connection refused
    at org.apache.http.impl.conn.DefaultHttpClientConnectionOperator.connect(DefaultHttpClientConnectionOperator.java:159)
    at org.apache.http.impl.conn.PoolingHttpClientConnectionManager.connect(PoolingHttpClientConnectionManager.java:376)

2026-08-30T15:16:14.703513Z CRITICAL [PaymentWorker-61] payment_gateway.processor - Payment transaction tx_23597 failed with HTTP 502 Bad Gateway.
  Request Context: {"amount": 75, "currency": "USD", "gateway": "Stripe-v2", "attempt": 3}
  Exception: org.apache.http.conn.HttpHostConnectException: Connect to 10.244.2.45:8080 failed: Connection refused
    at org.apache.http.impl.conn.DefaultHttpClientConnectionOperator.connect(DefaultHttpClientConnectionOperator.java:159)
    at org.apache.http.impl.conn.PoolingHttpClientConnectionManager.connect(PoolingHttpClientConnectionManager.java:376)

2026-08-30T15:16:17.709622Z ERROR [KafkaConsumer-23] payment_gateway.kafka - Kafka Consumer Lag Critical: Topic 'payment-events' partition 2 lag is 60320.

2026-08-30T15:16:23.721910Z CRITICAL [PaymentWorker-17] payment_gateway.processor - Payment transaction tx_30747 failed with HTTP 502 Bad Gateway.
  Request Context: {"amount": 424, "currency": "USD", "gateway": "Stripe-v2", "attempt": 3}
  Exception: org.apache.http.conn.HttpHostConnectException: Connect to 10.244.2.45:8080 failed: Connection refused
    at org.apache.http.impl.conn.DefaultHttpClientConnectionOperator.connect(DefaultHttpClientConnectionOperator.java:159)
    at org.apache.http.impl.conn.PoolingHttpClientConnectionManager.connect(PoolingHttpClientConnectionManager.java:376)

2026-08-30T15:16:26.757010Z CRITICAL [PaymentWorker-31] payment_gateway.processor - Payment transaction tx_87867 failed with HTTP 502 Bad Gateway.
  Request Context: {"amount": 96, "currency": "USD", "gateway": "Stripe-v2", "attempt": 3}
  Exception: org.apache.http.conn.HttpHostConnectException: Connect to 10.244.2.45:8080 failed: Connection refused
    at org.apache.http.impl.conn.DefaultHttpClientConnectionOperator.connect(DefaultHttpClientConnectionOperator.java:159)
    at org.apache.http.impl.conn.PoolingHttpClientConnectionManager.connect(PoolingHttpClientConnectionManager.java:376)

2026-08-30T15:16:32.767628Z ERROR [KafkaConsumer-63] payment_gateway.kafka - Kafka Consumer Lag Critical: Topic 'payment-events' partition 0 lag is 69903.

2026-08-30T15:16:41.793383Z CRITICAL [PaymentWorker-23] payment_gateway.processor - Payment transaction tx_75929 failed with HTTP 502 Bad Gateway.
  Request Context: {"amount": 102, "currency": "USD", "gateway": "Stripe-v2", "attempt": 3}
  Exception: org.apache.http.conn.HttpHostConnectException: Connect to 10.244.2.45:8080 failed: Connection refused
    at org.apache.http.impl.conn.DefaultHttpClientConnectionOperator.connect(DefaultHttpClientConnectionOperator.java:159)
    at org.apache.http.impl.conn.PoolingHttpClientConnectionManager.connect(PoolingHttpClientConnectionManager.java:376)

2026-08-30T15:16:44.799463Z CRITICAL [PaymentWorker-60] payment_gateway.processor - Payment transaction tx_76947 failed with HTTP 502 Bad Gateway.
  Request Context: {"amount": 240, "currency": "USD", "gateway": "Stripe-v2", "attempt": 3}
  Exception: org.apache.http.conn.HttpHostConnectException: Connect to 10.244.2.45:8080 failed: Connection refused
    at org.apache.http.impl.conn.DefaultHttpClientConnectionOperator.connect(DefaultHttpClientConnectionOperator.java:159)
    at org.apache.http.impl.conn.PoolingHttpClientConnectionManager.connect(PoolingHttpClientConnectionManager.java:376)

2026-08-30T15:16:47.804925Z ERROR [KafkaConsumer-35] payment_gateway.kafka - Kafka Consumer Lag Critical: Topic 'payment-events' partition 0 lag is 63155.

2026-08-30T15:16:50.812173Z CRITICAL [PaymentWorker-93] payment_gateway.processor - Payment transaction tx_73625 failed with HTTP 502 Bad Gateway.
  Request Context: {"amount": 10, "currency": "USD", "gateway": "Stripe-v2", "attempt": 3}
  Exception: org.apache.http.conn.HttpHostConnectException: Connect to 10.244.2.45:8080 failed: Connection refused
    at org.apache.http.impl.conn.DefaultHttpClientConnectionOperator.connect(DefaultHttpClientConnectionOperator.java:159)
    at org.apache.http.impl.conn.PoolingHttpClientConnectionManager.connect(PoolingHttpClientConnectionManager.java:376)

2026-08-30T15:16:56.832208Z ERROR [KafkaConsumer-45] payment_gateway.kafka - Kafka Consumer Lag Critical: Topic 'payment-events' partition 3 lag is 57091.

2026-08-30T15:16:59.837804Z CRITICAL [PaymentWorker-31] payment_gateway.processor - Payment transaction tx_17338 failed with HTTP 502 Bad Gateway.
  Request Context: {"amount": 483, "currency": "USD", "gateway": "Stripe-v2", "attempt": 3}
  Exception: org.apache.http.conn.HttpHostConnectException: Connect to 10.244.2.45:8080 failed: Connection refused
    at org.apache.http.impl.conn.DefaultHttpClientConnectionOperator.connect(DefaultHttpClientConnectionOperator.java:159)
    at org.apache.http.impl.conn.PoolingHttpClientConnectionManager.connect(PoolingHttpClientConnectionManager.java:376)

2026-08-30T15:17:05.850768Z ERROR [KafkaConsumer-17] payment_gateway.kafka - Kafka Consumer Lag Critical: Topic 'payment-events' partition 3 lag is 57938.

2026-08-30T15:17:08.857225Z ERROR [KafkaConsumer-38] payment_gateway.kafka - Kafka Consumer Lag Critical: Topic 'payment-events' partition 3 lag is 65200.

2026-08-30T15:17:20.879639Z CRITICAL [PaymentWorker-69] payment_gateway.processor - Payment transaction tx_38129 failed with HTTP 502 Bad Gateway.
  Request Context: {"amount": 275, "currency": "USD", "gateway": "Stripe-v2", "attempt": 3}
  Exception: org.apache.http.conn.HttpHostConnectException: Connect to 10.244.2.45:8080 failed: Connection refused
    at org.apache.http.impl.conn.DefaultHttpClientConnectionOperator.connect(DefaultHttpClientConnectionOperator.java:159)
    at org.apache.http.impl.conn.PoolingHttpClientConnectionManager.connect(PoolingHttpClientConnectionManager.java:376)

2026-08-30T15:17:26.890921Z CRITICAL [PaymentWorker-55] payment_gateway.processor - Payment transaction tx_58811 failed with HTTP 502 Bad Gateway.
  Request Context: {"amount": 298, "currency": "USD", "gateway": "Stripe-v2", "attempt": 3}
  Exception: org.apache.http.conn.HttpHostConnectException: Connect to 10.244.2.45:8080 failed: Connection refused
    at org.apache.http.impl.conn.DefaultHttpClientConnectionOperator.connect(DefaultHttpClientConnectionOperator.java:159)
    at org.apache.http.impl.conn.PoolingHttpClientConnectionManager.connect(PoolingHttpClientConnectionManager.java:376)

2026-08-30T15:17:35.908398Z CRITICAL [PaymentWorker-37] payment_gateway.processor - Payment transaction tx_44709 failed with HTTP 502 Bad Gateway.
  Request Context: {"amount": 329, "currency": "USD", "gateway": "Stripe-v2", "attempt": 3}
  Exception: org.apache.http.conn.HttpHostConnectException: Connect to 10.244.2.45:8080 failed: Connection refused
    at org.apache.http.impl.conn.DefaultHttpClientConnectionOperator.connect(DefaultHttpClientConnectionOperator.java:159)
    at org.apache.http.impl.conn.PoolingHttpClientConnectionManager.connect(PoolingHttpClientConnectionManager.java:376)

2026-08-30T15:17:38.914757Z ERROR [KafkaConsumer-12] payment_gateway.kafka - Kafka Consumer Lag Critical: Topic 'payment-events' partition 1 lag is 52051.

2026-08-30T15:17:41.920116Z ERROR [KafkaConsumer-51] payment_gateway.kafka - Kafka Consumer Lag Critical: Topic 'payment-events' partition 0 lag is 43775.

2026-08-30T15:17:50.944725Z ERROR [KafkaConsumer-82] payment_gateway.kafka - Kafka Consumer Lag Critical: Topic 'payment-events' partition 3 lag is 54690.

2026-08-30T15:17:59.974773Z ERROR [KafkaConsumer-24] payment_gateway.kafka - Kafka Consumer Lag Critical: Topic 'payment-events' partition 3 lag is 44811.

2026-08-30T15:18:12.008934Z CRITICAL [PaymentWorker-24] payment_gateway.processor - Payment transaction tx_60898 failed with HTTP 502 Bad Gateway.
  Request Context: {"amount": 118, "currency": "USD", "gateway": "Stripe-v2", "attempt": 3}
  Exception: org.apache.http.conn.HttpHostConnectException: Connect to 10.244.2.45:8080 failed: Connection refused
    at org.apache.http.impl.conn.DefaultHttpClientConnectionOperator.connect(DefaultHttpClientConnectionOperator.java:159)
    at org.apache.http.impl.conn.PoolingHttpClientConnectionManager.connect(PoolingHttpClientConnectionManager.java:376)

2026-08-30T15:18:36.092143Z CRITICAL [PaymentWorker-47] payment_gateway.processor - Payment transaction tx_72517 failed with HTTP 502 Bad Gateway.
  Request Context: {"amount": 416, "currency": "USD", "gateway": "Stripe-v2", "attempt": 3}
  Exception: org.apache.http.conn.HttpHostConnectException: Connect to 10.244.2.45:8080 failed: Connection refused
    at org.apache.http.impl.conn.DefaultHttpClientConnectionOperator.connect(DefaultHttpClientConnectionOperator.java:159)
    at org.apache.http.impl.conn.PoolingHttpClientConnectionManager.connect(PoolingHttpClientConnectionManager.java:376)

2026-08-30T15:18:48.121728Z CRITICAL [PaymentWorker-19] payment_gateway.processor - Payment transaction tx_21188 failed with HTTP 502 Bad Gateway.
  Request Context: {"amount": 289, "currency": "USD", "gateway": "Stripe-v2", "attempt": 3}
  Exception: org.apache.http.conn.HttpHostConnectException: Connect to 10.244.2.45:8080 failed: Connection refused
    at org.apache.http.impl.conn.DefaultHttpClientConnectionOperator.connect(DefaultHttpClientConnectionOperator.java:159)
    at org.apache.http.impl.conn.PoolingHttpClientConnectionManager.connect(PoolingHttpClientConnectionManager.java:376)

2026-08-30T15:18:54.142216Z ERROR [KafkaConsumer-79] payment_gateway.kafka - Kafka Consumer Lag Critical: Topic 'payment-events' partition 2 lag is 74855.

2026-08-30T15:19:00.156175Z ERROR [KafkaConsumer-15] payment_gateway.kafka - Kafka Consumer Lag Critical: Topic 'payment-events' partition 3 lag is 72965.

2026-08-30T15:19:09.185602Z ERROR [KafkaConsumer-44] payment_gateway.kafka - Kafka Consumer Lag Critical: Topic 'payment-events' partition 2 lag is 79086.

2026-08-30T15:19:21.217519Z ERROR [KafkaConsumer-91] payment_gateway.kafka - Kafka Consumer Lag Critical: Topic 'payment-events' partition 1 lag is 77812.

2026-08-30T15:19:48.306074Z CRITICAL [PaymentWorker-74] payment_gateway.processor - Payment transaction tx_74093 failed with HTTP 502 Bad Gateway.
  Request Context: {"amount": 492, "currency": "USD", "gateway": "Stripe-v2", "attempt": 3}
  Exception: org.apache.http.conn.HttpHostConnectException: Connect to 10.244.2.45:8080 failed: Connection refused
    at org.apache.http.impl.conn.DefaultHttpClientConnectionOperator.connect(DefaultHttpClientConnectionOperator.java:159)
    at org.apache.http.impl.conn.PoolingHttpClientConnectionManager.connect(PoolingHttpClientConnectionManager.java:376)

2026-08-30T15:20:03.353673Z ERROR [KafkaConsumer-19] payment_gateway.kafka - Kafka Consumer Lag Critical: Topic 'payment-events' partition 3 lag is 65014.

2026-08-30T15:20:09.375681Z CRITICAL [PaymentWorker-82] payment_gateway.processor - Payment transaction tx_11404 failed with HTTP 502 Bad Gateway.
  Request Context: {"amount": 496, "currency": "USD", "gateway": "Stripe-v2", "attempt": 3}
  Exception: org.apache.http.conn.HttpHostConnectException: Connect to 10.244.2.45:8080 failed: Connection refused
    at org.apache.http.impl.conn.DefaultHttpClientConnectionOperator.connect(DefaultHttpClientConnectionOperator.java:159)
    at org.apache.http.impl.conn.PoolingHttpClientConnectionManager.connect(PoolingHttpClientConnectionManager.java:376)

2026-08-30T15:20:18.401603Z CRITICAL [PaymentWorker-52] payment_gateway.processor - Payment transaction tx_28141 failed with HTTP 502 Bad Gateway.
  Request Context: {"amount": 18, "currency": "USD", "gateway": "Stripe-v2", "attempt": 3}
  Exception: org.apache.http.conn.HttpHostConnectException: Connect to 10.244.2.45:8080 failed: Connection refused
    at org.apache.http.impl.conn.DefaultHttpClientConnectionOperator.connect(DefaultHttpClientConnectionOperator.java:159)
    at org.apache.http.impl.conn.PoolingHttpClientConnectionManager.connect(PoolingHttpClientConnectionManager.java:376)

2026-08-30T15:20:33.449392Z CRITICAL [PaymentWorker-41] payment_gateway.processor - Payment transaction tx_58993 failed with HTTP 502 Bad Gateway.
  Request Context: {"amount": 10, "currency": "USD", "gateway": "Stripe-v2", "attempt": 3}
  Exception: org.apache.http.conn.HttpHostConnectException: Connect to 10.244.2.45:8080 failed: Connection refused
    at org.apache.http.impl.conn.DefaultHttpClientConnectionOperator.connect(DefaultHttpClientConnectionOperator.java:159)
    at org.apache.http.impl.conn.PoolingHttpClientConnectionManager.connect(PoolingHttpClientConnectionManager.java:376)

2026-08-30T15:20:48.499497Z CRITICAL [PaymentWorker-77] payment_gateway.processor - Payment transaction tx_70882 failed with HTTP 502 Bad Gateway.
  Request Context: {"amount": 118, "currency": "USD", "gateway": "Stripe-v2", "attempt": 3}
  Exception: org.apache.http.conn.HttpHostConnectException: Connect to 10.244.2.45:8080 failed: Connection refused
    at org.apache.http.impl.conn.DefaultHttpClientConnectionOperator.connect(DefaultHttpClientConnectionOperator.java:159)
    at org.apache.http.impl.conn.PoolingHttpClientConnectionManager.connect(PoolingHttpClientConnectionManager.java:376)

2026-08-30T15:20:51.507899Z CRITICAL [PaymentWorker-37] payment_gateway.processor - Payment transaction tx_87543 failed with HTTP 502 Bad Gateway.
  Request Context: {"amount": 63, "currency": "USD", "gateway": "Stripe-v2", "attempt": 3}
  Exception: org.apache.http.conn.HttpHostConnectException: Connect to 10.244.2.45:8080 failed: Connection refused
    at org.apache.http.impl.conn.DefaultHttpClientConnectionOperator.connect(DefaultHttpClientConnectionOperator.java:159)
    at org.apache.http.impl.conn.PoolingHttpClientConnectionManager.connect(PoolingHttpClientConnectionManager.java:376)

2026-08-30T15:21:12.563690Z CRITICAL [PaymentWorker-59] payment_gateway.processor - Payment transaction tx_75029 failed with HTTP 502 Bad Gateway.
  Request Context: {"amount": 320, "currency": "USD", "gateway": "Stripe-v2", "attempt": 3}
  Exception: org.apache.http.conn.HttpHostConnectException: Connect to 10.244.2.45:8080 failed: Connection refused
    at org.apache.http.impl.conn.DefaultHttpClientConnectionOperator.connect(DefaultHttpClientConnectionOperator.java:159)
    at org.apache.http.impl.conn.PoolingHttpClientConnectionManager.connect(PoolingHttpClientConnectionManager.java:376)

2026-08-30T15:21:42.640411Z ERROR [KafkaConsumer-16] payment_gateway.kafka - Kafka Consumer Lag Critical: Topic 'payment-events' partition 2 lag is 40997.

2026-08-30T15:21:45.652806Z CRITICAL [PaymentWorker-34] payment_gateway.processor - Payment transaction tx_42614 failed with HTTP 502 Bad Gateway.
  Request Context: {"amount": 220, "currency": "USD", "gateway": "Stripe-v2", "attempt": 3}
  Exception: org.apache.http.conn.HttpHostConnectException: Connect to 10.244.2.45:8080 failed: Connection refused
    at org.apache.http.impl.conn.DefaultHttpClientConnectionOperator.connect(DefaultHttpClientConnectionOperator.java:159)
    at org.apache.http.impl.conn.PoolingHttpClientConnectionManager.connect(PoolingHttpClientConnectionManager.java:376)

2026-08-30T15:22:03.705029Z CRITICAL [PaymentWorker-29] payment_gateway.processor - Payment transaction tx_15996 failed with HTTP 502 Bad Gateway.
  Request Context: {"amount": 196, "currency": "USD", "gateway": "Stripe-v2", "attempt": 3}
  Exception: org.apache.http.conn.HttpHostConnectException: Connect to 10.244.2.45:8080 failed: Connection refused
    at org.apache.http.impl.conn.DefaultHttpClientConnectionOperator.connect(DefaultHttpClientConnectionOperator.java:159)
    at org.apache.http.impl.conn.PoolingHttpClientConnectionManager.connect(PoolingHttpClientConnectionManager.java:376)

2026-08-30T15:22:09.726818Z CRITICAL [PaymentWorker-14] payment_gateway.processor - Payment transaction tx_99218 failed with HTTP 502 Bad Gateway.
  Request Context: {"amount": 458, "currency": "USD", "gateway": "Stripe-v2", "attempt": 3}
  Exception: org.apache.http.conn.HttpHostConnectException: Connect to 10.244.2.45:8080 failed: Connection refused
    at org.apache.http.impl.conn.DefaultHttpClientConnectionOperator.connect(DefaultHttpClientConnectionOperator.java:159)
    at org.apache.http.impl.conn.PoolingHttpClientConnectionManager.connect(PoolingHttpClientConnectionManager.java:376)

2026-08-30T15:22:15.743311Z CRITICAL [PaymentWorker-86] payment_gateway.processor - Payment transaction tx_37556 failed with HTTP 502 Bad Gateway.
  Request Context: {"amount": 82, "currency": "USD", "gateway": "Stripe-v2", "attempt": 3}
  Exception: org.apache.http.conn.HttpHostConnectException: Connect to 10.244.2.45:8080 failed: Connection refused
    at org.apache.http.impl.conn.DefaultHttpClientConnectionOperator.connect(DefaultHttpClientConnectionOperator.java:159)
    at org.apache.http.impl.conn.PoolingHttpClientConnectionManager.connect(PoolingHttpClientConnectionManager.java:376)

2026-08-30T15:22:18.748927Z CRITICAL [PaymentWorker-20] payment_gateway.processor - Payment transaction tx_91891 failed with HTTP 502 Bad Gateway.
  Request Context: {"amount": 17, "currency": "USD", "gateway": "Stripe-v2", "attempt": 3}
  Exception: org.apache.http.conn.HttpHostConnectException: Connect to 10.244.2.45:8080 failed: Connection refused
    at org.apache.http.impl.conn.DefaultHttpClientConnectionOperator.connect(DefaultHttpClientConnectionOperator.java:159)
    at org.apache.http.impl.conn.PoolingHttpClientConnectionManager.connect(PoolingHttpClientConnectionManager.java:376)

2026-08-30T15:22:27.766882Z ERROR [KafkaConsumer-56] payment_gateway.kafka - Kafka Consumer Lag Critical: Topic 'payment-events' partition 1 lag is 64110.

2026-08-30T15:22:33.780372Z ERROR [KafkaConsumer-30] payment_gateway.kafka - Kafka Consumer Lag Critical: Topic 'payment-events' partition 3 lag is 62255.

2026-08-30T15:22:45.804290Z CRITICAL [PaymentWorker-19] payment_gateway.processor - Payment transaction tx_85097 failed with HTTP 502 Bad Gateway.
  Request Context: {"amount": 300, "currency": "USD", "gateway": "Stripe-v2", "attempt": 3}
  Exception: org.apache.http.conn.HttpHostConnectException: Connect to 10.244.2.45:8080 failed: Connection refused
    at org.apache.http.impl.conn.DefaultHttpClientConnectionOperator.connect(DefaultHttpClientConnectionOperator.java:159)
    at org.apache.http.impl.conn.PoolingHttpClientConnectionManager.connect(PoolingHttpClientConnectionManager.java:376)

2026-08-30T15:22:48.812690Z CRITICAL [PaymentWorker-34] payment_gateway.processor - Payment transaction tx_84527 failed with HTTP 502 Bad Gateway.
  Request Context: {"amount": 498, "currency": "USD", "gateway": "Stripe-v2", "attempt": 3}
  Exception: org.apache.http.conn.HttpHostConnectException: Connect to 10.244.2.45:8080 failed: Connection refused
    at org.apache.http.impl.conn.DefaultHttpClientConnectionOperator.connect(DefaultHttpClientConnectionOperator.java:159)
    at org.apache.http.impl.conn.PoolingHttpClientConnectionManager.connect(PoolingHttpClientConnectionManager.java:376)

2026-08-30T15:22:51.819312Z CRITICAL [PaymentWorker-83] payment_gateway.processor - Payment transaction tx_36806 failed with HTTP 502 Bad Gateway.
  Request Context: {"amount": 188, "currency": "USD", "gateway": "Stripe-v2", "attempt": 3}
  Exception: org.apache.http.conn.HttpHostConnectException: Connect to 10.244.2.45:8080 failed: Connection refused
    at org.apache.http.impl.conn.DefaultHttpClientConnectionOperator.connect(DefaultHttpClientConnectionOperator.java:159)
    at org.apache.http.impl.conn.PoolingHttpClientConnectionManager.connect(PoolingHttpClientConnectionManager.java:376)

2026-08-30T15:23:21.880266Z CRITICAL [PaymentWorker-57] payment_gateway.processor - Payment transaction tx_99696 failed with HTTP 502 Bad Gateway.
  Request Context: {"amount": 104, "currency": "USD", "gateway": "Stripe-v2", "attempt": 3}
  Exception: org.apache.http.conn.HttpHostConnectException: Connect to 10.244.2.45:8080 failed: Connection refused
    at org.apache.http.impl.conn.DefaultHttpClientConnectionOperator.connect(DefaultHttpClientConnectionOperator.java:159)
    at org.apache.http.impl.conn.PoolingHttpClientConnectionManager.connect(PoolingHttpClientConnectionManager.java:376)

2026-08-30T15:24:00.986766Z CRITICAL [PaymentWorker-42] payment_gateway.processor - Payment transaction tx_78486 failed with HTTP 502 Bad Gateway.
  Request Context: {"amount": 317, "currency": "USD", "gateway": "Stripe-v2", "attempt": 3}
  Exception: org.apache.http.conn.HttpHostConnectException: Connect to 10.244.2.45:8080 failed: Connection refused
    at org.apache.http.impl.conn.DefaultHttpClientConnectionOperator.connect(DefaultHttpClientConnectionOperator.java:159)
    at org.apache.http.impl.conn.PoolingHttpClientConnectionManager.connect(PoolingHttpClientConnectionManager.java:376)

2026-08-30T15:24:03.993358Z CRITICAL [PaymentWorker-43] payment_gateway.processor - Payment transaction tx_74552 failed with HTTP 502 Bad Gateway.
  Request Context: {"amount": 188, "currency": "USD", "gateway": "Stripe-v2", "attempt": 3}
  Exception: org.apache.http.conn.HttpHostConnectException: Connect to 10.244.2.45:8080 failed: Connection refused
    at org.apache.http.impl.conn.DefaultHttpClientConnectionOperator.connect(DefaultHttpClientConnectionOperator.java:159)
    at org.apache.http.impl.conn.PoolingHttpClientConnectionManager.connect(PoolingHttpClientConnectionManager.java:376)

2026-08-30T15:24:06.999503Z ERROR [KafkaConsumer-65] payment_gateway.kafka - Kafka Consumer Lag Critical: Topic 'payment-events' partition 2 lag is 79784.

2026-08-30T15:24:13.014183Z CRITICAL [PaymentWorker-27] payment_gateway.processor - Payment transaction tx_89344 failed with HTTP 502 Bad Gateway.
  Request Context: {"amount": 30, "currency": "USD", "gateway": "Stripe-v2", "attempt": 3}
  Exception: org.apache.http.conn.HttpHostConnectException: Connect to 10.244.2.45:8080 failed: Connection refused
    at org.apache.http.impl.conn.DefaultHttpClientConnectionOperator.connect(DefaultHttpClientConnectionOperator.java:159)
    at org.apache.http.impl.conn.PoolingHttpClientConnectionManager.connect(PoolingHttpClientConnectionManager.java:376)

2026-08-30T15:24:16.030392Z ERROR [KafkaConsumer-89] payment_gateway.kafka - Kafka Consumer Lag Critical: Topic 'payment-events' partition 2 lag is 48981.

2026-08-30T15:24:22.063158Z CRITICAL [PaymentWorker-61] payment_gateway.processor - Payment transaction tx_18557 failed with HTTP 502 Bad Gateway.
  Request Context: {"amount": 129, "currency": "USD", "gateway": "Stripe-v2", "attempt": 3}
  Exception: org.apache.http.conn.HttpHostConnectException: Connect to 10.244.2.45:8080 failed: Connection refused
    at org.apache.http.impl.conn.DefaultHttpClientConnectionOperator.connect(DefaultHttpClientConnectionOperator.java:159)
    at org.apache.http.impl.conn.PoolingHttpClientConnectionManager.connect(PoolingHttpClientConnectionManager.java:376)

2026-08-30T15:24:31.090094Z ERROR [KafkaConsumer-82] payment_gateway.kafka - Kafka Consumer Lag Critical: Topic 'payment-events' partition 2 lag is 49481.

2026-08-30T15:24:40.114038Z CRITICAL [PaymentWorker-86] payment_gateway.processor - Payment transaction tx_51879 failed with HTTP 502 Bad Gateway.
  Request Context: {"amount": 111, "currency": "USD", "gateway": "Stripe-v2", "attempt": 3}
  Exception: org.apache.http.conn.HttpHostConnectException: Connect to 10.244.2.45:8080 failed: Connection refused
    at org.apache.http.impl.conn.DefaultHttpClientConnectionOperator.connect(DefaultHttpClientConnectionOperator.java:159)
    at org.apache.http.impl.conn.PoolingHttpClientConnectionManager.connect(PoolingHttpClientConnectionManager.java:376)

2026-08-30T15:24:43.124257Z ERROR [KafkaConsumer-47] payment_gateway.kafka - Kafka Consumer Lag Critical: Topic 'payment-events' partition 1 lag is 48392.

2026-08-30T15:24:46.130775Z CRITICAL [PaymentWorker-54] payment_gateway.processor - Payment transaction tx_83127 failed with HTTP 502 Bad Gateway.
  Request Context: {"amount": 49, "currency": "USD", "gateway": "Stripe-v2", "attempt": 3}
  Exception: org.apache.http.conn.HttpHostConnectException: Connect to 10.244.2.45:8080 failed: Connection refused
    at org.apache.http.impl.conn.DefaultHttpClientConnectionOperator.connect(DefaultHttpClientConnectionOperator.java:159)
    at org.apache.http.impl.conn.PoolingHttpClientConnectionManager.connect(PoolingHttpClientConnectionManager.java:376)

2026-08-30T15:24:49.144041Z ERROR [KafkaConsumer-71] payment_gateway.kafka - Kafka Consumer Lag Critical: Topic 'payment-events' partition 3 lag is 69283.

2026-08-30T15:24:55.158968Z ERROR [KafkaConsumer-79] payment_gateway.kafka - Kafka Consumer Lag Critical: Topic 'payment-events' partition 0 lag is 64311.

2026-08-30T15:25:34.263966Z CRITICAL [PaymentWorker-12] payment_gateway.processor - Payment transaction tx_91009 failed with HTTP 502 Bad Gateway.
  Request Context: {"amount": 382, "currency": "USD", "gateway": "Stripe-v2", "attempt": 3}
  Exception: org.apache.http.conn.HttpHostConnectException: Connect to 10.244.2.45:8080 failed: Connection refused
    at org.apache.http.impl.conn.DefaultHttpClientConnectionOperator.connect(DefaultHttpClientConnectionOperator.java:159)
    at org.apache.http.impl.conn.PoolingHttpClientConnectionManager.connect(PoolingHttpClientConnectionManager.java:376)

2026-08-30T15:25:40.276787Z ERROR [KafkaConsumer-55] payment_gateway.kafka - Kafka Consumer Lag Critical: Topic 'payment-events' partition 0 lag is 76983.

2026-08-30T15:25:46.297478Z CRITICAL [PaymentWorker-45] payment_gateway.processor - Payment transaction tx_12635 failed with HTTP 502 Bad Gateway.
  Request Context: {"amount": 136, "currency": "USD", "gateway": "Stripe-v2", "attempt": 3}
  Exception: org.apache.http.conn.HttpHostConnectException: Connect to 10.244.2.45:8080 failed: Connection refused
    at org.apache.http.impl.conn.DefaultHttpClientConnectionOperator.connect(DefaultHttpClientConnectionOperator.java:159)
    at org.apache.http.impl.conn.PoolingHttpClientConnectionManager.connect(PoolingHttpClientConnectionManager.java:376)

2026-08-30T15:25:55.317984Z CRITICAL [PaymentWorker-39] payment_gateway.processor - Payment transaction tx_82291 failed with HTTP 502 Bad Gateway.
  Request Context: {"amount": 331, "currency": "USD", "gateway": "Stripe-v2", "attempt": 3}
  Exception: org.apache.http.conn.HttpHostConnectException: Connect to 10.244.2.45:8080 failed: Connection refused
    at org.apache.http.impl.conn.DefaultHttpClientConnectionOperator.connect(DefaultHttpClientConnectionOperator.java:159)
    at org.apache.http.impl.conn.PoolingHttpClientConnectionManager.connect(PoolingHttpClientConnectionManager.java:376)

2026-08-30T15:26:01.330335Z CRITICAL [PaymentWorker-94] payment_gateway.processor - Payment transaction tx_44074 failed with HTTP 502 Bad Gateway.
  Request Context: {"amount": 260, "currency": "USD", "gateway": "Stripe-v2", "attempt": 3}
  Exception: org.apache.http.conn.HttpHostConnectException: Connect to 10.244.2.45:8080 failed: Connection refused
    at org.apache.http.impl.conn.DefaultHttpClientConnectionOperator.connect(DefaultHttpClientConnectionOperator.java:159)
    at org.apache.http.impl.conn.PoolingHttpClientConnectionManager.connect(PoolingHttpClientConnectionManager.java:376)

2026-08-30T15:26:19.371528Z CRITICAL [PaymentWorker-98] payment_gateway.processor - Payment transaction tx_43966 failed with HTTP 502 Bad Gateway.
  Request Context: {"amount": 445, "currency": "USD", "gateway": "Stripe-v2", "attempt": 3}
  Exception: org.apache.http.conn.HttpHostConnectException: Connect to 10.244.2.45:8080 failed: Connection refused
    at org.apache.http.impl.conn.DefaultHttpClientConnectionOperator.connect(DefaultHttpClientConnectionOperator.java:159)
    at org.apache.http.impl.conn.PoolingHttpClientConnectionManager.connect(PoolingHttpClientConnectionManager.java:376)

2026-08-30T15:26:28.400106Z CRITICAL [PaymentWorker-60] payment_gateway.processor - Payment transaction tx_15104 failed with HTTP 502 Bad Gateway.
  Request Context: {"amount": 128, "currency": "USD", "gateway": "Stripe-v2", "attempt": 3}
  Exception: org.apache.http.conn.HttpHostConnectException: Connect to 10.244.2.45:8080 failed: Connection refused
    at org.apache.http.impl.conn.DefaultHttpClientConnectionOperator.connect(DefaultHttpClientConnectionOperator.java:159)
    at org.apache.http.impl.conn.PoolingHttpClientConnectionManager.connect(PoolingHttpClientConnectionManager.java:376)

2026-08-30T15:26:37.419399Z CRITICAL [PaymentWorker-71] payment_gateway.processor - Payment transaction tx_50210 failed with HTTP 502 Bad Gateway.
  Request Context: {"amount": 334, "currency": "USD", "gateway": "Stripe-v2", "attempt": 3}
  Exception: org.apache.http.conn.HttpHostConnectException: Connect to 10.244.2.45:8080 failed: Connection refused
    at org.apache.http.impl.conn.DefaultHttpClientConnectionOperator.connect(DefaultHttpClientConnectionOperator.java:159)
    at org.apache.http.impl.conn.PoolingHttpClientConnectionManager.connect(PoolingHttpClientConnectionManager.java:376)

2026-08-30T15:26:43.440221Z ERROR [KafkaConsumer-41] payment_gateway.kafka - Kafka Consumer Lag Critical: Topic 'payment-events' partition 2 lag is 52611.

2026-08-30T15:26:46.444230Z ERROR [KafkaConsumer-49] payment_gateway.kafka - Kafka Consumer Lag Critical: Topic 'payment-events' partition 2 lag is 43363.

2026-08-30T15:26:52.462375Z ERROR [KafkaConsumer-97] payment_gateway.kafka - Kafka Consumer Lag Critical: Topic 'payment-events' partition 0 lag is 54156.

2026-08-30T15:27:10.497418Z ERROR [KafkaConsumer-94] payment_gateway.kafka - Kafka Consumer Lag Critical: Topic 'payment-events' partition 2 lag is 51186.

2026-08-30T15:27:16.514495Z ERROR [KafkaConsumer-69] payment_gateway.kafka - Kafka Consumer Lag Critical: Topic 'payment-events' partition 2 lag is 49880.

2026-08-30T15:27:22.526712Z ERROR [KafkaConsumer-70] payment_gateway.kafka - Kafka Consumer Lag Critical: Topic 'payment-events' partition 3 lag is 54897.

2026-08-30T15:27:25.540980Z ERROR [KafkaConsumer-87] payment_gateway.kafka - Kafka Consumer Lag Critical: Topic 'payment-events' partition 1 lag is 57858.

2026-08-30T15:27:34.558558Z CRITICAL [PaymentWorker-23] payment_gateway.processor - Payment transaction tx_35966 failed with HTTP 502 Bad Gateway.
  Request Context: {"amount": 490, "currency": "USD", "gateway": "Stripe-v2", "attempt": 3}
  Exception: org.apache.http.conn.HttpHostConnectException: Connect to 10.244.2.45:8080 failed: Connection refused
    at org.apache.http.impl.conn.DefaultHttpClientConnectionOperator.connect(DefaultHttpClientConnectionOperator.java:159)
    at org.apache.http.impl.conn.PoolingHttpClientConnectionManager.connect(PoolingHttpClientConnectionManager.java:376)

2026-08-30T15:27:37.564321Z CRITICAL [PaymentWorker-66] payment_gateway.processor - Payment transaction tx_71562 failed with HTTP 502 Bad Gateway.
  Request Context: {"amount": 140, "currency": "USD", "gateway": "Stripe-v2", "attempt": 3}
  Exception: org.apache.http.conn.HttpHostConnectException: Connect to 10.244.2.45:8080 failed: Connection refused
    at org.apache.http.impl.conn.DefaultHttpClientConnectionOperator.connect(DefaultHttpClientConnectionOperator.java:159)
    at org.apache.http.impl.conn.PoolingHttpClientConnectionManager.connect(PoolingHttpClientConnectionManager.java:376)

2026-08-30T15:27:49.597531Z ERROR [KafkaConsumer-53] payment_gateway.kafka - Kafka Consumer Lag Critical: Topic 'payment-events' partition 0 lag is 52674.

2026-08-30T15:27:55.618894Z ERROR [KafkaConsumer-78] payment_gateway.kafka - Kafka Consumer Lag Critical: Topic 'payment-events' partition 2 lag is 41333.

2026-08-30T15:28:22.693104Z CRITICAL [PaymentWorker-18] payment_gateway.processor - Payment transaction tx_88256 failed with HTTP 502 Bad Gateway.
  Request Context: {"amount": 146, "currency": "USD", "gateway": "Stripe-v2", "attempt": 3}
  Exception: org.apache.http.conn.HttpHostConnectException: Connect to 10.244.2.45:8080 failed: Connection refused
    at org.apache.http.impl.conn.DefaultHttpClientConnectionOperator.connect(DefaultHttpClientConnectionOperator.java:159)
    at org.apache.http.impl.conn.PoolingHttpClientConnectionManager.connect(PoolingHttpClientConnectionManager.java:376)

2026-08-30T15:28:25.705619Z CRITICAL [PaymentWorker-81] payment_gateway.processor - Payment transaction tx_57345 failed with HTTP 502 Bad Gateway.
  Request Context: {"amount": 198, "currency": "USD", "gateway": "Stripe-v2", "attempt": 3}
  Exception: org.apache.http.conn.HttpHostConnectException: Connect to 10.244.2.45:8080 failed: Connection refused
    at org.apache.http.impl.conn.DefaultHttpClientConnectionOperator.connect(DefaultHttpClientConnectionOperator.java:159)
    at org.apache.http.impl.conn.PoolingHttpClientConnectionManager.connect(PoolingHttpClientConnectionManager.java:376)

2026-08-30T15:28:28.711617Z ERROR [KafkaConsumer-18] payment_gateway.kafka - Kafka Consumer Lag Critical: Topic 'payment-events' partition 3 lag is 42917.

2026-08-30T15:28:52.790081Z ERROR [KafkaConsumer-34] payment_gateway.kafka - Kafka Consumer Lag Critical: Topic 'payment-events' partition 3 lag is 61504.

2026-08-30T15:28:58.818979Z CRITICAL [PaymentWorker-86] payment_gateway.processor - Payment transaction tx_41223 failed with HTTP 502 Bad Gateway.
  Request Context: {"amount": 418, "currency": "USD", "gateway": "Stripe-v2", "attempt": 3}
  Exception: org.apache.http.conn.HttpHostConnectException: Connect to 10.244.2.45:8080 failed: Connection refused
    at org.apache.http.impl.conn.DefaultHttpClientConnectionOperator.connect(DefaultHttpClientConnectionOperator.java:159)
    at org.apache.http.impl.conn.PoolingHttpClientConnectionManager.connect(PoolingHttpClientConnectionManager.java:376)

2026-08-30T15:29:01.825333Z ERROR [KafkaConsumer-95] payment_gateway.kafka - Kafka Consumer Lag Critical: Topic 'payment-events' partition 2 lag is 44540.

2026-08-30T15:29:04.831108Z ERROR [KafkaConsumer-59] payment_gateway.kafka - Kafka Consumer Lag Critical: Topic 'payment-events' partition 3 lag is 44787.

2026-08-30T15:29:10.856617Z CRITICAL [PaymentWorker-75] payment_gateway.processor - Payment transaction tx_72431 failed with HTTP 502 Bad Gateway.
  Request Context: {"amount": 272, "currency": "USD", "gateway": "Stripe-v2", "attempt": 3}
  Exception: org.apache.http.conn.HttpHostConnectException: Connect to 10.244.2.45:8080 failed: Connection refused
    at org.apache.http.impl.conn.DefaultHttpClientConnectionOperator.connect(DefaultHttpClientConnectionOperator.java:159)
    at org.apache.http.impl.conn.PoolingHttpClientConnectionManager.connect(PoolingHttpClientConnectionManager.java:376)

2026-08-30T15:29:16.877686Z CRITICAL [PaymentWorker-79] payment_gateway.processor - Payment transaction tx_61336 failed with HTTP 502 Bad Gateway.
  Request Context: {"amount": 416, "currency": "USD", "gateway": "Stripe-v2", "attempt": 3}
  Exception: org.apache.http.conn.HttpHostConnectException: Connect to 10.244.2.45:8080 failed: Connection refused
    at org.apache.http.impl.conn.DefaultHttpClientConnectionOperator.connect(DefaultHttpClientConnectionOperator.java:159)
    at org.apache.http.impl.conn.PoolingHttpClientConnectionManager.connect(PoolingHttpClientConnectionManager.java:376)

2026-08-30T15:29:25.895984Z ERROR [KafkaConsumer-22] payment_gateway.kafka - Kafka Consumer Lag Critical: Topic 'payment-events' partition 3 lag is 61081.

2026-08-30T15:29:28.926726Z ERROR [KafkaConsumer-33] payment_gateway.kafka - Kafka Consumer Lag Critical: Topic 'payment-events' partition 3 lag is 64326.

2026-08-30T15:29:34.938337Z ERROR [KafkaConsumer-71] payment_gateway.kafka - Kafka Consumer Lag Critical: Topic 'payment-events' partition 2 lag is 72782.

2026-08-30T15:29:50.002559Z ERROR [KafkaConsumer-85] payment_gateway.kafka - Kafka Consumer Lag Critical: Topic 'payment-events' partition 2 lag is 40041.

2026-08-30T15:29:56.014894Z ERROR [KafkaConsumer-48] payment_gateway.kafka - Kafka Consumer Lag Critical: Topic 'payment-events' partition 2 lag is 42628.

2026-08-30T15:30:02.042323Z CRITICAL [PaymentWorker-11] payment_gateway.processor - Payment transaction tx_89881 failed with HTTP 502 Bad Gateway.
  Request Context: {"amount": 168, "currency": "USD", "gateway": "Stripe-v2", "attempt": 3}
  Exception: org.apache.http.conn.HttpHostConnectException: Connect to 10.244.2.45:8080 failed: Connection refused
    at org.apache.http.impl.conn.DefaultHttpClientConnectionOperator.connect(DefaultHttpClientConnectionOperator.java:159)
    at org.apache.http.impl.conn.PoolingHttpClientConnectionManager.connect(PoolingHttpClientConnectionManager.java:376)

2026-08-30T15:30:20.109404Z ERROR [KafkaConsumer-35] payment_gateway.kafka - Kafka Consumer Lag Critical: Topic 'payment-events' partition 1 lag is 53972.

2026-08-30T15:30:23.114912Z CRITICAL [PaymentWorker-82] payment_gateway.processor - Payment transaction tx_72774 failed with HTTP 502 Bad Gateway.
  Request Context: {"amount": 410, "currency": "USD", "gateway": "Stripe-v2", "attempt": 3}
  Exception: org.apache.http.conn.HttpHostConnectException: Connect to 10.244.2.45:8080 failed: Connection refused
    at org.apache.http.impl.conn.DefaultHttpClientConnectionOperator.connect(DefaultHttpClientConnectionOperator.java:159)
    at org.apache.http.impl.conn.PoolingHttpClientConnectionManager.connect(PoolingHttpClientConnectionManager.java:376)

2026-08-30T15:30:29.138039Z ERROR [KafkaConsumer-83] payment_gateway.kafka - Kafka Consumer Lag Critical: Topic 'payment-events' partition 3 lag is 64641.

2026-08-30T15:30:35.148278Z ERROR [KafkaConsumer-85] payment_gateway.kafka - Kafka Consumer Lag Critical: Topic 'payment-events' partition 0 lag is 66886.

2026-08-30T15:30:38.155575Z ERROR [KafkaConsumer-82] payment_gateway.kafka - Kafka Consumer Lag Critical: Topic 'payment-events' partition 1 lag is 51004.

2026-08-30T15:30:41.174375Z CRITICAL [PaymentWorker-57] payment_gateway.processor - Payment transaction tx_39039 failed with HTTP 502 Bad Gateway.
  Request Context: {"amount": 198, "currency": "USD", "gateway": "Stripe-v2", "attempt": 3}
  Exception: org.apache.http.conn.HttpHostConnectException: Connect to 10.244.2.45:8080 failed: Connection refused
    at org.apache.http.impl.conn.DefaultHttpClientConnectionOperator.connect(DefaultHttpClientConnectionOperator.java:159)
    at org.apache.http.impl.conn.PoolingHttpClientConnectionManager.connect(PoolingHttpClientConnectionManager.java:376)

2026-08-30T15:30:44.181045Z CRITICAL [PaymentWorker-30] payment_gateway.processor - Payment transaction tx_95128 failed with HTTP 502 Bad Gateway.
  Request Context: {"amount": 454, "currency": "USD", "gateway": "Stripe-v2", "attempt": 3}
  Exception: org.apache.http.conn.HttpHostConnectException: Connect to 10.244.2.45:8080 failed: Connection refused
    at org.apache.http.impl.conn.DefaultHttpClientConnectionOperator.connect(DefaultHttpClientConnectionOperator.java:159)
    at org.apache.http.impl.conn.PoolingHttpClientConnectionManager.connect(PoolingHttpClientConnectionManager.java:376)

2026-08-30T15:30:50.201256Z ERROR [KafkaConsumer-96] payment_gateway.kafka - Kafka Consumer Lag Critical: Topic 'payment-events' partition 1 lag is 61056.

2026-08-30T15:30:53.208563Z ERROR [KafkaConsumer-71] payment_gateway.kafka - Kafka Consumer Lag Critical: Topic 'payment-events' partition 3 lag is 78519.

2026-08-30T15:31:11.262232Z ERROR [KafkaConsumer-73] payment_gateway.kafka - Kafka Consumer Lag Critical: Topic 'payment-events' partition 1 lag is 42986.

2026-08-30T15:31:14.268185Z ERROR [KafkaConsumer-96] payment_gateway.kafka - Kafka Consumer Lag Critical: Topic 'payment-events' partition 1 lag is 63303.

2026-08-30T15:31:20.280583Z CRITICAL [PaymentWorker-21] payment_gateway.processor - Payment transaction tx_33153 failed with HTTP 502 Bad Gateway.
  Request Context: {"amount": 83, "currency": "USD", "gateway": "Stripe-v2", "attempt": 3}
  Exception: org.apache.http.conn.HttpHostConnectException: Connect to 10.244.2.45:8080 failed: Connection refused
    at org.apache.http.impl.conn.DefaultHttpClientConnectionOperator.connect(DefaultHttpClientConnectionOperator.java:159)
    at org.apache.http.impl.conn.PoolingHttpClientConnectionManager.connect(PoolingHttpClientConnectionManager.java:376)

2026-08-30T15:32:02.419058Z ERROR [KafkaConsumer-60] payment_gateway.kafka - Kafka Consumer Lag Critical: Topic 'payment-events' partition 1 lag is 64080.

2026-08-30T15:32:11.449550Z CRITICAL [PaymentWorker-67] payment_gateway.processor - Payment transaction tx_10236 failed with HTTP 502 Bad Gateway.
  Request Context: {"amount": 458, "currency": "USD", "gateway": "Stripe-v2", "attempt": 3}
  Exception: org.apache.http.conn.HttpHostConnectException: Connect to 10.244.2.45:8080 failed: Connection refused
    at org.apache.http.impl.conn.DefaultHttpClientConnectionOperator.connect(DefaultHttpClientConnectionOperator.java:159)
    at org.apache.http.impl.conn.PoolingHttpClientConnectionManager.connect(PoolingHttpClientConnectionManager.java:376)

2026-08-30T15:32:26.488771Z CRITICAL [PaymentWorker-82] payment_gateway.processor - Payment transaction tx_89990 failed with HTTP 502 Bad Gateway.
  Request Context: {"amount": 274, "currency": "USD", "gateway": "Stripe-v2", "attempt": 3}
  Exception: org.apache.http.conn.HttpHostConnectException: Connect to 10.244.2.45:8080 failed: Connection refused
    at org.apache.http.impl.conn.DefaultHttpClientConnectionOperator.connect(DefaultHttpClientConnectionOperator.java:159)
    at org.apache.http.impl.conn.PoolingHttpClientConnectionManager.connect(PoolingHttpClientConnectionManager.java:376)

2026-08-30T15:32:41.524647Z CRITICAL [PaymentWorker-61] payment_gateway.processor - Payment transaction tx_99260 failed with HTTP 502 Bad Gateway.
  Request Context: {"amount": 32, "currency": "USD", "gateway": "Stripe-v2", "attempt": 3}
  Exception: org.apache.http.conn.HttpHostConnectException: Connect to 10.244.2.45:8080 failed: Connection refused
    at org.apache.http.impl.conn.DefaultHttpClientConnectionOperator.connect(DefaultHttpClientConnectionOperator.java:159)
    at org.apache.http.impl.conn.PoolingHttpClientConnectionManager.connect(PoolingHttpClientConnectionManager.java:376)

2026-08-30T15:32:47.548434Z CRITICAL [PaymentWorker-28] payment_gateway.processor - Payment transaction tx_30807 failed with HTTP 502 Bad Gateway.
  Request Context: {"amount": 322, "currency": "USD", "gateway": "Stripe-v2", "attempt": 3}
  Exception: org.apache.http.conn.HttpHostConnectException: Connect to 10.244.2.45:8080 failed: Connection refused
    at org.apache.http.impl.conn.DefaultHttpClientConnectionOperator.connect(DefaultHttpClientConnectionOperator.java:159)
    at org.apache.http.impl.conn.PoolingHttpClientConnectionManager.connect(PoolingHttpClientConnectionManager.java:376)

2026-08-30T15:32:56.569831Z ERROR [KafkaConsumer-16] payment_gateway.kafka - Kafka Consumer Lag Critical: Topic 'payment-events' partition 1 lag is 47700.

2026-08-30T15:33:08.601985Z ERROR [KafkaConsumer-62] payment_gateway.kafka - Kafka Consumer Lag Critical: Topic 'payment-events' partition 2 lag is 58242.

2026-08-30T15:33:14.621976Z ERROR [KafkaConsumer-98] payment_gateway.kafka - Kafka Consumer Lag Critical: Topic 'payment-events' partition 2 lag is 64424.

2026-08-30T15:33:38.696732Z CRITICAL [PaymentWorker-77] payment_gateway.processor - Payment transaction tx_77828 failed with HTTP 502 Bad Gateway.
  Request Context: {"amount": 321, "currency": "USD", "gateway": "Stripe-v2", "attempt": 3}
  Exception: org.apache.http.conn.HttpHostConnectException: Connect to 10.244.2.45:8080 failed: Connection refused
    at org.apache.http.impl.conn.DefaultHttpClientConnectionOperator.connect(DefaultHttpClientConnectionOperator.java:159)
    at org.apache.http.impl.conn.PoolingHttpClientConnectionManager.connect(PoolingHttpClientConnectionManager.java:376)

2026-08-30T15:33:44.714518Z ERROR [KafkaConsumer-66] payment_gateway.kafka - Kafka Consumer Lag Critical: Topic 'payment-events' partition 0 lag is 64574.

2026-08-30T15:33:56.757117Z CRITICAL [PaymentWorker-88] payment_gateway.processor - Payment transaction tx_99722 failed with HTTP 502 Bad Gateway.
  Request Context: {"amount": 27, "currency": "USD", "gateway": "Stripe-v2", "attempt": 3}
  Exception: org.apache.http.conn.HttpHostConnectException: Connect to 10.244.2.45:8080 failed: Connection refused
    at org.apache.http.impl.conn.DefaultHttpClientConnectionOperator.connect(DefaultHttpClientConnectionOperator.java:159)
    at org.apache.http.impl.conn.PoolingHttpClientConnectionManager.connect(PoolingHttpClientConnectionManager.java:376)

2026-08-30T15:34:11.807173Z CRITICAL [PaymentWorker-34] payment_gateway.processor - Payment transaction tx_17015 failed with HTTP 502 Bad Gateway.
  Request Context: {"amount": 125, "currency": "USD", "gateway": "Stripe-v2", "attempt": 3}
  Exception: org.apache.http.conn.HttpHostConnectException: Connect to 10.244.2.45:8080 failed: Connection refused
    at org.apache.http.impl.conn.DefaultHttpClientConnectionOperator.connect(DefaultHttpClientConnectionOperator.java:159)
    at org.apache.http.impl.conn.PoolingHttpClientConnectionManager.connect(PoolingHttpClientConnectionManager.java:376)

2026-08-30T15:34:35.906152Z ERROR [KafkaConsumer-85] payment_gateway.kafka - Kafka Consumer Lag Critical: Topic 'payment-events' partition 1 lag is 42865.

2026-08-30T15:34:50.969621Z CRITICAL [PaymentWorker-85] payment_gateway.processor - Payment transaction tx_23203 failed with HTTP 502 Bad Gateway.
  Request Context: {"amount": 258, "currency": "USD", "gateway": "Stripe-v2", "attempt": 3}
  Exception: org.apache.http.conn.HttpHostConnectException: Connect to 10.244.2.45:8080 failed: Connection refused
    at org.apache.http.impl.conn.DefaultHttpClientConnectionOperator.connect(DefaultHttpClientConnectionOperator.java:159)
    at org.apache.http.impl.conn.PoolingHttpClientConnectionManager.connect(PoolingHttpClientConnectionManager.java:376)

2026-08-30T15:34:53.974471Z CRITICAL [PaymentWorker-27] payment_gateway.processor - Payment transaction tx_96098 failed with HTTP 502 Bad Gateway.
  Request Context: {"amount": 422, "currency": "USD", "gateway": "Stripe-v2", "attempt": 3}
  Exception: org.apache.http.conn.HttpHostConnectException: Connect to 10.244.2.45:8080 failed: Connection refused
    at org.apache.http.impl.conn.DefaultHttpClientConnectionOperator.connect(DefaultHttpClientConnectionOperator.java:159)
    at org.apache.http.impl.conn.PoolingHttpClientConnectionManager.connect(PoolingHttpClientConnectionManager.java:376)

2026-08-30T15:34:56.981821Z ERROR [KafkaConsumer-67] payment_gateway.kafka - Kafka Consumer Lag Critical: Topic 'payment-events' partition 2 lag is 67542.

2026-08-30T15:35:09.013453Z ERROR [KafkaConsumer-50] payment_gateway.kafka - Kafka Consumer Lag Critical: Topic 'payment-events' partition 0 lag is 51604.

2026-08-30T15:35:24.059674Z ERROR [KafkaConsumer-14] payment_gateway.kafka - Kafka Consumer Lag Critical: Topic 'payment-events' partition 0 lag is 58046.

2026-08-30T15:35:57.171920Z CRITICAL [PaymentWorker-47] payment_gateway.processor - Payment transaction tx_38042 failed with HTTP 502 Bad Gateway.
  Request Context: {"amount": 82, "currency": "USD", "gateway": "Stripe-v2", "attempt": 3}
  Exception: org.apache.http.conn.HttpHostConnectException: Connect to 10.244.2.45:8080 failed: Connection refused
    at org.apache.http.impl.conn.DefaultHttpClientConnectionOperator.connect(DefaultHttpClientConnectionOperator.java:159)
    at org.apache.http.impl.conn.PoolingHttpClientConnectionManager.connect(PoolingHttpClientConnectionManager.java:376)

2026-08-30T15:36:00.187566Z ERROR [KafkaConsumer-34] payment_gateway.kafka - Kafka Consumer Lag Critical: Topic 'payment-events' partition 3 lag is 72742.

2026-08-30T15:36:09.218943Z CRITICAL [PaymentWorker-88] payment_gateway.processor - Payment transaction tx_45884 failed with HTTP 502 Bad Gateway.
  Request Context: {"amount": 19, "currency": "USD", "gateway": "Stripe-v2", "attempt": 3}
  Exception: org.apache.http.conn.HttpHostConnectException: Connect to 10.244.2.45:8080 failed: Connection refused
    at org.apache.http.impl.conn.DefaultHttpClientConnectionOperator.connect(DefaultHttpClientConnectionOperator.java:159)
    at org.apache.http.impl.conn.PoolingHttpClientConnectionManager.connect(PoolingHttpClientConnectionManager.java:376)

2026-08-30T15:36:18.244814Z CRITICAL [PaymentWorker-79] payment_gateway.processor - Payment transaction tx_39706 failed with HTTP 502 Bad Gateway.
  Request Context: {"amount": 180, "currency": "USD", "gateway": "Stripe-v2", "attempt": 3}
  Exception: org.apache.http.conn.HttpHostConnectException: Connect to 10.244.2.45:8080 failed: Connection refused
    at org.apache.http.impl.conn.DefaultHttpClientConnectionOperator.connect(DefaultHttpClientConnectionOperator.java:159)
    at org.apache.http.impl.conn.PoolingHttpClientConnectionManager.connect(PoolingHttpClientConnectionManager.java:376)

2026-08-30T15:36:36.288506Z CRITICAL [PaymentWorker-31] payment_gateway.processor - Payment transaction tx_14254 failed with HTTP 502 Bad Gateway.
  Request Context: {"amount": 167, "currency": "USD", "gateway": "Stripe-v2", "attempt": 3}
  Exception: org.apache.http.conn.HttpHostConnectException: Connect to 10.244.2.45:8080 failed: Connection refused
    at org.apache.http.impl.conn.DefaultHttpClientConnectionOperator.connect(DefaultHttpClientConnectionOperator.java:159)
    at org.apache.http.impl.conn.PoolingHttpClientConnectionManager.connect(PoolingHttpClientConnectionManager.java:376)

2026-08-30T15:36:39.294243Z ERROR [KafkaConsumer-39] payment_gateway.kafka - Kafka Consumer Lag Critical: Topic 'payment-events' partition 1 lag is 68445.

2026-08-30T15:37:09.361702Z ERROR [KafkaConsumer-54] payment_gateway.kafka - Kafka Consumer Lag Critical: Topic 'payment-events' partition 3 lag is 63205.

2026-08-30T15:37:15.372285Z ERROR [KafkaConsumer-75] payment_gateway.kafka - Kafka Consumer Lag Critical: Topic 'payment-events' partition 2 lag is 67320.

2026-08-30T15:37:27.554704Z CRITICAL [PaymentWorker-52] payment_gateway.processor - Payment transaction tx_97357 failed with HTTP 502 Bad Gateway.
  Request Context: {"amount": 15, "currency": "USD", "gateway": "Stripe-v2", "attempt": 3}
  Exception: org.apache.http.conn.HttpHostConnectException: Connect to 10.244.2.45:8080 failed: Connection refused
    at org.apache.http.impl.conn.DefaultHttpClientConnectionOperator.connect(DefaultHttpClientConnectionOperator.java:159)
    at org.apache.http.impl.conn.PoolingHttpClientConnectionManager.connect(PoolingHttpClientConnectionManager.java:376)

2026-08-30T15:37:30.560710Z CRITICAL [PaymentWorker-75] payment_gateway.processor - Payment transaction tx_31282 failed with HTTP 502 Bad Gateway.
  Request Context: {"amount": 279, "currency": "USD", "gateway": "Stripe-v2", "attempt": 3}
  Exception: org.apache.http.conn.HttpHostConnectException: Connect to 10.244.2.45:8080 failed: Connection refused
    at org.apache.http.impl.conn.DefaultHttpClientConnectionOperator.connect(DefaultHttpClientConnectionOperator.java:159)
    at org.apache.http.impl.conn.PoolingHttpClientConnectionManager.connect(PoolingHttpClientConnectionManager.java:376)

2026-08-30T15:37:54.621195Z ERROR [KafkaConsumer-42] payment_gateway.kafka - Kafka Consumer Lag Critical: Topic 'payment-events' partition 2 lag is 76004.

2026-08-30T15:37:57.628780Z CRITICAL [PaymentWorker-46] payment_gateway.processor - Payment transaction tx_56445 failed with HTTP 502 Bad Gateway.
  Request Context: {"amount": 322, "currency": "USD", "gateway": "Stripe-v2", "attempt": 3}
  Exception: org.apache.http.conn.HttpHostConnectException: Connect to 10.244.2.45:8080 failed: Connection refused
    at org.apache.http.impl.conn.DefaultHttpClientConnectionOperator.connect(DefaultHttpClientConnectionOperator.java:159)
    at org.apache.http.impl.conn.PoolingHttpClientConnectionManager.connect(PoolingHttpClientConnectionManager.java:376)

2026-08-30T15:38:03.641526Z CRITICAL [PaymentWorker-19] payment_gateway.processor - Payment transaction tx_47199 failed with HTTP 502 Bad Gateway.
  Request Context: {"amount": 197, "currency": "USD", "gateway": "Stripe-v2", "attempt": 3}
  Exception: org.apache.http.conn.HttpHostConnectException: Connect to 10.244.2.45:8080 failed: Connection refused
    at org.apache.http.impl.conn.DefaultHttpClientConnectionOperator.connect(DefaultHttpClientConnectionOperator.java:159)
    at org.apache.http.impl.conn.PoolingHttpClientConnectionManager.connect(PoolingHttpClientConnectionManager.java:376)

2026-08-30T15:38:06.648589Z ERROR [KafkaConsumer-97] payment_gateway.kafka - Kafka Consumer Lag Critical: Topic 'payment-events' partition 2 lag is 69274.

2026-08-30T15:38:21.684960Z CRITICAL [PaymentWorker-51] payment_gateway.processor - Payment transaction tx_36044 failed with HTTP 502 Bad Gateway.
  Request Context: {"amount": 259, "currency": "USD", "gateway": "Stripe-v2", "attempt": 3}
  Exception: org.apache.http.conn.HttpHostConnectException: Connect to 10.244.2.45:8080 failed: Connection refused
    at org.apache.http.impl.conn.DefaultHttpClientConnectionOperator.connect(DefaultHttpClientConnectionOperator.java:159)
    at org.apache.http.impl.conn.PoolingHttpClientConnectionManager.connect(PoolingHttpClientConnectionManager.java:376)

2026-08-30T15:38:24.691803Z CRITICAL [PaymentWorker-11] payment_gateway.processor - Payment transaction tx_64603 failed with HTTP 502 Bad Gateway.
  Request Context: {"amount": 106, "currency": "USD", "gateway": "Stripe-v2", "attempt": 3}
  Exception: org.apache.http.conn.HttpHostConnectException: Connect to 10.244.2.45:8080 failed: Connection refused
    at org.apache.http.impl.conn.DefaultHttpClientConnectionOperator.connect(DefaultHttpClientConnectionOperator.java:159)
    at org.apache.http.impl.conn.PoolingHttpClientConnectionManager.connect(PoolingHttpClientConnectionManager.java:376)

2026-08-30T15:38:30.704425Z CRITICAL [PaymentWorker-54] payment_gateway.processor - Payment transaction tx_37082 failed with HTTP 502 Bad Gateway.
  Request Context: {"amount": 128, "currency": "USD", "gateway": "Stripe-v2", "attempt": 3}
  Exception: org.apache.http.conn.HttpHostConnectException: Connect to 10.244.2.45:8080 failed: Connection refused
    at org.apache.http.impl.conn.DefaultHttpClientConnectionOperator.connect(DefaultHttpClientConnectionOperator.java:159)
    at org.apache.http.impl.conn.PoolingHttpClientConnectionManager.connect(PoolingHttpClientConnectionManager.java:376)

2026-08-30T15:38:33.709602Z ERROR [KafkaConsumer-39] payment_gateway.kafka - Kafka Consumer Lag Critical: Topic 'payment-events' partition 2 lag is 70438.

2026-08-30T15:38:39.721554Z CRITICAL [PaymentWorker-86] payment_gateway.processor - Payment transaction tx_61086 failed with HTTP 502 Bad Gateway.
  Request Context: {"amount": 90, "currency": "USD", "gateway": "Stripe-v2", "attempt": 3}
  Exception: org.apache.http.conn.HttpHostConnectException: Connect to 10.244.2.45:8080 failed: Connection refused
    at org.apache.http.impl.conn.DefaultHttpClientConnectionOperator.connect(DefaultHttpClientConnectionOperator.java:159)
    at org.apache.http.impl.conn.PoolingHttpClientConnectionManager.connect(PoolingHttpClientConnectionManager.java:376)

2026-08-30T15:38:48.752974Z CRITICAL [PaymentWorker-13] payment_gateway.processor - Payment transaction tx_89698 failed with HTTP 502 Bad Gateway.
  Request Context: {"amount": 115, "currency": "USD", "gateway": "Stripe-v2", "attempt": 3}
  Exception: org.apache.http.conn.HttpHostConnectException: Connect to 10.244.2.45:8080 failed: Connection refused
    at org.apache.http.impl.conn.DefaultHttpClientConnectionOperator.connect(DefaultHttpClientConnectionOperator.java:159)
    at org.apache.http.impl.conn.PoolingHttpClientConnectionManager.connect(PoolingHttpClientConnectionManager.java:376)

2026-08-30T15:39:15.809958Z ERROR [KafkaConsumer-79] payment_gateway.kafka - Kafka Consumer Lag Critical: Topic 'payment-events' partition 2 lag is 69091.

2026-08-30T15:39:18.823234Z CRITICAL [PaymentWorker-21] payment_gateway.processor - Payment transaction tx_29048 failed with HTTP 502 Bad Gateway.
  Request Context: {"amount": 451, "currency": "USD", "gateway": "Stripe-v2", "attempt": 3}
  Exception: org.apache.http.conn.HttpHostConnectException: Connect to 10.244.2.45:8080 failed: Connection refused
    at org.apache.http.impl.conn.DefaultHttpClientConnectionOperator.connect(DefaultHttpClientConnectionOperator.java:159)
    at org.apache.http.impl.conn.PoolingHttpClientConnectionManager.connect(PoolingHttpClientConnectionManager.java:376)

2026-08-30T15:39:46.001342Z ERROR [KafkaConsumer-30] payment_gateway.kafka - Kafka Consumer Lag Critical: Topic 'payment-events' partition 1 lag is 70352.

2026-08-30T15:39:58.034731Z CRITICAL [PaymentWorker-24] payment_gateway.processor - Payment transaction tx_13955 failed with HTTP 502 Bad Gateway.
  Request Context: {"amount": 115, "currency": "USD", "gateway": "Stripe-v2", "attempt": 3}
  Exception: org.apache.http.conn.HttpHostConnectException: Connect to 10.244.2.45:8080 failed: Connection refused
    at org.apache.http.impl.conn.DefaultHttpClientConnectionOperator.connect(DefaultHttpClientConnectionOperator.java:159)
    at org.apache.http.impl.conn.PoolingHttpClientConnectionManager.connect(PoolingHttpClientConnectionManager.java:376)

2026-08-30T15:40:04.048347Z CRITICAL [PaymentWorker-96] payment_gateway.processor - Payment transaction tx_29004 failed with HTTP 502 Bad Gateway.
  Request Context: {"amount": 270, "currency": "USD", "gateway": "Stripe-v2", "attempt": 3}
  Exception: org.apache.http.conn.HttpHostConnectException: Connect to 10.244.2.45:8080 failed: Connection refused
    at org.apache.http.impl.conn.DefaultHttpClientConnectionOperator.connect(DefaultHttpClientConnectionOperator.java:159)
    at org.apache.http.impl.conn.PoolingHttpClientConnectionManager.connect(PoolingHttpClientConnectionManager.java:376)

2026-08-30T15:40:22.087835Z ERROR [KafkaConsumer-81] payment_gateway.kafka - Kafka Consumer Lag Critical: Topic 'payment-events' partition 2 lag is 78512.

2026-08-30T15:40:38.361917Z ERROR [KafkaConsumer-75] payment_gateway.kafka - Kafka Consumer Lag Critical: Topic 'payment-events' partition 0 lag is 65389.

2026-08-30T15:40:44.376160Z CRITICAL [PaymentWorker-79] payment_gateway.processor - Payment transaction tx_25013 failed with HTTP 502 Bad Gateway.
  Request Context: {"amount": 70, "currency": "USD", "gateway": "Stripe-v2", "attempt": 3}
  Exception: org.apache.http.conn.HttpHostConnectException: Connect to 10.244.2.45:8080 failed: Connection refused
    at org.apache.http.impl.conn.DefaultHttpClientConnectionOperator.connect(DefaultHttpClientConnectionOperator.java:159)
    at org.apache.http.impl.conn.PoolingHttpClientConnectionManager.connect(PoolingHttpClientConnectionManager.java:376)

2026-08-30T15:40:53.395635Z ERROR [KafkaConsumer-79] payment_gateway.kafka - Kafka Consumer Lag Critical: Topic 'payment-events' partition 2 lag is 73433.

2026-08-30T15:41:02.421776Z ERROR [KafkaConsumer-65] payment_gateway.kafka - Kafka Consumer Lag Critical: Topic 'payment-events' partition 0 lag is 51636.

2026-08-30T15:41:14.451201Z CRITICAL [PaymentWorker-72] payment_gateway.processor - Payment transaction tx_19453 failed with HTTP 502 Bad Gateway.
  Request Context: {"amount": 182, "currency": "USD", "gateway": "Stripe-v2", "attempt": 3}
  Exception: org.apache.http.conn.HttpHostConnectException: Connect to 10.244.2.45:8080 failed: Connection refused
    at org.apache.http.impl.conn.DefaultHttpClientConnectionOperator.connect(DefaultHttpClientConnectionOperator.java:159)
    at org.apache.http.impl.conn.PoolingHttpClientConnectionManager.connect(PoolingHttpClientConnectionManager.java:376)

2026-08-30T15:41:20.464242Z ERROR [KafkaConsumer-15] payment_gateway.kafka - Kafka Consumer Lag Critical: Topic 'payment-events' partition 2 lag is 45587.

2026-08-30T15:41:26.476356Z CRITICAL [PaymentWorker-10] payment_gateway.processor - Payment transaction tx_19524 failed with HTTP 502 Bad Gateway.
  Request Context: {"amount": 383, "currency": "USD", "gateway": "Stripe-v2", "attempt": 3}
  Exception: org.apache.http.conn.HttpHostConnectException: Connect to 10.244.2.45:8080 failed: Connection refused
    at org.apache.http.impl.conn.DefaultHttpClientConnectionOperator.connect(DefaultHttpClientConnectionOperator.java:159)
    at org.apache.http.impl.conn.PoolingHttpClientConnectionManager.connect(PoolingHttpClientConnectionManager.java:376)

2026-08-30T15:41:29.482510Z CRITICAL [PaymentWorker-94] payment_gateway.processor - Payment transaction tx_51087 failed with HTTP 502 Bad Gateway.
  Request Context: {"amount": 102, "currency": "USD", "gateway": "Stripe-v2", "attempt": 3}
  Exception: org.apache.http.conn.HttpHostConnectException: Connect to 10.244.2.45:8080 failed: Connection refused
    at org.apache.http.impl.conn.DefaultHttpClientConnectionOperator.connect(DefaultHttpClientConnectionOperator.java:159)
    at org.apache.http.impl.conn.PoolingHttpClientConnectionManager.connect(PoolingHttpClientConnectionManager.java:376)

2026-08-30T15:41:35.502165Z CRITICAL [PaymentWorker-44] payment_gateway.processor - Payment transaction tx_89365 failed with HTTP 502 Bad Gateway.
  Request Context: {"amount": 40, "currency": "USD", "gateway": "Stripe-v2", "attempt": 3}
  Exception: org.apache.http.conn.HttpHostConnectException: Connect to 10.244.2.45:8080 failed: Connection refused
    at org.apache.http.impl.conn.DefaultHttpClientConnectionOperator.connect(DefaultHttpClientConnectionOperator.java:159)
    at org.apache.http.impl.conn.PoolingHttpClientConnectionManager.connect(PoolingHttpClientConnectionManager.java:376)

2026-08-30T15:41:38.509477Z CRITICAL [PaymentWorker-11] payment_gateway.processor - Payment transaction tx_81177 failed with HTTP 502 Bad Gateway.
  Request Context: {"amount": 12, "currency": "USD", "gateway": "Stripe-v2", "attempt": 3}
  Exception: org.apache.http.conn.HttpHostConnectException: Connect to 10.244.2.45:8080 failed: Connection refused
    at org.apache.http.impl.conn.DefaultHttpClientConnectionOperator.connect(DefaultHttpClientConnectionOperator.java:159)
    at org.apache.http.impl.conn.PoolingHttpClientConnectionManager.connect(PoolingHttpClientConnectionManager.java:376)

2026-08-30T15:41:44.526060Z CRITICAL [PaymentWorker-62] payment_gateway.processor - Payment transaction tx_25058 failed with HTTP 502 Bad Gateway.
  Request Context: {"amount": 145, "currency": "USD", "gateway": "Stripe-v2", "attempt": 3}
  Exception: org.apache.http.conn.HttpHostConnectException: Connect to 10.244.2.45:8080 failed: Connection refused
    at org.apache.http.impl.conn.DefaultHttpClientConnectionOperator.connect(DefaultHttpClientConnectionOperator.java:159)
    at org.apache.http.impl.conn.PoolingHttpClientConnectionManager.connect(PoolingHttpClientConnectionManager.java:376)

2026-08-30T15:42:02.571049Z ERROR [KafkaConsumer-39] payment_gateway.kafka - Kafka Consumer Lag Critical: Topic 'payment-events' partition 2 lag is 71304.

2026-08-30T15:42:11.586610Z ERROR [KafkaConsumer-22] payment_gateway.kafka - Kafka Consumer Lag Critical: Topic 'payment-events' partition 3 lag is 75816.

2026-08-30T15:42:14.593320Z CRITICAL [PaymentWorker-71] payment_gateway.processor - Payment transaction tx_99071 failed with HTTP 502 Bad Gateway.
  Request Context: {"amount": 496, "currency": "USD", "gateway": "Stripe-v2", "attempt": 3}
  Exception: org.apache.http.conn.HttpHostConnectException: Connect to 10.244.2.45:8080 failed: Connection refused
    at org.apache.http.impl.conn.DefaultHttpClientConnectionOperator.connect(DefaultHttpClientConnectionOperator.java:159)
    at org.apache.http.impl.conn.PoolingHttpClientConnectionManager.connect(PoolingHttpClientConnectionManager.java:376)

2026-08-30T15:42:53.693980Z ERROR [KafkaConsumer-27] payment_gateway.kafka - Kafka Consumer Lag Critical: Topic 'payment-events' partition 1 lag is 74967.

2026-08-30T15:42:56.707217Z ERROR [KafkaConsumer-90] payment_gateway.kafka - Kafka Consumer Lag Critical: Topic 'payment-events' partition 3 lag is 71809.

2026-08-30T15:42:59.713036Z CRITICAL [PaymentWorker-38] payment_gateway.processor - Payment transaction tx_83726 failed with HTTP 502 Bad Gateway.
  Request Context: {"amount": 483, "currency": "USD", "gateway": "Stripe-v2", "attempt": 3}
  Exception: org.apache.http.conn.HttpHostConnectException: Connect to 10.244.2.45:8080 failed: Connection refused
    at org.apache.http.impl.conn.DefaultHttpClientConnectionOperator.connect(DefaultHttpClientConnectionOperator.java:159)
    at org.apache.http.impl.conn.PoolingHttpClientConnectionManager.connect(PoolingHttpClientConnectionManager.java:376)

2026-08-30T15:43:02.718610Z ERROR [KafkaConsumer-33] payment_gateway.kafka - Kafka Consumer Lag Critical: Topic 'payment-events' partition 2 lag is 52273.

2026-08-30T15:43:08.730221Z CRITICAL [PaymentWorker-42] payment_gateway.processor - Payment transaction tx_16999 failed with HTTP 502 Bad Gateway.
  Request Context: {"amount": 123, "currency": "USD", "gateway": "Stripe-v2", "attempt": 3}
  Exception: org.apache.http.conn.HttpHostConnectException: Connect to 10.244.2.45:8080 failed: Connection refused
    at org.apache.http.impl.conn.DefaultHttpClientConnectionOperator.connect(DefaultHttpClientConnectionOperator.java:159)
    at org.apache.http.impl.conn.PoolingHttpClientConnectionManager.connect(PoolingHttpClientConnectionManager.java:376)

2026-08-30T15:43:17.754800Z ERROR [KafkaConsumer-17] payment_gateway.kafka - Kafka Consumer Lag Critical: Topic 'payment-events' partition 0 lag is 66336.

2026-08-30T15:43:26.796942Z ERROR [KafkaConsumer-80] payment_gateway.kafka - Kafka Consumer Lag Critical: Topic 'payment-events' partition 2 lag is 63999.

2026-08-30T15:43:29.805221Z ERROR [KafkaConsumer-56] payment_gateway.kafka - Kafka Consumer Lag Critical: Topic 'payment-events' partition 0 lag is 58341.

2026-08-30T15:43:38.825673Z CRITICAL [PaymentWorker-89] payment_gateway.processor - Payment transaction tx_47250 failed with HTTP 502 Bad Gateway.
  Request Context: {"amount": 106, "currency": "USD", "gateway": "Stripe-v2", "attempt": 3}
  Exception: org.apache.http.conn.HttpHostConnectException: Connect to 10.244.2.45:8080 failed: Connection refused
    at org.apache.http.impl.conn.DefaultHttpClientConnectionOperator.connect(DefaultHttpClientConnectionOperator.java:159)
    at org.apache.http.impl.conn.PoolingHttpClientConnectionManager.connect(PoolingHttpClientConnectionManager.java:376)

2026-08-30T15:43:53.874499Z ERROR [KafkaConsumer-47] payment_gateway.kafka - Kafka Consumer Lag Critical: Topic 'payment-events' partition 1 lag is 45545.

2026-08-30T15:44:26.976065Z ERROR [KafkaConsumer-86] payment_gateway.kafka - Kafka Consumer Lag Critical: Topic 'payment-events' partition 2 lag is 76072.

2026-08-30T15:44:29.981291Z CRITICAL [PaymentWorker-77] payment_gateway.processor - Payment transaction tx_11364 failed with HTTP 502 Bad Gateway.
  Request Context: {"amount": 249, "currency": "USD", "gateway": "Stripe-v2", "attempt": 3}
  Exception: org.apache.http.conn.HttpHostConnectException: Connect to 10.244.2.45:8080 failed: Connection refused
    at org.apache.http.impl.conn.DefaultHttpClientConnectionOperator.connect(DefaultHttpClientConnectionOperator.java:159)
    at org.apache.http.impl.conn.PoolingHttpClientConnectionManager.connect(PoolingHttpClientConnectionManager.java:376)

2026-08-30T15:44:54.036762Z CRITICAL [PaymentWorker-53] payment_gateway.processor - Payment transaction tx_85078 failed with HTTP 502 Bad Gateway.
  Request Context: {"amount": 475, "currency": "USD", "gateway": "Stripe-v2", "attempt": 3}
  Exception: org.apache.http.conn.HttpHostConnectException: Connect to 10.244.2.45:8080 failed: Connection refused
    at org.apache.http.impl.conn.DefaultHttpClientConnectionOperator.connect(DefaultHttpClientConnectionOperator.java:159)
    at org.apache.http.impl.conn.PoolingHttpClientConnectionManager.connect(PoolingHttpClientConnectionManager.java:376)

2026-08-30T15:45:12.073104Z CRITICAL [PaymentWorker-16] payment_gateway.processor - Payment transaction tx_14034 failed with HTTP 502 Bad Gateway.
  Request Context: {"amount": 107, "currency": "USD", "gateway": "Stripe-v2", "attempt": 3}
  Exception: org.apache.http.conn.HttpHostConnectException: Connect to 10.244.2.45:8080 failed: Connection refused
    at org.apache.http.impl.conn.DefaultHttpClientConnectionOperator.connect(DefaultHttpClientConnectionOperator.java:159)
    at org.apache.http.impl.conn.PoolingHttpClientConnectionManager.connect(PoolingHttpClientConnectionManager.java:376)

2026-08-30T15:45:24.098998Z CRITICAL [PaymentWorker-31] payment_gateway.processor - Payment transaction tx_67979 failed with HTTP 502 Bad Gateway.
  Request Context: {"amount": 453, "currency": "USD", "gateway": "Stripe-v2", "attempt": 3}
  Exception: org.apache.http.conn.HttpHostConnectException: Connect to 10.244.2.45:8080 failed: Connection refused
    at org.apache.http.impl.conn.DefaultHttpClientConnectionOperator.connect(DefaultHttpClientConnectionOperator.java:159)
    at org.apache.http.impl.conn.PoolingHttpClientConnectionManager.connect(PoolingHttpClientConnectionManager.java:376)

2026-08-30T15:45:42.134009Z ERROR [KafkaConsumer-25] payment_gateway.kafka - Kafka Consumer Lag Critical: Topic 'payment-events' partition 0 lag is 60586.

2026-08-30T15:46:27.230298Z ERROR [KafkaConsumer-76] payment_gateway.kafka - Kafka Consumer Lag Critical: Topic 'payment-events' partition 1 lag is 78741.

2026-08-30T15:46:30.235738Z ERROR [KafkaConsumer-71] payment_gateway.kafka - Kafka Consumer Lag Critical: Topic 'payment-events' partition 3 lag is 74710.

2026-08-30T15:46:36.247389Z ERROR [KafkaConsumer-81] payment_gateway.kafka - Kafka Consumer Lag Critical: Topic 'payment-events' partition 1 lag is 64437.

2026-08-30T15:46:39.252638Z CRITICAL [PaymentWorker-61] payment_gateway.processor - Payment transaction tx_72496 failed with HTTP 502 Bad Gateway.
  Request Context: {"amount": 205, "currency": "USD", "gateway": "Stripe-v2", "attempt": 3}
  Exception: org.apache.http.conn.HttpHostConnectException: Connect to 10.244.2.45:8080 failed: Connection refused
    at org.apache.http.impl.conn.DefaultHttpClientConnectionOperator.connect(DefaultHttpClientConnectionOperator.java:159)
    at org.apache.http.impl.conn.PoolingHttpClientConnectionManager.connect(PoolingHttpClientConnectionManager.java:376)

2026-08-30T15:46:45.267220Z ERROR [KafkaConsumer-46] payment_gateway.kafka - Kafka Consumer Lag Critical: Topic 'payment-events' partition 2 lag is 77549.

2026-08-30T15:46:48.279095Z ERROR [KafkaConsumer-28] payment_gateway.kafka - Kafka Consumer Lag Critical: Topic 'payment-events' partition 0 lag is 54663.

2026-08-30T15:46:51.284018Z ERROR [KafkaConsumer-14] payment_gateway.kafka - Kafka Consumer Lag Critical: Topic 'payment-events' partition 2 lag is 51555.

2026-08-30T15:47:21.351787Z ERROR [KafkaConsumer-65] payment_gateway.kafka - Kafka Consumer Lag Critical: Topic 'payment-events' partition 2 lag is 47340.

2026-08-30T15:47:27.363606Z ERROR [KafkaConsumer-74] payment_gateway.kafka - Kafka Consumer Lag Critical: Topic 'payment-events' partition 1 lag is 50046.

2026-08-30T15:47:36.382615Z CRITICAL [PaymentWorker-47] payment_gateway.processor - Payment transaction tx_33314 failed with HTTP 502 Bad Gateway.
  Request Context: {"amount": 287, "currency": "USD", "gateway": "Stripe-v2", "attempt": 3}
  Exception: org.apache.http.conn.HttpHostConnectException: Connect to 10.244.2.45:8080 failed: Connection refused
    at org.apache.http.impl.conn.DefaultHttpClientConnectionOperator.connect(DefaultHttpClientConnectionOperator.java:159)
    at org.apache.http.impl.conn.PoolingHttpClientConnectionManager.connect(PoolingHttpClientConnectionManager.java:376)

2026-08-30T15:47:39.389308Z ERROR [KafkaConsumer-62] payment_gateway.kafka - Kafka Consumer Lag Critical: Topic 'payment-events' partition 1 lag is 48041.

2026-08-30T15:47:45.411001Z ERROR [KafkaConsumer-36] payment_gateway.kafka - Kafka Consumer Lag Critical: Topic 'payment-events' partition 1 lag is 77767.

2026-08-30T15:47:57.446769Z CRITICAL [PaymentWorker-71] payment_gateway.processor - Payment transaction tx_18261 failed with HTTP 502 Bad Gateway.
  Request Context: {"amount": 213, "currency": "USD", "gateway": "Stripe-v2", "attempt": 3}
  Exception: org.apache.http.conn.HttpHostConnectException: Connect to 10.244.2.45:8080 failed: Connection refused
    at org.apache.http.impl.conn.DefaultHttpClientConnectionOperator.connect(DefaultHttpClientConnectionOperator.java:159)
    at org.apache.http.impl.conn.PoolingHttpClientConnectionManager.connect(PoolingHttpClientConnectionManager.java:376)

2026-08-30T15:48:03.460037Z ERROR [KafkaConsumer-51] payment_gateway.kafka - Kafka Consumer Lag Critical: Topic 'payment-events' partition 1 lag is 46356.

2026-08-30T15:48:09.475045Z ERROR [KafkaConsumer-66] payment_gateway.kafka - Kafka Consumer Lag Critical: Topic 'payment-events' partition 3 lag is 54918.

2026-08-30T15:48:12.480263Z CRITICAL [PaymentWorker-87] payment_gateway.processor - Payment transaction tx_27686 failed with HTTP 502 Bad Gateway.
  Request Context: {"amount": 348, "currency": "USD", "gateway": "Stripe-v2", "attempt": 3}
  Exception: org.apache.http.conn.HttpHostConnectException: Connect to 10.244.2.45:8080 failed: Connection refused
    at org.apache.http.impl.conn.DefaultHttpClientConnectionOperator.connect(DefaultHttpClientConnectionOperator.java:159)
    at org.apache.http.impl.conn.PoolingHttpClientConnectionManager.connect(PoolingHttpClientConnectionManager.java:376)

2026-08-30T15:48:15.484984Z ERROR [KafkaConsumer-64] payment_gateway.kafka - Kafka Consumer Lag Critical: Topic 'payment-events' partition 0 lag is 72180.

2026-08-30T15:48:45.554159Z CRITICAL [PaymentWorker-15] payment_gateway.processor - Payment transaction tx_10461 failed with HTTP 502 Bad Gateway.
  Request Context: {"amount": 308, "currency": "USD", "gateway": "Stripe-v2", "attempt": 3}
  Exception: org.apache.http.conn.HttpHostConnectException: Connect to 10.244.2.45:8080 failed: Connection refused
    at org.apache.http.impl.conn.DefaultHttpClientConnectionOperator.connect(DefaultHttpClientConnectionOperator.java:159)
    at org.apache.http.impl.conn.PoolingHttpClientConnectionManager.connect(PoolingHttpClientConnectionManager.java:376)

2026-08-30T15:49:00.603750Z CRITICAL [PaymentWorker-76] payment_gateway.processor - Payment transaction tx_24187 failed with HTTP 502 Bad Gateway.
  Request Context: {"amount": 371, "currency": "USD", "gateway": "Stripe-v2", "attempt": 3}
  Exception: org.apache.http.conn.HttpHostConnectException: Connect to 10.244.2.45:8080 failed: Connection refused
    at org.apache.http.impl.conn.DefaultHttpClientConnectionOperator.connect(DefaultHttpClientConnectionOperator.java:159)
    at org.apache.http.impl.conn.PoolingHttpClientConnectionManager.connect(PoolingHttpClientConnectionManager.java:376)

2026-08-30T15:49:03.609483Z ERROR [KafkaConsumer-81] payment_gateway.kafka - Kafka Consumer Lag Critical: Topic 'payment-events' partition 2 lag is 55085.

2026-08-30T15:49:06.615673Z ERROR [KafkaConsumer-48] payment_gateway.kafka - Kafka Consumer Lag Critical: Topic 'payment-events' partition 2 lag is 54899.

2026-08-30T15:49:15.641240Z ERROR [KafkaConsumer-50] payment_gateway.kafka - Kafka Consumer Lag Critical: Topic 'payment-events' partition 1 lag is 61737.

2026-08-30T15:49:21.671170Z ERROR [KafkaConsumer-68] payment_gateway.kafka - Kafka Consumer Lag Critical: Topic 'payment-events' partition 0 lag is 61959.

2026-08-30T15:49:24.678856Z CRITICAL [PaymentWorker-34] payment_gateway.processor - Payment transaction tx_17441 failed with HTTP 502 Bad Gateway.
  Request Context: {"amount": 422, "currency": "USD", "gateway": "Stripe-v2", "attempt": 3}
  Exception: org.apache.http.conn.HttpHostConnectException: Connect to 10.244.2.45:8080 failed: Connection refused
    at org.apache.http.impl.conn.DefaultHttpClientConnectionOperator.connect(DefaultHttpClientConnectionOperator.java:159)
    at org.apache.http.impl.conn.PoolingHttpClientConnectionManager.connect(PoolingHttpClientConnectionManager.java:376)

2026-08-30T15:49:36.708984Z ERROR [KafkaConsumer-28] payment_gateway.kafka - Kafka Consumer Lag Critical: Topic 'payment-events' partition 3 lag is 45382.

2026-08-30T15:49:42.732811Z CRITICAL [PaymentWorker-77] payment_gateway.processor - Payment transaction tx_60751 failed with HTTP 502 Bad Gateway.
  Request Context: {"amount": 169, "currency": "USD", "gateway": "Stripe-v2", "attempt": 3}
  Exception: org.apache.http.conn.HttpHostConnectException: Connect to 10.244.2.45:8080 failed: Connection refused
    at org.apache.http.impl.conn.DefaultHttpClientConnectionOperator.connect(DefaultHttpClientConnectionOperator.java:159)
    at org.apache.http.impl.conn.PoolingHttpClientConnectionManager.connect(PoolingHttpClientConnectionManager.java:376)

2026-08-30T15:49:48.749891Z ERROR [KafkaConsumer-80] payment_gateway.kafka - Kafka Consumer Lag Critical: Topic 'payment-events' partition 2 lag is 72195.

2026-08-30T15:50:03.785202Z CRITICAL [PaymentWorker-26] payment_gateway.processor - Payment transaction tx_26330 failed with HTTP 502 Bad Gateway.
  Request Context: {"amount": 476, "currency": "USD", "gateway": "Stripe-v2", "attempt": 3}
  Exception: org.apache.http.conn.HttpHostConnectException: Connect to 10.244.2.45:8080 failed: Connection refused
    at org.apache.http.impl.conn.DefaultHttpClientConnectionOperator.connect(DefaultHttpClientConnectionOperator.java:159)
    at org.apache.http.impl.conn.PoolingHttpClientConnectionManager.connect(PoolingHttpClientConnectionManager.java:376)

2026-08-30T15:50:12.804700Z ERROR [KafkaConsumer-10] payment_gateway.kafka - Kafka Consumer Lag Critical: Topic 'payment-events' partition 2 lag is 45249.

2026-08-30T15:50:18.818804Z CRITICAL [PaymentWorker-52] payment_gateway.processor - Payment transaction tx_25551 failed with HTTP 502 Bad Gateway.
  Request Context: {"amount": 441, "currency": "USD", "gateway": "Stripe-v2", "attempt": 3}
  Exception: org.apache.http.conn.HttpHostConnectException: Connect to 10.244.2.45:8080 failed: Connection refused
    at org.apache.http.impl.conn.DefaultHttpClientConnectionOperator.connect(DefaultHttpClientConnectionOperator.java:159)
    at org.apache.http.impl.conn.PoolingHttpClientConnectionManager.connect(PoolingHttpClientConnectionManager.java:376)

2026-08-30T15:50:21.825045Z CRITICAL [PaymentWorker-91] payment_gateway.processor - Payment transaction tx_70458 failed with HTTP 502 Bad Gateway.
  Request Context: {"amount": 98, "currency": "USD", "gateway": "Stripe-v2", "attempt": 3}
  Exception: org.apache.http.conn.HttpHostConnectException: Connect to 10.244.2.45:8080 failed: Connection refused
    at org.apache.http.impl.conn.DefaultHttpClientConnectionOperator.connect(DefaultHttpClientConnectionOperator.java:159)
    at org.apache.http.impl.conn.PoolingHttpClientConnectionManager.connect(PoolingHttpClientConnectionManager.java:376)

2026-08-30T15:50:27.837272Z CRITICAL [PaymentWorker-24] payment_gateway.processor - Payment transaction tx_55272 failed with HTTP 502 Bad Gateway.
  Request Context: {"amount": 417, "currency": "USD", "gateway": "Stripe-v2", "attempt": 3}
  Exception: org.apache.http.conn.HttpHostConnectException: Connect to 10.244.2.45:8080 failed: Connection refused
    at org.apache.http.impl.conn.DefaultHttpClientConnectionOperator.connect(DefaultHttpClientConnectionOperator.java:159)
    at org.apache.http.impl.conn.PoolingHttpClientConnectionManager.connect(PoolingHttpClientConnectionManager.java:376)

2026-08-30T15:50:57.918537Z ERROR [KafkaConsumer-22] payment_gateway.kafka - Kafka Consumer Lag Critical: Topic 'payment-events' partition 0 lag is 76987.

2026-08-30T15:51:03.933697Z CRITICAL [PaymentWorker-63] payment_gateway.processor - Payment transaction tx_47304 failed with HTTP 502 Bad Gateway.
  Request Context: {"amount": 269, "currency": "USD", "gateway": "Stripe-v2", "attempt": 3}
  Exception: org.apache.http.conn.HttpHostConnectException: Connect to 10.244.2.45:8080 failed: Connection refused
    at org.apache.http.impl.conn.DefaultHttpClientConnectionOperator.connect(DefaultHttpClientConnectionOperator.java:159)
    at org.apache.http.impl.conn.PoolingHttpClientConnectionManager.connect(PoolingHttpClientConnectionManager.java:376)

2026-08-30T15:51:15.969089Z CRITICAL [PaymentWorker-40] payment_gateway.processor - Payment transaction tx_28205 failed with HTTP 502 Bad Gateway.
  Request Context: {"amount": 462, "currency": "USD", "gateway": "Stripe-v2", "attempt": 3}
  Exception: org.apache.http.conn.HttpHostConnectException: Connect to 10.244.2.45:8080 failed: Connection refused
    at org.apache.http.impl.conn.DefaultHttpClientConnectionOperator.connect(DefaultHttpClientConnectionOperator.java:159)
    at org.apache.http.impl.conn.PoolingHttpClientConnectionManager.connect(PoolingHttpClientConnectionManager.java:376)

2026-08-30T15:51:21.980221Z CRITICAL [PaymentWorker-82] payment_gateway.processor - Payment transaction tx_56571 failed with HTTP 502 Bad Gateway.
  Request Context: {"amount": 422, "currency": "USD", "gateway": "Stripe-v2", "attempt": 3}
  Exception: org.apache.http.conn.HttpHostConnectException: Connect to 10.244.2.45:8080 failed: Connection refused
    at org.apache.http.impl.conn.DefaultHttpClientConnectionOperator.connect(DefaultHttpClientConnectionOperator.java:159)
    at org.apache.http.impl.conn.PoolingHttpClientConnectionManager.connect(PoolingHttpClientConnectionManager.java:376)

2026-08-30T15:51:31.004809Z CRITICAL [PaymentWorker-90] payment_gateway.processor - Payment transaction tx_97099 failed with HTTP 502 Bad Gateway.
  Request Context: {"amount": 353, "currency": "USD", "gateway": "Stripe-v2", "attempt": 3}
  Exception: org.apache.http.conn.HttpHostConnectException: Connect to 10.244.2.45:8080 failed: Connection refused
    at org.apache.http.impl.conn.DefaultHttpClientConnectionOperator.connect(DefaultHttpClientConnectionOperator.java:159)
    at org.apache.http.impl.conn.PoolingHttpClientConnectionManager.connect(PoolingHttpClientConnectionManager.java:376)

2026-08-30T15:51:34.011009Z ERROR [KafkaConsumer-47] payment_gateway.kafka - Kafka Consumer Lag Critical: Topic 'payment-events' partition 2 lag is 43496.

2026-08-30T15:51:43.028444Z CRITICAL [PaymentWorker-83] payment_gateway.processor - Payment transaction tx_12006 failed with HTTP 502 Bad Gateway.
  Request Context: {"amount": 272, "currency": "USD", "gateway": "Stripe-v2", "attempt": 3}
  Exception: org.apache.http.conn.HttpHostConnectException: Connect to 10.244.2.45:8080 failed: Connection refused
    at org.apache.http.impl.conn.DefaultHttpClientConnectionOperator.connect(DefaultHttpClientConnectionOperator.java:159)
    at org.apache.http.impl.conn.PoolingHttpClientConnectionManager.connect(PoolingHttpClientConnectionManager.java:376)

2026-08-30T15:51:49.053654Z CRITICAL [PaymentWorker-67] payment_gateway.processor - Payment transaction tx_69852 failed with HTTP 502 Bad Gateway.
  Request Context: {"amount": 88, "currency": "USD", "gateway": "Stripe-v2", "attempt": 3}
  Exception: org.apache.http.conn.HttpHostConnectException: Connect to 10.244.2.45:8080 failed: Connection refused
    at org.apache.http.impl.conn.DefaultHttpClientConnectionOperator.connect(DefaultHttpClientConnectionOperator.java:159)
    at org.apache.http.impl.conn.PoolingHttpClientConnectionManager.connect(PoolingHttpClientConnectionManager.java:376)

2026-08-30T15:51:55.065980Z CRITICAL [PaymentWorker-71] payment_gateway.processor - Payment transaction tx_12248 failed with HTTP 502 Bad Gateway.
  Request Context: {"amount": 125, "currency": "USD", "gateway": "Stripe-v2", "attempt": 3}
  Exception: org.apache.http.conn.HttpHostConnectException: Connect to 10.244.2.45:8080 failed: Connection refused
    at org.apache.http.impl.conn.DefaultHttpClientConnectionOperator.connect(DefaultHttpClientConnectionOperator.java:159)
    at org.apache.http.impl.conn.PoolingHttpClientConnectionManager.connect(PoolingHttpClientConnectionManager.java:376)

2026-08-30T15:52:16.129270Z ERROR [KafkaConsumer-28] payment_gateway.kafka - Kafka Consumer Lag Critical: Topic 'payment-events' partition 1 lag is 75316.

2026-08-30T15:52:46.195112Z CRITICAL [PaymentWorker-72] payment_gateway.processor - Payment transaction tx_96513 failed with HTTP 502 Bad Gateway.
  Request Context: {"amount": 119, "currency": "USD", "gateway": "Stripe-v2", "attempt": 3}
  Exception: org.apache.http.conn.HttpHostConnectException: Connect to 10.244.2.45:8080 failed: Connection refused
    at org.apache.http.impl.conn.DefaultHttpClientConnectionOperator.connect(DefaultHttpClientConnectionOperator.java:159)
    at org.apache.http.impl.conn.PoolingHttpClientConnectionManager.connect(PoolingHttpClientConnectionManager.java:376)

2026-08-30T15:52:49.201160Z CRITICAL [PaymentWorker-66] payment_gateway.processor - Payment transaction tx_94570 failed with HTTP 502 Bad Gateway.
  Request Context: {"amount": 170, "currency": "USD", "gateway": "Stripe-v2", "attempt": 3}
  Exception: org.apache.http.conn.HttpHostConnectException: Connect to 10.244.2.45:8080 failed: Connection refused
    at org.apache.http.impl.conn.DefaultHttpClientConnectionOperator.connect(DefaultHttpClientConnectionOperator.java:159)
    at org.apache.http.impl.conn.PoolingHttpClientConnectionManager.connect(PoolingHttpClientConnectionManager.java:376)

2026-08-30T15:52:52.206910Z CRITICAL [PaymentWorker-38] payment_gateway.processor - Payment transaction tx_48266 failed with HTTP 502 Bad Gateway.
  Request Context: {"amount": 178, "currency": "USD", "gateway": "Stripe-v2", "attempt": 3}
  Exception: org.apache.http.conn.HttpHostConnectException: Connect to 10.244.2.45:8080 failed: Connection refused
    at org.apache.http.impl.conn.DefaultHttpClientConnectionOperator.connect(DefaultHttpClientConnectionOperator.java:159)
    at org.apache.http.impl.conn.PoolingHttpClientConnectionManager.connect(PoolingHttpClientConnectionManager.java:376)

2026-08-30T15:53:01.229285Z ERROR [KafkaConsumer-35] payment_gateway.kafka - Kafka Consumer Lag Critical: Topic 'payment-events' partition 2 lag is 65529.

2026-08-30T15:53:13.262983Z ERROR [KafkaConsumer-42] payment_gateway.kafka - Kafka Consumer Lag Critical: Topic 'payment-events' partition 3 lag is 52800.

2026-08-30T15:53:31.308238Z CRITICAL [PaymentWorker-28] payment_gateway.processor - Payment transaction tx_74642 failed with HTTP 502 Bad Gateway.
  Request Context: {"amount": 472, "currency": "USD", "gateway": "Stripe-v2", "attempt": 3}
  Exception: org.apache.http.conn.HttpHostConnectException: Connect to 10.244.2.45:8080 failed: Connection refused
    at org.apache.http.impl.conn.DefaultHttpClientConnectionOperator.connect(DefaultHttpClientConnectionOperator.java:159)
    at org.apache.http.impl.conn.PoolingHttpClientConnectionManager.connect(PoolingHttpClientConnectionManager.java:376)

2026-08-30T15:53:40.327373Z CRITICAL [PaymentWorker-36] payment_gateway.processor - Payment transaction tx_13952 failed with HTTP 502 Bad Gateway.
  Request Context: {"amount": 290, "currency": "USD", "gateway": "Stripe-v2", "attempt": 3}
  Exception: org.apache.http.conn.HttpHostConnectException: Connect to 10.244.2.45:8080 failed: Connection refused
    at org.apache.http.impl.conn.DefaultHttpClientConnectionOperator.connect(DefaultHttpClientConnectionOperator.java:159)
    at org.apache.http.impl.conn.PoolingHttpClientConnectionManager.connect(PoolingHttpClientConnectionManager.java:376)

2026-08-30T15:53:49.350079Z ERROR [KafkaConsumer-83] payment_gateway.kafka - Kafka Consumer Lag Critical: Topic 'payment-events' partition 2 lag is 62296.

2026-08-30T15:53:52.356427Z CRITICAL [PaymentWorker-27] payment_gateway.processor - Payment transaction tx_13128 failed with HTTP 502 Bad Gateway.
  Request Context: {"amount": 454, "currency": "USD", "gateway": "Stripe-v2", "attempt": 3}
  Exception: org.apache.http.conn.HttpHostConnectException: Connect to 10.244.2.45:8080 failed: Connection refused
    at org.apache.http.impl.conn.DefaultHttpClientConnectionOperator.connect(DefaultHttpClientConnectionOperator.java:159)
    at org.apache.http.impl.conn.PoolingHttpClientConnectionManager.connect(PoolingHttpClientConnectionManager.java:376)

2026-08-30T15:54:19.425755Z CRITICAL [PaymentWorker-12] payment_gateway.processor - Payment transaction tx_31520 failed with HTTP 502 Bad Gateway.
  Request Context: {"amount": 418, "currency": "USD", "gateway": "Stripe-v2", "attempt": 3}
  Exception: org.apache.http.conn.HttpHostConnectException: Connect to 10.244.2.45:8080 failed: Connection refused
    at org.apache.http.impl.conn.DefaultHttpClientConnectionOperator.connect(DefaultHttpClientConnectionOperator.java:159)
    at org.apache.http.impl.conn.PoolingHttpClientConnectionManager.connect(PoolingHttpClientConnectionManager.java:376)

2026-08-30T15:54:31.449545Z ERROR [KafkaConsumer-73] payment_gateway.kafka - Kafka Consumer Lag Critical: Topic 'payment-events' partition 3 lag is 69232.

2026-08-30T15:54:34.458683Z ERROR [KafkaConsumer-63] payment_gateway.kafka - Kafka Consumer Lag Critical: Topic 'payment-events' partition 0 lag is 68938.

2026-08-30T15:54:52.516720Z CRITICAL [PaymentWorker-34] payment_gateway.processor - Payment transaction tx_27832 failed with HTTP 502 Bad Gateway.
  Request Context: {"amount": 13, "currency": "USD", "gateway": "Stripe-v2", "attempt": 3}
  Exception: org.apache.http.conn.HttpHostConnectException: Connect to 10.244.2.45:8080 failed: Connection refused
    at org.apache.http.impl.conn.DefaultHttpClientConnectionOperator.connect(DefaultHttpClientConnectionOperator.java:159)
    at org.apache.http.impl.conn.PoolingHttpClientConnectionManager.connect(PoolingHttpClientConnectionManager.java:376)

2026-08-30T15:55:10.551988Z ERROR [KafkaConsumer-17] payment_gateway.kafka - Kafka Consumer Lag Critical: Topic 'payment-events' partition 2 lag is 54702.

2026-08-30T15:55:16.563789Z CRITICAL [PaymentWorker-14] payment_gateway.processor - Payment transaction tx_84595 failed with HTTP 502 Bad Gateway.
  Request Context: {"amount": 213, "currency": "USD", "gateway": "Stripe-v2", "attempt": 3}
  Exception: org.apache.http.conn.HttpHostConnectException: Connect to 10.244.2.45:8080 failed: Connection refused
    at org.apache.http.impl.conn.DefaultHttpClientConnectionOperator.connect(DefaultHttpClientConnectionOperator.java:159)
    at org.apache.http.impl.conn.PoolingHttpClientConnectionManager.connect(PoolingHttpClientConnectionManager.java:376)

2026-08-30T15:55:28.595414Z ERROR [KafkaConsumer-65] payment_gateway.kafka - Kafka Consumer Lag Critical: Topic 'payment-events' partition 1 lag is 63910.

2026-08-30T15:55:31.601145Z ERROR [KafkaConsumer-43] payment_gateway.kafka - Kafka Consumer Lag Critical: Topic 'payment-events' partition 1 lag is 42582.

2026-08-30T15:55:37.621122Z ERROR [KafkaConsumer-73] payment_gateway.kafka - Kafka Consumer Lag Critical: Topic 'payment-events' partition 1 lag is 48664.

2026-08-30T15:55:43.632404Z CRITICAL [PaymentWorker-70] payment_gateway.processor - Payment transaction tx_53475 failed with HTTP 502 Bad Gateway.
  Request Context: {"amount": 134, "currency": "USD", "gateway": "Stripe-v2", "attempt": 3}
  Exception: org.apache.http.conn.HttpHostConnectException: Connect to 10.244.2.45:8080 failed: Connection refused
    at org.apache.http.impl.conn.DefaultHttpClientConnectionOperator.connect(DefaultHttpClientConnectionOperator.java:159)
    at org.apache.http.impl.conn.PoolingHttpClientConnectionManager.connect(PoolingHttpClientConnectionManager.java:376)

2026-08-30T15:55:55.660079Z ERROR [KafkaConsumer-28] payment_gateway.kafka - Kafka Consumer Lag Critical: Topic 'payment-events' partition 3 lag is 60580.

2026-08-30T15:55:58.671767Z ERROR [KafkaConsumer-13] payment_gateway.kafka - Kafka Consumer Lag Critical: Topic 'payment-events' partition 3 lag is 59420.

2026-08-30T15:56:04.683275Z ERROR [KafkaConsumer-16] payment_gateway.kafka - Kafka Consumer Lag Critical: Topic 'payment-events' partition 1 lag is 72370.

2026-08-30T15:56:10.703935Z CRITICAL [PaymentWorker-87] payment_gateway.processor - Payment transaction tx_26213 failed with HTTP 502 Bad Gateway.
  Request Context: {"amount": 454, "currency": "USD", "gateway": "Stripe-v2", "attempt": 3}
  Exception: org.apache.http.conn.HttpHostConnectException: Connect to 10.244.2.45:8080 failed: Connection refused
    at org.apache.http.impl.conn.DefaultHttpClientConnectionOperator.connect(DefaultHttpClientConnectionOperator.java:159)
    at org.apache.http.impl.conn.PoolingHttpClientConnectionManager.connect(PoolingHttpClientConnectionManager.java:376)

2026-08-30T15:56:16.715940Z ERROR [KafkaConsumer-55] payment_gateway.kafka - Kafka Consumer Lag Critical: Topic 'payment-events' partition 2 lag is 74490.

2026-08-30T15:56:28.753196Z ERROR [KafkaConsumer-47] payment_gateway.kafka - Kafka Consumer Lag Critical: Topic 'payment-events' partition 1 lag is 48396.

2026-08-30T15:56:34.773723Z CRITICAL [PaymentWorker-52] payment_gateway.processor - Payment transaction tx_13553 failed with HTTP 502 Bad Gateway.
  Request Context: {"amount": 185, "currency": "USD", "gateway": "Stripe-v2", "attempt": 3}
  Exception: org.apache.http.conn.HttpHostConnectException: Connect to 10.244.2.45:8080 failed: Connection refused
    at org.apache.http.impl.conn.DefaultHttpClientConnectionOperator.connect(DefaultHttpClientConnectionOperator.java:159)
    at org.apache.http.impl.conn.PoolingHttpClientConnectionManager.connect(PoolingHttpClientConnectionManager.java:376)

2026-08-30T15:56:43.793907Z CRITICAL [PaymentWorker-44] payment_gateway.processor - Payment transaction tx_61385 failed with HTTP 502 Bad Gateway.
  Request Context: {"amount": 286, "currency": "USD", "gateway": "Stripe-v2", "attempt": 3}
  Exception: org.apache.http.conn.HttpHostConnectException: Connect to 10.244.2.45:8080 failed: Connection refused
    at org.apache.http.impl.conn.DefaultHttpClientConnectionOperator.connect(DefaultHttpClientConnectionOperator.java:159)
    at org.apache.http.impl.conn.PoolingHttpClientConnectionManager.connect(PoolingHttpClientConnectionManager.java:376)

2026-08-30T15:56:49.815824Z ERROR [KafkaConsumer-82] payment_gateway.kafka - Kafka Consumer Lag Critical: Topic 'payment-events' partition 1 lag is 65067.

2026-08-30T15:56:52.820255Z ERROR [KafkaConsumer-25] payment_gateway.kafka - Kafka Consumer Lag Critical: Topic 'payment-events' partition 3 lag is 55411.

2026-08-30T15:56:58.835705Z CRITICAL [PaymentWorker-26] payment_gateway.processor - Payment transaction tx_70057 failed with HTTP 502 Bad Gateway.
  Request Context: {"amount": 321, "currency": "USD", "gateway": "Stripe-v2", "attempt": 3}
  Exception: org.apache.http.conn.HttpHostConnectException: Connect to 10.244.2.45:8080 failed: Connection refused
    at org.apache.http.impl.conn.DefaultHttpClientConnectionOperator.connect(DefaultHttpClientConnectionOperator.java:159)
    at org.apache.http.impl.conn.PoolingHttpClientConnectionManager.connect(PoolingHttpClientConnectionManager.java:376)

2026-08-30T15:57:07.853102Z CRITICAL [PaymentWorker-17] payment_gateway.processor - Payment transaction tx_26866 failed with HTTP 502 Bad Gateway.
  Request Context: {"amount": 397, "currency": "USD", "gateway": "Stripe-v2", "attempt": 3}
  Exception: org.apache.http.conn.HttpHostConnectException: Connect to 10.244.2.45:8080 failed: Connection refused
    at org.apache.http.impl.conn.DefaultHttpClientConnectionOperator.connect(DefaultHttpClientConnectionOperator.java:159)
    at org.apache.http.impl.conn.PoolingHttpClientConnectionManager.connect(PoolingHttpClientConnectionManager.java:376)

2026-08-30T15:57:25.897674Z ERROR [KafkaConsumer-52] payment_gateway.kafka - Kafka Consumer Lag Critical: Topic 'payment-events' partition 2 lag is 72320.

2026-08-30T15:57:43.932410Z ERROR [KafkaConsumer-20] payment_gateway.kafka - Kafka Consumer Lag Critical: Topic 'payment-events' partition 3 lag is 66676.

2026-08-30T15:57:49.947618Z ERROR [KafkaConsumer-31] payment_gateway.kafka - Kafka Consumer Lag Critical: Topic 'payment-events' partition 0 lag is 56512.

2026-08-30T15:57:52.952845Z CRITICAL [PaymentWorker-63] payment_gateway.processor - Payment transaction tx_42861 failed with HTTP 502 Bad Gateway.
  Request Context: {"amount": 26, "currency": "USD", "gateway": "Stripe-v2", "attempt": 3}
  Exception: org.apache.http.conn.HttpHostConnectException: Connect to 10.244.2.45:8080 failed: Connection refused
    at org.apache.http.impl.conn.DefaultHttpClientConnectionOperator.connect(DefaultHttpClientConnectionOperator.java:159)
    at org.apache.http.impl.conn.PoolingHttpClientConnectionManager.connect(PoolingHttpClientConnectionManager.java:376)

2026-08-30T15:58:07.998057Z ERROR [KafkaConsumer-32] payment_gateway.kafka - Kafka Consumer Lag Critical: Topic 'payment-events' partition 2 lag is 74323.

2026-08-30T15:58:11.004208Z CRITICAL [PaymentWorker-32] payment_gateway.processor - Payment transaction tx_68241 failed with HTTP 502 Bad Gateway.
  Request Context: {"amount": 46, "currency": "USD", "gateway": "Stripe-v2", "attempt": 3}
  Exception: org.apache.http.conn.HttpHostConnectException: Connect to 10.244.2.45:8080 failed: Connection refused
    at org.apache.http.impl.conn.DefaultHttpClientConnectionOperator.connect(DefaultHttpClientConnectionOperator.java:159)
    at org.apache.http.impl.conn.PoolingHttpClientConnectionManager.connect(PoolingHttpClientConnectionManager.java:376)

2026-08-30T15:58:29.045523Z CRITICAL [PaymentWorker-66] payment_gateway.processor - Payment transaction tx_44766 failed with HTTP 502 Bad Gateway.
  Request Context: {"amount": 133, "currency": "USD", "gateway": "Stripe-v2", "attempt": 3}
  Exception: org.apache.http.conn.HttpHostConnectException: Connect to 10.244.2.45:8080 failed: Connection refused
    at org.apache.http.impl.conn.DefaultHttpClientConnectionOperator.connect(DefaultHttpClientConnectionOperator.java:159)
    at org.apache.http.impl.conn.PoolingHttpClientConnectionManager.connect(PoolingHttpClientConnectionManager.java:376)

2026-08-30T15:58:44.074878Z CRITICAL [PaymentWorker-34] payment_gateway.processor - Payment transaction tx_54560 failed with HTTP 502 Bad Gateway.
  Request Context: {"amount": 335, "currency": "USD", "gateway": "Stripe-v2", "attempt": 3}
  Exception: org.apache.http.conn.HttpHostConnectException: Connect to 10.244.2.45:8080 failed: Connection refused
    at org.apache.http.impl.conn.DefaultHttpClientConnectionOperator.connect(DefaultHttpClientConnectionOperator.java:159)
    at org.apache.http.impl.conn.PoolingHttpClientConnectionManager.connect(PoolingHttpClientConnectionManager.java:376)

2026-08-30T15:58:53.099017Z ERROR [KafkaConsumer-29] payment_gateway.kafka - Kafka Consumer Lag Critical: Topic 'payment-events' partition 2 lag is 63951.

2026-08-30T15:58:59.111094Z CRITICAL [PaymentWorker-14] payment_gateway.processor - Payment transaction tx_93901 failed with HTTP 502 Bad Gateway.
  Request Context: {"amount": 71, "currency": "USD", "gateway": "Stripe-v2", "attempt": 3}
  Exception: org.apache.http.conn.HttpHostConnectException: Connect to 10.244.2.45:8080 failed: Connection refused
    at org.apache.http.impl.conn.DefaultHttpClientConnectionOperator.connect(DefaultHttpClientConnectionOperator.java:159)
    at org.apache.http.impl.conn.PoolingHttpClientConnectionManager.connect(PoolingHttpClientConnectionManager.java:376)

2026-08-30T15:59:14.140322Z CRITICAL [PaymentWorker-98] payment_gateway.processor - Payment transaction tx_28286 failed with HTTP 502 Bad Gateway.
  Request Context: {"amount": 246, "currency": "USD", "gateway": "Stripe-v2", "attempt": 3}
  Exception: org.apache.http.conn.HttpHostConnectException: Connect to 10.244.2.45:8080 failed: Connection refused
    at org.apache.http.impl.conn.DefaultHttpClientConnectionOperator.connect(DefaultHttpClientConnectionOperator.java:159)
    at org.apache.http.impl.conn.PoolingHttpClientConnectionManager.connect(PoolingHttpClientConnectionManager.java:376)

2026-08-30T15:59:17.145926Z CRITICAL [PaymentWorker-17] payment_gateway.processor - Payment transaction tx_47553 failed with HTTP 502 Bad Gateway.
  Request Context: {"amount": 303, "currency": "USD", "gateway": "Stripe-v2", "attempt": 3}
  Exception: org.apache.http.conn.HttpHostConnectException: Connect to 10.244.2.45:8080 failed: Connection refused
    at org.apache.http.impl.conn.DefaultHttpClientConnectionOperator.connect(DefaultHttpClientConnectionOperator.java:159)
    at org.apache.http.impl.conn.PoolingHttpClientConnectionManager.connect(PoolingHttpClientConnectionManager.java:376)

2026-08-30T15:59:23.157191Z CRITICAL [PaymentWorker-56] payment_gateway.processor - Payment transaction tx_61237 failed with HTTP 502 Bad Gateway.
  Request Context: {"amount": 481, "currency": "USD", "gateway": "Stripe-v2", "attempt": 3}
  Exception: org.apache.http.conn.HttpHostConnectException: Connect to 10.244.2.45:8080 failed: Connection refused
    at org.apache.http.impl.conn.DefaultHttpClientConnectionOperator.connect(DefaultHttpClientConnectionOperator.java:159)
    at org.apache.http.impl.conn.PoolingHttpClientConnectionManager.connect(PoolingHttpClientConnectionManager.java:376)

2026-08-30T15:59:29.178086Z CRITICAL [PaymentWorker-71] payment_gateway.processor - Payment transaction tx_38847 failed with HTTP 502 Bad Gateway.
  Request Context: {"amount": 467, "currency": "USD", "gateway": "Stripe-v2", "attempt": 3}
  Exception: org.apache.http.conn.HttpHostConnectException: Connect to 10.244.2.45:8080 failed: Connection refused
    at org.apache.http.impl.conn.DefaultHttpClientConnectionOperator.connect(DefaultHttpClientConnectionOperator.java:159)
    at org.apache.http.impl.conn.PoolingHttpClientConnectionManager.connect(PoolingHttpClientConnectionManager.java:376)

2026-08-30T15:59:32.184466Z CRITICAL [PaymentWorker-22] payment_gateway.processor - Payment transaction tx_45888 failed with HTTP 502 Bad Gateway.
  Request Context: {"amount": 130, "currency": "USD", "gateway": "Stripe-v2", "attempt": 3}
  Exception: org.apache.http.conn.HttpHostConnectException: Connect to 10.244.2.45:8080 failed: Connection refused
    at org.apache.http.impl.conn.DefaultHttpClientConnectionOperator.connect(DefaultHttpClientConnectionOperator.java:159)
    at org.apache.http.impl.conn.PoolingHttpClientConnectionManager.connect(PoolingHttpClientConnectionManager.java:376)

2026-08-30T15:59:35.190489Z CRITICAL [PaymentWorker-88] payment_gateway.processor - Payment transaction tx_64984 failed with HTTP 502 Bad Gateway.
  Request Context: {"amount": 116, "currency": "USD", "gateway": "Stripe-v2", "attempt": 3}
  Exception: org.apache.http.conn.HttpHostConnectException: Connect to 10.244.2.45:8080 failed: Connection refused
    at org.apache.http.impl.conn.DefaultHttpClientConnectionOperator.connect(DefaultHttpClientConnectionOperator.java:159)
    at org.apache.http.impl.conn.PoolingHttpClientConnectionManager.connect(PoolingHttpClientConnectionManager.java:376)

2026-08-30T15:59:41.205032Z CRITICAL [PaymentWorker-38] payment_gateway.processor - Payment transaction tx_89938 failed with HTTP 502 Bad Gateway.
  Request Context: {"amount": 387, "currency": "USD", "gateway": "Stripe-v2", "attempt": 3}
  Exception: org.apache.http.conn.HttpHostConnectException: Connect to 10.244.2.45:8080 failed: Connection refused
    at org.apache.http.impl.conn.DefaultHttpClientConnectionOperator.connect(DefaultHttpClientConnectionOperator.java:159)
    at org.apache.http.impl.conn.PoolingHttpClientConnectionManager.connect(PoolingHttpClientConnectionManager.java:376)

2026-08-30T15:59:44.211254Z ERROR [KafkaConsumer-89] payment_gateway.kafka - Kafka Consumer Lag Critical: Topic 'payment-events' partition 1 lag is 48622.

2026-08-30T15:59:47.220034Z ERROR [KafkaConsumer-36] payment_gateway.kafka - Kafka Consumer Lag Critical: Topic 'payment-events' partition 3 lag is 73763.

2026-08-30T15:59:53.232852Z ERROR [KafkaConsumer-36] payment_gateway.kafka - Kafka Consumer Lag Critical: Topic 'payment-events' partition 0 lag is 63637.

2026-08-30T16:00:08.273616Z ERROR [KafkaConsumer-25] payment_gateway.kafka - Kafka Consumer Lag Critical: Topic 'payment-events' partition 1 lag is 68659.

2026-08-30T16:00:11.279241Z CRITICAL [PaymentWorker-72] payment_gateway.processor - Payment transaction tx_96304 failed with HTTP 502 Bad Gateway.
  Request Context: {"amount": 488, "currency": "USD", "gateway": "Stripe-v2", "attempt": 3}
  Exception: org.apache.http.conn.HttpHostConnectException: Connect to 10.244.2.45:8080 failed: Connection refused
    at org.apache.http.impl.conn.DefaultHttpClientConnectionOperator.connect(DefaultHttpClientConnectionOperator.java:159)
    at org.apache.http.impl.conn.PoolingHttpClientConnectionManager.connect(PoolingHttpClientConnectionManager.java:376)

2026-08-30T16:00:17.290940Z ERROR [KafkaConsumer-47] payment_gateway.kafka - Kafka Consumer Lag Critical: Topic 'payment-events' partition 0 lag is 59887.

2026-08-30T16:00:23.308920Z ERROR [KafkaConsumer-22] payment_gateway.kafka - Kafka Consumer Lag Critical: Topic 'payment-events' partition 0 lag is 43816.

2026-08-30T16:00:38.343145Z ERROR [KafkaConsumer-44] payment_gateway.kafka - Kafka Consumer Lag Critical: Topic 'payment-events' partition 2 lag is 65975.

2026-08-30T16:00:47.369380Z CRITICAL [PaymentWorker-34] payment_gateway.processor - Payment transaction tx_42145 failed with HTTP 502 Bad Gateway.
  Request Context: {"amount": 291, "currency": "USD", "gateway": "Stripe-v2", "attempt": 3}
  Exception: org.apache.http.conn.HttpHostConnectException: Connect to 10.244.2.45:8080 failed: Connection refused
    at org.apache.http.impl.conn.DefaultHttpClientConnectionOperator.connect(DefaultHttpClientConnectionOperator.java:159)
    at org.apache.http.impl.conn.PoolingHttpClientConnectionManager.connect(PoolingHttpClientConnectionManager.java:376)

2026-08-30T16:00:53.392340Z CRITICAL [PaymentWorker-43] payment_gateway.processor - Payment transaction tx_72881 failed with HTTP 502 Bad Gateway.
  Request Context: {"amount": 169, "currency": "USD", "gateway": "Stripe-v2", "attempt": 3}
  Exception: org.apache.http.conn.HttpHostConnectException: Connect to 10.244.2.45:8080 failed: Connection refused
    at org.apache.http.impl.conn.DefaultHttpClientConnectionOperator.connect(DefaultHttpClientConnectionOperator.java:159)
    at org.apache.http.impl.conn.PoolingHttpClientConnectionManager.connect(PoolingHttpClientConnectionManager.java:376)

2026-08-30T16:00:56.399003Z ERROR [KafkaConsumer-88] payment_gateway.kafka - Kafka Consumer Lag Critical: Topic 'payment-events' partition 0 lag is 57430.

2026-08-30T16:01:14.442759Z CRITICAL [PaymentWorker-28] payment_gateway.processor - Payment transaction tx_87849 failed with HTTP 502 Bad Gateway.
  Request Context: {"amount": 189, "currency": "USD", "gateway": "Stripe-v2", "attempt": 3}
  Exception: org.apache.http.conn.HttpHostConnectException: Connect to 10.244.2.45:8080 failed: Connection refused
    at org.apache.http.impl.conn.DefaultHttpClientConnectionOperator.connect(DefaultHttpClientConnectionOperator.java:159)
    at org.apache.http.impl.conn.PoolingHttpClientConnectionManager.connect(PoolingHttpClientConnectionManager.java:376)

2026-08-30T16:01:23.464438Z CRITICAL [PaymentWorker-60] payment_gateway.processor - Payment transaction tx_76887 failed with HTTP 502 Bad Gateway.
  Request Context: {"amount": 152, "currency": "USD", "gateway": "Stripe-v2", "attempt": 3}
  Exception: org.apache.http.conn.HttpHostConnectException: Connect to 10.244.2.45:8080 failed: Connection refused
    at org.apache.http.impl.conn.DefaultHttpClientConnectionOperator.connect(DefaultHttpClientConnectionOperator.java:159)
    at org.apache.http.impl.conn.PoolingHttpClientConnectionManager.connect(PoolingHttpClientConnectionManager.java:376)

2026-08-30T16:01:26.470178Z ERROR [KafkaConsumer-75] payment_gateway.kafka - Kafka Consumer Lag Critical: Topic 'payment-events' partition 1 lag is 52636.

2026-08-30T16:01:32.486448Z ERROR [KafkaConsumer-41] payment_gateway.kafka - Kafka Consumer Lag Critical: Topic 'payment-events' partition 3 lag is 77544.

2026-08-30T16:01:38.498819Z ERROR [KafkaConsumer-59] payment_gateway.kafka - Kafka Consumer Lag Critical: Topic 'payment-events' partition 2 lag is 70871.

2026-08-30T16:01:41.504685Z CRITICAL [PaymentWorker-41] payment_gateway.processor - Payment transaction tx_69019 failed with HTTP 502 Bad Gateway.
  Request Context: {"amount": 465, "currency": "USD", "gateway": "Stripe-v2", "attempt": 3}
  Exception: org.apache.http.conn.HttpHostConnectException: Connect to 10.244.2.45:8080 failed: Connection refused
    at org.apache.http.impl.conn.DefaultHttpClientConnectionOperator.connect(DefaultHttpClientConnectionOperator.java:159)
    at org.apache.http.impl.conn.PoolingHttpClientConnectionManager.connect(PoolingHttpClientConnectionManager.java:376)

2026-08-30T16:01:44.509607Z ERROR [KafkaConsumer-23] payment_gateway.kafka - Kafka Consumer Lag Critical: Topic 'payment-events' partition 0 lag is 43391.

2026-08-30T16:01:47.520736Z CRITICAL [PaymentWorker-75] payment_gateway.processor - Payment transaction tx_50349 failed with HTTP 502 Bad Gateway.
  Request Context: {"amount": 314, "currency": "USD", "gateway": "Stripe-v2", "attempt": 3}
  Exception: org.apache.http.conn.HttpHostConnectException: Connect to 10.244.2.45:8080 failed: Connection refused
    at org.apache.http.impl.conn.DefaultHttpClientConnectionOperator.connect(DefaultHttpClientConnectionOperator.java:159)
    at org.apache.http.impl.conn.PoolingHttpClientConnectionManager.connect(PoolingHttpClientConnectionManager.java:376)

2026-08-30T16:01:50.527057Z ERROR [KafkaConsumer-35] payment_gateway.kafka - Kafka Consumer Lag Critical: Topic 'payment-events' partition 2 lag is 64415.

2026-08-30T16:01:53.532716Z CRITICAL [PaymentWorker-62] payment_gateway.processor - Payment transaction tx_30414 failed with HTTP 502 Bad Gateway.
  Request Context: {"amount": 376, "currency": "USD", "gateway": "Stripe-v2", "attempt": 3}
  Exception: org.apache.http.conn.HttpHostConnectException: Connect to 10.244.2.45:8080 failed: Connection refused
    at org.apache.http.impl.conn.DefaultHttpClientConnectionOperator.connect(DefaultHttpClientConnectionOperator.java:159)
    at org.apache.http.impl.conn.PoolingHttpClientConnectionManager.connect(PoolingHttpClientConnectionManager.java:376)

2026-08-30T16:01:56.538276Z ERROR [KafkaConsumer-40] payment_gateway.kafka - Kafka Consumer Lag Critical: Topic 'payment-events' partition 1 lag is 46294.

2026-08-30T16:02:11.579027Z ERROR [KafkaConsumer-77] payment_gateway.kafka - Kafka Consumer Lag Critical: Topic 'payment-events' partition 1 lag is 62121.

2026-08-30T16:02:27.430324Z ERROR [KafkaConsumer-99] payment_gateway.kafka - Kafka Consumer Lag Critical: Topic 'payment-events' partition 2 lag is 73172.

2026-08-30T16:02:30.448210Z ERROR [KafkaConsumer-84] payment_gateway.kafka - Kafka Consumer Lag Critical: Topic 'payment-events' partition 3 lag is 74321.

2026-08-30T16:02:33.453708Z CRITICAL [PaymentWorker-21] payment_gateway.processor - Payment transaction tx_89595 failed with HTTP 502 Bad Gateway.
  Request Context: {"amount": 19, "currency": "USD", "gateway": "Stripe-v2", "attempt": 3}
  Exception: org.apache.http.conn.HttpHostConnectException: Connect to 10.244.2.45:8080 failed: Connection refused
    at org.apache.http.impl.conn.DefaultHttpClientConnectionOperator.connect(DefaultHttpClientConnectionOperator.java:159)
    at org.apache.http.impl.conn.PoolingHttpClientConnectionManager.connect(PoolingHttpClientConnectionManager.java:376)

2026-08-30T16:02:36.459615Z ERROR [KafkaConsumer-27] payment_gateway.kafka - Kafka Consumer Lag Critical: Topic 'payment-events' partition 0 lag is 46937.

2026-08-30T16:02:39.466223Z ERROR [KafkaConsumer-82] payment_gateway.kafka - Kafka Consumer Lag Critical: Topic 'payment-events' partition 1 lag is 50229.

2026-08-30T16:02:51.496988Z ERROR [KafkaConsumer-44] payment_gateway.kafka - Kafka Consumer Lag Critical: Topic 'payment-events' partition 0 lag is 49477.

2026-08-30T16:02:54.503218Z CRITICAL [PaymentWorker-52] payment_gateway.processor - Payment transaction tx_26866 failed with HTTP 502 Bad Gateway.
  Request Context: {"amount": 287, "currency": "USD", "gateway": "Stripe-v2", "attempt": 3}
  Exception: org.apache.http.conn.HttpHostConnectException: Connect to 10.244.2.45:8080 failed: Connection refused
    at org.apache.http.impl.conn.DefaultHttpClientConnectionOperator.connect(DefaultHttpClientConnectionOperator.java:159)
    at org.apache.http.impl.conn.PoolingHttpClientConnectionManager.connect(PoolingHttpClientConnectionManager.java:376)

2026-08-30T16:03:06.535998Z ERROR [KafkaConsumer-83] payment_gateway.kafka - Kafka Consumer Lag Critical: Topic 'payment-events' partition 2 lag is 76824.

2026-08-30T16:03:09.541852Z CRITICAL [PaymentWorker-97] payment_gateway.processor - Payment transaction tx_14862 failed with HTTP 502 Bad Gateway.
  Request Context: {"amount": 164, "currency": "USD", "gateway": "Stripe-v2", "attempt": 3}
  Exception: org.apache.http.conn.HttpHostConnectException: Connect to 10.244.2.45:8080 failed: Connection refused
    at org.apache.http.impl.conn.DefaultHttpClientConnectionOperator.connect(DefaultHttpClientConnectionOperator.java:159)
    at org.apache.http.impl.conn.PoolingHttpClientConnectionManager.connect(PoolingHttpClientConnectionManager.java:376)

2026-08-30T16:03:12.547689Z ERROR [KafkaConsumer-39] payment_gateway.kafka - Kafka Consumer Lag Critical: Topic 'payment-events' partition 2 lag is 63395.

2026-08-30T16:03:27.597886Z ERROR [KafkaConsumer-11] payment_gateway.kafka - Kafka Consumer Lag Critical: Topic 'payment-events' partition 1 lag is 69635.

2026-08-30T16:03:30.602933Z CRITICAL [PaymentWorker-20] payment_gateway.processor - Payment transaction tx_84648 failed with HTTP 502 Bad Gateway.
  Request Context: {"amount": 403, "currency": "USD", "gateway": "Stripe-v2", "attempt": 3}
  Exception: org.apache.http.conn.HttpHostConnectException: Connect to 10.244.2.45:8080 failed: Connection refused
    at org.apache.http.impl.conn.DefaultHttpClientConnectionOperator.connect(DefaultHttpClientConnectionOperator.java:159)
    at org.apache.http.impl.conn.PoolingHttpClientConnectionManager.connect(PoolingHttpClientConnectionManager.java:376)

2026-08-30T16:03:33.608242Z CRITICAL [PaymentWorker-34] payment_gateway.processor - Payment transaction tx_57183 failed with HTTP 502 Bad Gateway.
  Request Context: {"amount": 340, "currency": "USD", "gateway": "Stripe-v2", "attempt": 3}
  Exception: org.apache.http.conn.HttpHostConnectException: Connect to 10.244.2.45:8080 failed: Connection refused
    at org.apache.http.impl.conn.DefaultHttpClientConnectionOperator.connect(DefaultHttpClientConnectionOperator.java:159)
    at org.apache.http.impl.conn.PoolingHttpClientConnectionManager.connect(PoolingHttpClientConnectionManager.java:376)

2026-08-30T16:03:42.625277Z CRITICAL [PaymentWorker-87] payment_gateway.processor - Payment transaction tx_61391 failed with HTTP 502 Bad Gateway.
  Request Context: {"amount": 241, "currency": "USD", "gateway": "Stripe-v2", "attempt": 3}
  Exception: org.apache.http.conn.HttpHostConnectException: Connect to 10.244.2.45:8080 failed: Connection refused
    at org.apache.http.impl.conn.DefaultHttpClientConnectionOperator.connect(DefaultHttpClientConnectionOperator.java:159)
    at org.apache.http.impl.conn.PoolingHttpClientConnectionManager.connect(PoolingHttpClientConnectionManager.java:376)

2026-08-30T16:03:51.651819Z CRITICAL [PaymentWorker-72] payment_gateway.processor - Payment transaction tx_13124 failed with HTTP 502 Bad Gateway.
  Request Context: {"amount": 337, "currency": "USD", "gateway": "Stripe-v2", "attempt": 3}
  Exception: org.apache.http.conn.HttpHostConnectException: Connect to 10.244.2.45:8080 failed: Connection refused
    at org.apache.http.impl.conn.DefaultHttpClientConnectionOperator.connect(DefaultHttpClientConnectionOperator.java:159)
    at org.apache.http.impl.conn.PoolingHttpClientConnectionManager.connect(PoolingHttpClientConnectionManager.java:376)

2026-08-30T16:03:54.657197Z CRITICAL [PaymentWorker-75] payment_gateway.processor - Payment transaction tx_87032 failed with HTTP 502 Bad Gateway.
  Request Context: {"amount": 126, "currency": "USD", "gateway": "Stripe-v2", "attempt": 3}
  Exception: org.apache.http.conn.HttpHostConnectException: Connect to 10.244.2.45:8080 failed: Connection refused
    at org.apache.http.impl.conn.DefaultHttpClientConnectionOperator.connect(DefaultHttpClientConnectionOperator.java:159)
    at org.apache.http.impl.conn.PoolingHttpClientConnectionManager.connect(PoolingHttpClientConnectionManager.java:376)

2026-08-30T16:03:57.670076Z CRITICAL [PaymentWorker-47] payment_gateway.processor - Payment transaction tx_47468 failed with HTTP 502 Bad Gateway.
  Request Context: {"amount": 161, "currency": "USD", "gateway": "Stripe-v2", "attempt": 3}
  Exception: org.apache.http.conn.HttpHostConnectException: Connect to 10.244.2.45:8080 failed: Connection refused
    at org.apache.http.impl.conn.DefaultHttpClientConnectionOperator.connect(DefaultHttpClientConnectionOperator.java:159)
    at org.apache.http.impl.conn.PoolingHttpClientConnectionManager.connect(PoolingHttpClientConnectionManager.java:376)

2026-08-30T16:04:00.684625Z CRITICAL [PaymentWorker-77] payment_gateway.processor - Payment transaction tx_74390 failed with HTTP 502 Bad Gateway.
  Request Context: {"amount": 253, "currency": "USD", "gateway": "Stripe-v2", "attempt": 3}
  Exception: org.apache.http.conn.HttpHostConnectException: Connect to 10.244.2.45:8080 failed: Connection refused
    at org.apache.http.impl.conn.DefaultHttpClientConnectionOperator.connect(DefaultHttpClientConnectionOperator.java:159)
    at org.apache.http.impl.conn.PoolingHttpClientConnectionManager.connect(PoolingHttpClientConnectionManager.java:376)

2026-08-30T16:04:09.711881Z CRITICAL [PaymentWorker-62] payment_gateway.processor - Payment transaction tx_89257 failed with HTTP 502 Bad Gateway.
  Request Context: {"amount": 238, "currency": "USD", "gateway": "Stripe-v2", "attempt": 3}
  Exception: org.apache.http.conn.HttpHostConnectException: Connect to 10.244.2.45:8080 failed: Connection refused
    at org.apache.http.impl.conn.DefaultHttpClientConnectionOperator.connect(DefaultHttpClientConnectionOperator.java:159)
    at org.apache.http.impl.conn.PoolingHttpClientConnectionManager.connect(PoolingHttpClientConnectionManager.java:376)

2026-08-30T16:04:18.796565Z CRITICAL [PaymentWorker-22] payment_gateway.processor - Payment transaction tx_94226 failed with HTTP 502 Bad Gateway.
  Request Context: {"amount": 302, "currency": "USD", "gateway": "Stripe-v2", "attempt": 3}
  Exception: org.apache.http.conn.HttpHostConnectException: Connect to 10.244.2.45:8080 failed: Connection refused
    at org.apache.http.impl.conn.DefaultHttpClientConnectionOperator.connect(DefaultHttpClientConnectionOperator.java:159)
    at org.apache.http.impl.conn.PoolingHttpClientConnectionManager.connect(PoolingHttpClientConnectionManager.java:376)

2026-08-30T16:04:21.801272Z CRITICAL [PaymentWorker-31] payment_gateway.processor - Payment transaction tx_76906 failed with HTTP 502 Bad Gateway.
  Request Context: {"amount": 177, "currency": "USD", "gateway": "Stripe-v2", "attempt": 3}
  Exception: org.apache.http.conn.HttpHostConnectException: Connect to 10.244.2.45:8080 failed: Connection refused
    at org.apache.http.impl.conn.DefaultHttpClientConnectionOperator.connect(DefaultHttpClientConnectionOperator.java:159)
    at org.apache.http.impl.conn.PoolingHttpClientConnectionManager.connect(PoolingHttpClientConnectionManager.java:376)

2026-08-30T16:04:27.811913Z CRITICAL [PaymentWorker-42] payment_gateway.processor - Payment transaction tx_41753 failed with HTTP 502 Bad Gateway.
  Request Context: {"amount": 279, "currency": "USD", "gateway": "Stripe-v2", "attempt": 3}
  Exception: org.apache.http.conn.HttpHostConnectException: Connect to 10.244.2.45:8080 failed: Connection refused
    at org.apache.http.impl.conn.DefaultHttpClientConnectionOperator.connect(DefaultHttpClientConnectionOperator.java:159)
    at org.apache.http.impl.conn.PoolingHttpClientConnectionManager.connect(PoolingHttpClientConnectionManager.java:376)

2026-08-30T16:04:36.831551Z ERROR [KafkaConsumer-45] payment_gateway.kafka - Kafka Consumer Lag Critical: Topic 'payment-events' partition 1 lag is 64550.

2026-08-30T16:04:45.856333Z ERROR [KafkaConsumer-77] payment_gateway.kafka - Kafka Consumer Lag Critical: Topic 'payment-events' partition 2 lag is 60186.

2026-08-30T16:04:54.876728Z CRITICAL [PaymentWorker-33] payment_gateway.processor - Payment transaction tx_69567 failed with HTTP 502 Bad Gateway.
  Request Context: {"amount": 418, "currency": "USD", "gateway": "Stripe-v2", "attempt": 3}
  Exception: org.apache.http.conn.HttpHostConnectException: Connect to 10.244.2.45:8080 failed: Connection refused
    at org.apache.http.impl.conn.DefaultHttpClientConnectionOperator.connect(DefaultHttpClientConnectionOperator.java:159)
    at org.apache.http.impl.conn.PoolingHttpClientConnectionManager.connect(PoolingHttpClientConnectionManager.java:376)

2026-08-30T16:04:57.883387Z CRITICAL [PaymentWorker-35] payment_gateway.processor - Payment transaction tx_78442 failed with HTTP 502 Bad Gateway.
  Request Context: {"amount": 436, "currency": "USD", "gateway": "Stripe-v2", "attempt": 3}
  Exception: org.apache.http.conn.HttpHostConnectException: Connect to 10.244.2.45:8080 failed: Connection refused
    at org.apache.http.impl.conn.DefaultHttpClientConnectionOperator.connect(DefaultHttpClientConnectionOperator.java:159)
    at org.apache.http.impl.conn.PoolingHttpClientConnectionManager.connect(PoolingHttpClientConnectionManager.java:376)

2026-08-30T16:05:06.913648Z CRITICAL [PaymentWorker-90] payment_gateway.processor - Payment transaction tx_30515 failed with HTTP 502 Bad Gateway.
  Request Context: {"amount": 94, "currency": "USD", "gateway": "Stripe-v2", "attempt": 3}
  Exception: org.apache.http.conn.HttpHostConnectException: Connect to 10.244.2.45:8080 failed: Connection refused
    at org.apache.http.impl.conn.DefaultHttpClientConnectionOperator.connect(DefaultHttpClientConnectionOperator.java:159)
    at org.apache.http.impl.conn.PoolingHttpClientConnectionManager.connect(PoolingHttpClientConnectionManager.java:376)

2026-08-30T16:05:21.943189Z CRITICAL [PaymentWorker-69] payment_gateway.processor - Payment transaction tx_49914 failed with HTTP 502 Bad Gateway.
  Request Context: {"amount": 296, "currency": "USD", "gateway": "Stripe-v2", "attempt": 3}
  Exception: org.apache.http.conn.HttpHostConnectException: Connect to 10.244.2.45:8080 failed: Connection refused
    at org.apache.http.impl.conn.DefaultHttpClientConnectionOperator.connect(DefaultHttpClientConnectionOperator.java:159)
    at org.apache.http.impl.conn.PoolingHttpClientConnectionManager.connect(PoolingHttpClientConnectionManager.java:376)

2026-08-30T16:05:33.978442Z ERROR [KafkaConsumer-51] payment_gateway.kafka - Kafka Consumer Lag Critical: Topic 'payment-events' partition 3 lag is 72732.

2026-08-30T16:05:46.012736Z CRITICAL [PaymentWorker-66] payment_gateway.processor - Payment transaction tx_43114 failed with HTTP 502 Bad Gateway.
  Request Context: {"amount": 142, "currency": "USD", "gateway": "Stripe-v2", "attempt": 3}
  Exception: org.apache.http.conn.HttpHostConnectException: Connect to 10.244.2.45:8080 failed: Connection refused
    at org.apache.http.impl.conn.DefaultHttpClientConnectionOperator.connect(DefaultHttpClientConnectionOperator.java:159)
    at org.apache.http.impl.conn.PoolingHttpClientConnectionManager.connect(PoolingHttpClientConnectionManager.java:376)

2026-08-30T16:06:01.055075Z CRITICAL [PaymentWorker-47] payment_gateway.processor - Payment transaction tx_32651 failed with HTTP 502 Bad Gateway.
  Request Context: {"amount": 124, "currency": "USD", "gateway": "Stripe-v2", "attempt": 3}
  Exception: org.apache.http.conn.HttpHostConnectException: Connect to 10.244.2.45:8080 failed: Connection refused
    at org.apache.http.impl.conn.DefaultHttpClientConnectionOperator.connect(DefaultHttpClientConnectionOperator.java:159)
    at org.apache.http.impl.conn.PoolingHttpClientConnectionManager.connect(PoolingHttpClientConnectionManager.java:376)

2026-08-30T16:06:07.065805Z ERROR [KafkaConsumer-65] payment_gateway.kafka - Kafka Consumer Lag Critical: Topic 'payment-events' partition 3 lag is 78232.

2026-08-30T16:06:10.073799Z CRITICAL [PaymentWorker-45] payment_gateway.processor - Payment transaction tx_94930 failed with HTTP 502 Bad Gateway.
  Request Context: {"amount": 324, "currency": "USD", "gateway": "Stripe-v2", "attempt": 3}
  Exception: org.apache.http.conn.HttpHostConnectException: Connect to 10.244.2.45:8080 failed: Connection refused
    at org.apache.http.impl.conn.DefaultHttpClientConnectionOperator.connect(DefaultHttpClientConnectionOperator.java:159)
    at org.apache.http.impl.conn.PoolingHttpClientConnectionManager.connect(PoolingHttpClientConnectionManager.java:376)

2026-08-30T16:06:16.084860Z ERROR [KafkaConsumer-67] payment_gateway.kafka - Kafka Consumer Lag Critical: Topic 'payment-events' partition 3 lag is 47683.

2026-08-30T16:06:22.097404Z CRITICAL [PaymentWorker-80] payment_gateway.processor - Payment transaction tx_81226 failed with HTTP 502 Bad Gateway.
  Request Context: {"amount": 410, "currency": "USD", "gateway": "Stripe-v2", "attempt": 3}
  Exception: org.apache.http.conn.HttpHostConnectException: Connect to 10.244.2.45:8080 failed: Connection refused
    at org.apache.http.impl.conn.DefaultHttpClientConnectionOperator.connect(DefaultHttpClientConnectionOperator.java:159)
    at org.apache.http.impl.conn.PoolingHttpClientConnectionManager.connect(PoolingHttpClientConnectionManager.java:376)

2026-08-30T16:06:34.122335Z CRITICAL [PaymentWorker-35] payment_gateway.processor - Payment transaction tx_91241 failed with HTTP 502 Bad Gateway.
  Request Context: {"amount": 64, "currency": "USD", "gateway": "Stripe-v2", "attempt": 3}
  Exception: org.apache.http.conn.HttpHostConnectException: Connect to 10.244.2.45:8080 failed: Connection refused
    at org.apache.http.impl.conn.DefaultHttpClientConnectionOperator.connect(DefaultHttpClientConnectionOperator.java:159)
    at org.apache.http.impl.conn.PoolingHttpClientConnectionManager.connect(PoolingHttpClientConnectionManager.java:376)

2026-08-30T16:06:40.134323Z CRITICAL [PaymentWorker-18] payment_gateway.processor - Payment transaction tx_52642 failed with HTTP 502 Bad Gateway.
  Request Context: {"amount": 305, "currency": "USD", "gateway": "Stripe-v2", "attempt": 3}
  Exception: org.apache.http.conn.HttpHostConnectException: Connect to 10.244.2.45:8080 failed: Connection refused
    at org.apache.http.impl.conn.DefaultHttpClientConnectionOperator.connect(DefaultHttpClientConnectionOperator.java:159)
    at org.apache.http.impl.conn.PoolingHttpClientConnectionManager.connect(PoolingHttpClientConnectionManager.java:376)

2026-08-30T16:06:43.139952Z CRITICAL [PaymentWorker-14] payment_gateway.processor - Payment transaction tx_54222 failed with HTTP 502 Bad Gateway.
  Request Context: {"amount": 414, "currency": "USD", "gateway": "Stripe-v2", "attempt": 3}
  Exception: org.apache.http.conn.HttpHostConnectException: Connect to 10.244.2.45:8080 failed: Connection refused
    at org.apache.http.impl.conn.DefaultHttpClientConnectionOperator.connect(DefaultHttpClientConnectionOperator.java:159)
    at org.apache.http.impl.conn.PoolingHttpClientConnectionManager.connect(PoolingHttpClientConnectionManager.java:376)

2026-08-30T16:07:01.187721Z CRITICAL [PaymentWorker-84] payment_gateway.processor - Payment transaction tx_39504 failed with HTTP 502 Bad Gateway.
  Request Context: {"amount": 348, "currency": "USD", "gateway": "Stripe-v2", "attempt": 3}
  Exception: org.apache.http.conn.HttpHostConnectException: Connect to 10.244.2.45:8080 failed: Connection refused
    at org.apache.http.impl.conn.DefaultHttpClientConnectionOperator.connect(DefaultHttpClientConnectionOperator.java:159)
    at org.apache.http.impl.conn.PoolingHttpClientConnectionManager.connect(PoolingHttpClientConnectionManager.java:376)

2026-08-30T16:07:10.204684Z CRITICAL [PaymentWorker-73] payment_gateway.processor - Payment transaction tx_20170 failed with HTTP 502 Bad Gateway.
  Request Context: {"amount": 442, "currency": "USD", "gateway": "Stripe-v2", "attempt": 3}
  Exception: org.apache.http.conn.HttpHostConnectException: Connect to 10.244.2.45:8080 failed: Connection refused
    at org.apache.http.impl.conn.DefaultHttpClientConnectionOperator.connect(DefaultHttpClientConnectionOperator.java:159)
    at org.apache.http.impl.conn.PoolingHttpClientConnectionManager.connect(PoolingHttpClientConnectionManager.java:376)

2026-08-30T16:07:16.224383Z ERROR [KafkaConsumer-82] payment_gateway.kafka - Kafka Consumer Lag Critical: Topic 'payment-events' partition 1 lag is 77222.

2026-08-30T16:07:22.242088Z CRITICAL [PaymentWorker-56] payment_gateway.processor - Payment transaction tx_46536 failed with HTTP 502 Bad Gateway.
  Request Context: {"amount": 377, "currency": "USD", "gateway": "Stripe-v2", "attempt": 3}
  Exception: org.apache.http.conn.HttpHostConnectException: Connect to 10.244.2.45:8080 failed: Connection refused
    at org.apache.http.impl.conn.DefaultHttpClientConnectionOperator.connect(DefaultHttpClientConnectionOperator.java:159)
    at org.apache.http.impl.conn.PoolingHttpClientConnectionManager.connect(PoolingHttpClientConnectionManager.java:376)

2026-08-30T16:07:25.254420Z CRITICAL [PaymentWorker-15] payment_gateway.processor - Payment transaction tx_79707 failed with HTTP 502 Bad Gateway.
  Request Context: {"amount": 103, "currency": "USD", "gateway": "Stripe-v2", "attempt": 3}
  Exception: org.apache.http.conn.HttpHostConnectException: Connect to 10.244.2.45:8080 failed: Connection refused
    at org.apache.http.impl.conn.DefaultHttpClientConnectionOperator.connect(DefaultHttpClientConnectionOperator.java:159)
    at org.apache.http.impl.conn.PoolingHttpClientConnectionManager.connect(PoolingHttpClientConnectionManager.java:376)

2026-08-30T16:07:28.260750Z ERROR [KafkaConsumer-59] payment_gateway.kafka - Kafka Consumer Lag Critical: Topic 'payment-events' partition 1 lag is 60324.

2026-08-30T16:07:34.271375Z CRITICAL [PaymentWorker-96] payment_gateway.processor - Payment transaction tx_15812 failed with HTTP 502 Bad Gateway.
  Request Context: {"amount": 26, "currency": "USD", "gateway": "Stripe-v2", "attempt": 3}
  Exception: org.apache.http.conn.HttpHostConnectException: Connect to 10.244.2.45:8080 failed: Connection refused
    at org.apache.http.impl.conn.DefaultHttpClientConnectionOperator.connect(DefaultHttpClientConnectionOperator.java:159)
    at org.apache.http.impl.conn.PoolingHttpClientConnectionManager.connect(PoolingHttpClientConnectionManager.java:376)

2026-08-30T16:07:37.276517Z ERROR [KafkaConsumer-72] payment_gateway.kafka - Kafka Consumer Lag Critical: Topic 'payment-events' partition 3 lag is 69010.

2026-08-30T16:07:43.288329Z ERROR [KafkaConsumer-59] payment_gateway.kafka - Kafka Consumer Lag Critical: Topic 'payment-events' partition 1 lag is 50853.

2026-08-30T16:07:46.293553Z ERROR [KafkaConsumer-53] payment_gateway.kafka - Kafka Consumer Lag Critical: Topic 'payment-events' partition 0 lag is 60742.

2026-08-30T16:07:55.324484Z ERROR [KafkaConsumer-24] payment_gateway.kafka - Kafka Consumer Lag Critical: Topic 'payment-events' partition 2 lag is 64154.

2026-08-30T16:07:58.334994Z CRITICAL [PaymentWorker-85] payment_gateway.processor - Payment transaction tx_50911 failed with HTTP 502 Bad Gateway.
  Request Context: {"amount": 31, "currency": "USD", "gateway": "Stripe-v2", "attempt": 3}
  Exception: org.apache.http.conn.HttpHostConnectException: Connect to 10.244.2.45:8080 failed: Connection refused
    at org.apache.http.impl.conn.DefaultHttpClientConnectionOperator.connect(DefaultHttpClientConnectionOperator.java:159)
    at org.apache.http.impl.conn.PoolingHttpClientConnectionManager.connect(PoolingHttpClientConnectionManager.java:376)

2026-08-30T16:08:01.340394Z CRITICAL [PaymentWorker-65] payment_gateway.processor - Payment transaction tx_74704 failed with HTTP 502 Bad Gateway.
  Request Context: {"amount": 284, "currency": "USD", "gateway": "Stripe-v2", "attempt": 3}
  Exception: org.apache.http.conn.HttpHostConnectException: Connect to 10.244.2.45:8080 failed: Connection refused
    at org.apache.http.impl.conn.DefaultHttpClientConnectionOperator.connect(DefaultHttpClientConnectionOperator.java:159)
    at org.apache.http.impl.conn.PoolingHttpClientConnectionManager.connect(PoolingHttpClientConnectionManager.java:376)

2026-08-30T16:08:13.366097Z ERROR [KafkaConsumer-48] payment_gateway.kafka - Kafka Consumer Lag Critical: Topic 'payment-events' partition 0 lag is 44728.

2026-08-30T16:08:16.372442Z ERROR [KafkaConsumer-89] payment_gateway.kafka - Kafka Consumer Lag Critical: Topic 'payment-events' partition 0 lag is 54742.

2026-08-30T16:08:22.417954Z CRITICAL [PaymentWorker-39] payment_gateway.processor - Payment transaction tx_63469 failed with HTTP 502 Bad Gateway.
  Request Context: {"amount": 460, "currency": "USD", "gateway": "Stripe-v2", "attempt": 3}
  Exception: org.apache.http.conn.HttpHostConnectException: Connect to 10.244.2.45:8080 failed: Connection refused
    at org.apache.http.impl.conn.DefaultHttpClientConnectionOperator.connect(DefaultHttpClientConnectionOperator.java:159)
    at org.apache.http.impl.conn.PoolingHttpClientConnectionManager.connect(PoolingHttpClientConnectionManager.java:376)

2026-08-30T16:08:25.424152Z CRITICAL [PaymentWorker-78] payment_gateway.processor - Payment transaction tx_22710 failed with HTTP 502 Bad Gateway.
  Request Context: {"amount": 369, "currency": "USD", "gateway": "Stripe-v2", "attempt": 3}
  Exception: org.apache.http.conn.HttpHostConnectException: Connect to 10.244.2.45:8080 failed: Connection refused
    at org.apache.http.impl.conn.DefaultHttpClientConnectionOperator.connect(DefaultHttpClientConnectionOperator.java:159)
    at org.apache.http.impl.conn.PoolingHttpClientConnectionManager.connect(PoolingHttpClientConnectionManager.java:376)

2026-08-30T16:08:28.439828Z ERROR [KafkaConsumer-94] payment_gateway.kafka - Kafka Consumer Lag Critical: Topic 'payment-events' partition 2 lag is 46854.

2026-08-30T16:08:46.482654Z CRITICAL [PaymentWorker-98] payment_gateway.processor - Payment transaction tx_72896 failed with HTTP 502 Bad Gateway.
  Request Context: {"amount": 25, "currency": "USD", "gateway": "Stripe-v2", "attempt": 3}
  Exception: org.apache.http.conn.HttpHostConnectException: Connect to 10.244.2.45:8080 failed: Connection refused
    at org.apache.http.impl.conn.DefaultHttpClientConnectionOperator.connect(DefaultHttpClientConnectionOperator.java:159)
    at org.apache.http.impl.conn.PoolingHttpClientConnectionManager.connect(PoolingHttpClientConnectionManager.java:376)

2026-08-30T16:08:49.494245Z ERROR [KafkaConsumer-38] payment_gateway.kafka - Kafka Consumer Lag Critical: Topic 'payment-events' partition 1 lag is 66806.

2026-08-30T16:08:52.508208Z CRITICAL [PaymentWorker-26] payment_gateway.processor - Payment transaction tx_62042 failed with HTTP 502 Bad Gateway.
  Request Context: {"amount": 463, "currency": "USD", "gateway": "Stripe-v2", "attempt": 3}
  Exception: org.apache.http.conn.HttpHostConnectException: Connect to 10.244.2.45:8080 failed: Connection refused
    at org.apache.http.impl.conn.DefaultHttpClientConnectionOperator.connect(DefaultHttpClientConnectionOperator.java:159)
    at org.apache.http.impl.conn.PoolingHttpClientConnectionManager.connect(PoolingHttpClientConnectionManager.java:376)

2026-08-30T16:08:58.529706Z CRITICAL [PaymentWorker-99] payment_gateway.processor - Payment transaction tx_38925 failed with HTTP 502 Bad Gateway.
  Request Context: {"amount": 116, "currency": "USD", "gateway": "Stripe-v2", "attempt": 3}
  Exception: org.apache.http.conn.HttpHostConnectException: Connect to 10.244.2.45:8080 failed: Connection refused
    at org.apache.http.impl.conn.DefaultHttpClientConnectionOperator.connect(DefaultHttpClientConnectionOperator.java:159)
    at org.apache.http.impl.conn.PoolingHttpClientConnectionManager.connect(PoolingHttpClientConnectionManager.java:376)

2026-08-30T16:09:01.534953Z ERROR [KafkaConsumer-76] payment_gateway.kafka - Kafka Consumer Lag Critical: Topic 'payment-events' partition 2 lag is 73172.

2026-08-30T16:09:16.569199Z CRITICAL [PaymentWorker-27] payment_gateway.processor - Payment transaction tx_53976 failed with HTTP 502 Bad Gateway.
  Request Context: {"amount": 410, "currency": "USD", "gateway": "Stripe-v2", "attempt": 3}
  Exception: org.apache.http.conn.HttpHostConnectException: Connect to 10.244.2.45:8080 failed: Connection refused
    at org.apache.http.impl.conn.DefaultHttpClientConnectionOperator.connect(DefaultHttpClientConnectionOperator.java:159)
    at org.apache.http.impl.conn.PoolingHttpClientConnectionManager.connect(PoolingHttpClientConnectionManager.java:376)

2026-08-30T16:09:22.581453Z CRITICAL [PaymentWorker-95] payment_gateway.processor - Payment transaction tx_96114 failed with HTTP 502 Bad Gateway.
  Request Context: {"amount": 416, "currency": "USD", "gateway": "Stripe-v2", "attempt": 3}
  Exception: org.apache.http.conn.HttpHostConnectException: Connect to 10.244.2.45:8080 failed: Connection refused
    at org.apache.http.impl.conn.DefaultHttpClientConnectionOperator.connect(DefaultHttpClientConnectionOperator.java:159)
    at org.apache.http.impl.conn.PoolingHttpClientConnectionManager.connect(PoolingHttpClientConnectionManager.java:376)

2026-08-30T16:09:28.592456Z CRITICAL [PaymentWorker-64] payment_gateway.processor - Payment transaction tx_63571 failed with HTTP 502 Bad Gateway.
  Request Context: {"amount": 28, "currency": "USD", "gateway": "Stripe-v2", "attempt": 3}
  Exception: org.apache.http.conn.HttpHostConnectException: Connect to 10.244.2.45:8080 failed: Connection refused
    at org.apache.http.impl.conn.DefaultHttpClientConnectionOperator.connect(DefaultHttpClientConnectionOperator.java:159)
    at org.apache.http.impl.conn.PoolingHttpClientConnectionManager.connect(PoolingHttpClientConnectionManager.java:376)

2026-08-30T16:09:34.605686Z CRITICAL [PaymentWorker-18] payment_gateway.processor - Payment transaction tx_13336 failed with HTTP 502 Bad Gateway.
  Request Context: {"amount": 23, "currency": "USD", "gateway": "Stripe-v2", "attempt": 3}
  Exception: org.apache.http.conn.HttpHostConnectException: Connect to 10.244.2.45:8080 failed: Connection refused
    at org.apache.http.impl.conn.DefaultHttpClientConnectionOperator.connect(DefaultHttpClientConnectionOperator.java:159)
    at org.apache.http.impl.conn.PoolingHttpClientConnectionManager.connect(PoolingHttpClientConnectionManager.java:376)

2026-08-30T16:09:37.620261Z ERROR [KafkaConsumer-97] payment_gateway.kafka - Kafka Consumer Lag Critical: Topic 'payment-events' partition 3 lag is 71515.

2026-08-30T16:09:49.646307Z CRITICAL [PaymentWorker-91] payment_gateway.processor - Payment transaction tx_38973 failed with HTTP 502 Bad Gateway.
  Request Context: {"amount": 27, "currency": "USD", "gateway": "Stripe-v2", "attempt": 3}
  Exception: org.apache.http.conn.HttpHostConnectException: Connect to 10.244.2.45:8080 failed: Connection refused
    at org.apache.http.impl.conn.DefaultHttpClientConnectionOperator.connect(DefaultHttpClientConnectionOperator.java:159)
    at org.apache.http.impl.conn.PoolingHttpClientConnectionManager.connect(PoolingHttpClientConnectionManager.java:376)

2026-08-30T16:09:52.652637Z ERROR [KafkaConsumer-89] payment_gateway.kafka - Kafka Consumer Lag Critical: Topic 'payment-events' partition 0 lag is 54460.

2026-08-30T16:10:07.692431Z CRITICAL [PaymentWorker-33] payment_gateway.processor - Payment transaction tx_22380 failed with HTTP 502 Bad Gateway.
  Request Context: {"amount": 350, "currency": "USD", "gateway": "Stripe-v2", "attempt": 3}
  Exception: org.apache.http.conn.HttpHostConnectException: Connect to 10.244.2.45:8080 failed: Connection refused
    at org.apache.http.impl.conn.DefaultHttpClientConnectionOperator.connect(DefaultHttpClientConnectionOperator.java:159)
    at org.apache.http.impl.conn.PoolingHttpClientConnectionManager.connect(PoolingHttpClientConnectionManager.java:376)

2026-08-30T16:10:13.708216Z ERROR [KafkaConsumer-74] payment_gateway.kafka - Kafka Consumer Lag Critical: Topic 'payment-events' partition 2 lag is 62495.

2026-08-30T16:10:19.718721Z ERROR [KafkaConsumer-66] payment_gateway.kafka - Kafka Consumer Lag Critical: Topic 'payment-events' partition 1 lag is 50672.

2026-08-30T16:10:25.732207Z CRITICAL [PaymentWorker-57] payment_gateway.processor - Payment transaction tx_73825 failed with HTTP 502 Bad Gateway.
  Request Context: {"amount": 470, "currency": "USD", "gateway": "Stripe-v2", "attempt": 3}
  Exception: org.apache.http.conn.HttpHostConnectException: Connect to 10.244.2.45:8080 failed: Connection refused
    at org.apache.http.impl.conn.DefaultHttpClientConnectionOperator.connect(DefaultHttpClientConnectionOperator.java:159)
    at org.apache.http.impl.conn.PoolingHttpClientConnectionManager.connect(PoolingHttpClientConnectionManager.java:376)

2026-08-30T16:10:37.768240Z ERROR [KafkaConsumer-35] payment_gateway.kafka - Kafka Consumer Lag Critical: Topic 'payment-events' partition 3 lag is 55005.

2026-08-30T16:10:55.806740Z CRITICAL [PaymentWorker-96] payment_gateway.processor - Payment transaction tx_19389 failed with HTTP 502 Bad Gateway.
  Request Context: {"amount": 150, "currency": "USD", "gateway": "Stripe-v2", "attempt": 3}
  Exception: org.apache.http.conn.HttpHostConnectException: Connect to 10.244.2.45:8080 failed: Connection refused
    at org.apache.http.impl.conn.DefaultHttpClientConnectionOperator.connect(DefaultHttpClientConnectionOperator.java:159)
    at org.apache.http.impl.conn.PoolingHttpClientConnectionManager.connect(PoolingHttpClientConnectionManager.java:376)

2026-08-30T16:11:07.831447Z ERROR [KafkaConsumer-10] payment_gateway.kafka - Kafka Consumer Lag Critical: Topic 'payment-events' partition 0 lag is 67327.

2026-08-30T16:11:13.848197Z CRITICAL [PaymentWorker-47] payment_gateway.processor - Payment transaction tx_82450 failed with HTTP 502 Bad Gateway.
  Request Context: {"amount": 492, "currency": "USD", "gateway": "Stripe-v2", "attempt": 3}
  Exception: org.apache.http.conn.HttpHostConnectException: Connect to 10.244.2.45:8080 failed: Connection refused
    at org.apache.http.impl.conn.DefaultHttpClientConnectionOperator.connect(DefaultHttpClientConnectionOperator.java:159)
    at org.apache.http.impl.conn.PoolingHttpClientConnectionManager.connect(PoolingHttpClientConnectionManager.java:376)

2026-08-30T16:11:16.853732Z ERROR [KafkaConsumer-34] payment_gateway.kafka - Kafka Consumer Lag Critical: Topic 'payment-events' partition 2 lag is 63279.

2026-08-30T16:11:19.859150Z ERROR [KafkaConsumer-25] payment_gateway.kafka - Kafka Consumer Lag Critical: Topic 'payment-events' partition 1 lag is 72005.

2026-08-30T16:11:22.865046Z CRITICAL [PaymentWorker-78] payment_gateway.processor - Payment transaction tx_78568 failed with HTTP 502 Bad Gateway.
  Request Context: {"amount": 87, "currency": "USD", "gateway": "Stripe-v2", "attempt": 3}
  Exception: org.apache.http.conn.HttpHostConnectException: Connect to 10.244.2.45:8080 failed: Connection refused
    at org.apache.http.impl.conn.DefaultHttpClientConnectionOperator.connect(DefaultHttpClientConnectionOperator.java:159)
    at org.apache.http.impl.conn.PoolingHttpClientConnectionManager.connect(PoolingHttpClientConnectionManager.java:376)

2026-08-30T16:11:25.897393Z CRITICAL [PaymentWorker-95] payment_gateway.processor - Payment transaction tx_84655 failed with HTTP 502 Bad Gateway.
  Request Context: {"amount": 420, "currency": "USD", "gateway": "Stripe-v2", "attempt": 3}
  Exception: org.apache.http.conn.HttpHostConnectException: Connect to 10.244.2.45:8080 failed: Connection refused
    at org.apache.http.impl.conn.DefaultHttpClientConnectionOperator.connect(DefaultHttpClientConnectionOperator.java:159)
    at org.apache.http.impl.conn.PoolingHttpClientConnectionManager.connect(PoolingHttpClientConnectionManager.java:376)

2026-08-30T16:11:34.915556Z ERROR [KafkaConsumer-97] payment_gateway.kafka - Kafka Consumer Lag Critical: Topic 'payment-events' partition 0 lag is 40153.

2026-08-30T16:11:37.951333Z ERROR [KafkaConsumer-31] payment_gateway.kafka - Kafka Consumer Lag Critical: Topic 'payment-events' partition 3 lag is 48753.

2026-08-30T16:11:40.957805Z ERROR [KafkaConsumer-27] payment_gateway.kafka - Kafka Consumer Lag Critical: Topic 'payment-events' partition 0 lag is 43549.

2026-08-30T16:11:46.970737Z CRITICAL [PaymentWorker-12] payment_gateway.processor - Payment transaction tx_32860 failed with HTTP 502 Bad Gateway.
  Request Context: {"amount": 102, "currency": "USD", "gateway": "Stripe-v2", "attempt": 3}
  Exception: org.apache.http.conn.HttpHostConnectException: Connect to 10.244.2.45:8080 failed: Connection refused
    at org.apache.http.impl.conn.DefaultHttpClientConnectionOperator.connect(DefaultHttpClientConnectionOperator.java:159)
    at org.apache.http.impl.conn.PoolingHttpClientConnectionManager.connect(PoolingHttpClientConnectionManager.java:376)

2026-08-30T16:11:49.982230Z CRITICAL [PaymentWorker-92] payment_gateway.processor - Payment transaction tx_73454 failed with HTTP 502 Bad Gateway.
  Request Context: {"amount": 117, "currency": "USD", "gateway": "Stripe-v2", "attempt": 3}
  Exception: org.apache.http.conn.HttpHostConnectException: Connect to 10.244.2.45:8080 failed: Connection refused
    at org.apache.http.impl.conn.DefaultHttpClientConnectionOperator.connect(DefaultHttpClientConnectionOperator.java:159)
    at org.apache.http.impl.conn.PoolingHttpClientConnectionManager.connect(PoolingHttpClientConnectionManager.java:376)

2026-08-30T16:11:52.988599Z ERROR [KafkaConsumer-95] payment_gateway.kafka - Kafka Consumer Lag Critical: Topic 'payment-events' partition 2 lag is 78565.

2026-08-30T16:12:11.043615Z ERROR [KafkaConsumer-78] payment_gateway.kafka - Kafka Consumer Lag Critical: Topic 'payment-events' partition 0 lag is 61150.

2026-08-30T16:12:20.070905Z CRITICAL [PaymentWorker-27] payment_gateway.processor - Payment transaction tx_23356 failed with HTTP 502 Bad Gateway.
  Request Context: {"amount": 300, "currency": "USD", "gateway": "Stripe-v2", "attempt": 3}
  Exception: org.apache.http.conn.HttpHostConnectException: Connect to 10.244.2.45:8080 failed: Connection refused
    at org.apache.http.impl.conn.DefaultHttpClientConnectionOperator.connect(DefaultHttpClientConnectionOperator.java:159)
    at org.apache.http.impl.conn.PoolingHttpClientConnectionManager.connect(PoolingHttpClientConnectionManager.java:376)

2026-08-30T16:12:32.106979Z CRITICAL [PaymentWorker-53] payment_gateway.processor - Payment transaction tx_28138 failed with HTTP 502 Bad Gateway.
  Request Context: {"amount": 314, "currency": "USD", "gateway": "Stripe-v2", "attempt": 3}
  Exception: org.apache.http.conn.HttpHostConnectException: Connect to 10.244.2.45:8080 failed: Connection refused
    at org.apache.http.impl.conn.DefaultHttpClientConnectionOperator.connect(DefaultHttpClientConnectionOperator.java:159)
    at org.apache.http.impl.conn.PoolingHttpClientConnectionManager.connect(PoolingHttpClientConnectionManager.java:376)

2026-08-30T16:12:38.119275Z ERROR [KafkaConsumer-14] payment_gateway.kafka - Kafka Consumer Lag Critical: Topic 'payment-events' partition 2 lag is 70768.

2026-08-30T16:12:50.148884Z ERROR [KafkaConsumer-96] payment_gateway.kafka - Kafka Consumer Lag Critical: Topic 'payment-events' partition 2 lag is 69458.

2026-08-30T16:12:53.154814Z CRITICAL [PaymentWorker-75] payment_gateway.processor - Payment transaction tx_65234 failed with HTTP 502 Bad Gateway.
  Request Context: {"amount": 14, "currency": "USD", "gateway": "Stripe-v2", "attempt": 3}
  Exception: org.apache.http.conn.HttpHostConnectException: Connect to 10.244.2.45:8080 failed: Connection refused
    at org.apache.http.impl.conn.DefaultHttpClientConnectionOperator.connect(DefaultHttpClientConnectionOperator.java:159)
    at org.apache.http.impl.conn.PoolingHttpClientConnectionManager.connect(PoolingHttpClientConnectionManager.java:376)

2026-08-30T16:12:56.160614Z ERROR [KafkaConsumer-85] payment_gateway.kafka - Kafka Consumer Lag Critical: Topic 'payment-events' partition 3 lag is 50817.

2026-08-30T16:13:02.173779Z ERROR [KafkaConsumer-21] payment_gateway.kafka - Kafka Consumer Lag Critical: Topic 'payment-events' partition 3 lag is 73672.

2026-08-30T16:13:08.194920Z ERROR [KafkaConsumer-74] payment_gateway.kafka - Kafka Consumer Lag Critical: Topic 'payment-events' partition 2 lag is 53301.

2026-08-30T16:13:20.220441Z CRITICAL [PaymentWorker-93] payment_gateway.processor - Payment transaction tx_91192 failed with HTTP 502 Bad Gateway.
  Request Context: {"amount": 474, "currency": "USD", "gateway": "Stripe-v2", "attempt": 3}
  Exception: org.apache.http.conn.HttpHostConnectException: Connect to 10.244.2.45:8080 failed: Connection refused
    at org.apache.http.impl.conn.DefaultHttpClientConnectionOperator.connect(DefaultHttpClientConnectionOperator.java:159)
    at org.apache.http.impl.conn.PoolingHttpClientConnectionManager.connect(PoolingHttpClientConnectionManager.java:376)

2026-08-30T16:13:23.227769Z ERROR [KafkaConsumer-63] payment_gateway.kafka - Kafka Consumer Lag Critical: Topic 'payment-events' partition 3 lag is 58948.

2026-08-30T16:13:26.232743Z CRITICAL [PaymentWorker-78] payment_gateway.processor - Payment transaction tx_11391 failed with HTTP 502 Bad Gateway.
  Request Context: {"amount": 400, "currency": "USD", "gateway": "Stripe-v2", "attempt": 3}
  Exception: org.apache.http.conn.HttpHostConnectException: Connect to 10.244.2.45:8080 failed: Connection refused
    at org.apache.http.impl.conn.DefaultHttpClientConnectionOperator.connect(DefaultHttpClientConnectionOperator.java:159)
    at org.apache.http.impl.conn.PoolingHttpClientConnectionManager.connect(PoolingHttpClientConnectionManager.java:376)

2026-08-30T16:13:32.249978Z ERROR [KafkaConsumer-93] payment_gateway.kafka - Kafka Consumer Lag Critical: Topic 'payment-events' partition 1 lag is 60307.

2026-08-30T16:13:47.288641Z CRITICAL [PaymentWorker-53] payment_gateway.processor - Payment transaction tx_20310 failed with HTTP 502 Bad Gateway.
  Request Context: {"amount": 496, "currency": "USD", "gateway": "Stripe-v2", "attempt": 3}
  Exception: org.apache.http.conn.HttpHostConnectException: Connect to 10.244.2.45:8080 failed: Connection refused
    at org.apache.http.impl.conn.DefaultHttpClientConnectionOperator.connect(DefaultHttpClientConnectionOperator.java:159)
    at org.apache.http.impl.conn.PoolingHttpClientConnectionManager.connect(PoolingHttpClientConnectionManager.java:376)

2026-08-30T16:14:30.213373Z CRITICAL [PaymentWorker-53] payment_gateway.processor - Payment transaction tx_90665 failed with HTTP 502 Bad Gateway.
  Request Context: {"amount": 279, "currency": "USD", "gateway": "Stripe-v2", "attempt": 3}
  Exception: org.apache.http.conn.HttpHostConnectException: Connect to 10.244.2.45:8080 failed: Connection refused
    at org.apache.http.impl.conn.DefaultHttpClientConnectionOperator.connect(DefaultHttpClientConnectionOperator.java:159)
    at org.apache.http.impl.conn.PoolingHttpClientConnectionManager.connect(PoolingHttpClientConnectionManager.java:376)

2026-08-30T16:14:33.375728Z CRITICAL [PaymentWorker-25] payment_gateway.processor - Payment transaction tx_99428 failed with HTTP 502 Bad Gateway.
  Request Context: {"amount": 80, "currency": "USD", "gateway": "Stripe-v2", "attempt": 3}
  Exception: org.apache.http.conn.HttpHostConnectException: Connect to 10.244.2.45:8080 failed: Connection refused
    at org.apache.http.impl.conn.DefaultHttpClientConnectionOperator.connect(DefaultHttpClientConnectionOperator.java:159)
    at org.apache.http.impl.conn.PoolingHttpClientConnectionManager.connect(PoolingHttpClientConnectionManager.java:376)

2026-08-30T16:14:36.384650Z CRITICAL [PaymentWorker-55] payment_gateway.processor - Payment transaction tx_37294 failed with HTTP 502 Bad Gateway.
  Request Context: {"amount": 171, "currency": "USD", "gateway": "Stripe-v2", "attempt": 3}
  Exception: org.apache.http.conn.HttpHostConnectException: Connect to 10.244.2.45:8080 failed: Connection refused
    at org.apache.http.impl.conn.DefaultHttpClientConnectionOperator.connect(DefaultHttpClientConnectionOperator.java:159)
    at org.apache.http.impl.conn.PoolingHttpClientConnectionManager.connect(PoolingHttpClientConnectionManager.java:376)

2026-08-30T16:14:45.403490Z CRITICAL [PaymentWorker-12] payment_gateway.processor - Payment transaction tx_55538 failed with HTTP 502 Bad Gateway.
  Request Context: {"amount": 16, "currency": "USD", "gateway": "Stripe-v2", "attempt": 3}
  Exception: org.apache.http.conn.HttpHostConnectException: Connect to 10.244.2.45:8080 failed: Connection refused
    at org.apache.http.impl.conn.DefaultHttpClientConnectionOperator.connect(DefaultHttpClientConnectionOperator.java:159)
    at org.apache.http.impl.conn.PoolingHttpClientConnectionManager.connect(PoolingHttpClientConnectionManager.java:376)

2026-08-30T16:14:51.415098Z ERROR [KafkaConsumer-66] payment_gateway.kafka - Kafka Consumer Lag Critical: Topic 'payment-events' partition 3 lag is 61029.

2026-08-30T16:14:54.421775Z CRITICAL [PaymentWorker-73] payment_gateway.processor - Payment transaction tx_98588 failed with HTTP 502 Bad Gateway.
  Request Context: {"amount": 270, "currency": "USD", "gateway": "Stripe-v2", "attempt": 3}
  Exception: org.apache.http.conn.HttpHostConnectException: Connect to 10.244.2.45:8080 failed: Connection refused
    at org.apache.http.impl.conn.DefaultHttpClientConnectionOperator.connect(DefaultHttpClientConnectionOperator.java:159)
    at org.apache.http.impl.conn.PoolingHttpClientConnectionManager.connect(PoolingHttpClientConnectionManager.java:376)

2026-08-30T16:14:57.427589Z ERROR [KafkaConsumer-24] payment_gateway.kafka - Kafka Consumer Lag Critical: Topic 'payment-events' partition 0 lag is 52239.

2026-08-30T16:15:18.475434Z ERROR [KafkaConsumer-91] payment_gateway.kafka - Kafka Consumer Lag Critical: Topic 'payment-events' partition 2 lag is 77340.

2026-08-30T16:15:33.504595Z ERROR [KafkaConsumer-66] payment_gateway.kafka - Kafka Consumer Lag Critical: Topic 'payment-events' partition 1 lag is 66282.

2026-08-30T16:15:36.515127Z ERROR [KafkaConsumer-96] payment_gateway.kafka - Kafka Consumer Lag Critical: Topic 'payment-events' partition 2 lag is 51967.

2026-08-30T16:15:45.533106Z CRITICAL [PaymentWorker-40] payment_gateway.processor - Payment transaction tx_39861 failed with HTTP 502 Bad Gateway.
  Request Context: {"amount": 271, "currency": "USD", "gateway": "Stripe-v2", "attempt": 3}
  Exception: org.apache.http.conn.HttpHostConnectException: Connect to 10.244.2.45:8080 failed: Connection refused
    at org.apache.http.impl.conn.DefaultHttpClientConnectionOperator.connect(DefaultHttpClientConnectionOperator.java:159)
    at org.apache.http.impl.conn.PoolingHttpClientConnectionManager.connect(PoolingHttpClientConnectionManager.java:376)

2026-08-30T16:15:54.554486Z CRITICAL [PaymentWorker-45] payment_gateway.processor - Payment transaction tx_70625 failed with HTTP 502 Bad Gateway.
  Request Context: {"amount": 104, "currency": "USD", "gateway": "Stripe-v2", "attempt": 3}
  Exception: org.apache.http.conn.HttpHostConnectException: Connect to 10.244.2.45:8080 failed: Connection refused
    at org.apache.http.impl.conn.DefaultHttpClientConnectionOperator.connect(DefaultHttpClientConnectionOperator.java:159)
    at org.apache.http.impl.conn.PoolingHttpClientConnectionManager.connect(PoolingHttpClientConnectionManager.java:376)

2026-08-30T16:15:57.559917Z CRITICAL [PaymentWorker-15] payment_gateway.processor - Payment transaction tx_90270 failed with HTTP 502 Bad Gateway.
  Request Context: {"amount": 245, "currency": "USD", "gateway": "Stripe-v2", "attempt": 3}
  Exception: org.apache.http.conn.HttpHostConnectException: Connect to 10.244.2.45:8080 failed: Connection refused
    at org.apache.http.impl.conn.DefaultHttpClientConnectionOperator.connect(DefaultHttpClientConnectionOperator.java:159)
    at org.apache.http.impl.conn.PoolingHttpClientConnectionManager.connect(PoolingHttpClientConnectionManager.java:376)

2026-08-30T16:16:15.614394Z ERROR [KafkaConsumer-62] payment_gateway.kafka - Kafka Consumer Lag Critical: Topic 'payment-events' partition 3 lag is 54626.

2026-08-30T16:16:27.640926Z ERROR [KafkaConsumer-35] payment_gateway.kafka - Kafka Consumer Lag Critical: Topic 'payment-events' partition 2 lag is 61093.

2026-08-30T16:16:36.668291Z ERROR [KafkaConsumer-33] payment_gateway.kafka - Kafka Consumer Lag Critical: Topic 'payment-events' partition 0 lag is 62019.

2026-08-30T16:16:48.694733Z ERROR [KafkaConsumer-90] payment_gateway.kafka - Kafka Consumer Lag Critical: Topic 'payment-events' partition 3 lag is 64136.

2026-08-30T16:16:54.710494Z ERROR [KafkaConsumer-89] payment_gateway.kafka - Kafka Consumer Lag Critical: Topic 'payment-events' partition 3 lag is 61907.

2026-08-30T16:17:09.745871Z CRITICAL [PaymentWorker-55] payment_gateway.processor - Payment transaction tx_64353 failed with HTTP 502 Bad Gateway.
  Request Context: {"amount": 190, "currency": "USD", "gateway": "Stripe-v2", "attempt": 3}
  Exception: org.apache.http.conn.HttpHostConnectException: Connect to 10.244.2.45:8080 failed: Connection refused
    at org.apache.http.impl.conn.DefaultHttpClientConnectionOperator.connect(DefaultHttpClientConnectionOperator.java:159)
    at org.apache.http.impl.conn.PoolingHttpClientConnectionManager.connect(PoolingHttpClientConnectionManager.java:376)

2026-08-30T16:17:12.752300Z CRITICAL [PaymentWorker-73] payment_gateway.processor - Payment transaction tx_73903 failed with HTTP 502 Bad Gateway.
  Request Context: {"amount": 210, "currency": "USD", "gateway": "Stripe-v2", "attempt": 3}
  Exception: org.apache.http.conn.HttpHostConnectException: Connect to 10.244.2.45:8080 failed: Connection refused
    at org.apache.http.impl.conn.DefaultHttpClientConnectionOperator.connect(DefaultHttpClientConnectionOperator.java:159)
    at org.apache.http.impl.conn.PoolingHttpClientConnectionManager.connect(PoolingHttpClientConnectionManager.java:376)

2026-08-30T16:17:18.764410Z CRITICAL [PaymentWorker-12] payment_gateway.processor - Payment transaction tx_32406 failed with HTTP 502 Bad Gateway.
  Request Context: {"amount": 304, "currency": "USD", "gateway": "Stripe-v2", "attempt": 3}
  Exception: org.apache.http.conn.HttpHostConnectException: Connect to 10.244.2.45:8080 failed: Connection refused
    at org.apache.http.impl.conn.DefaultHttpClientConnectionOperator.connect(DefaultHttpClientConnectionOperator.java:159)
    at org.apache.http.impl.conn.PoolingHttpClientConnectionManager.connect(PoolingHttpClientConnectionManager.java:376)

2026-08-30T16:17:21.778000Z CRITICAL [PaymentWorker-37] payment_gateway.processor - Payment transaction tx_14120 failed with HTTP 502 Bad Gateway.
  Request Context: {"amount": 233, "currency": "USD", "gateway": "Stripe-v2", "attempt": 3}
  Exception: org.apache.http.conn.HttpHostConnectException: Connect to 10.244.2.45:8080 failed: Connection refused
    at org.apache.http.impl.conn.DefaultHttpClientConnectionOperator.connect(DefaultHttpClientConnectionOperator.java:159)
    at org.apache.http.impl.conn.PoolingHttpClientConnectionManager.connect(PoolingHttpClientConnectionManager.java:376)

2026-08-30T16:17:24.784153Z CRITICAL [PaymentWorker-93] payment_gateway.processor - Payment transaction tx_52195 failed with HTTP 502 Bad Gateway.
  Request Context: {"amount": 461, "currency": "USD", "gateway": "Stripe-v2", "attempt": 3}
  Exception: org.apache.http.conn.HttpHostConnectException: Connect to 10.244.2.45:8080 failed: Connection refused
    at org.apache.http.impl.conn.DefaultHttpClientConnectionOperator.connect(DefaultHttpClientConnectionOperator.java:159)
    at org.apache.http.impl.conn.PoolingHttpClientConnectionManager.connect(PoolingHttpClientConnectionManager.java:376)

2026-08-30T16:17:27.790606Z CRITICAL [PaymentWorker-51] payment_gateway.processor - Payment transaction tx_58442 failed with HTTP 502 Bad Gateway.
  Request Context: {"amount": 190, "currency": "USD", "gateway": "Stripe-v2", "attempt": 3}
  Exception: org.apache.http.conn.HttpHostConnectException: Connect to 10.244.2.45:8080 failed: Connection refused
    at org.apache.http.impl.conn.DefaultHttpClientConnectionOperator.connect(DefaultHttpClientConnectionOperator.java:159)
    at org.apache.http.impl.conn.PoolingHttpClientConnectionManager.connect(PoolingHttpClientConnectionManager.java:376)

2026-08-30T16:17:36.813834Z ERROR [KafkaConsumer-41] payment_gateway.kafka - Kafka Consumer Lag Critical: Topic 'payment-events' partition 2 lag is 75673.

2026-08-30T16:17:39.844158Z CRITICAL [PaymentWorker-37] payment_gateway.processor - Payment transaction tx_48638 failed with HTTP 502 Bad Gateway.
  Request Context: {"amount": 35, "currency": "USD", "gateway": "Stripe-v2", "attempt": 3}
  Exception: org.apache.http.conn.HttpHostConnectException: Connect to 10.244.2.45:8080 failed: Connection refused
    at org.apache.http.impl.conn.DefaultHttpClientConnectionOperator.connect(DefaultHttpClientConnectionOperator.java:159)
    at org.apache.http.impl.conn.PoolingHttpClientConnectionManager.connect(PoolingHttpClientConnectionManager.java:376)

2026-08-30T16:17:45.861705Z ERROR [KafkaConsumer-40] payment_gateway.kafka - Kafka Consumer Lag Critical: Topic 'payment-events' partition 1 lag is 61682.

2026-08-30T16:17:48.868084Z CRITICAL [PaymentWorker-57] payment_gateway.processor - Payment transaction tx_53060 failed with HTTP 502 Bad Gateway.
  Request Context: {"amount": 88, "currency": "USD", "gateway": "Stripe-v2", "attempt": 3}
  Exception: org.apache.http.conn.HttpHostConnectException: Connect to 10.244.2.45:8080 failed: Connection refused
    at org.apache.http.impl.conn.DefaultHttpClientConnectionOperator.connect(DefaultHttpClientConnectionOperator.java:159)
    at org.apache.http.impl.conn.PoolingHttpClientConnectionManager.connect(PoolingHttpClientConnectionManager.java:376)

2026-08-30T16:17:54.887797Z ERROR [KafkaConsumer-22] payment_gateway.kafka - Kafka Consumer Lag Critical: Topic 'payment-events' partition 0 lag is 57876.

2026-08-30T16:18:12.938428Z ERROR [KafkaConsumer-31] payment_gateway.kafka - Kafka Consumer Lag Critical: Topic 'payment-events' partition 0 lag is 58305.

2026-08-30T16:18:28.062022Z CRITICAL [PaymentWorker-42] payment_gateway.processor - Payment transaction tx_60888 failed with HTTP 502 Bad Gateway.
  Request Context: {"amount": 55, "currency": "USD", "gateway": "Stripe-v2", "attempt": 3}
  Exception: org.apache.http.conn.HttpHostConnectException: Connect to 10.244.2.45:8080 failed: Connection refused
    at org.apache.http.impl.conn.DefaultHttpClientConnectionOperator.connect(DefaultHttpClientConnectionOperator.java:159)
    at org.apache.http.impl.conn.PoolingHttpClientConnectionManager.connect(PoolingHttpClientConnectionManager.java:376)

2026-08-30T16:18:31.073221Z ERROR [KafkaConsumer-82] payment_gateway.kafka - Kafka Consumer Lag Critical: Topic 'payment-events' partition 2 lag is 78361.

2026-08-30T16:18:43.094812Z ERROR [KafkaConsumer-48] payment_gateway.kafka - Kafka Consumer Lag Critical: Topic 'payment-events' partition 0 lag is 51962.

2026-08-30T16:19:16.184971Z ERROR [KafkaConsumer-24] payment_gateway.kafka - Kafka Consumer Lag Critical: Topic 'payment-events' partition 1 lag is 75505.

2026-08-30T16:19:19.191345Z ERROR [KafkaConsumer-89] payment_gateway.kafka - Kafka Consumer Lag Critical: Topic 'payment-events' partition 3 lag is 65331.

2026-08-30T16:19:22.197510Z ERROR [KafkaConsumer-91] payment_gateway.kafka - Kafka Consumer Lag Critical: Topic 'payment-events' partition 0 lag is 64908.

2026-08-30T16:19:31.220355Z CRITICAL [PaymentWorker-25] payment_gateway.processor - Payment transaction tx_77407 failed with HTTP 502 Bad Gateway.
  Request Context: {"amount": 296, "currency": "USD", "gateway": "Stripe-v2", "attempt": 3}
  Exception: org.apache.http.conn.HttpHostConnectException: Connect to 10.244.2.45:8080 failed: Connection refused
    at org.apache.http.impl.conn.DefaultHttpClientConnectionOperator.connect(DefaultHttpClientConnectionOperator.java:159)
    at org.apache.http.impl.conn.PoolingHttpClientConnectionManager.connect(PoolingHttpClientConnectionManager.java:376)

2026-08-30T16:19:34.226694Z CRITICAL [PaymentWorker-40] payment_gateway.processor - Payment transaction tx_40448 failed with HTTP 502 Bad Gateway.
  Request Context: {"amount": 377, "currency": "USD", "gateway": "Stripe-v2", "attempt": 3}
  Exception: org.apache.http.conn.HttpHostConnectException: Connect to 10.244.2.45:8080 failed: Connection refused
    at org.apache.http.impl.conn.DefaultHttpClientConnectionOperator.connect(DefaultHttpClientConnectionOperator.java:159)
    at org.apache.http.impl.conn.PoolingHttpClientConnectionManager.connect(PoolingHttpClientConnectionManager.java:376)

2026-08-30T16:19:37.233025Z CRITICAL [PaymentWorker-21] payment_gateway.processor - Payment transaction tx_41227 failed with HTTP 502 Bad Gateway.
  Request Context: {"amount": 255, "currency": "USD", "gateway": "Stripe-v2", "attempt": 3}
  Exception: org.apache.http.conn.HttpHostConnectException: Connect to 10.244.2.45:8080 failed: Connection refused
    at org.apache.http.impl.conn.DefaultHttpClientConnectionOperator.connect(DefaultHttpClientConnectionOperator.java:159)
    at org.apache.http.impl.conn.PoolingHttpClientConnectionManager.connect(PoolingHttpClientConnectionManager.java:376)

2026-08-30T16:19:40.239764Z CRITICAL [PaymentWorker-39] payment_gateway.processor - Payment transaction tx_93946 failed with HTTP 502 Bad Gateway.
  Request Context: {"amount": 201, "currency": "USD", "gateway": "Stripe-v2", "attempt": 3}
  Exception: org.apache.http.conn.HttpHostConnectException: Connect to 10.244.2.45:8080 failed: Connection refused
    at org.apache.http.impl.conn.DefaultHttpClientConnectionOperator.connect(DefaultHttpClientConnectionOperator.java:159)
    at org.apache.http.impl.conn.PoolingHttpClientConnectionManager.connect(PoolingHttpClientConnectionManager.java:376)

2026-08-30T16:19:49.267370Z CRITICAL [PaymentWorker-22] payment_gateway.processor - Payment transaction tx_88290 failed with HTTP 502 Bad Gateway.
  Request Context: {"amount": 220, "currency": "USD", "gateway": "Stripe-v2", "attempt": 3}
  Exception: org.apache.http.conn.HttpHostConnectException: Connect to 10.244.2.45:8080 failed: Connection refused
    at org.apache.http.impl.conn.DefaultHttpClientConnectionOperator.connect(DefaultHttpClientConnectionOperator.java:159)
    at org.apache.http.impl.conn.PoolingHttpClientConnectionManager.connect(PoolingHttpClientConnectionManager.java:376)

2026-08-30T16:20:07.317604Z CRITICAL [PaymentWorker-34] payment_gateway.processor - Payment transaction tx_94930 failed with HTTP 502 Bad Gateway.
  Request Context: {"amount": 231, "currency": "USD", "gateway": "Stripe-v2", "attempt": 3}
  Exception: org.apache.http.conn.HttpHostConnectException: Connect to 10.244.2.45:8080 failed: Connection refused
    at org.apache.http.impl.conn.DefaultHttpClientConnectionOperator.connect(DefaultHttpClientConnectionOperator.java:159)
    at org.apache.http.impl.conn.PoolingHttpClientConnectionManager.connect(PoolingHttpClientConnectionManager.java:376)

2026-08-30T16:20:13.333240Z ERROR [KafkaConsumer-36] payment_gateway.kafka - Kafka Consumer Lag Critical: Topic 'payment-events' partition 3 lag is 57837.

2026-08-30T16:20:22.358568Z ERROR [KafkaConsumer-15] payment_gateway.kafka - Kafka Consumer Lag Critical: Topic 'payment-events' partition 1 lag is 64331.

2026-08-30T16:20:49.412892Z ERROR [KafkaConsumer-21] payment_gateway.kafka - Kafka Consumer Lag Critical: Topic 'payment-events' partition 3 lag is 58180.

2026-08-30T16:20:58.439663Z ERROR [KafkaConsumer-94] payment_gateway.kafka - Kafka Consumer Lag Critical: Topic 'payment-events' partition 3 lag is 75783.

2026-08-30T16:21:07.469318Z CRITICAL [PaymentWorker-70] payment_gateway.processor - Payment transaction tx_62556 failed with HTTP 502 Bad Gateway.
  Request Context: {"amount": 338, "currency": "USD", "gateway": "Stripe-v2", "attempt": 3}
  Exception: org.apache.http.conn.HttpHostConnectException: Connect to 10.244.2.45:8080 failed: Connection refused
    at org.apache.http.impl.conn.DefaultHttpClientConnectionOperator.connect(DefaultHttpClientConnectionOperator.java:159)
    at org.apache.http.impl.conn.PoolingHttpClientConnectionManager.connect(PoolingHttpClientConnectionManager.java:376)

2026-08-30T16:21:10.475246Z CRITICAL [PaymentWorker-18] payment_gateway.processor - Payment transaction tx_48015 failed with HTTP 502 Bad Gateway.
  Request Context: {"amount": 468, "currency": "USD", "gateway": "Stripe-v2", "attempt": 3}
  Exception: org.apache.http.conn.HttpHostConnectException: Connect to 10.244.2.45:8080 failed: Connection refused
    at org.apache.http.impl.conn.DefaultHttpClientConnectionOperator.connect(DefaultHttpClientConnectionOperator.java:159)
    at org.apache.http.impl.conn.PoolingHttpClientConnectionManager.connect(PoolingHttpClientConnectionManager.java:376)

2026-08-30T16:21:19.529706Z ERROR [KafkaConsumer-81] payment_gateway.kafka - Kafka Consumer Lag Critical: Topic 'payment-events' partition 1 lag is 43200.

2026-08-30T16:21:22.535818Z ERROR [KafkaConsumer-94] payment_gateway.kafka - Kafka Consumer Lag Critical: Topic 'payment-events' partition 1 lag is 48372.

2026-08-30T16:21:25.541925Z ERROR [KafkaConsumer-43] payment_gateway.kafka - Kafka Consumer Lag Critical: Topic 'payment-events' partition 2 lag is 77747.

2026-08-30T16:21:31.554069Z CRITICAL [PaymentWorker-19] payment_gateway.processor - Payment transaction tx_88388 failed with HTTP 502 Bad Gateway.
  Request Context: {"amount": 387, "currency": "USD", "gateway": "Stripe-v2", "attempt": 3}
  Exception: org.apache.http.conn.HttpHostConnectException: Connect to 10.244.2.45:8080 failed: Connection refused
    at org.apache.http.impl.conn.DefaultHttpClientConnectionOperator.connect(DefaultHttpClientConnectionOperator.java:159)
    at org.apache.http.impl.conn.PoolingHttpClientConnectionManager.connect(PoolingHttpClientConnectionManager.java:376)

2026-08-30T16:21:37.566377Z ERROR [KafkaConsumer-37] payment_gateway.kafka - Kafka Consumer Lag Critical: Topic 'payment-events' partition 1 lag is 57787.

2026-08-30T16:21:43.580584Z ERROR [KafkaConsumer-24] payment_gateway.kafka - Kafka Consumer Lag Critical: Topic 'payment-events' partition 2 lag is 60731.

2026-08-30T16:21:46.587149Z CRITICAL [PaymentWorker-32] payment_gateway.processor - Payment transaction tx_88167 failed with HTTP 502 Bad Gateway.
  Request Context: {"amount": 455, "currency": "USD", "gateway": "Stripe-v2", "attempt": 3}
  Exception: org.apache.http.conn.HttpHostConnectException: Connect to 10.244.2.45:8080 failed: Connection refused
    at org.apache.http.impl.conn.DefaultHttpClientConnectionOperator.connect(DefaultHttpClientConnectionOperator.java:159)
    at org.apache.http.impl.conn.PoolingHttpClientConnectionManager.connect(PoolingHttpClientConnectionManager.java:376)

2026-08-30T16:21:58.626975Z ERROR [KafkaConsumer-57] payment_gateway.kafka - Kafka Consumer Lag Critical: Topic 'payment-events' partition 2 lag is 57681.

2026-08-30T16:22:04.644127Z CRITICAL [PaymentWorker-54] payment_gateway.processor - Payment transaction tx_28734 failed with HTTP 502 Bad Gateway.
  Request Context: {"amount": 327, "currency": "USD", "gateway": "Stripe-v2", "attempt": 3}
  Exception: org.apache.http.conn.HttpHostConnectException: Connect to 10.244.2.45:8080 failed: Connection refused
    at org.apache.http.impl.conn.DefaultHttpClientConnectionOperator.connect(DefaultHttpClientConnectionOperator.java:159)
    at org.apache.http.impl.conn.PoolingHttpClientConnectionManager.connect(PoolingHttpClientConnectionManager.java:376)

2026-08-30T16:22:13.663336Z CRITICAL [PaymentWorker-30] payment_gateway.processor - Payment transaction tx_85126 failed with HTTP 502 Bad Gateway.
  Request Context: {"amount": 65, "currency": "USD", "gateway": "Stripe-v2", "attempt": 3}
  Exception: org.apache.http.conn.HttpHostConnectException: Connect to 10.244.2.45:8080 failed: Connection refused
    at org.apache.http.impl.conn.DefaultHttpClientConnectionOperator.connect(DefaultHttpClientConnectionOperator.java:159)
    at org.apache.http.impl.conn.PoolingHttpClientConnectionManager.connect(PoolingHttpClientConnectionManager.java:376)

2026-08-30T16:22:35.078724Z ERROR [KafkaConsumer-23] payment_gateway.kafka - Kafka Consumer Lag Critical: Topic 'payment-events' partition 0 lag is 77832.

2026-08-30T16:22:59.174553Z ERROR [KafkaConsumer-29] payment_gateway.kafka - Kafka Consumer Lag Critical: Topic 'payment-events' partition 2 lag is 43398.

2026-08-30T16:23:17.217651Z CRITICAL [PaymentWorker-15] payment_gateway.processor - Payment transaction tx_48343 failed with HTTP 502 Bad Gateway.
  Request Context: {"amount": 263, "currency": "USD", "gateway": "Stripe-v2", "attempt": 3}
  Exception: org.apache.http.conn.HttpHostConnectException: Connect to 10.244.2.45:8080 failed: Connection refused
    at org.apache.http.impl.conn.DefaultHttpClientConnectionOperator.connect(DefaultHttpClientConnectionOperator.java:159)
    at org.apache.http.impl.conn.PoolingHttpClientConnectionManager.connect(PoolingHttpClientConnectionManager.java:376)

2026-08-30T16:23:20.222820Z ERROR [KafkaConsumer-30] payment_gateway.kafka - Kafka Consumer Lag Critical: Topic 'payment-events' partition 3 lag is 52011.

2026-08-30T16:23:26.242536Z CRITICAL [PaymentWorker-62] payment_gateway.processor - Payment transaction tx_37574 failed with HTTP 502 Bad Gateway.
  Request Context: {"amount": 43, "currency": "USD", "gateway": "Stripe-v2", "attempt": 3}
  Exception: org.apache.http.conn.HttpHostConnectException: Connect to 10.244.2.45:8080 failed: Connection refused
    at org.apache.http.impl.conn.DefaultHttpClientConnectionOperator.connect(DefaultHttpClientConnectionOperator.java:159)
    at org.apache.http.impl.conn.PoolingHttpClientConnectionManager.connect(PoolingHttpClientConnectionManager.java:376)

2026-08-30T16:23:35.261406Z CRITICAL [PaymentWorker-13] payment_gateway.processor - Payment transaction tx_82694 failed with HTTP 502 Bad Gateway.
  Request Context: {"amount": 379, "currency": "USD", "gateway": "Stripe-v2", "attempt": 3}
  Exception: org.apache.http.conn.HttpHostConnectException: Connect to 10.244.2.45:8080 failed: Connection refused
    at org.apache.http.impl.conn.DefaultHttpClientConnectionOperator.connect(DefaultHttpClientConnectionOperator.java:159)
    at org.apache.http.impl.conn.PoolingHttpClientConnectionManager.connect(PoolingHttpClientConnectionManager.java:376)

2026-08-30T16:23:41.275875Z ERROR [KafkaConsumer-19] payment_gateway.kafka - Kafka Consumer Lag Critical: Topic 'payment-events' partition 1 lag is 75369.

2026-08-30T16:23:44.282461Z ERROR [KafkaConsumer-58] payment_gateway.kafka - Kafka Consumer Lag Critical: Topic 'payment-events' partition 3 lag is 71703.

2026-08-30T16:23:50.299057Z CRITICAL [PaymentWorker-40] payment_gateway.processor - Payment transaction tx_85224 failed with HTTP 502 Bad Gateway.
  Request Context: {"amount": 465, "currency": "USD", "gateway": "Stripe-v2", "attempt": 3}
  Exception: org.apache.http.conn.HttpHostConnectException: Connect to 10.244.2.45:8080 failed: Connection refused
    at org.apache.http.impl.conn.DefaultHttpClientConnectionOperator.connect(DefaultHttpClientConnectionOperator.java:159)
    at org.apache.http.impl.conn.PoolingHttpClientConnectionManager.connect(PoolingHttpClientConnectionManager.java:376)

2026-08-30T16:23:56.317477Z ERROR [KafkaConsumer-38] payment_gateway.kafka - Kafka Consumer Lag Critical: Topic 'payment-events' partition 3 lag is 75596.

2026-08-30T16:24:02.330368Z CRITICAL [PaymentWorker-46] payment_gateway.processor - Payment transaction tx_41515 failed with HTTP 502 Bad Gateway.
  Request Context: {"amount": 269, "currency": "USD", "gateway": "Stripe-v2", "attempt": 3}
  Exception: org.apache.http.conn.HttpHostConnectException: Connect to 10.244.2.45:8080 failed: Connection refused
    at org.apache.http.impl.conn.DefaultHttpClientConnectionOperator.connect(DefaultHttpClientConnectionOperator.java:159)
    at org.apache.http.impl.conn.PoolingHttpClientConnectionManager.connect(PoolingHttpClientConnectionManager.java:376)

2026-08-30T16:24:08.343427Z ERROR [KafkaConsumer-36] payment_gateway.kafka - Kafka Consumer Lag Critical: Topic 'payment-events' partition 3 lag is 61044.

2026-08-30T16:24:17.361410Z CRITICAL [PaymentWorker-20] payment_gateway.processor - Payment transaction tx_83578 failed with HTTP 502 Bad Gateway.
  Request Context: {"amount": 170, "currency": "USD", "gateway": "Stripe-v2", "attempt": 3}
  Exception: org.apache.http.conn.HttpHostConnectException: Connect to 10.244.2.45:8080 failed: Connection refused
    at org.apache.http.impl.conn.DefaultHttpClientConnectionOperator.connect(DefaultHttpClientConnectionOperator.java:159)
    at org.apache.http.impl.conn.PoolingHttpClientConnectionManager.connect(PoolingHttpClientConnectionManager.java:376)

2026-08-30T16:24:23.372661Z ERROR [KafkaConsumer-17] payment_gateway.kafka - Kafka Consumer Lag Critical: Topic 'payment-events' partition 1 lag is 72137.

2026-08-30T16:24:26.379787Z CRITICAL [PaymentWorker-25] payment_gateway.processor - Payment transaction tx_80264 failed with HTTP 502 Bad Gateway.
  Request Context: {"amount": 380, "currency": "USD", "gateway": "Stripe-v2", "attempt": 3}
  Exception: org.apache.http.conn.HttpHostConnectException: Connect to 10.244.2.45:8080 failed: Connection refused
    at org.apache.http.impl.conn.DefaultHttpClientConnectionOperator.connect(DefaultHttpClientConnectionOperator.java:159)
    at org.apache.http.impl.conn.PoolingHttpClientConnectionManager.connect(PoolingHttpClientConnectionManager.java:376)

2026-08-30T16:24:41.408343Z ERROR [KafkaConsumer-88] payment_gateway.kafka - Kafka Consumer Lag Critical: Topic 'payment-events' partition 2 lag is 44932.

2026-08-30T16:25:02.455846Z CRITICAL [PaymentWorker-83] payment_gateway.processor - Payment transaction tx_18456 failed with HTTP 502 Bad Gateway.
  Request Context: {"amount": 26, "currency": "USD", "gateway": "Stripe-v2", "attempt": 3}
  Exception: org.apache.http.conn.HttpHostConnectException: Connect to 10.244.2.45:8080 failed: Connection refused
    at org.apache.http.impl.conn.DefaultHttpClientConnectionOperator.connect(DefaultHttpClientConnectionOperator.java:159)
    at org.apache.http.impl.conn.PoolingHttpClientConnectionManager.connect(PoolingHttpClientConnectionManager.java:376)

2026-08-30T16:25:20.489560Z ERROR [KafkaConsumer-66] payment_gateway.kafka - Kafka Consumer Lag Critical: Topic 'payment-events' partition 3 lag is 65753.

2026-08-30T16:25:35.528558Z ERROR [KafkaConsumer-72] payment_gateway.kafka - Kafka Consumer Lag Critical: Topic 'payment-events' partition 0 lag is 67748.

2026-08-30T16:25:50.558165Z CRITICAL [PaymentWorker-83] payment_gateway.processor - Payment transaction tx_54586 failed with HTTP 502 Bad Gateway.
  Request Context: {"amount": 276, "currency": "USD", "gateway": "Stripe-v2", "attempt": 3}
  Exception: org.apache.http.conn.HttpHostConnectException: Connect to 10.244.2.45:8080 failed: Connection refused
    at org.apache.http.impl.conn.DefaultHttpClientConnectionOperator.connect(DefaultHttpClientConnectionOperator.java:159)
    at org.apache.http.impl.conn.PoolingHttpClientConnectionManager.connect(PoolingHttpClientConnectionManager.java:376)

2026-08-30T16:25:59.579886Z CRITICAL [PaymentWorker-18] payment_gateway.processor - Payment transaction tx_87060 failed with HTTP 502 Bad Gateway.
  Request Context: {"amount": 48, "currency": "USD", "gateway": "Stripe-v2", "attempt": 3}
  Exception: org.apache.http.conn.HttpHostConnectException: Connect to 10.244.2.45:8080 failed: Connection refused
    at org.apache.http.impl.conn.DefaultHttpClientConnectionOperator.connect(DefaultHttpClientConnectionOperator.java:159)
    at org.apache.http.impl.conn.PoolingHttpClientConnectionManager.connect(PoolingHttpClientConnectionManager.java:376)

2026-08-30T16:26:08.596731Z ERROR [KafkaConsumer-64] payment_gateway.kafka - Kafka Consumer Lag Critical: Topic 'payment-events' partition 3 lag is 60143.

2026-08-30T16:26:20.619821Z ERROR [KafkaConsumer-49] payment_gateway.kafka - Kafka Consumer Lag Critical: Topic 'payment-events' partition 3 lag is 51630.

2026-08-30T16:26:32.647576Z ERROR [KafkaConsumer-39] payment_gateway.kafka - Kafka Consumer Lag Critical: Topic 'payment-events' partition 0 lag is 73243.

2026-08-30T16:26:35.653575Z ERROR [KafkaConsumer-96] payment_gateway.kafka - Kafka Consumer Lag Critical: Topic 'payment-events' partition 1 lag is 70582.

2026-08-30T16:26:44.678779Z ERROR [KafkaConsumer-98] payment_gateway.kafka - Kafka Consumer Lag Critical: Topic 'payment-events' partition 1 lag is 58760.

2026-08-30T16:26:50.690402Z CRITICAL [PaymentWorker-33] payment_gateway.processor - Payment transaction tx_70475 failed with HTTP 502 Bad Gateway.
  Request Context: {"amount": 128, "currency": "USD", "gateway": "Stripe-v2", "attempt": 3}
  Exception: org.apache.http.conn.HttpHostConnectException: Connect to 10.244.2.45:8080 failed: Connection refused
    at org.apache.http.impl.conn.DefaultHttpClientConnectionOperator.connect(DefaultHttpClientConnectionOperator.java:159)
    at org.apache.http.impl.conn.PoolingHttpClientConnectionManager.connect(PoolingHttpClientConnectionManager.java:376)

2026-08-30T16:27:17.770231Z ERROR [KafkaConsumer-69] payment_gateway.kafka - Kafka Consumer Lag Critical: Topic 'payment-events' partition 1 lag is 78341.

2026-08-30T16:27:29.793577Z CRITICAL [PaymentWorker-25] payment_gateway.processor - Payment transaction tx_22150 failed with HTTP 502 Bad Gateway.
  Request Context: {"amount": 248, "currency": "USD", "gateway": "Stripe-v2", "attempt": 3}
  Exception: org.apache.http.conn.HttpHostConnectException: Connect to 10.244.2.45:8080 failed: Connection refused
    at org.apache.http.impl.conn.DefaultHttpClientConnectionOperator.connect(DefaultHttpClientConnectionOperator.java:159)
    at org.apache.http.impl.conn.PoolingHttpClientConnectionManager.connect(PoolingHttpClientConnectionManager.java:376)

2026-08-30T16:27:38.809913Z CRITICAL [PaymentWorker-70] payment_gateway.processor - Payment transaction tx_71971 failed with HTTP 502 Bad Gateway.
  Request Context: {"amount": 495, "currency": "USD", "gateway": "Stripe-v2", "attempt": 3}
  Exception: org.apache.http.conn.HttpHostConnectException: Connect to 10.244.2.45:8080 failed: Connection refused
    at org.apache.http.impl.conn.DefaultHttpClientConnectionOperator.connect(DefaultHttpClientConnectionOperator.java:159)
    at org.apache.http.impl.conn.PoolingHttpClientConnectionManager.connect(PoolingHttpClientConnectionManager.java:376)

2026-08-30T16:27:44.825394Z ERROR [KafkaConsumer-18] payment_gateway.kafka - Kafka Consumer Lag Critical: Topic 'payment-events' partition 3 lag is 69744.

2026-08-30T16:27:47.839299Z CRITICAL [PaymentWorker-58] payment_gateway.processor - Payment transaction tx_86279 failed with HTTP 502 Bad Gateway.
  Request Context: {"amount": 387, "currency": "USD", "gateway": "Stripe-v2", "attempt": 3}
  Exception: org.apache.http.conn.HttpHostConnectException: Connect to 10.244.2.45:8080 failed: Connection refused
    at org.apache.http.impl.conn.DefaultHttpClientConnectionOperator.connect(DefaultHttpClientConnectionOperator.java:159)
    at org.apache.http.impl.conn.PoolingHttpClientConnectionManager.connect(PoolingHttpClientConnectionManager.java:376)

2026-08-30T16:27:59.869996Z ERROR [KafkaConsumer-22] payment_gateway.kafka - Kafka Consumer Lag Critical: Topic 'payment-events' partition 2 lag is 52952.

2026-08-30T16:28:02.875980Z ERROR [KafkaConsumer-10] payment_gateway.kafka - Kafka Consumer Lag Critical: Topic 'payment-events' partition 0 lag is 60615.

2026-08-30T16:28:05.881989Z ERROR [KafkaConsumer-11] payment_gateway.kafka - Kafka Consumer Lag Critical: Topic 'payment-events' partition 0 lag is 43336.

2026-08-30T16:28:17.915688Z ERROR [KafkaConsumer-51] payment_gateway.kafka - Kafka Consumer Lag Critical: Topic 'payment-events' partition 2 lag is 76335.

2026-08-30T16:28:26.937470Z ERROR [KafkaConsumer-60] payment_gateway.kafka - Kafka Consumer Lag Critical: Topic 'payment-events' partition 3 lag is 52763.

2026-08-30T16:29:03.053725Z CRITICAL [PaymentWorker-17] payment_gateway.processor - Payment transaction tx_48754 failed with HTTP 502 Bad Gateway.
  Request Context: {"amount": 204, "currency": "USD", "gateway": "Stripe-v2", "attempt": 3}
  Exception: org.apache.http.conn.HttpHostConnectException: Connect to 10.244.2.45:8080 failed: Connection refused
    at org.apache.http.impl.conn.DefaultHttpClientConnectionOperator.connect(DefaultHttpClientConnectionOperator.java:159)
    at org.apache.http.impl.conn.PoolingHttpClientConnectionManager.connect(PoolingHttpClientConnectionManager.java:376)

2026-08-30T16:29:18.080843Z ERROR [KafkaConsumer-49] payment_gateway.kafka - Kafka Consumer Lag Critical: Topic 'payment-events' partition 1 lag is 46255.

2026-08-30T16:29:27.111651Z CRITICAL [PaymentWorker-12] payment_gateway.processor - Payment transaction tx_92383 failed with HTTP 502 Bad Gateway.
  Request Context: {"amount": 359, "currency": "USD", "gateway": "Stripe-v2", "attempt": 3}
  Exception: org.apache.http.conn.HttpHostConnectException: Connect to 10.244.2.45:8080 failed: Connection refused
    at org.apache.http.impl.conn.DefaultHttpClientConnectionOperator.connect(DefaultHttpClientConnectionOperator.java:159)
    at org.apache.http.impl.conn.PoolingHttpClientConnectionManager.connect(PoolingHttpClientConnectionManager.java:376)

2026-08-30T16:29:33.135754Z CRITICAL [PaymentWorker-26] payment_gateway.processor - Payment transaction tx_51238 failed with HTTP 502 Bad Gateway.
  Request Context: {"amount": 347, "currency": "USD", "gateway": "Stripe-v2", "attempt": 3}
  Exception: org.apache.http.conn.HttpHostConnectException: Connect to 10.244.2.45:8080 failed: Connection refused
    at org.apache.http.impl.conn.DefaultHttpClientConnectionOperator.connect(DefaultHttpClientConnectionOperator.java:159)
    at org.apache.http.impl.conn.PoolingHttpClientConnectionManager.connect(PoolingHttpClientConnectionManager.java:376)

2026-08-30T16:29:36.141002Z CRITICAL [PaymentWorker-90] payment_gateway.processor - Payment transaction tx_48840 failed with HTTP 502 Bad Gateway.
  Request Context: {"amount": 426, "currency": "USD", "gateway": "Stripe-v2", "attempt": 3}
  Exception: org.apache.http.conn.HttpHostConnectException: Connect to 10.244.2.45:8080 failed: Connection refused
    at org.apache.http.impl.conn.DefaultHttpClientConnectionOperator.connect(DefaultHttpClientConnectionOperator.java:159)
    at org.apache.http.impl.conn.PoolingHttpClientConnectionManager.connect(PoolingHttpClientConnectionManager.java:376)

2026-08-30T16:29:42.151680Z CRITICAL [PaymentWorker-89] payment_gateway.processor - Payment transaction tx_23008 failed with HTTP 502 Bad Gateway.
  Request Context: {"amount": 336, "currency": "USD", "gateway": "Stripe-v2", "attempt": 3}
  Exception: org.apache.http.conn.HttpHostConnectException: Connect to 10.244.2.45:8080 failed: Connection refused
    at org.apache.http.impl.conn.DefaultHttpClientConnectionOperator.connect(DefaultHttpClientConnectionOperator.java:159)
    at org.apache.http.impl.conn.PoolingHttpClientConnectionManager.connect(PoolingHttpClientConnectionManager.java:376)

2026-08-30T16:30:18.256224Z CRITICAL [PaymentWorker-66] payment_gateway.processor - Payment transaction tx_99076 failed with HTTP 502 Bad Gateway.
  Request Context: {"amount": 204, "currency": "USD", "gateway": "Stripe-v2", "attempt": 3}
  Exception: org.apache.http.conn.HttpHostConnectException: Connect to 10.244.2.45:8080 failed: Connection refused
    at org.apache.http.impl.conn.DefaultHttpClientConnectionOperator.connect(DefaultHttpClientConnectionOperator.java:159)
    at org.apache.http.impl.conn.PoolingHttpClientConnectionManager.connect(PoolingHttpClientConnectionManager.java:376)

2026-08-30T16:30:27.276484Z ERROR [KafkaConsumer-45] payment_gateway.kafka - Kafka Consumer Lag Critical: Topic 'payment-events' partition 2 lag is 56008.

2026-08-30T16:30:33.290498Z ERROR [KafkaConsumer-62] payment_gateway.kafka - Kafka Consumer Lag Critical: Topic 'payment-events' partition 0 lag is 40282.

2026-08-30T16:30:36.304541Z CRITICAL [PaymentWorker-39] payment_gateway.processor - Payment transaction tx_31256 failed with HTTP 502 Bad Gateway.
  Request Context: {"amount": 337, "currency": "USD", "gateway": "Stripe-v2", "attempt": 3}
  Exception: org.apache.http.conn.HttpHostConnectException: Connect to 10.244.2.45:8080 failed: Connection refused
    at org.apache.http.impl.conn.DefaultHttpClientConnectionOperator.connect(DefaultHttpClientConnectionOperator.java:159)
    at org.apache.http.impl.conn.PoolingHttpClientConnectionManager.connect(PoolingHttpClientConnectionManager.java:376)

2026-08-30T16:30:42.315600Z CRITICAL [PaymentWorker-69] payment_gateway.processor - Payment transaction tx_36571 failed with HTTP 502 Bad Gateway.
  Request Context: {"amount": 319, "currency": "USD", "gateway": "Stripe-v2", "attempt": 3}
  Exception: org.apache.http.conn.HttpHostConnectException: Connect to 10.244.2.45:8080 failed: Connection refused
    at org.apache.http.impl.conn.DefaultHttpClientConnectionOperator.connect(DefaultHttpClientConnectionOperator.java:159)
    at org.apache.http.impl.conn.PoolingHttpClientConnectionManager.connect(PoolingHttpClientConnectionManager.java:376)

2026-08-30T16:30:48.337269Z ERROR [KafkaConsumer-17] payment_gateway.kafka - Kafka Consumer Lag Critical: Topic 'payment-events' partition 2 lag is 62784.

2026-08-30T16:30:57.360475Z CRITICAL [PaymentWorker-89] payment_gateway.processor - Payment transaction tx_34162 failed with HTTP 502 Bad Gateway.
  Request Context: {"amount": 270, "currency": "USD", "gateway": "Stripe-v2", "attempt": 3}
  Exception: org.apache.http.conn.HttpHostConnectException: Connect to 10.244.2.45:8080 failed: Connection refused
    at org.apache.http.impl.conn.DefaultHttpClientConnectionOperator.connect(DefaultHttpClientConnectionOperator.java:159)
    at org.apache.http.impl.conn.PoolingHttpClientConnectionManager.connect(PoolingHttpClientConnectionManager.java:376)

2026-08-30T16:31:00.365120Z CRITICAL [PaymentWorker-35] payment_gateway.processor - Payment transaction tx_48604 failed with HTTP 502 Bad Gateway.
  Request Context: {"amount": 183, "currency": "USD", "gateway": "Stripe-v2", "attempt": 3}
  Exception: org.apache.http.conn.HttpHostConnectException: Connect to 10.244.2.45:8080 failed: Connection refused
    at org.apache.http.impl.conn.DefaultHttpClientConnectionOperator.connect(DefaultHttpClientConnectionOperator.java:159)
    at org.apache.http.impl.conn.PoolingHttpClientConnectionManager.connect(PoolingHttpClientConnectionManager.java:376)

2026-08-30T16:31:03.371359Z ERROR [KafkaConsumer-96] payment_gateway.kafka - Kafka Consumer Lag Critical: Topic 'payment-events' partition 1 lag is 61152.

2026-08-30T16:31:30.441466Z CRITICAL [PaymentWorker-26] payment_gateway.processor - Payment transaction tx_51742 failed with HTTP 502 Bad Gateway.
  Request Context: {"amount": 485, "currency": "USD", "gateway": "Stripe-v2", "attempt": 3}
  Exception: org.apache.http.conn.HttpHostConnectException: Connect to 10.244.2.45:8080 failed: Connection refused
    at org.apache.http.impl.conn.DefaultHttpClientConnectionOperator.connect(DefaultHttpClientConnectionOperator.java:159)
    at org.apache.http.impl.conn.PoolingHttpClientConnectionManager.connect(PoolingHttpClientConnectionManager.java:376)

2026-08-30T16:31:39.459178Z CRITICAL [PaymentWorker-97] payment_gateway.processor - Payment transaction tx_94553 failed with HTTP 502 Bad Gateway.
  Request Context: {"amount": 271, "currency": "USD", "gateway": "Stripe-v2", "attempt": 3}
  Exception: org.apache.http.conn.HttpHostConnectException: Connect to 10.244.2.45:8080 failed: Connection refused
    at org.apache.http.impl.conn.DefaultHttpClientConnectionOperator.connect(DefaultHttpClientConnectionOperator.java:159)
    at org.apache.http.impl.conn.PoolingHttpClientConnectionManager.connect(PoolingHttpClientConnectionManager.java:376)

2026-08-30T16:31:42.464246Z ERROR [KafkaConsumer-53] payment_gateway.kafka - Kafka Consumer Lag Critical: Topic 'payment-events' partition 2 lag is 51318.

2026-08-30T16:32:15.553163Z ERROR [KafkaConsumer-37] payment_gateway.kafka - Kafka Consumer Lag Critical: Topic 'payment-events' partition 3 lag is 71480.

2026-08-30T16:32:18.558671Z CRITICAL [PaymentWorker-95] payment_gateway.processor - Payment transaction tx_69034 failed with HTTP 502 Bad Gateway.
  Request Context: {"amount": 418, "currency": "USD", "gateway": "Stripe-v2", "attempt": 3}
  Exception: org.apache.http.conn.HttpHostConnectException: Connect to 10.244.2.45:8080 failed: Connection refused
    at org.apache.http.impl.conn.DefaultHttpClientConnectionOperator.connect(DefaultHttpClientConnectionOperator.java:159)
    at org.apache.http.impl.conn.PoolingHttpClientConnectionManager.connect(PoolingHttpClientConnectionManager.java:376)

2026-08-30T16:32:27.575562Z ERROR [KafkaConsumer-38] payment_gateway.kafka - Kafka Consumer Lag Critical: Topic 'payment-events' partition 1 lag is 60190.

2026-08-30T16:32:30.580546Z CRITICAL [PaymentWorker-14] payment_gateway.processor - Payment transaction tx_22716 failed with HTTP 502 Bad Gateway.
  Request Context: {"amount": 435, "currency": "USD", "gateway": "Stripe-v2", "attempt": 3}
  Exception: org.apache.http.conn.HttpHostConnectException: Connect to 10.244.2.45:8080 failed: Connection refused
    at org.apache.http.impl.conn.DefaultHttpClientConnectionOperator.connect(DefaultHttpClientConnectionOperator.java:159)
    at org.apache.http.impl.conn.PoolingHttpClientConnectionManager.connect(PoolingHttpClientConnectionManager.java:376)

2026-08-30T16:32:36.592229Z CRITICAL [PaymentWorker-37] payment_gateway.processor - Payment transaction tx_56907 failed with HTTP 502 Bad Gateway.
  Request Context: {"amount": 340, "currency": "USD", "gateway": "Stripe-v2", "attempt": 3}
  Exception: org.apache.http.conn.HttpHostConnectException: Connect to 10.244.2.45:8080 failed: Connection refused
    at org.apache.http.impl.conn.DefaultHttpClientConnectionOperator.connect(DefaultHttpClientConnectionOperator.java:159)
    at org.apache.http.impl.conn.PoolingHttpClientConnectionManager.connect(PoolingHttpClientConnectionManager.java:376)

2026-08-30T16:32:48.614083Z ERROR [KafkaConsumer-88] payment_gateway.kafka - Kafka Consumer Lag Critical: Topic 'payment-events' partition 2 lag is 53400.

2026-08-30T16:32:51.619035Z CRITICAL [PaymentWorker-60] payment_gateway.processor - Payment transaction tx_66517 failed with HTTP 502 Bad Gateway.
  Request Context: {"amount": 38, "currency": "USD", "gateway": "Stripe-v2", "attempt": 3}
  Exception: org.apache.http.conn.HttpHostConnectException: Connect to 10.244.2.45:8080 failed: Connection refused
    at org.apache.http.impl.conn.DefaultHttpClientConnectionOperator.connect(DefaultHttpClientConnectionOperator.java:159)
    at org.apache.http.impl.conn.PoolingHttpClientConnectionManager.connect(PoolingHttpClientConnectionManager.java:376)

2026-08-30T16:33:15.662124Z ERROR [KafkaConsumer-86] payment_gateway.kafka - Kafka Consumer Lag Critical: Topic 'payment-events' partition 2 lag is 64347.

2026-08-30T16:33:21.686796Z ERROR [KafkaConsumer-24] payment_gateway.kafka - Kafka Consumer Lag Critical: Topic 'payment-events' partition 3 lag is 54693.

2026-08-30T16:34:12.780824Z CRITICAL [PaymentWorker-50] payment_gateway.processor - Payment transaction tx_62155 failed with HTTP 502 Bad Gateway.
  Request Context: {"amount": 204, "currency": "USD", "gateway": "Stripe-v2", "attempt": 3}
  Exception: org.apache.http.conn.HttpHostConnectException: Connect to 10.244.2.45:8080 failed: Connection refused
    at org.apache.http.impl.conn.DefaultHttpClientConnectionOperator.connect(DefaultHttpClientConnectionOperator.java:159)
    at org.apache.http.impl.conn.PoolingHttpClientConnectionManager.connect(PoolingHttpClientConnectionManager.java:376)

2026-08-30T16:34:15.785652Z CRITICAL [PaymentWorker-29] payment_gateway.processor - Payment transaction tx_62749 failed with HTTP 502 Bad Gateway.
  Request Context: {"amount": 486, "currency": "USD", "gateway": "Stripe-v2", "attempt": 3}
  Exception: org.apache.http.conn.HttpHostConnectException: Connect to 10.244.2.45:8080 failed: Connection refused
    at org.apache.http.impl.conn.DefaultHttpClientConnectionOperator.connect(DefaultHttpClientConnectionOperator.java:159)
    at org.apache.http.impl.conn.PoolingHttpClientConnectionManager.connect(PoolingHttpClientConnectionManager.java:376)

2026-08-30T16:34:18.791449Z ERROR [KafkaConsumer-85] payment_gateway.kafka - Kafka Consumer Lag Critical: Topic 'payment-events' partition 2 lag is 67917.

2026-08-30T16:34:39.869009Z CRITICAL [PaymentWorker-91] payment_gateway.processor - Payment transaction tx_24707 failed with HTTP 502 Bad Gateway.
  Request Context: {"amount": 203, "currency": "USD", "gateway": "Stripe-v2", "attempt": 3}
  Exception: org.apache.http.conn.HttpHostConnectException: Connect to 10.244.2.45:8080 failed: Connection refused
    at org.apache.http.impl.conn.DefaultHttpClientConnectionOperator.connect(DefaultHttpClientConnectionOperator.java:159)
    at org.apache.http.impl.conn.PoolingHttpClientConnectionManager.connect(PoolingHttpClientConnectionManager.java:376)

2026-08-30T16:34:42.875909Z CRITICAL [PaymentWorker-92] payment_gateway.processor - Payment transaction tx_67042 failed with HTTP 502 Bad Gateway.
  Request Context: {"amount": 319, "currency": "USD", "gateway": "Stripe-v2", "attempt": 3}
  Exception: org.apache.http.conn.HttpHostConnectException: Connect to 10.244.2.45:8080 failed: Connection refused
    at org.apache.http.impl.conn.DefaultHttpClientConnectionOperator.connect(DefaultHttpClientConnectionOperator.java:159)
    at org.apache.http.impl.conn.PoolingHttpClientConnectionManager.connect(PoolingHttpClientConnectionManager.java:376)

2026-08-30T16:35:03.922212Z ERROR [KafkaConsumer-81] payment_gateway.kafka - Kafka Consumer Lag Critical: Topic 'payment-events' partition 3 lag is 70205.

2026-08-30T16:35:15.946290Z CRITICAL [PaymentWorker-24] payment_gateway.processor - Payment transaction tx_53299 failed with HTTP 502 Bad Gateway.
  Request Context: {"amount": 48, "currency": "USD", "gateway": "Stripe-v2", "attempt": 3}
  Exception: org.apache.http.conn.HttpHostConnectException: Connect to 10.244.2.45:8080 failed: Connection refused
    at org.apache.http.impl.conn.DefaultHttpClientConnectionOperator.connect(DefaultHttpClientConnectionOperator.java:159)
    at org.apache.http.impl.conn.PoolingHttpClientConnectionManager.connect(PoolingHttpClientConnectionManager.java:376)

2026-08-30T16:35:21.968023Z CRITICAL [PaymentWorker-13] payment_gateway.processor - Payment transaction tx_12293 failed with HTTP 502 Bad Gateway.
  Request Context: {"amount": 374, "currency": "USD", "gateway": "Stripe-v2", "attempt": 3}
  Exception: org.apache.http.conn.HttpHostConnectException: Connect to 10.244.2.45:8080 failed: Connection refused
    at org.apache.http.impl.conn.DefaultHttpClientConnectionOperator.connect(DefaultHttpClientConnectionOperator.java:159)
    at org.apache.http.impl.conn.PoolingHttpClientConnectionManager.connect(PoolingHttpClientConnectionManager.java:376)

2026-08-30T16:35:33.994856Z ERROR [KafkaConsumer-24] payment_gateway.kafka - Kafka Consumer Lag Critical: Topic 'payment-events' partition 2 lag is 59314.

2026-08-30T16:35:43.013983Z ERROR [KafkaConsumer-99] payment_gateway.kafka - Kafka Consumer Lag Critical: Topic 'payment-events' partition 2 lag is 43490.

2026-08-30T16:35:55.039262Z ERROR [KafkaConsumer-50] payment_gateway.kafka - Kafka Consumer Lag Critical: Topic 'payment-events' partition 1 lag is 55208.

2026-08-30T16:36:01.053121Z CRITICAL [PaymentWorker-65] payment_gateway.processor - Payment transaction tx_18526 failed with HTTP 502 Bad Gateway.
  Request Context: {"amount": 82, "currency": "USD", "gateway": "Stripe-v2", "attempt": 3}
  Exception: org.apache.http.conn.HttpHostConnectException: Connect to 10.244.2.45:8080 failed: Connection refused
    at org.apache.http.impl.conn.DefaultHttpClientConnectionOperator.connect(DefaultHttpClientConnectionOperator.java:159)
    at org.apache.http.impl.conn.PoolingHttpClientConnectionManager.connect(PoolingHttpClientConnectionManager.java:376)

2026-08-30T16:36:04.058894Z CRITICAL [PaymentWorker-34] payment_gateway.processor - Payment transaction tx_74278 failed with HTTP 502 Bad Gateway.
  Request Context: {"amount": 78, "currency": "USD", "gateway": "Stripe-v2", "attempt": 3}
  Exception: org.apache.http.conn.HttpHostConnectException: Connect to 10.244.2.45:8080 failed: Connection refused
    at org.apache.http.impl.conn.DefaultHttpClientConnectionOperator.connect(DefaultHttpClientConnectionOperator.java:159)
    at org.apache.http.impl.conn.PoolingHttpClientConnectionManager.connect(PoolingHttpClientConnectionManager.java:376)

2026-08-30T16:36:10.072527Z CRITICAL [PaymentWorker-70] payment_gateway.processor - Payment transaction tx_86793 failed with HTTP 502 Bad Gateway.
  Request Context: {"amount": 197, "currency": "USD", "gateway": "Stripe-v2", "attempt": 3}
  Exception: org.apache.http.conn.HttpHostConnectException: Connect to 10.244.2.45:8080 failed: Connection refused
    at org.apache.http.impl.conn.DefaultHttpClientConnectionOperator.connect(DefaultHttpClientConnectionOperator.java:159)
    at org.apache.http.impl.conn.PoolingHttpClientConnectionManager.connect(PoolingHttpClientConnectionManager.java:376)

2026-08-30T16:36:22.106910Z ERROR [KafkaConsumer-79] payment_gateway.kafka - Kafka Consumer Lag Critical: Topic 'payment-events' partition 2 lag is 44800.

2026-08-30T16:36:43.175628Z ERROR [KafkaConsumer-31] payment_gateway.kafka - Kafka Consumer Lag Critical: Topic 'payment-events' partition 3 lag is 70066.

2026-08-30T16:36:49.191467Z ERROR [KafkaConsumer-80] payment_gateway.kafka - Kafka Consumer Lag Critical: Topic 'payment-events' partition 3 lag is 54399.

2026-08-30T16:36:52.197829Z CRITICAL [PaymentWorker-52] payment_gateway.processor - Payment transaction tx_47273 failed with HTTP 502 Bad Gateway.
  Request Context: {"amount": 322, "currency": "USD", "gateway": "Stripe-v2", "attempt": 3}
  Exception: org.apache.http.conn.HttpHostConnectException: Connect to 10.244.2.45:8080 failed: Connection refused
    at org.apache.http.impl.conn.DefaultHttpClientConnectionOperator.connect(DefaultHttpClientConnectionOperator.java:159)
    at org.apache.http.impl.conn.PoolingHttpClientConnectionManager.connect(PoolingHttpClientConnectionManager.java:376)

2026-08-30T16:37:01.216592Z ERROR [KafkaConsumer-73] payment_gateway.kafka - Kafka Consumer Lag Critical: Topic 'payment-events' partition 3 lag is 66651.

2026-08-30T16:37:04.223079Z CRITICAL [PaymentWorker-84] payment_gateway.processor - Payment transaction tx_44800 failed with HTTP 502 Bad Gateway.
  Request Context: {"amount": 331, "currency": "USD", "gateway": "Stripe-v2", "attempt": 3}
  Exception: org.apache.http.conn.HttpHostConnectException: Connect to 10.244.2.45:8080 failed: Connection refused
    at org.apache.http.impl.conn.DefaultHttpClientConnectionOperator.connect(DefaultHttpClientConnectionOperator.java:159)
    at org.apache.http.impl.conn.PoolingHttpClientConnectionManager.connect(PoolingHttpClientConnectionManager.java:376)

2026-08-30T16:37:22.269685Z ERROR [KafkaConsumer-90] payment_gateway.kafka - Kafka Consumer Lag Critical: Topic 'payment-events' partition 3 lag is 69799.

2026-08-30T16:37:46.326432Z CRITICAL [PaymentWorker-94] payment_gateway.processor - Payment transaction tx_62525 failed with HTTP 502 Bad Gateway.
  Request Context: {"amount": 281, "currency": "USD", "gateway": "Stripe-v2", "attempt": 3}
  Exception: org.apache.http.conn.HttpHostConnectException: Connect to 10.244.2.45:8080 failed: Connection refused
    at org.apache.http.impl.conn.DefaultHttpClientConnectionOperator.connect(DefaultHttpClientConnectionOperator.java:159)
    at org.apache.http.impl.conn.PoolingHttpClientConnectionManager.connect(PoolingHttpClientConnectionManager.java:376)

2026-08-30T16:37:52.338954Z ERROR [KafkaConsumer-45] payment_gateway.kafka - Kafka Consumer Lag Critical: Topic 'payment-events' partition 3 lag is 51498.

2026-08-30T16:38:01.357624Z ERROR [KafkaConsumer-37] payment_gateway.kafka - Kafka Consumer Lag Critical: Topic 'payment-events' partition 0 lag is 51608.

2026-08-30T16:38:04.363740Z ERROR [KafkaConsumer-83] payment_gateway.kafka - Kafka Consumer Lag Critical: Topic 'payment-events' partition 0 lag is 73241.

2026-08-30T16:38:31.432125Z ERROR [KafkaConsumer-69] payment_gateway.kafka - Kafka Consumer Lag Critical: Topic 'payment-events' partition 1 lag is 52667.

2026-08-30T16:38:40.449522Z CRITICAL [PaymentWorker-31] payment_gateway.processor - Payment transaction tx_42407 failed with HTTP 502 Bad Gateway.
  Request Context: {"amount": 450, "currency": "USD", "gateway": "Stripe-v2", "attempt": 3}
  Exception: org.apache.http.conn.HttpHostConnectException: Connect to 10.244.2.45:8080 failed: Connection refused
    at org.apache.http.impl.conn.DefaultHttpClientConnectionOperator.connect(DefaultHttpClientConnectionOperator.java:159)
    at org.apache.http.impl.conn.PoolingHttpClientConnectionManager.connect(PoolingHttpClientConnectionManager.java:376)

2026-08-30T16:38:43.455805Z ERROR [KafkaConsumer-35] payment_gateway.kafka - Kafka Consumer Lag Critical: Topic 'payment-events' partition 0 lag is 52807.

2026-08-30T16:38:58.487887Z ERROR [KafkaConsumer-74] payment_gateway.kafka - Kafka Consumer Lag Critical: Topic 'payment-events' partition 3 lag is 79109.

2026-08-30T16:39:13.518604Z CRITICAL [PaymentWorker-30] payment_gateway.processor - Payment transaction tx_99054 failed with HTTP 502 Bad Gateway.
  Request Context: {"amount": 499, "currency": "USD", "gateway": "Stripe-v2", "attempt": 3}
  Exception: org.apache.http.conn.HttpHostConnectException: Connect to 10.244.2.45:8080 failed: Connection refused
    at org.apache.http.impl.conn.DefaultHttpClientConnectionOperator.connect(DefaultHttpClientConnectionOperator.java:159)
    at org.apache.http.impl.conn.PoolingHttpClientConnectionManager.connect(PoolingHttpClientConnectionManager.java:376)

2026-08-30T16:39:28.563042Z ERROR [KafkaConsumer-53] payment_gateway.kafka - Kafka Consumer Lag Critical: Topic 'payment-events' partition 1 lag is 74775.

2026-08-30T16:39:43.595691Z ERROR [KafkaConsumer-27] payment_gateway.kafka - Kafka Consumer Lag Critical: Topic 'payment-events' partition 1 lag is 64542.

2026-08-30T16:39:46.601112Z CRITICAL [PaymentWorker-54] payment_gateway.processor - Payment transaction tx_57785 failed with HTTP 502 Bad Gateway.
  Request Context: {"amount": 419, "currency": "USD", "gateway": "Stripe-v2", "attempt": 3}
  Exception: org.apache.http.conn.HttpHostConnectException: Connect to 10.244.2.45:8080 failed: Connection refused
    at org.apache.http.impl.conn.DefaultHttpClientConnectionOperator.connect(DefaultHttpClientConnectionOperator.java:159)
    at org.apache.http.impl.conn.PoolingHttpClientConnectionManager.connect(PoolingHttpClientConnectionManager.java:376)

2026-08-30T16:39:55.619987Z ERROR [KafkaConsumer-50] payment_gateway.kafka - Kafka Consumer Lag Critical: Topic 'payment-events' partition 2 lag is 76772.

2026-08-30T16:40:04.639040Z CRITICAL [PaymentWorker-75] payment_gateway.processor - Payment transaction tx_23327 failed with HTTP 502 Bad Gateway.
  Request Context: {"amount": 131, "currency": "USD", "gateway": "Stripe-v2", "attempt": 3}
  Exception: org.apache.http.conn.HttpHostConnectException: Connect to 10.244.2.45:8080 failed: Connection refused
    at org.apache.http.impl.conn.DefaultHttpClientConnectionOperator.connect(DefaultHttpClientConnectionOperator.java:159)
    at org.apache.http.impl.conn.PoolingHttpClientConnectionManager.connect(PoolingHttpClientConnectionManager.java:376)

2026-08-30T16:40:13.663761Z CRITICAL [PaymentWorker-26] payment_gateway.processor - Payment transaction tx_88610 failed with HTTP 502 Bad Gateway.
  Request Context: {"amount": 85, "currency": "USD", "gateway": "Stripe-v2", "attempt": 3}
  Exception: org.apache.http.conn.HttpHostConnectException: Connect to 10.244.2.45:8080 failed: Connection refused
    at org.apache.http.impl.conn.DefaultHttpClientConnectionOperator.connect(DefaultHttpClientConnectionOperator.java:159)
    at org.apache.http.impl.conn.PoolingHttpClientConnectionManager.connect(PoolingHttpClientConnectionManager.java:376)

2026-08-30T16:40:28.694057Z CRITICAL [PaymentWorker-64] payment_gateway.processor - Payment transaction tx_17296 failed with HTTP 502 Bad Gateway.
  Request Context: {"amount": 174, "currency": "USD", "gateway": "Stripe-v2", "attempt": 3}
  Exception: org.apache.http.conn.HttpHostConnectException: Connect to 10.244.2.45:8080 failed: Connection refused
    at org.apache.http.impl.conn.DefaultHttpClientConnectionOperator.connect(DefaultHttpClientConnectionOperator.java:159)
    at org.apache.http.impl.conn.PoolingHttpClientConnectionManager.connect(PoolingHttpClientConnectionManager.java:376)

2026-08-30T16:40:55.763524Z CRITICAL [PaymentWorker-60] payment_gateway.processor - Payment transaction tx_44471 failed with HTTP 502 Bad Gateway.
  Request Context: {"amount": 167, "currency": "USD", "gateway": "Stripe-v2", "attempt": 3}
  Exception: org.apache.http.conn.HttpHostConnectException: Connect to 10.244.2.45:8080 failed: Connection refused
    at org.apache.http.impl.conn.DefaultHttpClientConnectionOperator.connect(DefaultHttpClientConnectionOperator.java:159)
    at org.apache.http.impl.conn.PoolingHttpClientConnectionManager.connect(PoolingHttpClientConnectionManager.java:376)

2026-08-30T16:41:45.439218Z CRITICAL [PaymentWorker-66] payment_gateway.processor - Payment transaction tx_16509 failed with HTTP 502 Bad Gateway.
  Request Context: {"amount": 63, "currency": "USD", "gateway": "Stripe-v2", "attempt": 3}
  Exception: org.apache.http.conn.HttpHostConnectException: Connect to 10.244.2.45:8080 failed: Connection refused
    at org.apache.http.impl.conn.DefaultHttpClientConnectionOperator.connect(DefaultHttpClientConnectionOperator.java:159)
    at org.apache.http.impl.conn.PoolingHttpClientConnectionManager.connect(PoolingHttpClientConnectionManager.java:376)

2026-08-30T16:41:48.446746Z ERROR [KafkaConsumer-78] payment_gateway.kafka - Kafka Consumer Lag Critical: Topic 'payment-events' partition 3 lag is 40363.

2026-08-30T16:41:51.454097Z CRITICAL [PaymentWorker-19] payment_gateway.processor - Payment transaction tx_14091 failed with HTTP 502 Bad Gateway.
  Request Context: {"amount": 357, "currency": "USD", "gateway": "Stripe-v2", "attempt": 3}
  Exception: org.apache.http.conn.HttpHostConnectException: Connect to 10.244.2.45:8080 failed: Connection refused
    at org.apache.http.impl.conn.DefaultHttpClientConnectionOperator.connect(DefaultHttpClientConnectionOperator.java:159)
    at org.apache.http.impl.conn.PoolingHttpClientConnectionManager.connect(PoolingHttpClientConnectionManager.java:376)

2026-08-30T16:42:24.530267Z ERROR [KafkaConsumer-16] payment_gateway.kafka - Kafka Consumer Lag Critical: Topic 'payment-events' partition 2 lag is 43905.

2026-08-30T16:42:42.567294Z CRITICAL [PaymentWorker-69] payment_gateway.processor - Payment transaction tx_94472 failed with HTTP 502 Bad Gateway.
  Request Context: {"amount": 290, "currency": "USD", "gateway": "Stripe-v2", "attempt": 3}
  Exception: org.apache.http.conn.HttpHostConnectException: Connect to 10.244.2.45:8080 failed: Connection refused
    at org.apache.http.impl.conn.DefaultHttpClientConnectionOperator.connect(DefaultHttpClientConnectionOperator.java:159)
    at org.apache.http.impl.conn.PoolingHttpClientConnectionManager.connect(PoolingHttpClientConnectionManager.java:376)

2026-08-30T16:42:48.580715Z CRITICAL [PaymentWorker-40] payment_gateway.processor - Payment transaction tx_46123 failed with HTTP 502 Bad Gateway.
  Request Context: {"amount": 490, "currency": "USD", "gateway": "Stripe-v2", "attempt": 3}
  Exception: org.apache.http.conn.HttpHostConnectException: Connect to 10.244.2.45:8080 failed: Connection refused
    at org.apache.http.impl.conn.DefaultHttpClientConnectionOperator.connect(DefaultHttpClientConnectionOperator.java:159)
    at org.apache.http.impl.conn.PoolingHttpClientConnectionManager.connect(PoolingHttpClientConnectionManager.java:376)

2026-08-30T16:43:03.617280Z ERROR [KafkaConsumer-72] payment_gateway.kafka - Kafka Consumer Lag Critical: Topic 'payment-events' partition 1 lag is 79410.

2026-08-30T16:43:06.624090Z CRITICAL [PaymentWorker-72] payment_gateway.processor - Payment transaction tx_18317 failed with HTTP 502 Bad Gateway.
  Request Context: {"amount": 436, "currency": "USD", "gateway": "Stripe-v2", "attempt": 3}
  Exception: org.apache.http.conn.HttpHostConnectException: Connect to 10.244.2.45:8080 failed: Connection refused
    at org.apache.http.impl.conn.DefaultHttpClientConnectionOperator.connect(DefaultHttpClientConnectionOperator.java:159)
    at org.apache.http.impl.conn.PoolingHttpClientConnectionManager.connect(PoolingHttpClientConnectionManager.java:376)

2026-08-30T16:43:12.633886Z CRITICAL [PaymentWorker-65] payment_gateway.processor - Payment transaction tx_65065 failed with HTTP 502 Bad Gateway.
  Request Context: {"amount": 101, "currency": "USD", "gateway": "Stripe-v2", "attempt": 3}
  Exception: org.apache.http.conn.HttpHostConnectException: Connect to 10.244.2.45:8080 failed: Connection refused
    at org.apache.http.impl.conn.DefaultHttpClientConnectionOperator.connect(DefaultHttpClientConnectionOperator.java:159)
    at org.apache.http.impl.conn.PoolingHttpClientConnectionManager.connect(PoolingHttpClientConnectionManager.java:376)

2026-08-30T16:43:18.645628Z CRITICAL [PaymentWorker-10] payment_gateway.processor - Payment transaction tx_99221 failed with HTTP 502 Bad Gateway.
  Request Context: {"amount": 442, "currency": "USD", "gateway": "Stripe-v2", "attempt": 3}
  Exception: org.apache.http.conn.HttpHostConnectException: Connect to 10.244.2.45:8080 failed: Connection refused
    at org.apache.http.impl.conn.DefaultHttpClientConnectionOperator.connect(DefaultHttpClientConnectionOperator.java:159)
    at org.apache.http.impl.conn.PoolingHttpClientConnectionManager.connect(PoolingHttpClientConnectionManager.java:376)

2026-08-30T16:43:27.666312Z CRITICAL [PaymentWorker-56] payment_gateway.processor - Payment transaction tx_61009 failed with HTTP 502 Bad Gateway.
  Request Context: {"amount": 354, "currency": "USD", "gateway": "Stripe-v2", "attempt": 3}
  Exception: org.apache.http.conn.HttpHostConnectException: Connect to 10.244.2.45:8080 failed: Connection refused
    at org.apache.http.impl.conn.DefaultHttpClientConnectionOperator.connect(DefaultHttpClientConnectionOperator.java:159)
    at org.apache.http.impl.conn.PoolingHttpClientConnectionManager.connect(PoolingHttpClientConnectionManager.java:376)

2026-08-30T16:43:30.676689Z CRITICAL [PaymentWorker-36] payment_gateway.processor - Payment transaction tx_15875 failed with HTTP 502 Bad Gateway.
  Request Context: {"amount": 326, "currency": "USD", "gateway": "Stripe-v2", "attempt": 3}
  Exception: org.apache.http.conn.HttpHostConnectException: Connect to 10.244.2.45:8080 failed: Connection refused
    at org.apache.http.impl.conn.DefaultHttpClientConnectionOperator.connect(DefaultHttpClientConnectionOperator.java:159)
    at org.apache.http.impl.conn.PoolingHttpClientConnectionManager.connect(PoolingHttpClientConnectionManager.java:376)

2026-08-30T16:44:06.759400Z ERROR [KafkaConsumer-59] payment_gateway.kafka - Kafka Consumer Lag Critical: Topic 'payment-events' partition 2 lag is 61380.

2026-08-30T16:44:21.790788Z CRITICAL [PaymentWorker-32] payment_gateway.processor - Payment transaction tx_36016 failed with HTTP 502 Bad Gateway.
  Request Context: {"amount": 407, "currency": "USD", "gateway": "Stripe-v2", "attempt": 3}
  Exception: org.apache.http.conn.HttpHostConnectException: Connect to 10.244.2.45:8080 failed: Connection refused
    at org.apache.http.impl.conn.DefaultHttpClientConnectionOperator.connect(DefaultHttpClientConnectionOperator.java:159)
    at org.apache.http.impl.conn.PoolingHttpClientConnectionManager.connect(PoolingHttpClientConnectionManager.java:376)

2026-08-30T16:44:27.812511Z ERROR [KafkaConsumer-18] payment_gateway.kafka - Kafka Consumer Lag Critical: Topic 'payment-events' partition 1 lag is 40037.

2026-08-30T16:44:33.832338Z CRITICAL [PaymentWorker-56] payment_gateway.processor - Payment transaction tx_67424 failed with HTTP 502 Bad Gateway.
  Request Context: {"amount": 420, "currency": "USD", "gateway": "Stripe-v2", "attempt": 3}
  Exception: org.apache.http.conn.HttpHostConnectException: Connect to 10.244.2.45:8080 failed: Connection refused
    at org.apache.http.impl.conn.DefaultHttpClientConnectionOperator.connect(DefaultHttpClientConnectionOperator.java:159)
    at org.apache.http.impl.conn.PoolingHttpClientConnectionManager.connect(PoolingHttpClientConnectionManager.java:376)

2026-08-30T16:44:42.850199Z CRITICAL [PaymentWorker-63] payment_gateway.processor - Payment transaction tx_68321 failed with HTTP 502 Bad Gateway.
  Request Context: {"amount": 283, "currency": "USD", "gateway": "Stripe-v2", "attempt": 3}
  Exception: org.apache.http.conn.HttpHostConnectException: Connect to 10.244.2.45:8080 failed: Connection refused
    at org.apache.http.impl.conn.DefaultHttpClientConnectionOperator.connect(DefaultHttpClientConnectionOperator.java:159)
    at org.apache.http.impl.conn.PoolingHttpClientConnectionManager.connect(PoolingHttpClientConnectionManager.java:376)

2026-08-30T16:44:45.857582Z ERROR [KafkaConsumer-17] payment_gateway.kafka - Kafka Consumer Lag Critical: Topic 'payment-events' partition 3 lag is 47395.

2026-08-30T16:44:48.863694Z CRITICAL [PaymentWorker-63] payment_gateway.processor - Payment transaction tx_25483 failed with HTTP 502 Bad Gateway.
  Request Context: {"amount": 146, "currency": "USD", "gateway": "Stripe-v2", "attempt": 3}
  Exception: org.apache.http.conn.HttpHostConnectException: Connect to 10.244.2.45:8080 failed: Connection refused
    at org.apache.http.impl.conn.DefaultHttpClientConnectionOperator.connect(DefaultHttpClientConnectionOperator.java:159)
    at org.apache.http.impl.conn.PoolingHttpClientConnectionManager.connect(PoolingHttpClientConnectionManager.java:376)

2026-08-30T16:45:03.896651Z CRITICAL [PaymentWorker-19] payment_gateway.processor - Payment transaction tx_93953 failed with HTTP 502 Bad Gateway.
  Request Context: {"amount": 93, "currency": "USD", "gateway": "Stripe-v2", "attempt": 3}
  Exception: org.apache.http.conn.HttpHostConnectException: Connect to 10.244.2.45:8080 failed: Connection refused
    at org.apache.http.impl.conn.DefaultHttpClientConnectionOperator.connect(DefaultHttpClientConnectionOperator.java:159)
    at org.apache.http.impl.conn.PoolingHttpClientConnectionManager.connect(PoolingHttpClientConnectionManager.java:376)

2026-08-30T16:45:12.914516Z ERROR [KafkaConsumer-12] payment_gateway.kafka - Kafka Consumer Lag Critical: Topic 'payment-events' partition 3 lag is 43204.

2026-08-30T16:45:36.997265Z ERROR [KafkaConsumer-36] payment_gateway.kafka - Kafka Consumer Lag Critical: Topic 'payment-events' partition 3 lag is 71386.

2026-08-30T16:45:40.003953Z CRITICAL [PaymentWorker-28] payment_gateway.processor - Payment transaction tx_61083 failed with HTTP 502 Bad Gateway.
  Request Context: {"amount": 287, "currency": "USD", "gateway": "Stripe-v2", "attempt": 3}
  Exception: org.apache.http.conn.HttpHostConnectException: Connect to 10.244.2.45:8080 failed: Connection refused
    at org.apache.http.impl.conn.DefaultHttpClientConnectionOperator.connect(DefaultHttpClientConnectionOperator.java:159)
    at org.apache.http.impl.conn.PoolingHttpClientConnectionManager.connect(PoolingHttpClientConnectionManager.java:376)

2026-08-30T16:45:43.009346Z ERROR [KafkaConsumer-43] payment_gateway.kafka - Kafka Consumer Lag Critical: Topic 'payment-events' partition 0 lag is 75747.

2026-08-30T16:45:49.021936Z ERROR [KafkaConsumer-72] payment_gateway.kafka - Kafka Consumer Lag Critical: Topic 'payment-events' partition 2 lag is 57958.

2026-08-30T16:45:52.027658Z ERROR [KafkaConsumer-25] payment_gateway.kafka - Kafka Consumer Lag Critical: Topic 'payment-events' partition 1 lag is 68636.

2026-08-30T16:45:58.039609Z CRITICAL [PaymentWorker-22] payment_gateway.processor - Payment transaction tx_43627 failed with HTTP 502 Bad Gateway.
  Request Context: {"amount": 19, "currency": "USD", "gateway": "Stripe-v2", "attempt": 3}
  Exception: org.apache.http.conn.HttpHostConnectException: Connect to 10.244.2.45:8080 failed: Connection refused
    at org.apache.http.impl.conn.DefaultHttpClientConnectionOperator.connect(DefaultHttpClientConnectionOperator.java:159)
    at org.apache.http.impl.conn.PoolingHttpClientConnectionManager.connect(PoolingHttpClientConnectionManager.java:376)

2026-08-30T16:46:01.045720Z CRITICAL [PaymentWorker-54] payment_gateway.processor - Payment transaction tx_23659 failed with HTTP 502 Bad Gateway.
  Request Context: {"amount": 206, "currency": "USD", "gateway": "Stripe-v2", "attempt": 3}
  Exception: org.apache.http.conn.HttpHostConnectException: Connect to 10.244.2.45:8080 failed: Connection refused
    at org.apache.http.impl.conn.DefaultHttpClientConnectionOperator.connect(DefaultHttpClientConnectionOperator.java:159)
    at org.apache.http.impl.conn.PoolingHttpClientConnectionManager.connect(PoolingHttpClientConnectionManager.java:376)

2026-08-30T16:46:04.060534Z ERROR [KafkaConsumer-22] payment_gateway.kafka - Kafka Consumer Lag Critical: Topic 'payment-events' partition 3 lag is 68801.

2026-08-30T16:46:16.103117Z ERROR [KafkaConsumer-35] payment_gateway.kafka - Kafka Consumer Lag Critical: Topic 'payment-events' partition 0 lag is 75952.

2026-08-30T16:46:19.109303Z CRITICAL [PaymentWorker-87] payment_gateway.processor - Payment transaction tx_69261 failed with HTTP 502 Bad Gateway.
  Request Context: {"amount": 445, "currency": "USD", "gateway": "Stripe-v2", "attempt": 3}
  Exception: org.apache.http.conn.HttpHostConnectException: Connect to 10.244.2.45:8080 failed: Connection refused
    at org.apache.http.impl.conn.DefaultHttpClientConnectionOperator.connect(DefaultHttpClientConnectionOperator.java:159)
    at org.apache.http.impl.conn.PoolingHttpClientConnectionManager.connect(PoolingHttpClientConnectionManager.java:376)

2026-08-30T16:46:28.155134Z CRITICAL [PaymentWorker-88] payment_gateway.processor - Payment transaction tx_45072 failed with HTTP 502 Bad Gateway.
  Request Context: {"amount": 363, "currency": "USD", "gateway": "Stripe-v2", "attempt": 3}
  Exception: org.apache.http.conn.HttpHostConnectException: Connect to 10.244.2.45:8080 failed: Connection refused
    at org.apache.http.impl.conn.DefaultHttpClientConnectionOperator.connect(DefaultHttpClientConnectionOperator.java:159)
    at org.apache.http.impl.conn.PoolingHttpClientConnectionManager.connect(PoolingHttpClientConnectionManager.java:376)

2026-08-30T16:46:31.161538Z ERROR [KafkaConsumer-24] payment_gateway.kafka - Kafka Consumer Lag Critical: Topic 'payment-events' partition 0 lag is 78747.

2026-08-30T16:46:55.221822Z ERROR [KafkaConsumer-81] payment_gateway.kafka - Kafka Consumer Lag Critical: Topic 'payment-events' partition 3 lag is 50463.

2026-08-30T16:47:04.242085Z CRITICAL [PaymentWorker-32] payment_gateway.processor - Payment transaction tx_46661 failed with HTTP 502 Bad Gateway.
  Request Context: {"amount": 461, "currency": "USD", "gateway": "Stripe-v2", "attempt": 3}
  Exception: org.apache.http.conn.HttpHostConnectException: Connect to 10.244.2.45:8080 failed: Connection refused
    at org.apache.http.impl.conn.DefaultHttpClientConnectionOperator.connect(DefaultHttpClientConnectionOperator.java:159)
    at org.apache.http.impl.conn.PoolingHttpClientConnectionManager.connect(PoolingHttpClientConnectionManager.java:376)

2026-08-30T16:47:10.254049Z CRITICAL [PaymentWorker-66] payment_gateway.processor - Payment transaction tx_93236 failed with HTTP 502 Bad Gateway.
  Request Context: {"amount": 429, "currency": "USD", "gateway": "Stripe-v2", "attempt": 3}
  Exception: org.apache.http.conn.HttpHostConnectException: Connect to 10.244.2.45:8080 failed: Connection refused
    at org.apache.http.impl.conn.DefaultHttpClientConnectionOperator.connect(DefaultHttpClientConnectionOperator.java:159)
    at org.apache.http.impl.conn.PoolingHttpClientConnectionManager.connect(PoolingHttpClientConnectionManager.java:376)

2026-08-30T16:47:19.271088Z ERROR [KafkaConsumer-82] payment_gateway.kafka - Kafka Consumer Lag Critical: Topic 'payment-events' partition 1 lag is 67672.

2026-08-30T16:47:22.276258Z ERROR [KafkaConsumer-48] payment_gateway.kafka - Kafka Consumer Lag Critical: Topic 'payment-events' partition 2 lag is 48074.

2026-08-30T16:47:25.292245Z CRITICAL [PaymentWorker-36] payment_gateway.processor - Payment transaction tx_39490 failed with HTTP 502 Bad Gateway.
  Request Context: {"amount": 389, "currency": "USD", "gateway": "Stripe-v2", "attempt": 3}
  Exception: org.apache.http.conn.HttpHostConnectException: Connect to 10.244.2.45:8080 failed: Connection refused
    at org.apache.http.impl.conn.DefaultHttpClientConnectionOperator.connect(DefaultHttpClientConnectionOperator.java:159)
    at org.apache.http.impl.conn.PoolingHttpClientConnectionManager.connect(PoolingHttpClientConnectionManager.java:376)

2026-08-30T16:47:34.312783Z ERROR [KafkaConsumer-14] payment_gateway.kafka - Kafka Consumer Lag Critical: Topic 'payment-events' partition 1 lag is 66976.

2026-08-30T16:47:43.332384Z CRITICAL [PaymentWorker-34] payment_gateway.processor - Payment transaction tx_77594 failed with HTTP 502 Bad Gateway.
  Request Context: {"amount": 406, "currency": "USD", "gateway": "Stripe-v2", "attempt": 3}
  Exception: org.apache.http.conn.HttpHostConnectException: Connect to 10.244.2.45:8080 failed: Connection refused
    at org.apache.http.impl.conn.DefaultHttpClientConnectionOperator.connect(DefaultHttpClientConnectionOperator.java:159)
    at org.apache.http.impl.conn.PoolingHttpClientConnectionManager.connect(PoolingHttpClientConnectionManager.java:376)

2026-08-30T16:47:52.355926Z ERROR [KafkaConsumer-90] payment_gateway.kafka - Kafka Consumer Lag Critical: Topic 'payment-events' partition 3 lag is 54949.

2026-08-30T16:47:58.368916Z CRITICAL [PaymentWorker-94] payment_gateway.processor - Payment transaction tx_89256 failed with HTTP 502 Bad Gateway.
  Request Context: {"amount": 480, "currency": "USD", "gateway": "Stripe-v2", "attempt": 3}
  Exception: org.apache.http.conn.HttpHostConnectException: Connect to 10.244.2.45:8080 failed: Connection refused
    at org.apache.http.impl.conn.DefaultHttpClientConnectionOperator.connect(DefaultHttpClientConnectionOperator.java:159)
    at org.apache.http.impl.conn.PoolingHttpClientConnectionManager.connect(PoolingHttpClientConnectionManager.java:376)

2026-08-30T16:48:01.381338Z CRITICAL [PaymentWorker-52] payment_gateway.processor - Payment transaction tx_41061 failed with HTTP 502 Bad Gateway.
  Request Context: {"amount": 28, "currency": "USD", "gateway": "Stripe-v2", "attempt": 3}
  Exception: org.apache.http.conn.HttpHostConnectException: Connect to 10.244.2.45:8080 failed: Connection refused
    at org.apache.http.impl.conn.DefaultHttpClientConnectionOperator.connect(DefaultHttpClientConnectionOperator.java:159)
    at org.apache.http.impl.conn.PoolingHttpClientConnectionManager.connect(PoolingHttpClientConnectionManager.java:376)

2026-08-30T16:48:07.392704Z CRITICAL [PaymentWorker-72] payment_gateway.processor - Payment transaction tx_17464 failed with HTTP 502 Bad Gateway.
  Request Context: {"amount": 75, "currency": "USD", "gateway": "Stripe-v2", "attempt": 3}
  Exception: org.apache.http.conn.HttpHostConnectException: Connect to 10.244.2.45:8080 failed: Connection refused
    at org.apache.http.impl.conn.DefaultHttpClientConnectionOperator.connect(DefaultHttpClientConnectionOperator.java:159)
    at org.apache.http.impl.conn.PoolingHttpClientConnectionManager.connect(PoolingHttpClientConnectionManager.java:376)

2026-08-30T16:48:19.447682Z ERROR [KafkaConsumer-67] payment_gateway.kafka - Kafka Consumer Lag Critical: Topic 'payment-events' partition 0 lag is 64928.

2026-08-30T16:48:22.462175Z CRITICAL [PaymentWorker-63] payment_gateway.processor - Payment transaction tx_65422 failed with HTTP 502 Bad Gateway.
  Request Context: {"amount": 500, "currency": "USD", "gateway": "Stripe-v2", "attempt": 3}
  Exception: org.apache.http.conn.HttpHostConnectException: Connect to 10.244.2.45:8080 failed: Connection refused
    at org.apache.http.impl.conn.DefaultHttpClientConnectionOperator.connect(DefaultHttpClientConnectionOperator.java:159)
    at org.apache.http.impl.conn.PoolingHttpClientConnectionManager.connect(PoolingHttpClientConnectionManager.java:376)

2026-08-30T16:48:25.467403Z CRITICAL [PaymentWorker-27] payment_gateway.processor - Payment transaction tx_31766 failed with HTTP 502 Bad Gateway.
  Request Context: {"amount": 165, "currency": "USD", "gateway": "Stripe-v2", "attempt": 3}
  Exception: org.apache.http.conn.HttpHostConnectException: Connect to 10.244.2.45:8080 failed: Connection refused
    at org.apache.http.impl.conn.DefaultHttpClientConnectionOperator.connect(DefaultHttpClientConnectionOperator.java:159)
    at org.apache.http.impl.conn.PoolingHttpClientConnectionManager.connect(PoolingHttpClientConnectionManager.java:376)

2026-08-30T16:48:28.474111Z ERROR [KafkaConsumer-36] payment_gateway.kafka - Kafka Consumer Lag Critical: Topic 'payment-events' partition 1 lag is 52465.

2026-08-30T16:48:34.491428Z CRITICAL [PaymentWorker-31] payment_gateway.processor - Payment transaction tx_22279 failed with HTTP 502 Bad Gateway.
  Request Context: {"amount": 46, "currency": "USD", "gateway": "Stripe-v2", "attempt": 3}
  Exception: org.apache.http.conn.HttpHostConnectException: Connect to 10.244.2.45:8080 failed: Connection refused
    at org.apache.http.impl.conn.DefaultHttpClientConnectionOperator.connect(DefaultHttpClientConnectionOperator.java:159)
    at org.apache.http.impl.conn.PoolingHttpClientConnectionManager.connect(PoolingHttpClientConnectionManager.java:376)

2026-08-30T16:48:43.509295Z CRITICAL [PaymentWorker-66] payment_gateway.processor - Payment transaction tx_92903 failed with HTTP 502 Bad Gateway.
  Request Context: {"amount": 270, "currency": "USD", "gateway": "Stripe-v2", "attempt": 3}
  Exception: org.apache.http.conn.HttpHostConnectException: Connect to 10.244.2.45:8080 failed: Connection refused
    at org.apache.http.impl.conn.DefaultHttpClientConnectionOperator.connect(DefaultHttpClientConnectionOperator.java:159)
    at org.apache.http.impl.conn.PoolingHttpClientConnectionManager.connect(PoolingHttpClientConnectionManager.java:376)

2026-08-30T16:48:58.546021Z ERROR [KafkaConsumer-84] payment_gateway.kafka - Kafka Consumer Lag Critical: Topic 'payment-events' partition 1 lag is 68245.

2026-08-30T16:49:10.569978Z CRITICAL [PaymentWorker-40] payment_gateway.processor - Payment transaction tx_62841 failed with HTTP 502 Bad Gateway.
  Request Context: {"amount": 38, "currency": "USD", "gateway": "Stripe-v2", "attempt": 3}
  Exception: org.apache.http.conn.HttpHostConnectException: Connect to 10.244.2.45:8080 failed: Connection refused
    at org.apache.http.impl.conn.DefaultHttpClientConnectionOperator.connect(DefaultHttpClientConnectionOperator.java:159)
    at org.apache.http.impl.conn.PoolingHttpClientConnectionManager.connect(PoolingHttpClientConnectionManager.java:376)

2026-08-30T16:49:19.590403Z CRITICAL [PaymentWorker-56] payment_gateway.processor - Payment transaction tx_33101 failed with HTTP 502 Bad Gateway.
  Request Context: {"amount": 165, "currency": "USD", "gateway": "Stripe-v2", "attempt": 3}
  Exception: org.apache.http.conn.HttpHostConnectException: Connect to 10.244.2.45:8080 failed: Connection refused
    at org.apache.http.impl.conn.DefaultHttpClientConnectionOperator.connect(DefaultHttpClientConnectionOperator.java:159)
    at org.apache.http.impl.conn.PoolingHttpClientConnectionManager.connect(PoolingHttpClientConnectionManager.java:376)

2026-08-30T16:49:37.660330Z CRITICAL [PaymentWorker-69] payment_gateway.processor - Payment transaction tx_61124 failed with HTTP 502 Bad Gateway.
  Request Context: {"amount": 322, "currency": "USD", "gateway": "Stripe-v2", "attempt": 3}
  Exception: org.apache.http.conn.HttpHostConnectException: Connect to 10.244.2.45:8080 failed: Connection refused
    at org.apache.http.impl.conn.DefaultHttpClientConnectionOperator.connect(DefaultHttpClientConnectionOperator.java:159)
    at org.apache.http.impl.conn.PoolingHttpClientConnectionManager.connect(PoolingHttpClientConnectionManager.java:376)

2026-08-30T16:49:43.672980Z CRITICAL [PaymentWorker-71] payment_gateway.processor - Payment transaction tx_89533 failed with HTTP 502 Bad Gateway.
  Request Context: {"amount": 487, "currency": "USD", "gateway": "Stripe-v2", "attempt": 3}
  Exception: org.apache.http.conn.HttpHostConnectException: Connect to 10.244.2.45:8080 failed: Connection refused
    at org.apache.http.impl.conn.DefaultHttpClientConnectionOperator.connect(DefaultHttpClientConnectionOperator.java:159)
    at org.apache.http.impl.conn.PoolingHttpClientConnectionManager.connect(PoolingHttpClientConnectionManager.java:376)

2026-08-30T16:49:49.690321Z CRITICAL [PaymentWorker-29] payment_gateway.processor - Payment transaction tx_21204 failed with HTTP 502 Bad Gateway.
  Request Context: {"amount": 402, "currency": "USD", "gateway": "Stripe-v2", "attempt": 3}
  Exception: org.apache.http.conn.HttpHostConnectException: Connect to 10.244.2.45:8080 failed: Connection refused
    at org.apache.http.impl.conn.DefaultHttpClientConnectionOperator.connect(DefaultHttpClientConnectionOperator.java:159)
    at org.apache.http.impl.conn.PoolingHttpClientConnectionManager.connect(PoolingHttpClientConnectionManager.java:376)

2026-08-30T16:49:52.704988Z CRITICAL [PaymentWorker-23] payment_gateway.processor - Payment transaction tx_21016 failed with HTTP 502 Bad Gateway.
  Request Context: {"amount": 229, "currency": "USD", "gateway": "Stripe-v2", "attempt": 3}
  Exception: org.apache.http.conn.HttpHostConnectException: Connect to 10.244.2.45:8080 failed: Connection refused
    at org.apache.http.impl.conn.DefaultHttpClientConnectionOperator.connect(DefaultHttpClientConnectionOperator.java:159)
    at org.apache.http.impl.conn.PoolingHttpClientConnectionManager.connect(PoolingHttpClientConnectionManager.java:376)

2026-08-30T16:50:01.733327Z CRITICAL [PaymentWorker-55] payment_gateway.processor - Payment transaction tx_77967 failed with HTTP 502 Bad Gateway.
  Request Context: {"amount": 377, "currency": "USD", "gateway": "Stripe-v2", "attempt": 3}
  Exception: org.apache.http.conn.HttpHostConnectException: Connect to 10.244.2.45:8080 failed: Connection refused
    at org.apache.http.impl.conn.DefaultHttpClientConnectionOperator.connect(DefaultHttpClientConnectionOperator.java:159)
    at org.apache.http.impl.conn.PoolingHttpClientConnectionManager.connect(PoolingHttpClientConnectionManager.java:376)

2026-08-30T16:50:16.773475Z CRITICAL [PaymentWorker-94] payment_gateway.processor - Payment transaction tx_13045 failed with HTTP 502 Bad Gateway.
  Request Context: {"amount": 32, "currency": "USD", "gateway": "Stripe-v2", "attempt": 3}
  Exception: org.apache.http.conn.HttpHostConnectException: Connect to 10.244.2.45:8080 failed: Connection refused
    at org.apache.http.impl.conn.DefaultHttpClientConnectionOperator.connect(DefaultHttpClientConnectionOperator.java:159)
    at org.apache.http.impl.conn.PoolingHttpClientConnectionManager.connect(PoolingHttpClientConnectionManager.java:376)

2026-08-30T16:50:31.816117Z CRITICAL [PaymentWorker-89] payment_gateway.processor - Payment transaction tx_39959 failed with HTTP 502 Bad Gateway.
  Request Context: {"amount": 65, "currency": "USD", "gateway": "Stripe-v2", "attempt": 3}
  Exception: org.apache.http.conn.HttpHostConnectException: Connect to 10.244.2.45:8080 failed: Connection refused
    at org.apache.http.impl.conn.DefaultHttpClientConnectionOperator.connect(DefaultHttpClientConnectionOperator.java:159)
    at org.apache.http.impl.conn.PoolingHttpClientConnectionManager.connect(PoolingHttpClientConnectionManager.java:376)

2026-08-30T16:50:34.831661Z CRITICAL [PaymentWorker-38] payment_gateway.processor - Payment transaction tx_37896 failed with HTTP 502 Bad Gateway.
  Request Context: {"amount": 488, "currency": "USD", "gateway": "Stripe-v2", "attempt": 3}
  Exception: org.apache.http.conn.HttpHostConnectException: Connect to 10.244.2.45:8080 failed: Connection refused
    at org.apache.http.impl.conn.DefaultHttpClientConnectionOperator.connect(DefaultHttpClientConnectionOperator.java:159)
    at org.apache.http.impl.conn.PoolingHttpClientConnectionManager.connect(PoolingHttpClientConnectionManager.java:376)

2026-08-30T16:50:55.872209Z CRITICAL [PaymentWorker-42] payment_gateway.processor - Payment transaction tx_65829 failed with HTTP 502 Bad Gateway.
  Request Context: {"amount": 62, "currency": "USD", "gateway": "Stripe-v2", "attempt": 3}
  Exception: org.apache.http.conn.HttpHostConnectException: Connect to 10.244.2.45:8080 failed: Connection refused
    at org.apache.http.impl.conn.DefaultHttpClientConnectionOperator.connect(DefaultHttpClientConnectionOperator.java:159)
    at org.apache.http.impl.conn.PoolingHttpClientConnectionManager.connect(PoolingHttpClientConnectionManager.java:376)

2026-08-30T16:51:01.884676Z CRITICAL [PaymentWorker-24] payment_gateway.processor - Payment transaction tx_84969 failed with HTTP 502 Bad Gateway.
  Request Context: {"amount": 175, "currency": "USD", "gateway": "Stripe-v2", "attempt": 3}
  Exception: org.apache.http.conn.HttpHostConnectException: Connect to 10.244.2.45:8080 failed: Connection refused
    at org.apache.http.impl.conn.DefaultHttpClientConnectionOperator.connect(DefaultHttpClientConnectionOperator.java:159)
    at org.apache.http.impl.conn.PoolingHttpClientConnectionManager.connect(PoolingHttpClientConnectionManager.java:376)

2026-08-30T16:51:22.961080Z ERROR [KafkaConsumer-79] payment_gateway.kafka - Kafka Consumer Lag Critical: Topic 'payment-events' partition 0 lag is 40295.

2026-08-30T16:51:31.982665Z ERROR [KafkaConsumer-75] payment_gateway.kafka - Kafka Consumer Lag Critical: Topic 'payment-events' partition 3 lag is 50544.

2026-08-30T16:51:37.995096Z CRITICAL [PaymentWorker-35] payment_gateway.processor - Payment transaction tx_50903 failed with HTTP 502 Bad Gateway.
  Request Context: {"amount": 196, "currency": "USD", "gateway": "Stripe-v2", "attempt": 3}
  Exception: org.apache.http.conn.HttpHostConnectException: Connect to 10.244.2.45:8080 failed: Connection refused
    at org.apache.http.impl.conn.DefaultHttpClientConnectionOperator.connect(DefaultHttpClientConnectionOperator.java:159)
    at org.apache.http.impl.conn.PoolingHttpClientConnectionManager.connect(PoolingHttpClientConnectionManager.java:376)

2026-08-30T16:51:47.012357Z CRITICAL [PaymentWorker-13] payment_gateway.processor - Payment transaction tx_61094 failed with HTTP 502 Bad Gateway.
  Request Context: {"amount": 437, "currency": "USD", "gateway": "Stripe-v2", "attempt": 3}
  Exception: org.apache.http.conn.HttpHostConnectException: Connect to 10.244.2.45:8080 failed: Connection refused
    at org.apache.http.impl.conn.DefaultHttpClientConnectionOperator.connect(DefaultHttpClientConnectionOperator.java:159)
    at org.apache.http.impl.conn.PoolingHttpClientConnectionManager.connect(PoolingHttpClientConnectionManager.java:376)

2026-08-30T16:51:50.019633Z ERROR [KafkaConsumer-19] payment_gateway.kafka - Kafka Consumer Lag Critical: Topic 'payment-events' partition 3 lag is 58308.

2026-08-30T16:51:53.033611Z CRITICAL [PaymentWorker-60] payment_gateway.processor - Payment transaction tx_22182 failed with HTTP 502 Bad Gateway.
  Request Context: {"amount": 375, "currency": "USD", "gateway": "Stripe-v2", "attempt": 3}
  Exception: org.apache.http.conn.HttpHostConnectException: Connect to 10.244.2.45:8080 failed: Connection refused
    at org.apache.http.impl.conn.DefaultHttpClientConnectionOperator.connect(DefaultHttpClientConnectionOperator.java:159)
    at org.apache.http.impl.conn.PoolingHttpClientConnectionManager.connect(PoolingHttpClientConnectionManager.java:376)

2026-08-30T16:52:23.093193Z ERROR [KafkaConsumer-70] payment_gateway.kafka - Kafka Consumer Lag Critical: Topic 'payment-events' partition 2 lag is 47876.

2026-08-30T16:52:26.099677Z ERROR [KafkaConsumer-65] payment_gateway.kafka - Kafka Consumer Lag Critical: Topic 'payment-events' partition 0 lag is 57112.

2026-08-30T16:52:29.104519Z ERROR [KafkaConsumer-17] payment_gateway.kafka - Kafka Consumer Lag Critical: Topic 'payment-events' partition 1 lag is 40139.

2026-08-30T16:53:02.180335Z ERROR [KafkaConsumer-25] payment_gateway.kafka - Kafka Consumer Lag Critical: Topic 'payment-events' partition 0 lag is 55525.

2026-08-30T16:53:29.247455Z ERROR [KafkaConsumer-95] payment_gateway.kafka - Kafka Consumer Lag Critical: Topic 'payment-events' partition 0 lag is 40851.

2026-08-30T16:53:44.279352Z CRITICAL [PaymentWorker-44] payment_gateway.processor - Payment transaction tx_50573 failed with HTTP 502 Bad Gateway.
  Request Context: {"amount": 466, "currency": "USD", "gateway": "Stripe-v2", "attempt": 3}
  Exception: org.apache.http.conn.HttpHostConnectException: Connect to 10.244.2.45:8080 failed: Connection refused
    at org.apache.http.impl.conn.DefaultHttpClientConnectionOperator.connect(DefaultHttpClientConnectionOperator.java:159)
    at org.apache.http.impl.conn.PoolingHttpClientConnectionManager.connect(PoolingHttpClientConnectionManager.java:376)

2026-08-30T16:53:47.284875Z CRITICAL [PaymentWorker-51] payment_gateway.processor - Payment transaction tx_96821 failed with HTTP 502 Bad Gateway.
  Request Context: {"amount": 444, "currency": "USD", "gateway": "Stripe-v2", "attempt": 3}
  Exception: org.apache.http.conn.HttpHostConnectException: Connect to 10.244.2.45:8080 failed: Connection refused
    at org.apache.http.impl.conn.DefaultHttpClientConnectionOperator.connect(DefaultHttpClientConnectionOperator.java:159)
    at org.apache.http.impl.conn.PoolingHttpClientConnectionManager.connect(PoolingHttpClientConnectionManager.java:376)

2026-08-30T16:53:53.299507Z ERROR [KafkaConsumer-88] payment_gateway.kafka - Kafka Consumer Lag Critical: Topic 'payment-events' partition 3 lag is 40078.

2026-08-30T16:53:56.305216Z CRITICAL [PaymentWorker-70] payment_gateway.processor - Payment transaction tx_62002 failed with HTTP 502 Bad Gateway.
  Request Context: {"amount": 162, "currency": "USD", "gateway": "Stripe-v2", "attempt": 3}
  Exception: org.apache.http.conn.HttpHostConnectException: Connect to 10.244.2.45:8080 failed: Connection refused
    at org.apache.http.impl.conn.DefaultHttpClientConnectionOperator.connect(DefaultHttpClientConnectionOperator.java:159)
    at org.apache.http.impl.conn.PoolingHttpClientConnectionManager.connect(PoolingHttpClientConnectionManager.java:376)

2026-08-30T16:54:02.327492Z CRITICAL [PaymentWorker-87] payment_gateway.processor - Payment transaction tx_30097 failed with HTTP 502 Bad Gateway.
  Request Context: {"amount": 203, "currency": "USD", "gateway": "Stripe-v2", "attempt": 3}
  Exception: org.apache.http.conn.HttpHostConnectException: Connect to 10.244.2.45:8080 failed: Connection refused
    at org.apache.http.impl.conn.DefaultHttpClientConnectionOperator.connect(DefaultHttpClientConnectionOperator.java:159)
    at org.apache.http.impl.conn.PoolingHttpClientConnectionManager.connect(PoolingHttpClientConnectionManager.java:376)

2026-08-30T16:54:17.376767Z CRITICAL [PaymentWorker-50] payment_gateway.processor - Payment transaction tx_32103 failed with HTTP 502 Bad Gateway.
  Request Context: {"amount": 360, "currency": "USD", "gateway": "Stripe-v2", "attempt": 3}
  Exception: org.apache.http.conn.HttpHostConnectException: Connect to 10.244.2.45:8080 failed: Connection refused
    at org.apache.http.impl.conn.DefaultHttpClientConnectionOperator.connect(DefaultHttpClientConnectionOperator.java:159)
    at org.apache.http.impl.conn.PoolingHttpClientConnectionManager.connect(PoolingHttpClientConnectionManager.java:376)

2026-08-30T16:54:20.383348Z ERROR [KafkaConsumer-95] payment_gateway.kafka - Kafka Consumer Lag Critical: Topic 'payment-events' partition 3 lag is 68428.

2026-08-30T16:54:29.416364Z CRITICAL [PaymentWorker-95] payment_gateway.processor - Payment transaction tx_54770 failed with HTTP 502 Bad Gateway.
  Request Context: {"amount": 358, "currency": "USD", "gateway": "Stripe-v2", "attempt": 3}
  Exception: org.apache.http.conn.HttpHostConnectException: Connect to 10.244.2.45:8080 failed: Connection refused
    at org.apache.http.impl.conn.DefaultHttpClientConnectionOperator.connect(DefaultHttpClientConnectionOperator.java:159)
    at org.apache.http.impl.conn.PoolingHttpClientConnectionManager.connect(PoolingHttpClientConnectionManager.java:376)

2026-08-30T16:54:35.445235Z ERROR [KafkaConsumer-72] payment_gateway.kafka - Kafka Consumer Lag Critical: Topic 'payment-events' partition 0 lag is 73468.

2026-08-30T16:54:44.464288Z CRITICAL [PaymentWorker-31] payment_gateway.processor - Payment transaction tx_67387 failed with HTTP 502 Bad Gateway.
  Request Context: {"amount": 157, "currency": "USD", "gateway": "Stripe-v2", "attempt": 3}
  Exception: org.apache.http.conn.HttpHostConnectException: Connect to 10.244.2.45:8080 failed: Connection refused
    at org.apache.http.impl.conn.DefaultHttpClientConnectionOperator.connect(DefaultHttpClientConnectionOperator.java:159)
    at org.apache.http.impl.conn.PoolingHttpClientConnectionManager.connect(PoolingHttpClientConnectionManager.java:376)

2026-08-30T16:54:53.486273Z ERROR [KafkaConsumer-82] payment_gateway.kafka - Kafka Consumer Lag Critical: Topic 'payment-events' partition 0 lag is 46035.

2026-08-30T16:55:05.518288Z ERROR [KafkaConsumer-98] payment_gateway.kafka - Kafka Consumer Lag Critical: Topic 'payment-events' partition 3 lag is 63428.

2026-08-30T16:55:08.530842Z CRITICAL [PaymentWorker-53] payment_gateway.processor - Payment transaction tx_17267 failed with HTTP 502 Bad Gateway.
  Request Context: {"amount": 46, "currency": "USD", "gateway": "Stripe-v2", "attempt": 3}
  Exception: org.apache.http.conn.HttpHostConnectException: Connect to 10.244.2.45:8080 failed: Connection refused
    at org.apache.http.impl.conn.DefaultHttpClientConnectionOperator.connect(DefaultHttpClientConnectionOperator.java:159)
    at org.apache.http.impl.conn.PoolingHttpClientConnectionManager.connect(PoolingHttpClientConnectionManager.java:376)

2026-08-30T16:55:11.535524Z ERROR [KafkaConsumer-55] payment_gateway.kafka - Kafka Consumer Lag Critical: Topic 'payment-events' partition 3 lag is 43007.

2026-08-30T16:55:17.548570Z CRITICAL [PaymentWorker-25] payment_gateway.processor - Payment transaction tx_16951 failed with HTTP 502 Bad Gateway.
  Request Context: {"amount": 64, "currency": "USD", "gateway": "Stripe-v2", "attempt": 3}
  Exception: org.apache.http.conn.HttpHostConnectException: Connect to 10.244.2.45:8080 failed: Connection refused
    at org.apache.http.impl.conn.DefaultHttpClientConnectionOperator.connect(DefaultHttpClientConnectionOperator.java:159)
    at org.apache.http.impl.conn.PoolingHttpClientConnectionManager.connect(PoolingHttpClientConnectionManager.java:376)

2026-08-30T16:55:32.591490Z ERROR [KafkaConsumer-98] payment_gateway.kafka - Kafka Consumer Lag Critical: Topic 'payment-events' partition 0 lag is 70494.

2026-08-30T16:55:47.625974Z CRITICAL [PaymentWorker-13] payment_gateway.processor - Payment transaction tx_36026 failed with HTTP 502 Bad Gateway.
  Request Context: {"amount": 439, "currency": "USD", "gateway": "Stripe-v2", "attempt": 3}
  Exception: org.apache.http.conn.HttpHostConnectException: Connect to 10.244.2.45:8080 failed: Connection refused
    at org.apache.http.impl.conn.DefaultHttpClientConnectionOperator.connect(DefaultHttpClientConnectionOperator.java:159)
    at org.apache.http.impl.conn.PoolingHttpClientConnectionManager.connect(PoolingHttpClientConnectionManager.java:376)

2026-08-30T16:55:50.635033Z ERROR [KafkaConsumer-68] payment_gateway.kafka - Kafka Consumer Lag Critical: Topic 'payment-events' partition 0 lag is 40561.

2026-08-30T16:56:05.668553Z ERROR [KafkaConsumer-40] payment_gateway.kafka - Kafka Consumer Lag Critical: Topic 'payment-events' partition 0 lag is 65863.

2026-08-30T16:56:26.726204Z ERROR [KafkaConsumer-61] payment_gateway.kafka - Kafka Consumer Lag Critical: Topic 'payment-events' partition 0 lag is 56412.

2026-08-30T16:56:29.737923Z ERROR [KafkaConsumer-30] payment_gateway.kafka - Kafka Consumer Lag Critical: Topic 'payment-events' partition 2 lag is 45438.

2026-08-30T16:56:35.749079Z CRITICAL [PaymentWorker-35] payment_gateway.processor - Payment transaction tx_57886 failed with HTTP 502 Bad Gateway.
  Request Context: {"amount": 245, "currency": "USD", "gateway": "Stripe-v2", "attempt": 3}
  Exception: org.apache.http.conn.HttpHostConnectException: Connect to 10.244.2.45:8080 failed: Connection refused
    at org.apache.http.impl.conn.DefaultHttpClientConnectionOperator.connect(DefaultHttpClientConnectionOperator.java:159)
    at org.apache.http.impl.conn.PoolingHttpClientConnectionManager.connect(PoolingHttpClientConnectionManager.java:376)

2026-08-30T16:56:50.794073Z CRITICAL [PaymentWorker-32] payment_gateway.processor - Payment transaction tx_38973 failed with HTTP 502 Bad Gateway.
  Request Context: {"amount": 423, "currency": "USD", "gateway": "Stripe-v2", "attempt": 3}
  Exception: org.apache.http.conn.HttpHostConnectException: Connect to 10.244.2.45:8080 failed: Connection refused
    at org.apache.http.impl.conn.DefaultHttpClientConnectionOperator.connect(DefaultHttpClientConnectionOperator.java:159)
    at org.apache.http.impl.conn.PoolingHttpClientConnectionManager.connect(PoolingHttpClientConnectionManager.java:376)

2026-08-30T16:56:53.800712Z ERROR [KafkaConsumer-23] payment_gateway.kafka - Kafka Consumer Lag Critical: Topic 'payment-events' partition 2 lag is 53064.

2026-08-30T16:57:05.833684Z ERROR [KafkaConsumer-14] payment_gateway.kafka - Kafka Consumer Lag Critical: Topic 'payment-events' partition 0 lag is 65293.

2026-08-30T16:57:08.839417Z CRITICAL [PaymentWorker-12] payment_gateway.processor - Payment transaction tx_89656 failed with HTTP 502 Bad Gateway.
  Request Context: {"amount": 305, "currency": "USD", "gateway": "Stripe-v2", "attempt": 3}
  Exception: org.apache.http.conn.HttpHostConnectException: Connect to 10.244.2.45:8080 failed: Connection refused
    at org.apache.http.impl.conn.DefaultHttpClientConnectionOperator.connect(DefaultHttpClientConnectionOperator.java:159)
    at org.apache.http.impl.conn.PoolingHttpClientConnectionManager.connect(PoolingHttpClientConnectionManager.java:376)

2026-08-30T16:57:14.850371Z CRITICAL [PaymentWorker-29] payment_gateway.processor - Payment transaction tx_54541 failed with HTTP 502 Bad Gateway.
  Request Context: {"amount": 29, "currency": "USD", "gateway": "Stripe-v2", "attempt": 3}
  Exception: org.apache.http.conn.HttpHostConnectException: Connect to 10.244.2.45:8080 failed: Connection refused
    at org.apache.http.impl.conn.DefaultHttpClientConnectionOperator.connect(DefaultHttpClientConnectionOperator.java:159)
    at org.apache.http.impl.conn.PoolingHttpClientConnectionManager.connect(PoolingHttpClientConnectionManager.java:376)

2026-08-30T16:57:17.858714Z ERROR [KafkaConsumer-20] payment_gateway.kafka - Kafka Consumer Lag Critical: Topic 'payment-events' partition 1 lag is 78677.

2026-08-30T16:57:23.870573Z ERROR [KafkaConsumer-79] payment_gateway.kafka - Kafka Consumer Lag Critical: Topic 'payment-events' partition 3 lag is 74858.

2026-08-30T16:57:29.892789Z CRITICAL [PaymentWorker-67] payment_gateway.processor - Payment transaction tx_82914 failed with HTTP 502 Bad Gateway.
  Request Context: {"amount": 485, "currency": "USD", "gateway": "Stripe-v2", "attempt": 3}
  Exception: org.apache.http.conn.HttpHostConnectException: Connect to 10.244.2.45:8080 failed: Connection refused
    at org.apache.http.impl.conn.DefaultHttpClientConnectionOperator.connect(DefaultHttpClientConnectionOperator.java:159)
    at org.apache.http.impl.conn.PoolingHttpClientConnectionManager.connect(PoolingHttpClientConnectionManager.java:376)

2026-08-30T16:57:35.905301Z CRITICAL [PaymentWorker-68] payment_gateway.processor - Payment transaction tx_62558 failed with HTTP 502 Bad Gateway.
  Request Context: {"amount": 348, "currency": "USD", "gateway": "Stripe-v2", "attempt": 3}
  Exception: org.apache.http.conn.HttpHostConnectException: Connect to 10.244.2.45:8080 failed: Connection refused
    at org.apache.http.impl.conn.DefaultHttpClientConnectionOperator.connect(DefaultHttpClientConnectionOperator.java:159)
    at org.apache.http.impl.conn.PoolingHttpClientConnectionManager.connect(PoolingHttpClientConnectionManager.java:376)

2026-08-30T16:57:38.911651Z ERROR [KafkaConsumer-89] payment_gateway.kafka - Kafka Consumer Lag Critical: Topic 'payment-events' partition 0 lag is 45967.

2026-08-30T16:58:02.967509Z CRITICAL [PaymentWorker-53] payment_gateway.processor - Payment transaction tx_72852 failed with HTTP 502 Bad Gateway.
  Request Context: {"amount": 131, "currency": "USD", "gateway": "Stripe-v2", "attempt": 3}
  Exception: org.apache.http.conn.HttpHostConnectException: Connect to 10.244.2.45:8080 failed: Connection refused
    at org.apache.http.impl.conn.DefaultHttpClientConnectionOperator.connect(DefaultHttpClientConnectionOperator.java:159)
    at org.apache.http.impl.conn.PoolingHttpClientConnectionManager.connect(PoolingHttpClientConnectionManager.java:376)

2026-08-30T16:58:08.981046Z ERROR [KafkaConsumer-62] payment_gateway.kafka - Kafka Consumer Lag Critical: Topic 'payment-events' partition 0 lag is 43256.

2026-08-30T16:58:11.986513Z ERROR [KafkaConsumer-81] payment_gateway.kafka - Kafka Consumer Lag Critical: Topic 'payment-events' partition 3 lag is 66357.

2026-08-30T16:58:14.991905Z ERROR [KafkaConsumer-36] payment_gateway.kafka - Kafka Consumer Lag Critical: Topic 'payment-events' partition 0 lag is 62510.

2026-08-30T16:58:39.060197Z CRITICAL [PaymentWorker-50] payment_gateway.processor - Payment transaction tx_25396 failed with HTTP 502 Bad Gateway.
  Request Context: {"amount": 469, "currency": "USD", "gateway": "Stripe-v2", "attempt": 3}
  Exception: org.apache.http.conn.HttpHostConnectException: Connect to 10.244.2.45:8080 failed: Connection refused
    at org.apache.http.impl.conn.DefaultHttpClientConnectionOperator.connect(DefaultHttpClientConnectionOperator.java:159)
    at org.apache.http.impl.conn.PoolingHttpClientConnectionManager.connect(PoolingHttpClientConnectionManager.java:376)

2026-08-30T16:58:42.071863Z CRITICAL [PaymentWorker-50] payment_gateway.processor - Payment transaction tx_25993 failed with HTTP 502 Bad Gateway.
  Request Context: {"amount": 154, "currency": "USD", "gateway": "Stripe-v2", "attempt": 3}
  Exception: org.apache.http.conn.HttpHostConnectException: Connect to 10.244.2.45:8080 failed: Connection refused
    at org.apache.http.impl.conn.DefaultHttpClientConnectionOperator.connect(DefaultHttpClientConnectionOperator.java:159)
    at org.apache.http.impl.conn.PoolingHttpClientConnectionManager.connect(PoolingHttpClientConnectionManager.java:376)

2026-08-30T16:58:51.096512Z ERROR [KafkaConsumer-99] payment_gateway.kafka - Kafka Consumer Lag Critical: Topic 'payment-events' partition 0 lag is 48711.

2026-08-30T16:58:54.102564Z ERROR [KafkaConsumer-94] payment_gateway.kafka - Kafka Consumer Lag Critical: Topic 'payment-events' partition 2 lag is 74390.

2026-08-30T16:59:09.136074Z ERROR [KafkaConsumer-34] payment_gateway.kafka - Kafka Consumer Lag Critical: Topic 'payment-events' partition 2 lag is 54404.

2026-08-30T16:59:18.161864Z CRITICAL [PaymentWorker-27] payment_gateway.processor - Payment transaction tx_87008 failed with HTTP 502 Bad Gateway.
  Request Context: {"amount": 136, "currency": "USD", "gateway": "Stripe-v2", "attempt": 3}
  Exception: org.apache.http.conn.HttpHostConnectException: Connect to 10.244.2.45:8080 failed: Connection refused
    at org.apache.http.impl.conn.DefaultHttpClientConnectionOperator.connect(DefaultHttpClientConnectionOperator.java:159)
    at org.apache.http.impl.conn.PoolingHttpClientConnectionManager.connect(PoolingHttpClientConnectionManager.java:376)

2026-08-30T16:59:30.183412Z CRITICAL [PaymentWorker-35] payment_gateway.processor - Payment transaction tx_67529 failed with HTTP 502 Bad Gateway.
  Request Context: {"amount": 224, "currency": "USD", "gateway": "Stripe-v2", "attempt": 3}
  Exception: org.apache.http.conn.HttpHostConnectException: Connect to 10.244.2.45:8080 failed: Connection refused
    at org.apache.http.impl.conn.DefaultHttpClientConnectionOperator.connect(DefaultHttpClientConnectionOperator.java:159)
    at org.apache.http.impl.conn.PoolingHttpClientConnectionManager.connect(PoolingHttpClientConnectionManager.java:376)

2026-08-30T16:59:39.201033Z ERROR [KafkaConsumer-80] payment_gateway.kafka - Kafka Consumer Lag Critical: Topic 'payment-events' partition 3 lag is 43725.

2026-08-30T16:59:48.229032Z CRITICAL [PaymentWorker-25] payment_gateway.processor - Payment transaction tx_43659 failed with HTTP 502 Bad Gateway.
  Request Context: {"amount": 33, "currency": "USD", "gateway": "Stripe-v2", "attempt": 3}
  Exception: org.apache.http.conn.HttpHostConnectException: Connect to 10.244.2.45:8080 failed: Connection refused
    at org.apache.http.impl.conn.DefaultHttpClientConnectionOperator.connect(DefaultHttpClientConnectionOperator.java:159)
    at org.apache.http.impl.conn.PoolingHttpClientConnectionManager.connect(PoolingHttpClientConnectionManager.java:376)

2026-08-30T17:00:00.255056Z ERROR [KafkaConsumer-25] payment_gateway.kafka - Kafka Consumer Lag Critical: Topic 'payment-events' partition 1 lag is 75880.

2026-08-30T17:00:03.260302Z CRITICAL [PaymentWorker-14] payment_gateway.processor - Payment transaction tx_52414 failed with HTTP 502 Bad Gateway.
  Request Context: {"amount": 433, "currency": "USD", "gateway": "Stripe-v2", "attempt": 3}
  Exception: org.apache.http.conn.HttpHostConnectException: Connect to 10.244.2.45:8080 failed: Connection refused
    at org.apache.http.impl.conn.DefaultHttpClientConnectionOperator.connect(DefaultHttpClientConnectionOperator.java:159)
    at org.apache.http.impl.conn.PoolingHttpClientConnectionManager.connect(PoolingHttpClientConnectionManager.java:376)

2026-08-30T17:00:09.273380Z CRITICAL [PaymentWorker-28] payment_gateway.processor - Payment transaction tx_52891 failed with HTTP 502 Bad Gateway.
  Request Context: {"amount": 213, "currency": "USD", "gateway": "Stripe-v2", "attempt": 3}
  Exception: org.apache.http.conn.HttpHostConnectException: Connect to 10.244.2.45:8080 failed: Connection refused
    at org.apache.http.impl.conn.DefaultHttpClientConnectionOperator.connect(DefaultHttpClientConnectionOperator.java:159)
    at org.apache.http.impl.conn.PoolingHttpClientConnectionManager.connect(PoolingHttpClientConnectionManager.java:376)

2026-08-30T17:00:12.280584Z CRITICAL [PaymentWorker-29] payment_gateway.processor - Payment transaction tx_80029 failed with HTTP 502 Bad Gateway.
  Request Context: {"amount": 410, "currency": "USD", "gateway": "Stripe-v2", "attempt": 3}
  Exception: org.apache.http.conn.HttpHostConnectException: Connect to 10.244.2.45:8080 failed: Connection refused
    at org.apache.http.impl.conn.DefaultHttpClientConnectionOperator.connect(DefaultHttpClientConnectionOperator.java:159)
    at org.apache.http.impl.conn.PoolingHttpClientConnectionManager.connect(PoolingHttpClientConnectionManager.java:376)

2026-08-30T17:00:18.292316Z CRITICAL [PaymentWorker-85] payment_gateway.processor - Payment transaction tx_76889 failed with HTTP 502 Bad Gateway.
  Request Context: {"amount": 207, "currency": "USD", "gateway": "Stripe-v2", "attempt": 3}
  Exception: org.apache.http.conn.HttpHostConnectException: Connect to 10.244.2.45:8080 failed: Connection refused
    at org.apache.http.impl.conn.DefaultHttpClientConnectionOperator.connect(DefaultHttpClientConnectionOperator.java:159)
    at org.apache.http.impl.conn.PoolingHttpClientConnectionManager.connect(PoolingHttpClientConnectionManager.java:376)

2026-08-30T17:00:24.302869Z ERROR [KafkaConsumer-59] payment_gateway.kafka - Kafka Consumer Lag Critical: Topic 'payment-events' partition 0 lag is 53551.

2026-08-30T17:00:30.324146Z CRITICAL [PaymentWorker-51] payment_gateway.processor - Payment transaction tx_91873 failed with HTTP 502 Bad Gateway.
  Request Context: {"amount": 110, "currency": "USD", "gateway": "Stripe-v2", "attempt": 3}
  Exception: org.apache.http.conn.HttpHostConnectException: Connect to 10.244.2.45:8080 failed: Connection refused
    at org.apache.http.impl.conn.DefaultHttpClientConnectionOperator.connect(DefaultHttpClientConnectionOperator.java:159)
    at org.apache.http.impl.conn.PoolingHttpClientConnectionManager.connect(PoolingHttpClientConnectionManager.java:376)

2026-08-30T17:00:33.345820Z ERROR [KafkaConsumer-52] payment_gateway.kafka - Kafka Consumer Lag Critical: Topic 'payment-events' partition 2 lag is 55423.

2026-08-30T17:00:36.352185Z ERROR [KafkaConsumer-72] payment_gateway.kafka - Kafka Consumer Lag Critical: Topic 'payment-events' partition 1 lag is 51244.

2026-08-30T17:00:42.366802Z CRITICAL [PaymentWorker-56] payment_gateway.processor - Payment transaction tx_99278 failed with HTTP 502 Bad Gateway.
  Request Context: {"amount": 491, "currency": "USD", "gateway": "Stripe-v2", "attempt": 3}
  Exception: org.apache.http.conn.HttpHostConnectException: Connect to 10.244.2.45:8080 failed: Connection refused
    at org.apache.http.impl.conn.DefaultHttpClientConnectionOperator.connect(DefaultHttpClientConnectionOperator.java:159)
    at org.apache.http.impl.conn.PoolingHttpClientConnectionManager.connect(PoolingHttpClientConnectionManager.java:376)

2026-08-30T17:00:45.373432Z ERROR [KafkaConsumer-77] payment_gateway.kafka - Kafka Consumer Lag Critical: Topic 'payment-events' partition 3 lag is 76717.

2026-08-30T17:01:09.422713Z CRITICAL [PaymentWorker-85] payment_gateway.processor - Payment transaction tx_79776 failed with HTTP 502 Bad Gateway.
  Request Context: {"amount": 12, "currency": "USD", "gateway": "Stripe-v2", "attempt": 3}
  Exception: org.apache.http.conn.HttpHostConnectException: Connect to 10.244.2.45:8080 failed: Connection refused
    at org.apache.http.impl.conn.DefaultHttpClientConnectionOperator.connect(DefaultHttpClientConnectionOperator.java:159)
    at org.apache.http.impl.conn.PoolingHttpClientConnectionManager.connect(PoolingHttpClientConnectionManager.java:376)

2026-08-30T17:01:18.445984Z ERROR [KafkaConsumer-15] payment_gateway.kafka - Kafka Consumer Lag Critical: Topic 'payment-events' partition 1 lag is 58756.

2026-08-30T17:01:24.459377Z CRITICAL [PaymentWorker-10] payment_gateway.processor - Payment transaction tx_37652 failed with HTTP 502 Bad Gateway.
  Request Context: {"amount": 324, "currency": "USD", "gateway": "Stripe-v2", "attempt": 3}
  Exception: org.apache.http.conn.HttpHostConnectException: Connect to 10.244.2.45:8080 failed: Connection refused
    at org.apache.http.impl.conn.DefaultHttpClientConnectionOperator.connect(DefaultHttpClientConnectionOperator.java:159)
    at org.apache.http.impl.conn.PoolingHttpClientConnectionManager.connect(PoolingHttpClientConnectionManager.java:376)

2026-08-30T17:01:30.477202Z ERROR [KafkaConsumer-66] payment_gateway.kafka - Kafka Consumer Lag Critical: Topic 'payment-events' partition 3 lag is 41212.

2026-08-30T17:01:39.495257Z ERROR [KafkaConsumer-61] payment_gateway.kafka - Kafka Consumer Lag Critical: Topic 'payment-events' partition 0 lag is 57495.

2026-08-30T17:01:42.501142Z CRITICAL [PaymentWorker-64] payment_gateway.processor - Payment transaction tx_47709 failed with HTTP 502 Bad Gateway.
  Request Context: {"amount": 473, "currency": "USD", "gateway": "Stripe-v2", "attempt": 3}
  Exception: org.apache.http.conn.HttpHostConnectException: Connect to 10.244.2.45:8080 failed: Connection refused
    at org.apache.http.impl.conn.DefaultHttpClientConnectionOperator.connect(DefaultHttpClientConnectionOperator.java:159)
    at org.apache.http.impl.conn.PoolingHttpClientConnectionManager.connect(PoolingHttpClientConnectionManager.java:376)

2026-08-30T17:01:48.515051Z CRITICAL [PaymentWorker-94] payment_gateway.processor - Payment transaction tx_69010 failed with HTTP 502 Bad Gateway.
  Request Context: {"amount": 250, "currency": "USD", "gateway": "Stripe-v2", "attempt": 3}
  Exception: org.apache.http.conn.HttpHostConnectException: Connect to 10.244.2.45:8080 failed: Connection refused
    at org.apache.http.impl.conn.DefaultHttpClientConnectionOperator.connect(DefaultHttpClientConnectionOperator.java:159)
    at org.apache.http.impl.conn.PoolingHttpClientConnectionManager.connect(PoolingHttpClientConnectionManager.java:376)

2026-08-30T17:01:51.521403Z CRITICAL [PaymentWorker-25] payment_gateway.processor - Payment transaction tx_80387 failed with HTTP 502 Bad Gateway.
  Request Context: {"amount": 288, "currency": "USD", "gateway": "Stripe-v2", "attempt": 3}
  Exception: org.apache.http.conn.HttpHostConnectException: Connect to 10.244.2.45:8080 failed: Connection refused
    at org.apache.http.impl.conn.DefaultHttpClientConnectionOperator.connect(DefaultHttpClientConnectionOperator.java:159)
    at org.apache.http.impl.conn.PoolingHttpClientConnectionManager.connect(PoolingHttpClientConnectionManager.java:376)

2026-08-30T17:01:54.526548Z ERROR [KafkaConsumer-84] payment_gateway.kafka - Kafka Consumer Lag Critical: Topic 'payment-events' partition 1 lag is 74044.

2026-08-30T17:02:12.564140Z ERROR [KafkaConsumer-45] payment_gateway.kafka - Kafka Consumer Lag Critical: Topic 'payment-events' partition 0 lag is 77944.

2026-08-30T17:02:24.591212Z CRITICAL [PaymentWorker-28] payment_gateway.processor - Payment transaction tx_92947 failed with HTTP 502 Bad Gateway.
  Request Context: {"amount": 327, "currency": "USD", "gateway": "Stripe-v2", "attempt": 3}
  Exception: org.apache.http.conn.HttpHostConnectException: Connect to 10.244.2.45:8080 failed: Connection refused
    at org.apache.http.impl.conn.DefaultHttpClientConnectionOperator.connect(DefaultHttpClientConnectionOperator.java:159)
    at org.apache.http.impl.conn.PoolingHttpClientConnectionManager.connect(PoolingHttpClientConnectionManager.java:376)

2026-08-30T17:02:27.602141Z ERROR [KafkaConsumer-21] payment_gateway.kafka - Kafka Consumer Lag Critical: Topic 'payment-events' partition 3 lag is 63126.

2026-08-30T17:02:33.614512Z ERROR [KafkaConsumer-30] payment_gateway.kafka - Kafka Consumer Lag Critical: Topic 'payment-events' partition 0 lag is 73084.

2026-08-30T17:03:00.670580Z ERROR [KafkaConsumer-89] payment_gateway.kafka - Kafka Consumer Lag Critical: Topic 'payment-events' partition 2 lag is 66520.

2026-08-30T17:03:03.684763Z CRITICAL [PaymentWorker-87] payment_gateway.processor - Payment transaction tx_36353 failed with HTTP 502 Bad Gateway.
  Request Context: {"amount": 249, "currency": "USD", "gateway": "Stripe-v2", "attempt": 3}
  Exception: org.apache.http.conn.HttpHostConnectException: Connect to 10.244.2.45:8080 failed: Connection refused
    at org.apache.http.impl.conn.DefaultHttpClientConnectionOperator.connect(DefaultHttpClientConnectionOperator.java:159)
    at org.apache.http.impl.conn.PoolingHttpClientConnectionManager.connect(PoolingHttpClientConnectionManager.java:376)

2026-08-30T17:03:06.692601Z CRITICAL [PaymentWorker-82] payment_gateway.processor - Payment transaction tx_93091 failed with HTTP 502 Bad Gateway.
  Request Context: {"amount": 190, "currency": "USD", "gateway": "Stripe-v2", "attempt": 3}
  Exception: org.apache.http.conn.HttpHostConnectException: Connect to 10.244.2.45:8080 failed: Connection refused
    at org.apache.http.impl.conn.DefaultHttpClientConnectionOperator.connect(DefaultHttpClientConnectionOperator.java:159)
    at org.apache.http.impl.conn.PoolingHttpClientConnectionManager.connect(PoolingHttpClientConnectionManager.java:376)

2026-08-30T17:03:12.705428Z ERROR [KafkaConsumer-46] payment_gateway.kafka - Kafka Consumer Lag Critical: Topic 'payment-events' partition 3 lag is 51288.

2026-08-30T17:03:18.725087Z CRITICAL [PaymentWorker-66] payment_gateway.processor - Payment transaction tx_62725 failed with HTTP 502 Bad Gateway.
  Request Context: {"amount": 41, "currency": "USD", "gateway": "Stripe-v2", "attempt": 3}
  Exception: org.apache.http.conn.HttpHostConnectException: Connect to 10.244.2.45:8080 failed: Connection refused
    at org.apache.http.impl.conn.DefaultHttpClientConnectionOperator.connect(DefaultHttpClientConnectionOperator.java:159)
    at org.apache.http.impl.conn.PoolingHttpClientConnectionManager.connect(PoolingHttpClientConnectionManager.java:376)

2026-08-30T17:03:21.731633Z ERROR [KafkaConsumer-48] payment_gateway.kafka - Kafka Consumer Lag Critical: Topic 'payment-events' partition 3 lag is 78098.

2026-08-30T17:03:27.760093Z CRITICAL [PaymentWorker-67] payment_gateway.processor - Payment transaction tx_93376 failed with HTTP 502 Bad Gateway.
  Request Context: {"amount": 243, "currency": "USD", "gateway": "Stripe-v2", "attempt": 3}
  Exception: org.apache.http.conn.HttpHostConnectException: Connect to 10.244.2.45:8080 failed: Connection refused
    at org.apache.http.impl.conn.DefaultHttpClientConnectionOperator.connect(DefaultHttpClientConnectionOperator.java:159)
    at org.apache.http.impl.conn.PoolingHttpClientConnectionManager.connect(PoolingHttpClientConnectionManager.java:376)

2026-08-30T17:03:33.771840Z CRITICAL [PaymentWorker-46] payment_gateway.processor - Payment transaction tx_94224 failed with HTTP 502 Bad Gateway.
  Request Context: {"amount": 351, "currency": "USD", "gateway": "Stripe-v2", "attempt": 3}
  Exception: org.apache.http.conn.HttpHostConnectException: Connect to 10.244.2.45:8080 failed: Connection refused
    at org.apache.http.impl.conn.DefaultHttpClientConnectionOperator.connect(DefaultHttpClientConnectionOperator.java:159)
    at org.apache.http.impl.conn.PoolingHttpClientConnectionManager.connect(PoolingHttpClientConnectionManager.java:376)

2026-08-30T17:03:42.800409Z CRITICAL [PaymentWorker-95] payment_gateway.processor - Payment transaction tx_48665 failed with HTTP 502 Bad Gateway.
  Request Context: {"amount": 146, "currency": "USD", "gateway": "Stripe-v2", "attempt": 3}
  Exception: org.apache.http.conn.HttpHostConnectException: Connect to 10.244.2.45:8080 failed: Connection refused
    at org.apache.http.impl.conn.DefaultHttpClientConnectionOperator.connect(DefaultHttpClientConnectionOperator.java:159)
    at org.apache.http.impl.conn.PoolingHttpClientConnectionManager.connect(PoolingHttpClientConnectionManager.java:376)

2026-08-30T17:03:48.812299Z ERROR [KafkaConsumer-31] payment_gateway.kafka - Kafka Consumer Lag Critical: Topic 'payment-events' partition 2 lag is 49093.

2026-08-30T17:03:54.826626Z CRITICAL [PaymentWorker-19] payment_gateway.processor - Payment transaction tx_40052 failed with HTTP 502 Bad Gateway.
  Request Context: {"amount": 162, "currency": "USD", "gateway": "Stripe-v2", "attempt": 3}
  Exception: org.apache.http.conn.HttpHostConnectException: Connect to 10.244.2.45:8080 failed: Connection refused
    at org.apache.http.impl.conn.DefaultHttpClientConnectionOperator.connect(DefaultHttpClientConnectionOperator.java:159)
    at org.apache.http.impl.conn.PoolingHttpClientConnectionManager.connect(PoolingHttpClientConnectionManager.java:376)

2026-08-30T17:04:03.843541Z CRITICAL [PaymentWorker-52] payment_gateway.processor - Payment transaction tx_70890 failed with HTTP 502 Bad Gateway.
  Request Context: {"amount": 270, "currency": "USD", "gateway": "Stripe-v2", "attempt": 3}
  Exception: org.apache.http.conn.HttpHostConnectException: Connect to 10.244.2.45:8080 failed: Connection refused
    at org.apache.http.impl.conn.DefaultHttpClientConnectionOperator.connect(DefaultHttpClientConnectionOperator.java:159)
    at org.apache.http.impl.conn.PoolingHttpClientConnectionManager.connect(PoolingHttpClientConnectionManager.java:376)

2026-08-30T17:04:24.894718Z ERROR [KafkaConsumer-95] payment_gateway.kafka - Kafka Consumer Lag Critical: Topic 'payment-events' partition 2 lag is 79867.

2026-08-30T17:04:27.905627Z ERROR [KafkaConsumer-80] payment_gateway.kafka - Kafka Consumer Lag Critical: Topic 'payment-events' partition 3 lag is 40351.

2026-08-30T17:04:33.917814Z ERROR [KafkaConsumer-89] payment_gateway.kafka - Kafka Consumer Lag Critical: Topic 'payment-events' partition 1 lag is 57916.

2026-08-30T17:04:39.938691Z CRITICAL [PaymentWorker-72] payment_gateway.processor - Payment transaction tx_21031 failed with HTTP 502 Bad Gateway.
  Request Context: {"amount": 424, "currency": "USD", "gateway": "Stripe-v2", "attempt": 3}
  Exception: org.apache.http.conn.HttpHostConnectException: Connect to 10.244.2.45:8080 failed: Connection refused
    at org.apache.http.impl.conn.DefaultHttpClientConnectionOperator.connect(DefaultHttpClientConnectionOperator.java:159)
    at org.apache.http.impl.conn.PoolingHttpClientConnectionManager.connect(PoolingHttpClientConnectionManager.java:376)

2026-08-30T17:04:54.976954Z CRITICAL [PaymentWorker-37] payment_gateway.processor - Payment transaction tx_97880 failed with HTTP 502 Bad Gateway.
  Request Context: {"amount": 181, "currency": "USD", "gateway": "Stripe-v2", "attempt": 3}
  Exception: org.apache.http.conn.HttpHostConnectException: Connect to 10.244.2.45:8080 failed: Connection refused
    at org.apache.http.impl.conn.DefaultHttpClientConnectionOperator.connect(DefaultHttpClientConnectionOperator.java:159)
    at org.apache.http.impl.conn.PoolingHttpClientConnectionManager.connect(PoolingHttpClientConnectionManager.java:376)

2026-08-30T17:05:00.995070Z ERROR [KafkaConsumer-10] payment_gateway.kafka - Kafka Consumer Lag Critical: Topic 'payment-events' partition 2 lag is 53325.

2026-08-30T17:05:10.021501Z ERROR [KafkaConsumer-18] payment_gateway.kafka - Kafka Consumer Lag Critical: Topic 'payment-events' partition 2 lag is 66514.

2026-08-30T17:05:13.026809Z ERROR [KafkaConsumer-65] payment_gateway.kafka - Kafka Consumer Lag Critical: Topic 'payment-events' partition 1 lag is 64119.

2026-08-30T17:05:19.039398Z ERROR [KafkaConsumer-52] payment_gateway.kafka - Kafka Consumer Lag Critical: Topic 'payment-events' partition 0 lag is 59252.

2026-08-30T17:05:25.060214Z CRITICAL [PaymentWorker-86] payment_gateway.processor - Payment transaction tx_87157 failed with HTTP 502 Bad Gateway.
  Request Context: {"amount": 65, "currency": "USD", "gateway": "Stripe-v2", "attempt": 3}
  Exception: org.apache.http.conn.HttpHostConnectException: Connect to 10.244.2.45:8080 failed: Connection refused
    at org.apache.http.impl.conn.DefaultHttpClientConnectionOperator.connect(DefaultHttpClientConnectionOperator.java:159)
    at org.apache.http.impl.conn.PoolingHttpClientConnectionManager.connect(PoolingHttpClientConnectionManager.java:376)

2026-08-30T17:05:28.070959Z CRITICAL [PaymentWorker-62] payment_gateway.processor - Payment transaction tx_95111 failed with HTTP 502 Bad Gateway.
  Request Context: {"amount": 178, "currency": "USD", "gateway": "Stripe-v2", "attempt": 3}
  Exception: org.apache.http.conn.HttpHostConnectException: Connect to 10.244.2.45:8080 failed: Connection refused
    at org.apache.http.impl.conn.DefaultHttpClientConnectionOperator.connect(DefaultHttpClientConnectionOperator.java:159)
    at org.apache.http.impl.conn.PoolingHttpClientConnectionManager.connect(PoolingHttpClientConnectionManager.java:376)

2026-08-30T17:05:34.089081Z CRITICAL [PaymentWorker-47] payment_gateway.processor - Payment transaction tx_66306 failed with HTTP 502 Bad Gateway.
  Request Context: {"amount": 343, "currency": "USD", "gateway": "Stripe-v2", "attempt": 3}
  Exception: org.apache.http.conn.HttpHostConnectException: Connect to 10.244.2.45:8080 failed: Connection refused
    at org.apache.http.impl.conn.DefaultHttpClientConnectionOperator.connect(DefaultHttpClientConnectionOperator.java:159)
    at org.apache.http.impl.conn.PoolingHttpClientConnectionManager.connect(PoolingHttpClientConnectionManager.java:376)

2026-08-30T17:05:37.097168Z CRITICAL [PaymentWorker-38] payment_gateway.processor - Payment transaction tx_85707 failed with HTTP 502 Bad Gateway.
  Request Context: {"amount": 17, "currency": "USD", "gateway": "Stripe-v2", "attempt": 3}
  Exception: org.apache.http.conn.HttpHostConnectException: Connect to 10.244.2.45:8080 failed: Connection refused
    at org.apache.http.impl.conn.DefaultHttpClientConnectionOperator.connect(DefaultHttpClientConnectionOperator.java:159)
    at org.apache.http.impl.conn.PoolingHttpClientConnectionManager.connect(PoolingHttpClientConnectionManager.java:376)

2026-08-30T17:05:43.107993Z CRITICAL [PaymentWorker-35] payment_gateway.processor - Payment transaction tx_74922 failed with HTTP 502 Bad Gateway.
  Request Context: {"amount": 356, "currency": "USD", "gateway": "Stripe-v2", "attempt": 3}
  Exception: org.apache.http.conn.HttpHostConnectException: Connect to 10.244.2.45:8080 failed: Connection refused
    at org.apache.http.impl.conn.DefaultHttpClientConnectionOperator.connect(DefaultHttpClientConnectionOperator.java:159)
    at org.apache.http.impl.conn.PoolingHttpClientConnectionManager.connect(PoolingHttpClientConnectionManager.java:376)

2026-08-30T17:05:55.146466Z CRITICAL [PaymentWorker-89] payment_gateway.processor - Payment transaction tx_28475 failed with HTTP 502 Bad Gateway.
  Request Context: {"amount": 221, "currency": "USD", "gateway": "Stripe-v2", "attempt": 3}
  Exception: org.apache.http.conn.HttpHostConnectException: Connect to 10.244.2.45:8080 failed: Connection refused
    at org.apache.http.impl.conn.DefaultHttpClientConnectionOperator.connect(DefaultHttpClientConnectionOperator.java:159)
    at org.apache.http.impl.conn.PoolingHttpClientConnectionManager.connect(PoolingHttpClientConnectionManager.java:376)

2026-08-30T17:06:04.172113Z CRITICAL [PaymentWorker-35] payment_gateway.processor - Payment transaction tx_31603 failed with HTTP 502 Bad Gateway.
  Request Context: {"amount": 357, "currency": "USD", "gateway": "Stripe-v2", "attempt": 3}
  Exception: org.apache.http.conn.HttpHostConnectException: Connect to 10.244.2.45:8080 failed: Connection refused
    at org.apache.http.impl.conn.DefaultHttpClientConnectionOperator.connect(DefaultHttpClientConnectionOperator.java:159)
    at org.apache.http.impl.conn.PoolingHttpClientConnectionManager.connect(PoolingHttpClientConnectionManager.java:376)

2026-08-30T17:06:19.200803Z ERROR [KafkaConsumer-62] payment_gateway.kafka - Kafka Consumer Lag Critical: Topic 'payment-events' partition 2 lag is 60560.

2026-08-30T17:06:34.247656Z CRITICAL [PaymentWorker-51] payment_gateway.processor - Payment transaction tx_47786 failed with HTTP 502 Bad Gateway.
  Request Context: {"amount": 22, "currency": "USD", "gateway": "Stripe-v2", "attempt": 3}
  Exception: org.apache.http.conn.HttpHostConnectException: Connect to 10.244.2.45:8080 failed: Connection refused
    at org.apache.http.impl.conn.DefaultHttpClientConnectionOperator.connect(DefaultHttpClientConnectionOperator.java:159)
    at org.apache.http.impl.conn.PoolingHttpClientConnectionManager.connect(PoolingHttpClientConnectionManager.java:376)

2026-08-30T17:06:37.253843Z ERROR [KafkaConsumer-80] payment_gateway.kafka - Kafka Consumer Lag Critical: Topic 'payment-events' partition 0 lag is 71268.

2026-08-30T17:06:46.275082Z CRITICAL [PaymentWorker-66] payment_gateway.processor - Payment transaction tx_14065 failed with HTTP 502 Bad Gateway.
  Request Context: {"amount": 221, "currency": "USD", "gateway": "Stripe-v2", "attempt": 3}
  Exception: org.apache.http.conn.HttpHostConnectException: Connect to 10.244.2.45:8080 failed: Connection refused
    at org.apache.http.impl.conn.DefaultHttpClientConnectionOperator.connect(DefaultHttpClientConnectionOperator.java:159)
    at org.apache.http.impl.conn.PoolingHttpClientConnectionManager.connect(PoolingHttpClientConnectionManager.java:376)

2026-08-30T17:06:49.282807Z ERROR [KafkaConsumer-28] payment_gateway.kafka - Kafka Consumer Lag Critical: Topic 'payment-events' partition 3 lag is 43713.

2026-08-30T17:06:58.304022Z CRITICAL [PaymentWorker-48] payment_gateway.processor - Payment transaction tx_61197 failed with HTTP 502 Bad Gateway.
  Request Context: {"amount": 416, "currency": "USD", "gateway": "Stripe-v2", "attempt": 3}
  Exception: org.apache.http.conn.HttpHostConnectException: Connect to 10.244.2.45:8080 failed: Connection refused
    at org.apache.http.impl.conn.DefaultHttpClientConnectionOperator.connect(DefaultHttpClientConnectionOperator.java:159)
    at org.apache.http.impl.conn.PoolingHttpClientConnectionManager.connect(PoolingHttpClientConnectionManager.java:376)

2026-08-30T17:07:01.309916Z CRITICAL [PaymentWorker-49] payment_gateway.processor - Payment transaction tx_18030 failed with HTTP 502 Bad Gateway.
  Request Context: {"amount": 246, "currency": "USD", "gateway": "Stripe-v2", "attempt": 3}
  Exception: org.apache.http.conn.HttpHostConnectException: Connect to 10.244.2.45:8080 failed: Connection refused
    at org.apache.http.impl.conn.DefaultHttpClientConnectionOperator.connect(DefaultHttpClientConnectionOperator.java:159)
    at org.apache.http.impl.conn.PoolingHttpClientConnectionManager.connect(PoolingHttpClientConnectionManager.java:376)

2026-08-30T17:07:07.320258Z CRITICAL [PaymentWorker-78] payment_gateway.processor - Payment transaction tx_14222 failed with HTTP 502 Bad Gateway.
  Request Context: {"amount": 208, "currency": "USD", "gateway": "Stripe-v2", "attempt": 3}
  Exception: org.apache.http.conn.HttpHostConnectException: Connect to 10.244.2.45:8080 failed: Connection refused
    at org.apache.http.impl.conn.DefaultHttpClientConnectionOperator.connect(DefaultHttpClientConnectionOperator.java:159)
    at org.apache.http.impl.conn.PoolingHttpClientConnectionManager.connect(PoolingHttpClientConnectionManager.java:376)

2026-08-30T17:07:37.389586Z ERROR [KafkaConsumer-43] payment_gateway.kafka - Kafka Consumer Lag Critical: Topic 'payment-events' partition 3 lag is 54320.

2026-08-30T17:07:40.395152Z CRITICAL [PaymentWorker-16] payment_gateway.processor - Payment transaction tx_60679 failed with HTTP 502 Bad Gateway.
  Request Context: {"amount": 304, "currency": "USD", "gateway": "Stripe-v2", "attempt": 3}
  Exception: org.apache.http.conn.HttpHostConnectException: Connect to 10.244.2.45:8080 failed: Connection refused
    at org.apache.http.impl.conn.DefaultHttpClientConnectionOperator.connect(DefaultHttpClientConnectionOperator.java:159)
    at org.apache.http.impl.conn.PoolingHttpClientConnectionManager.connect(PoolingHttpClientConnectionManager.java:376)

2026-08-30T17:07:46.409044Z CRITICAL [PaymentWorker-83] payment_gateway.processor - Payment transaction tx_27886 failed with HTTP 502 Bad Gateway.
  Request Context: {"amount": 424, "currency": "USD", "gateway": "Stripe-v2", "attempt": 3}
  Exception: org.apache.http.conn.HttpHostConnectException: Connect to 10.244.2.45:8080 failed: Connection refused
    at org.apache.http.impl.conn.DefaultHttpClientConnectionOperator.connect(DefaultHttpClientConnectionOperator.java:159)
    at org.apache.http.impl.conn.PoolingHttpClientConnectionManager.connect(PoolingHttpClientConnectionManager.java:376)

2026-08-30T17:07:49.413772Z ERROR [KafkaConsumer-59] payment_gateway.kafka - Kafka Consumer Lag Critical: Topic 'payment-events' partition 0 lag is 79374.

2026-08-30T17:07:58.438140Z ERROR [KafkaConsumer-23] payment_gateway.kafka - Kafka Consumer Lag Critical: Topic 'payment-events' partition 0 lag is 40082.

2026-08-30T17:08:07.457022Z ERROR [KafkaConsumer-64] payment_gateway.kafka - Kafka Consumer Lag Critical: Topic 'payment-events' partition 3 lag is 77964.

2026-08-30T17:08:19.483415Z ERROR [KafkaConsumer-93] payment_gateway.kafka - Kafka Consumer Lag Critical: Topic 'payment-events' partition 1 lag is 58449.

2026-08-30T17:08:25.498646Z ERROR [KafkaConsumer-34] payment_gateway.kafka - Kafka Consumer Lag Critical: Topic 'payment-events' partition 3 lag is 64197.

2026-08-30T17:08:28.505326Z ERROR [KafkaConsumer-67] payment_gateway.kafka - Kafka Consumer Lag Critical: Topic 'payment-events' partition 3 lag is 51309.

2026-08-30T17:08:31.513419Z CRITICAL [PaymentWorker-77] payment_gateway.processor - Payment transaction tx_76533 failed with HTTP 502 Bad Gateway.
  Request Context: {"amount": 53, "currency": "USD", "gateway": "Stripe-v2", "attempt": 3}
  Exception: org.apache.http.conn.HttpHostConnectException: Connect to 10.244.2.45:8080 failed: Connection refused
    at org.apache.http.impl.conn.DefaultHttpClientConnectionOperator.connect(DefaultHttpClientConnectionOperator.java:159)
    at org.apache.http.impl.conn.PoolingHttpClientConnectionManager.connect(PoolingHttpClientConnectionManager.java:376)

2026-08-30T17:09:07.607786Z CRITICAL [PaymentWorker-41] payment_gateway.processor - Payment transaction tx_61823 failed with HTTP 502 Bad Gateway.
  Request Context: {"amount": 485, "currency": "USD", "gateway": "Stripe-v2", "attempt": 3}
  Exception: org.apache.http.conn.HttpHostConnectException: Connect to 10.244.2.45:8080 failed: Connection refused
    at org.apache.http.impl.conn.DefaultHttpClientConnectionOperator.connect(DefaultHttpClientConnectionOperator.java:159)
    at org.apache.http.impl.conn.PoolingHttpClientConnectionManager.connect(PoolingHttpClientConnectionManager.java:376)

2026-08-30T17:09:22.647520Z CRITICAL [PaymentWorker-32] payment_gateway.processor - Payment transaction tx_60146 failed with HTTP 502 Bad Gateway.
  Request Context: {"amount": 221, "currency": "USD", "gateway": "Stripe-v2", "attempt": 3}
  Exception: org.apache.http.conn.HttpHostConnectException: Connect to 10.244.2.45:8080 failed: Connection refused
    at org.apache.http.impl.conn.DefaultHttpClientConnectionOperator.connect(DefaultHttpClientConnectionOperator.java:159)
    at org.apache.http.impl.conn.PoolingHttpClientConnectionManager.connect(PoolingHttpClientConnectionManager.java:376)

2026-08-30T17:09:43.715370Z CRITICAL [PaymentWorker-34] payment_gateway.processor - Payment transaction tx_72877 failed with HTTP 502 Bad Gateway.
  Request Context: {"amount": 96, "currency": "USD", "gateway": "Stripe-v2", "attempt": 3}
  Exception: org.apache.http.conn.HttpHostConnectException: Connect to 10.244.2.45:8080 failed: Connection refused
    at org.apache.http.impl.conn.DefaultHttpClientConnectionOperator.connect(DefaultHttpClientConnectionOperator.java:159)
    at org.apache.http.impl.conn.PoolingHttpClientConnectionManager.connect(PoolingHttpClientConnectionManager.java:376)

2026-08-30T17:09:55.746579Z CRITICAL [PaymentWorker-73] payment_gateway.processor - Payment transaction tx_78953 failed with HTTP 502 Bad Gateway.
  Request Context: {"amount": 62, "currency": "USD", "gateway": "Stripe-v2", "attempt": 3}
  Exception: org.apache.http.conn.HttpHostConnectException: Connect to 10.244.2.45:8080 failed: Connection refused
    at org.apache.http.impl.conn.DefaultHttpClientConnectionOperator.connect(DefaultHttpClientConnectionOperator.java:159)
    at org.apache.http.impl.conn.PoolingHttpClientConnectionManager.connect(PoolingHttpClientConnectionManager.java:376)

2026-08-30T17:10:10.779354Z ERROR [KafkaConsumer-13] payment_gateway.kafka - Kafka Consumer Lag Critical: Topic 'payment-events' partition 3 lag is 65588.

2026-08-30T17:10:16.796297Z CRITICAL [PaymentWorker-22] payment_gateway.processor - Payment transaction tx_74647 failed with HTTP 502 Bad Gateway.
  Request Context: {"amount": 334, "currency": "USD", "gateway": "Stripe-v2", "attempt": 3}
  Exception: org.apache.http.conn.HttpHostConnectException: Connect to 10.244.2.45:8080 failed: Connection refused
    at org.apache.http.impl.conn.DefaultHttpClientConnectionOperator.connect(DefaultHttpClientConnectionOperator.java:159)
    at org.apache.http.impl.conn.PoolingHttpClientConnectionManager.connect(PoolingHttpClientConnectionManager.java:376)

2026-08-30T17:10:22.816870Z CRITICAL [PaymentWorker-29] payment_gateway.processor - Payment transaction tx_13164 failed with HTTP 502 Bad Gateway.
  Request Context: {"amount": 65, "currency": "USD", "gateway": "Stripe-v2", "attempt": 3}
  Exception: org.apache.http.conn.HttpHostConnectException: Connect to 10.244.2.45:8080 failed: Connection refused
    at org.apache.http.impl.conn.DefaultHttpClientConnectionOperator.connect(DefaultHttpClientConnectionOperator.java:159)
    at org.apache.http.impl.conn.PoolingHttpClientConnectionManager.connect(PoolingHttpClientConnectionManager.java:376)

2026-08-30T17:10:31.843822Z CRITICAL [PaymentWorker-90] payment_gateway.processor - Payment transaction tx_77093 failed with HTTP 502 Bad Gateway.
  Request Context: {"amount": 92, "currency": "USD", "gateway": "Stripe-v2", "attempt": 3}
  Exception: org.apache.http.conn.HttpHostConnectException: Connect to 10.244.2.45:8080 failed: Connection refused
    at org.apache.http.impl.conn.DefaultHttpClientConnectionOperator.connect(DefaultHttpClientConnectionOperator.java:159)
    at org.apache.http.impl.conn.PoolingHttpClientConnectionManager.connect(PoolingHttpClientConnectionManager.java:376)

2026-08-30T17:10:40.859137Z CRITICAL [PaymentWorker-86] payment_gateway.processor - Payment transaction tx_23077 failed with HTTP 502 Bad Gateway.
  Request Context: {"amount": 328, "currency": "USD", "gateway": "Stripe-v2", "attempt": 3}
  Exception: org.apache.http.conn.HttpHostConnectException: Connect to 10.244.2.45:8080 failed: Connection refused
    at org.apache.http.impl.conn.DefaultHttpClientConnectionOperator.connect(DefaultHttpClientConnectionOperator.java:159)
    at org.apache.http.impl.conn.PoolingHttpClientConnectionManager.connect(PoolingHttpClientConnectionManager.java:376)

2026-08-30T17:10:47.080661Z ERROR [KafkaConsumer-12] payment_gateway.kafka - Kafka Consumer Lag Critical: Topic 'payment-events' partition 2 lag is 74432.

2026-08-30T17:10:53.103291Z CRITICAL [PaymentWorker-42] payment_gateway.processor - Payment transaction tx_11038 failed with HTTP 502 Bad Gateway.
  Request Context: {"amount": 139, "currency": "USD", "gateway": "Stripe-v2", "attempt": 3}
  Exception: org.apache.http.conn.HttpHostConnectException: Connect to 10.244.2.45:8080 failed: Connection refused
    at org.apache.http.impl.conn.DefaultHttpClientConnectionOperator.connect(DefaultHttpClientConnectionOperator.java:159)
    at org.apache.http.impl.conn.PoolingHttpClientConnectionManager.connect(PoolingHttpClientConnectionManager.java:376)

2026-08-30T17:10:59.113617Z ERROR [KafkaConsumer-98] payment_gateway.kafka - Kafka Consumer Lag Critical: Topic 'payment-events' partition 1 lag is 64545.

2026-08-30T17:11:08.134846Z ERROR [KafkaConsumer-95] payment_gateway.kafka - Kafka Consumer Lag Critical: Topic 'payment-events' partition 1 lag is 55612.

2026-08-30T17:11:17.164201Z ERROR [KafkaConsumer-93] payment_gateway.kafka - Kafka Consumer Lag Critical: Topic 'payment-events' partition 2 lag is 56366.

2026-08-30T17:11:26.181994Z ERROR [KafkaConsumer-93] payment_gateway.kafka - Kafka Consumer Lag Critical: Topic 'payment-events' partition 2 lag is 48878.

2026-08-30T17:11:44.234495Z ERROR [KafkaConsumer-74] payment_gateway.kafka - Kafka Consumer Lag Critical: Topic 'payment-events' partition 3 lag is 64578.

2026-08-30T17:11:47.248277Z ERROR [KafkaConsumer-74] payment_gateway.kafka - Kafka Consumer Lag Critical: Topic 'payment-events' partition 0 lag is 73331.

2026-08-30T17:11:50.253681Z CRITICAL [PaymentWorker-16] payment_gateway.processor - Payment transaction tx_66028 failed with HTTP 502 Bad Gateway.
  Request Context: {"amount": 138, "currency": "USD", "gateway": "Stripe-v2", "attempt": 3}
  Exception: org.apache.http.conn.HttpHostConnectException: Connect to 10.244.2.45:8080 failed: Connection refused
    at org.apache.http.impl.conn.DefaultHttpClientConnectionOperator.connect(DefaultHttpClientConnectionOperator.java:159)
    at org.apache.http.impl.conn.PoolingHttpClientConnectionManager.connect(PoolingHttpClientConnectionManager.java:376)

2026-08-30T17:12:05.291486Z CRITICAL [PaymentWorker-87] payment_gateway.processor - Payment transaction tx_34498 failed with HTTP 502 Bad Gateway.
  Request Context: {"amount": 16, "currency": "USD", "gateway": "Stripe-v2", "attempt": 3}
  Exception: org.apache.http.conn.HttpHostConnectException: Connect to 10.244.2.45:8080 failed: Connection refused
    at org.apache.http.impl.conn.DefaultHttpClientConnectionOperator.connect(DefaultHttpClientConnectionOperator.java:159)
    at org.apache.http.impl.conn.PoolingHttpClientConnectionManager.connect(PoolingHttpClientConnectionManager.java:376)

2026-08-30T17:12:08.309826Z CRITICAL [PaymentWorker-72] payment_gateway.processor - Payment transaction tx_57653 failed with HTTP 502 Bad Gateway.
  Request Context: {"amount": 56, "currency": "USD", "gateway": "Stripe-v2", "attempt": 3}
  Exception: org.apache.http.conn.HttpHostConnectException: Connect to 10.244.2.45:8080 failed: Connection refused
    at org.apache.http.impl.conn.DefaultHttpClientConnectionOperator.connect(DefaultHttpClientConnectionOperator.java:159)
    at org.apache.http.impl.conn.PoolingHttpClientConnectionManager.connect(PoolingHttpClientConnectionManager.java:376)

2026-08-30T17:12:11.328512Z ERROR [KafkaConsumer-45] payment_gateway.kafka - Kafka Consumer Lag Critical: Topic 'payment-events' partition 3 lag is 66074.

2026-08-30T17:12:17.346036Z ERROR [KafkaConsumer-83] payment_gateway.kafka - Kafka Consumer Lag Critical: Topic 'payment-events' partition 1 lag is 54420.

2026-08-30T17:12:20.360937Z ERROR [KafkaConsumer-97] payment_gateway.kafka - Kafka Consumer Lag Critical: Topic 'payment-events' partition 2 lag is 67395.

2026-08-30T17:12:29.397439Z ERROR [KafkaConsumer-55] payment_gateway.kafka - Kafka Consumer Lag Critical: Topic 'payment-events' partition 0 lag is 73300.

2026-08-30T17:12:38.415728Z CRITICAL [PaymentWorker-82] payment_gateway.processor - Payment transaction tx_56678 failed with HTTP 502 Bad Gateway.
  Request Context: {"amount": 334, "currency": "USD", "gateway": "Stripe-v2", "attempt": 3}
  Exception: org.apache.http.conn.HttpHostConnectException: Connect to 10.244.2.45:8080 failed: Connection refused
    at org.apache.http.impl.conn.DefaultHttpClientConnectionOperator.connect(DefaultHttpClientConnectionOperator.java:159)
    at org.apache.http.impl.conn.PoolingHttpClientConnectionManager.connect(PoolingHttpClientConnectionManager.java:376)

2026-08-30T17:12:56.458039Z ERROR [KafkaConsumer-87] payment_gateway.kafka - Kafka Consumer Lag Critical: Topic 'payment-events' partition 1 lag is 58869.

2026-08-30T17:13:05.475409Z ERROR [KafkaConsumer-42] payment_gateway.kafka - Kafka Consumer Lag Critical: Topic 'payment-events' partition 1 lag is 45331.

2026-08-30T17:13:08.482350Z CRITICAL [PaymentWorker-29] payment_gateway.processor - Payment transaction tx_99687 failed with HTTP 502 Bad Gateway.
  Request Context: {"amount": 147, "currency": "USD", "gateway": "Stripe-v2", "attempt": 3}
  Exception: org.apache.http.conn.HttpHostConnectException: Connect to 10.244.2.45:8080 failed: Connection refused
    at org.apache.http.impl.conn.DefaultHttpClientConnectionOperator.connect(DefaultHttpClientConnectionOperator.java:159)
    at org.apache.http.impl.conn.PoolingHttpClientConnectionManager.connect(PoolingHttpClientConnectionManager.java:376)

2026-08-30T17:13:11.488070Z CRITICAL [PaymentWorker-50] payment_gateway.processor - Payment transaction tx_25457 failed with HTTP 502 Bad Gateway.
  Request Context: {"amount": 348, "currency": "USD", "gateway": "Stripe-v2", "attempt": 3}
  Exception: org.apache.http.conn.HttpHostConnectException: Connect to 10.244.2.45:8080 failed: Connection refused
    at org.apache.http.impl.conn.DefaultHttpClientConnectionOperator.connect(DefaultHttpClientConnectionOperator.java:159)
    at org.apache.http.impl.conn.PoolingHttpClientConnectionManager.connect(PoolingHttpClientConnectionManager.java:376)

2026-08-30T17:13:23.522521Z ERROR [KafkaConsumer-69] payment_gateway.kafka - Kafka Consumer Lag Critical: Topic 'payment-events' partition 0 lag is 46783.

2026-08-30T17:13:44.591801Z ERROR [KafkaConsumer-30] payment_gateway.kafka - Kafka Consumer Lag Critical: Topic 'payment-events' partition 3 lag is 42262.

2026-08-30T17:13:50.612793Z CRITICAL [PaymentWorker-88] payment_gateway.processor - Payment transaction tx_79165 failed with HTTP 502 Bad Gateway.
  Request Context: {"amount": 431, "currency": "USD", "gateway": "Stripe-v2", "attempt": 3}
  Exception: org.apache.http.conn.HttpHostConnectException: Connect to 10.244.2.45:8080 failed: Connection refused
    at org.apache.http.impl.conn.DefaultHttpClientConnectionOperator.connect(DefaultHttpClientConnectionOperator.java:159)
    at org.apache.http.impl.conn.PoolingHttpClientConnectionManager.connect(PoolingHttpClientConnectionManager.java:376)

2026-08-30T17:13:59.629499Z CRITICAL [PaymentWorker-49] payment_gateway.processor - Payment transaction tx_77669 failed with HTTP 502 Bad Gateway.
  Request Context: {"amount": 264, "currency": "USD", "gateway": "Stripe-v2", "attempt": 3}
  Exception: org.apache.http.conn.HttpHostConnectException: Connect to 10.244.2.45:8080 failed: Connection refused
    at org.apache.http.impl.conn.DefaultHttpClientConnectionOperator.connect(DefaultHttpClientConnectionOperator.java:159)
    at org.apache.http.impl.conn.PoolingHttpClientConnectionManager.connect(PoolingHttpClientConnectionManager.java:376)

2026-08-30T17:14:02.635711Z CRITICAL [PaymentWorker-64] payment_gateway.processor - Payment transaction tx_11213 failed with HTTP 502 Bad Gateway.
  Request Context: {"amount": 323, "currency": "USD", "gateway": "Stripe-v2", "attempt": 3}
  Exception: org.apache.http.conn.HttpHostConnectException: Connect to 10.244.2.45:8080 failed: Connection refused
    at org.apache.http.impl.conn.DefaultHttpClientConnectionOperator.connect(DefaultHttpClientConnectionOperator.java:159)
    at org.apache.http.impl.conn.PoolingHttpClientConnectionManager.connect(PoolingHttpClientConnectionManager.java:376)

2026-08-30T17:14:08.656110Z ERROR [KafkaConsumer-88] payment_gateway.kafka - Kafka Consumer Lag Critical: Topic 'payment-events' partition 1 lag is 69950.

2026-08-30T17:14:14.676357Z CRITICAL [PaymentWorker-60] payment_gateway.processor - Payment transaction tx_57297 failed with HTTP 502 Bad Gateway.
  Request Context: {"amount": 59, "currency": "USD", "gateway": "Stripe-v2", "attempt": 3}
  Exception: org.apache.http.conn.HttpHostConnectException: Connect to 10.244.2.45:8080 failed: Connection refused
    at org.apache.http.impl.conn.DefaultHttpClientConnectionOperator.connect(DefaultHttpClientConnectionOperator.java:159)
    at org.apache.http.impl.conn.PoolingHttpClientConnectionManager.connect(PoolingHttpClientConnectionManager.java:376)

2026-08-30T17:14:17.683284Z CRITICAL [PaymentWorker-42] payment_gateway.processor - Payment transaction tx_75218 failed with HTTP 502 Bad Gateway.
  Request Context: {"amount": 199, "currency": "USD", "gateway": "Stripe-v2", "attempt": 3}
  Exception: org.apache.http.conn.HttpHostConnectException: Connect to 10.244.2.45:8080 failed: Connection refused
    at org.apache.http.impl.conn.DefaultHttpClientConnectionOperator.connect(DefaultHttpClientConnectionOperator.java:159)
    at org.apache.http.impl.conn.PoolingHttpClientConnectionManager.connect(PoolingHttpClientConnectionManager.java:376)

2026-08-30T17:14:20.695514Z ERROR [KafkaConsumer-82] payment_gateway.kafka - Kafka Consumer Lag Critical: Topic 'payment-events' partition 3 lag is 56240.

2026-08-30T17:14:23.701717Z ERROR [KafkaConsumer-78] payment_gateway.kafka - Kafka Consumer Lag Critical: Topic 'payment-events' partition 1 lag is 47168.

2026-08-30T17:14:29.725354Z CRITICAL [PaymentWorker-31] payment_gateway.processor - Payment transaction tx_31919 failed with HTTP 502 Bad Gateway.
  Request Context: {"amount": 401, "currency": "USD", "gateway": "Stripe-v2", "attempt": 3}
  Exception: org.apache.http.conn.HttpHostConnectException: Connect to 10.244.2.45:8080 failed: Connection refused
    at org.apache.http.impl.conn.DefaultHttpClientConnectionOperator.connect(DefaultHttpClientConnectionOperator.java:159)
    at org.apache.http.impl.conn.PoolingHttpClientConnectionManager.connect(PoolingHttpClientConnectionManager.java:376)

2026-08-30T17:14:32.739379Z CRITICAL [PaymentWorker-79] payment_gateway.processor - Payment transaction tx_76855 failed with HTTP 502 Bad Gateway.
  Request Context: {"amount": 467, "currency": "USD", "gateway": "Stripe-v2", "attempt": 3}
  Exception: org.apache.http.conn.HttpHostConnectException: Connect to 10.244.2.45:8080 failed: Connection refused
    at org.apache.http.impl.conn.DefaultHttpClientConnectionOperator.connect(DefaultHttpClientConnectionOperator.java:159)
    at org.apache.http.impl.conn.PoolingHttpClientConnectionManager.connect(PoolingHttpClientConnectionManager.java:376)

2026-08-30T17:14:41.766870Z ERROR [KafkaConsumer-52] payment_gateway.kafka - Kafka Consumer Lag Critical: Topic 'payment-events' partition 2 lag is 58301.

2026-08-30T17:14:53.801956Z ERROR [KafkaConsumer-36] payment_gateway.kafka - Kafka Consumer Lag Critical: Topic 'payment-events' partition 3 lag is 66467.

2026-08-30T17:14:59.814152Z CRITICAL [PaymentWorker-99] payment_gateway.processor - Payment transaction tx_13936 failed with HTTP 502 Bad Gateway.
  Request Context: {"amount": 323, "currency": "USD", "gateway": "Stripe-v2", "attempt": 3}
  Exception: org.apache.http.conn.HttpHostConnectException: Connect to 10.244.2.45:8080 failed: Connection refused
    at org.apache.http.impl.conn.DefaultHttpClientConnectionOperator.connect(DefaultHttpClientConnectionOperator.java:159)
    at org.apache.http.impl.conn.PoolingHttpClientConnectionManager.connect(PoolingHttpClientConnectionManager.java:376)

2026-08-30T17:15:05.831956Z ERROR [KafkaConsumer-91] payment_gateway.kafka - Kafka Consumer Lag Critical: Topic 'payment-events' partition 3 lag is 72658.

2026-08-30T17:15:08.838413Z ERROR [KafkaConsumer-64] payment_gateway.kafka - Kafka Consumer Lag Critical: Topic 'payment-events' partition 3 lag is 69404.

2026-08-30T17:15:14.858574Z ERROR [KafkaConsumer-25] payment_gateway.kafka - Kafka Consumer Lag Critical: Topic 'payment-events' partition 2 lag is 75691.

2026-08-30T17:15:20.871191Z CRITICAL [PaymentWorker-66] payment_gateway.processor - Payment transaction tx_13836 failed with HTTP 502 Bad Gateway.
  Request Context: {"amount": 439, "currency": "USD", "gateway": "Stripe-v2", "attempt": 3}
  Exception: org.apache.http.conn.HttpHostConnectException: Connect to 10.244.2.45:8080 failed: Connection refused
    at org.apache.http.impl.conn.DefaultHttpClientConnectionOperator.connect(DefaultHttpClientConnectionOperator.java:159)
    at org.apache.http.impl.conn.PoolingHttpClientConnectionManager.connect(PoolingHttpClientConnectionManager.java:376)

2026-08-30T17:15:23.879448Z ERROR [KafkaConsumer-99] payment_gateway.kafka - Kafka Consumer Lag Critical: Topic 'payment-events' partition 0 lag is 73029.

2026-08-30T17:15:44.943640Z CRITICAL [PaymentWorker-50] payment_gateway.processor - Payment transaction tx_78521 failed with HTTP 502 Bad Gateway.
  Request Context: {"amount": 484, "currency": "USD", "gateway": "Stripe-v2", "attempt": 3}
  Exception: org.apache.http.conn.HttpHostConnectException: Connect to 10.244.2.45:8080 failed: Connection refused
    at org.apache.http.impl.conn.DefaultHttpClientConnectionOperator.connect(DefaultHttpClientConnectionOperator.java:159)
    at org.apache.http.impl.conn.PoolingHttpClientConnectionManager.connect(PoolingHttpClientConnectionManager.java:376)

2026-08-30T17:16:15.026822Z CRITICAL [PaymentWorker-11] payment_gateway.processor - Payment transaction tx_36092 failed with HTTP 502 Bad Gateway.
  Request Context: {"amount": 137, "currency": "USD", "gateway": "Stripe-v2", "attempt": 3}
  Exception: org.apache.http.conn.HttpHostConnectException: Connect to 10.244.2.45:8080 failed: Connection refused
    at org.apache.http.impl.conn.DefaultHttpClientConnectionOperator.connect(DefaultHttpClientConnectionOperator.java:159)
    at org.apache.http.impl.conn.PoolingHttpClientConnectionManager.connect(PoolingHttpClientConnectionManager.java:376)

2026-08-30T17:16:27.055297Z CRITICAL [PaymentWorker-42] payment_gateway.processor - Payment transaction tx_53126 failed with HTTP 502 Bad Gateway.
  Request Context: {"amount": 283, "currency": "USD", "gateway": "Stripe-v2", "attempt": 3}
  Exception: org.apache.http.conn.HttpHostConnectException: Connect to 10.244.2.45:8080 failed: Connection refused
    at org.apache.http.impl.conn.DefaultHttpClientConnectionOperator.connect(DefaultHttpClientConnectionOperator.java:159)
    at org.apache.http.impl.conn.PoolingHttpClientConnectionManager.connect(PoolingHttpClientConnectionManager.java:376)

2026-08-30T17:16:39.084801Z CRITICAL [PaymentWorker-70] payment_gateway.processor - Payment transaction tx_49793 failed with HTTP 502 Bad Gateway.
  Request Context: {"amount": 453, "currency": "USD", "gateway": "Stripe-v2", "attempt": 3}
  Exception: org.apache.http.conn.HttpHostConnectException: Connect to 10.244.2.45:8080 failed: Connection refused
    at org.apache.http.impl.conn.DefaultHttpClientConnectionOperator.connect(DefaultHttpClientConnectionOperator.java:159)
    at org.apache.http.impl.conn.PoolingHttpClientConnectionManager.connect(PoolingHttpClientConnectionManager.java:376)

2026-08-30T17:16:42.092652Z CRITICAL [PaymentWorker-84] payment_gateway.processor - Payment transaction tx_13402 failed with HTTP 502 Bad Gateway.
  Request Context: {"amount": 334, "currency": "USD", "gateway": "Stripe-v2", "attempt": 3}
  Exception: org.apache.http.conn.HttpHostConnectException: Connect to 10.244.2.45:8080 failed: Connection refused
    at org.apache.http.impl.conn.DefaultHttpClientConnectionOperator.connect(DefaultHttpClientConnectionOperator.java:159)
    at org.apache.http.impl.conn.PoolingHttpClientConnectionManager.connect(PoolingHttpClientConnectionManager.java:376)

2026-08-30T17:16:48.124818Z ERROR [KafkaConsumer-31] payment_gateway.kafka - Kafka Consumer Lag Critical: Topic 'payment-events' partition 2 lag is 63565.

2026-08-30T17:17:00.262457Z CRITICAL [PaymentWorker-22] payment_gateway.processor - Payment transaction tx_12096 failed with HTTP 502 Bad Gateway.
  Request Context: {"amount": 239, "currency": "USD", "gateway": "Stripe-v2", "attempt": 3}
  Exception: org.apache.http.conn.HttpHostConnectException: Connect to 10.244.2.45:8080 failed: Connection refused
    at org.apache.http.impl.conn.DefaultHttpClientConnectionOperator.connect(DefaultHttpClientConnectionOperator.java:159)
    at org.apache.http.impl.conn.PoolingHttpClientConnectionManager.connect(PoolingHttpClientConnectionManager.java:376)

2026-08-30T17:17:09.281754Z ERROR [KafkaConsumer-31] payment_gateway.kafka - Kafka Consumer Lag Critical: Topic 'payment-events' partition 2 lag is 58269.

2026-08-30T17:17:12.287142Z CRITICAL [PaymentWorker-82] payment_gateway.processor - Payment transaction tx_67418 failed with HTTP 502 Bad Gateway.
  Request Context: {"amount": 12, "currency": "USD", "gateway": "Stripe-v2", "attempt": 3}
  Exception: org.apache.http.conn.HttpHostConnectException: Connect to 10.244.2.45:8080 failed: Connection refused
    at org.apache.http.impl.conn.DefaultHttpClientConnectionOperator.connect(DefaultHttpClientConnectionOperator.java:159)
    at org.apache.http.impl.conn.PoolingHttpClientConnectionManager.connect(PoolingHttpClientConnectionManager.java:376)

2026-08-30T17:17:27.339114Z CRITICAL [PaymentWorker-32] payment_gateway.processor - Payment transaction tx_64265 failed with HTTP 502 Bad Gateway.
  Request Context: {"amount": 171, "currency": "USD", "gateway": "Stripe-v2", "attempt": 3}
  Exception: org.apache.http.conn.HttpHostConnectException: Connect to 10.244.2.45:8080 failed: Connection refused
    at org.apache.http.impl.conn.DefaultHttpClientConnectionOperator.connect(DefaultHttpClientConnectionOperator.java:159)
    at org.apache.http.impl.conn.PoolingHttpClientConnectionManager.connect(PoolingHttpClientConnectionManager.java:376)

2026-08-30T17:17:42.375515Z CRITICAL [PaymentWorker-25] payment_gateway.processor - Payment transaction tx_38898 failed with HTTP 502 Bad Gateway.
  Request Context: {"amount": 72, "currency": "USD", "gateway": "Stripe-v2", "attempt": 3}
  Exception: org.apache.http.conn.HttpHostConnectException: Connect to 10.244.2.45:8080 failed: Connection refused
    at org.apache.http.impl.conn.DefaultHttpClientConnectionOperator.connect(DefaultHttpClientConnectionOperator.java:159)
    at org.apache.http.impl.conn.PoolingHttpClientConnectionManager.connect(PoolingHttpClientConnectionManager.java:376)

2026-08-30T17:18:03.737534Z ERROR [KafkaConsumer-71] payment_gateway.kafka - Kafka Consumer Lag Critical: Topic 'payment-events' partition 3 lag is 48547.

2026-08-30T17:18:18.779411Z ERROR [KafkaConsumer-55] payment_gateway.kafka - Kafka Consumer Lag Critical: Topic 'payment-events' partition 0 lag is 50864.

2026-08-30T17:18:36.817735Z CRITICAL [PaymentWorker-19] payment_gateway.processor - Payment transaction tx_72456 failed with HTTP 502 Bad Gateway.
  Request Context: {"amount": 332, "currency": "USD", "gateway": "Stripe-v2", "attempt": 3}
  Exception: org.apache.http.conn.HttpHostConnectException: Connect to 10.244.2.45:8080 failed: Connection refused
    at org.apache.http.impl.conn.DefaultHttpClientConnectionOperator.connect(DefaultHttpClientConnectionOperator.java:159)
    at org.apache.http.impl.conn.PoolingHttpClientConnectionManager.connect(PoolingHttpClientConnectionManager.java:376)

2026-08-30T17:18:42.830879Z CRITICAL [PaymentWorker-85] payment_gateway.processor - Payment transaction tx_17552 failed with HTTP 502 Bad Gateway.
  Request Context: {"amount": 120, "currency": "USD", "gateway": "Stripe-v2", "attempt": 3}
  Exception: org.apache.http.conn.HttpHostConnectException: Connect to 10.244.2.45:8080 failed: Connection refused
    at org.apache.http.impl.conn.DefaultHttpClientConnectionOperator.connect(DefaultHttpClientConnectionOperator.java:159)
    at org.apache.http.impl.conn.PoolingHttpClientConnectionManager.connect(PoolingHttpClientConnectionManager.java:376)

2026-08-30T17:18:45.841570Z ERROR [KafkaConsumer-67] payment_gateway.kafka - Kafka Consumer Lag Critical: Topic 'payment-events' partition 1 lag is 56044.

2026-08-30T17:18:48.846770Z CRITICAL [PaymentWorker-44] payment_gateway.processor - Payment transaction tx_90414 failed with HTTP 502 Bad Gateway.
  Request Context: {"amount": 481, "currency": "USD", "gateway": "Stripe-v2", "attempt": 3}
  Exception: org.apache.http.conn.HttpHostConnectException: Connect to 10.244.2.45:8080 failed: Connection refused
    at org.apache.http.impl.conn.DefaultHttpClientConnectionOperator.connect(DefaultHttpClientConnectionOperator.java:159)
    at org.apache.http.impl.conn.PoolingHttpClientConnectionManager.connect(PoolingHttpClientConnectionManager.java:376)

2026-08-30T17:19:18.934854Z CRITICAL [PaymentWorker-46] payment_gateway.processor - Payment transaction tx_49553 failed with HTTP 502 Bad Gateway.
  Request Context: {"amount": 67, "currency": "USD", "gateway": "Stripe-v2", "attempt": 3}
  Exception: org.apache.http.conn.HttpHostConnectException: Connect to 10.244.2.45:8080 failed: Connection refused
    at org.apache.http.impl.conn.DefaultHttpClientConnectionOperator.connect(DefaultHttpClientConnectionOperator.java:159)
    at org.apache.http.impl.conn.PoolingHttpClientConnectionManager.connect(PoolingHttpClientConnectionManager.java:376)

2026-08-30T17:19:21.942048Z CRITICAL [PaymentWorker-81] payment_gateway.processor - Payment transaction tx_45217 failed with HTTP 502 Bad Gateway.
  Request Context: {"amount": 126, "currency": "USD", "gateway": "Stripe-v2", "attempt": 3}
  Exception: org.apache.http.conn.HttpHostConnectException: Connect to 10.244.2.45:8080 failed: Connection refused
    at org.apache.http.impl.conn.DefaultHttpClientConnectionOperator.connect(DefaultHttpClientConnectionOperator.java:159)
    at org.apache.http.impl.conn.PoolingHttpClientConnectionManager.connect(PoolingHttpClientConnectionManager.java:376)

2026-08-30T17:19:24.947760Z ERROR [KafkaConsumer-28] payment_gateway.kafka - Kafka Consumer Lag Critical: Topic 'payment-events' partition 1 lag is 50142.

2026-08-30T17:19:27.035018Z ERROR [KafkaConsumer-30] payment_gateway.kafka - Kafka Consumer Lag Critical: Topic 'payment-events' partition 3 lag is 45001.

2026-08-30T17:19:27.960923Z CRITICAL [PaymentWorker-93] payment_gateway.processor - Payment transaction tx_23664 failed with HTTP 502 Bad Gateway.
  Request Context: {"amount": 81, "currency": "USD", "gateway": "Stripe-v2", "attempt": 3}
  Exception: org.apache.http.conn.HttpHostConnectException: Connect to 10.244.2.45:8080 failed: Connection refused
    at org.apache.http.impl.conn.DefaultHttpClientConnectionOperator.connect(DefaultHttpClientConnectionOperator.java:159)
    at org.apache.http.impl.conn.PoolingHttpClientConnectionManager.connect(PoolingHttpClientConnectionManager.java:376)

2026-08-30T17:19:30.969435Z ERROR [KafkaConsumer-54] payment_gateway.kafka - Kafka Consumer Lag Critical: Topic 'payment-events' partition 1 lag is 71202.

2026-08-30T17:19:39.996519Z CRITICAL [PaymentWorker-74] payment_gateway.processor - Payment transaction tx_85206 failed with HTTP 502 Bad Gateway.
  Request Context: {"amount": 482, "currency": "USD", "gateway": "Stripe-v2", "attempt": 3}
  Exception: org.apache.http.conn.HttpHostConnectException: Connect to 10.244.2.45:8080 failed: Connection refused
    at org.apache.http.impl.conn.DefaultHttpClientConnectionOperator.connect(DefaultHttpClientConnectionOperator.java:159)
    at org.apache.http.impl.conn.PoolingHttpClientConnectionManager.connect(PoolingHttpClientConnectionManager.java:376)

2026-08-30T17:19:52.021661Z CRITICAL [PaymentWorker-79] payment_gateway.processor - Payment transaction tx_25882 failed with HTTP 502 Bad Gateway.
  Request Context: {"amount": 19, "currency": "USD", "gateway": "Stripe-v2", "attempt": 3}
  Exception: org.apache.http.conn.HttpHostConnectException: Connect to 10.244.2.45:8080 failed: Connection refused
    at org.apache.http.impl.conn.DefaultHttpClientConnectionOperator.connect(DefaultHttpClientConnectionOperator.java:159)
    at org.apache.http.impl.conn.PoolingHttpClientConnectionManager.connect(PoolingHttpClientConnectionManager.java:376)

2026-08-30T17:19:58.033845Z CRITICAL [PaymentWorker-59] payment_gateway.processor - Payment transaction tx_49961 failed with HTTP 502 Bad Gateway.
  Request Context: {"amount": 81, "currency": "USD", "gateway": "Stripe-v2", "attempt": 3}
  Exception: org.apache.http.conn.HttpHostConnectException: Connect to 10.244.2.45:8080 failed: Connection refused
    at org.apache.http.impl.conn.DefaultHttpClientConnectionOperator.connect(DefaultHttpClientConnectionOperator.java:159)
    at org.apache.http.impl.conn.PoolingHttpClientConnectionManager.connect(PoolingHttpClientConnectionManager.java:376)

2026-08-30T17:20:13.063229Z CRITICAL [PaymentWorker-52] payment_gateway.processor - Payment transaction tx_83700 failed with HTTP 502 Bad Gateway.
  Request Context: {"amount": 10, "currency": "USD", "gateway": "Stripe-v2", "attempt": 3}
  Exception: org.apache.http.conn.HttpHostConnectException: Connect to 10.244.2.45:8080 failed: Connection refused
    at org.apache.http.impl.conn.DefaultHttpClientConnectionOperator.connect(DefaultHttpClientConnectionOperator.java:159)
    at org.apache.http.impl.conn.PoolingHttpClientConnectionManager.connect(PoolingHttpClientConnectionManager.java:376)

2026-08-30T17:20:31.107827Z CRITICAL [PaymentWorker-78] payment_gateway.processor - Payment transaction tx_89962 failed with HTTP 502 Bad Gateway.
  Request Context: {"amount": 442, "currency": "USD", "gateway": "Stripe-v2", "attempt": 3}
  Exception: org.apache.http.conn.HttpHostConnectException: Connect to 10.244.2.45:8080 failed: Connection refused
    at org.apache.http.impl.conn.DefaultHttpClientConnectionOperator.connect(DefaultHttpClientConnectionOperator.java:159)
    at org.apache.http.impl.conn.PoolingHttpClientConnectionManager.connect(PoolingHttpClientConnectionManager.java:376)

2026-08-30T17:20:43.140880Z ERROR [KafkaConsumer-84] payment_gateway.kafka - Kafka Consumer Lag Critical: Topic 'payment-events' partition 3 lag is 42078.

2026-08-30T17:21:07.201918Z CRITICAL [PaymentWorker-52] payment_gateway.processor - Payment transaction tx_15273 failed with HTTP 502 Bad Gateway.
  Request Context: {"amount": 432, "currency": "USD", "gateway": "Stripe-v2", "attempt": 3}
  Exception: org.apache.http.conn.HttpHostConnectException: Connect to 10.244.2.45:8080 failed: Connection refused
    at org.apache.http.impl.conn.DefaultHttpClientConnectionOperator.connect(DefaultHttpClientConnectionOperator.java:159)
    at org.apache.http.impl.conn.PoolingHttpClientConnectionManager.connect(PoolingHttpClientConnectionManager.java:376)

2026-08-30T17:21:10.216181Z ERROR [KafkaConsumer-58] payment_gateway.kafka - Kafka Consumer Lag Critical: Topic 'payment-events' partition 1 lag is 43157.

2026-08-30T17:21:25.268629Z CRITICAL [PaymentWorker-27] payment_gateway.processor - Payment transaction tx_85093 failed with HTTP 502 Bad Gateway.
  Request Context: {"amount": 497, "currency": "USD", "gateway": "Stripe-v2", "attempt": 3}
  Exception: org.apache.http.conn.HttpHostConnectException: Connect to 10.244.2.45:8080 failed: Connection refused
    at org.apache.http.impl.conn.DefaultHttpClientConnectionOperator.connect(DefaultHttpClientConnectionOperator.java:159)
    at org.apache.http.impl.conn.PoolingHttpClientConnectionManager.connect(PoolingHttpClientConnectionManager.java:376)

2026-08-30T17:21:37.308363Z CRITICAL [PaymentWorker-55] payment_gateway.processor - Payment transaction tx_37423 failed with HTTP 502 Bad Gateway.
  Request Context: {"amount": 19, "currency": "USD", "gateway": "Stripe-v2", "attempt": 3}
  Exception: org.apache.http.conn.HttpHostConnectException: Connect to 10.244.2.45:8080 failed: Connection refused
    at org.apache.http.impl.conn.DefaultHttpClientConnectionOperator.connect(DefaultHttpClientConnectionOperator.java:159)
    at org.apache.http.impl.conn.PoolingHttpClientConnectionManager.connect(PoolingHttpClientConnectionManager.java:376)

2026-08-30T17:21:46.329531Z ERROR [KafkaConsumer-82] payment_gateway.kafka - Kafka Consumer Lag Critical: Topic 'payment-events' partition 2 lag is 71151.

2026-08-30T17:21:49.341838Z ERROR [KafkaConsumer-85] payment_gateway.kafka - Kafka Consumer Lag Critical: Topic 'payment-events' partition 2 lag is 61718.

2026-08-30T17:22:04.374908Z ERROR [KafkaConsumer-38] payment_gateway.kafka - Kafka Consumer Lag Critical: Topic 'payment-events' partition 0 lag is 52999.

2026-08-30T17:22:10.387329Z CRITICAL [PaymentWorker-56] payment_gateway.processor - Payment transaction tx_40344 failed with HTTP 502 Bad Gateway.
  Request Context: {"amount": 230, "currency": "USD", "gateway": "Stripe-v2", "attempt": 3}
  Exception: org.apache.http.conn.HttpHostConnectException: Connect to 10.244.2.45:8080 failed: Connection refused
    at org.apache.http.impl.conn.DefaultHttpClientConnectionOperator.connect(DefaultHttpClientConnectionOperator.java:159)
    at org.apache.http.impl.conn.PoolingHttpClientConnectionManager.connect(PoolingHttpClientConnectionManager.java:376)

2026-08-30T17:22:16.401030Z ERROR [KafkaConsumer-49] payment_gateway.kafka - Kafka Consumer Lag Critical: Topic 'payment-events' partition 2 lag is 66660.

2026-08-30T17:22:37.447990Z CRITICAL [PaymentWorker-94] payment_gateway.processor - Payment transaction tx_91697 failed with HTTP 502 Bad Gateway.
  Request Context: {"amount": 175, "currency": "USD", "gateway": "Stripe-v2", "attempt": 3}
  Exception: org.apache.http.conn.HttpHostConnectException: Connect to 10.244.2.45:8080 failed: Connection refused
    at org.apache.http.impl.conn.DefaultHttpClientConnectionOperator.connect(DefaultHttpClientConnectionOperator.java:159)
    at org.apache.http.impl.conn.PoolingHttpClientConnectionManager.connect(PoolingHttpClientConnectionManager.java:376)

2026-08-30T17:22:40.454001Z ERROR [KafkaConsumer-14] payment_gateway.kafka - Kafka Consumer Lag Critical: Topic 'payment-events' partition 1 lag is 68042.

2026-08-30T17:23:01.498214Z CRITICAL [PaymentWorker-89] payment_gateway.processor - Payment transaction tx_23799 failed with HTTP 502 Bad Gateway.
  Request Context: {"amount": 61, "currency": "USD", "gateway": "Stripe-v2", "attempt": 3}
  Exception: org.apache.http.conn.HttpHostConnectException: Connect to 10.244.2.45:8080 failed: Connection refused
    at org.apache.http.impl.conn.DefaultHttpClientConnectionOperator.connect(DefaultHttpClientConnectionOperator.java:159)
    at org.apache.http.impl.conn.PoolingHttpClientConnectionManager.connect(PoolingHttpClientConnectionManager.java:376)

2026-08-30T17:23:04.507679Z CRITICAL [PaymentWorker-67] payment_gateway.processor - Payment transaction tx_86734 failed with HTTP 502 Bad Gateway.
  Request Context: {"amount": 96, "currency": "USD", "gateway": "Stripe-v2", "attempt": 3}
  Exception: org.apache.http.conn.HttpHostConnectException: Connect to 10.244.2.45:8080 failed: Connection refused
    at org.apache.http.impl.conn.DefaultHttpClientConnectionOperator.connect(DefaultHttpClientConnectionOperator.java:159)
    at org.apache.http.impl.conn.PoolingHttpClientConnectionManager.connect(PoolingHttpClientConnectionManager.java:376)

2026-08-30T17:23:22.430771Z ERROR [KafkaConsumer-38] payment_gateway.kafka - Kafka Consumer Lag Critical: Topic 'payment-events' partition 1 lag is 70000.

2026-08-30T17:23:31.457634Z CRITICAL [PaymentWorker-56] payment_gateway.processor - Payment transaction tx_33695 failed with HTTP 502 Bad Gateway.
  Request Context: {"amount": 348, "currency": "USD", "gateway": "Stripe-v2", "attempt": 3}
  Exception: org.apache.http.conn.HttpHostConnectException: Connect to 10.244.2.45:8080 failed: Connection refused
    at org.apache.http.impl.conn.DefaultHttpClientConnectionOperator.connect(DefaultHttpClientConnectionOperator.java:159)
    at org.apache.http.impl.conn.PoolingHttpClientConnectionManager.connect(PoolingHttpClientConnectionManager.java:376)

2026-08-30T17:23:43.486669Z ERROR [KafkaConsumer-81] payment_gateway.kafka - Kafka Consumer Lag Critical: Topic 'payment-events' partition 0 lag is 46694.

2026-08-30T17:23:46.493523Z ERROR [KafkaConsumer-20] payment_gateway.kafka - Kafka Consumer Lag Critical: Topic 'payment-events' partition 1 lag is 53341.

2026-08-30T17:23:52.512226Z CRITICAL [PaymentWorker-45] payment_gateway.processor - Payment transaction tx_73428 failed with HTTP 502 Bad Gateway.
  Request Context: {"amount": 177, "currency": "USD", "gateway": "Stripe-v2", "attempt": 3}
  Exception: org.apache.http.conn.HttpHostConnectException: Connect to 10.244.2.45:8080 failed: Connection refused
    at org.apache.http.impl.conn.DefaultHttpClientConnectionOperator.connect(DefaultHttpClientConnectionOperator.java:159)
    at org.apache.http.impl.conn.PoolingHttpClientConnectionManager.connect(PoolingHttpClientConnectionManager.java:376)

2026-08-30T17:23:58.535716Z CRITICAL [PaymentWorker-70] payment_gateway.processor - Payment transaction tx_25183 failed with HTTP 502 Bad Gateway.
  Request Context: {"amount": 263, "currency": "USD", "gateway": "Stripe-v2", "attempt": 3}
  Exception: org.apache.http.conn.HttpHostConnectException: Connect to 10.244.2.45:8080 failed: Connection refused
    at org.apache.http.impl.conn.DefaultHttpClientConnectionOperator.connect(DefaultHttpClientConnectionOperator.java:159)
    at org.apache.http.impl.conn.PoolingHttpClientConnectionManager.connect(PoolingHttpClientConnectionManager.java:376)

2026-08-30T17:24:04.549695Z CRITICAL [PaymentWorker-29] payment_gateway.processor - Payment transaction tx_88300 failed with HTTP 502 Bad Gateway.
  Request Context: {"amount": 394, "currency": "USD", "gateway": "Stripe-v2", "attempt": 3}
  Exception: org.apache.http.conn.HttpHostConnectException: Connect to 10.244.2.45:8080 failed: Connection refused
    at org.apache.http.impl.conn.DefaultHttpClientConnectionOperator.connect(DefaultHttpClientConnectionOperator.java:159)
    at org.apache.http.impl.conn.PoolingHttpClientConnectionManager.connect(PoolingHttpClientConnectionManager.java:376)

2026-08-30T17:24:13.574315Z CRITICAL [PaymentWorker-25] payment_gateway.processor - Payment transaction tx_58249 failed with HTTP 502 Bad Gateway.
  Request Context: {"amount": 429, "currency": "USD", "gateway": "Stripe-v2", "attempt": 3}
  Exception: org.apache.http.conn.HttpHostConnectException: Connect to 10.244.2.45:8080 failed: Connection refused
    at org.apache.http.impl.conn.DefaultHttpClientConnectionOperator.connect(DefaultHttpClientConnectionOperator.java:159)
    at org.apache.http.impl.conn.PoolingHttpClientConnectionManager.connect(PoolingHttpClientConnectionManager.java:376)

2026-08-30T17:24:25.618832Z ERROR [KafkaConsumer-61] payment_gateway.kafka - Kafka Consumer Lag Critical: Topic 'payment-events' partition 0 lag is 61028.

2026-08-30T17:24:28.624752Z CRITICAL [PaymentWorker-42] payment_gateway.processor - Payment transaction tx_62658 failed with HTTP 502 Bad Gateway.
  Request Context: {"amount": 491, "currency": "USD", "gateway": "Stripe-v2", "attempt": 3}
  Exception: org.apache.http.conn.HttpHostConnectException: Connect to 10.244.2.45:8080 failed: Connection refused
    at org.apache.http.impl.conn.DefaultHttpClientConnectionOperator.connect(DefaultHttpClientConnectionOperator.java:159)
    at org.apache.http.impl.conn.PoolingHttpClientConnectionManager.connect(PoolingHttpClientConnectionManager.java:376)

2026-08-30T17:24:31.639384Z ERROR [KafkaConsumer-55] payment_gateway.kafka - Kafka Consumer Lag Critical: Topic 'payment-events' partition 3 lag is 53762.

2026-08-30T17:24:37.649886Z CRITICAL [PaymentWorker-43] payment_gateway.processor - Payment transaction tx_26252 failed with HTTP 502 Bad Gateway.
  Request Context: {"amount": 40, "currency": "USD", "gateway": "Stripe-v2", "attempt": 3}
  Exception: org.apache.http.conn.HttpHostConnectException: Connect to 10.244.2.45:8080 failed: Connection refused
    at org.apache.http.impl.conn.DefaultHttpClientConnectionOperator.connect(DefaultHttpClientConnectionOperator.java:159)
    at org.apache.http.impl.conn.PoolingHttpClientConnectionManager.connect(PoolingHttpClientConnectionManager.java:376)

2026-08-30T17:24:40.655887Z CRITICAL [PaymentWorker-31] payment_gateway.processor - Payment transaction tx_14177 failed with HTTP 502 Bad Gateway.
  Request Context: {"amount": 485, "currency": "USD", "gateway": "Stripe-v2", "attempt": 3}
  Exception: org.apache.http.conn.HttpHostConnectException: Connect to 10.244.2.45:8080 failed: Connection refused
    at org.apache.http.impl.conn.DefaultHttpClientConnectionOperator.connect(DefaultHttpClientConnectionOperator.java:159)
    at org.apache.http.impl.conn.PoolingHttpClientConnectionManager.connect(PoolingHttpClientConnectionManager.java:376)

2026-08-30T17:24:49.677036Z ERROR [KafkaConsumer-23] payment_gateway.kafka - Kafka Consumer Lag Critical: Topic 'payment-events' partition 3 lag is 71107.

2026-08-30T17:24:52.684730Z CRITICAL [PaymentWorker-33] payment_gateway.processor - Payment transaction tx_31123 failed with HTTP 502 Bad Gateway.
  Request Context: {"amount": 82, "currency": "USD", "gateway": "Stripe-v2", "attempt": 3}
  Exception: org.apache.http.conn.HttpHostConnectException: Connect to 10.244.2.45:8080 failed: Connection refused
    at org.apache.http.impl.conn.DefaultHttpClientConnectionOperator.connect(DefaultHttpClientConnectionOperator.java:159)
    at org.apache.http.impl.conn.PoolingHttpClientConnectionManager.connect(PoolingHttpClientConnectionManager.java:376)

2026-08-30T17:24:55.700100Z CRITICAL [PaymentWorker-98] payment_gateway.processor - Payment transaction tx_81781 failed with HTTP 502 Bad Gateway.
  Request Context: {"amount": 364, "currency": "USD", "gateway": "Stripe-v2", "attempt": 3}
  Exception: org.apache.http.conn.HttpHostConnectException: Connect to 10.244.2.45:8080 failed: Connection refused
    at org.apache.http.impl.conn.DefaultHttpClientConnectionOperator.connect(DefaultHttpClientConnectionOperator.java:159)
    at org.apache.http.impl.conn.PoolingHttpClientConnectionManager.connect(PoolingHttpClientConnectionManager.java:376)

2026-08-30T17:24:58.704624Z CRITICAL [PaymentWorker-47] payment_gateway.processor - Payment transaction tx_66103 failed with HTTP 502 Bad Gateway.
  Request Context: {"amount": 239, "currency": "USD", "gateway": "Stripe-v2", "attempt": 3}
  Exception: org.apache.http.conn.HttpHostConnectException: Connect to 10.244.2.45:8080 failed: Connection refused
    at org.apache.http.impl.conn.DefaultHttpClientConnectionOperator.connect(DefaultHttpClientConnectionOperator.java:159)
    at org.apache.http.impl.conn.PoolingHttpClientConnectionManager.connect(PoolingHttpClientConnectionManager.java:376)

2026-08-30T17:25:01.710222Z ERROR [KafkaConsumer-68] payment_gateway.kafka - Kafka Consumer Lag Critical: Topic 'payment-events' partition 0 lag is 63276.

2026-08-30T17:26:09.532626Z ERROR [KafkaConsumer-17] payment_gateway.kafka - Kafka Consumer Lag Critical: Topic 'payment-events' partition 0 lag is 48610.

2026-08-30T17:26:12.538965Z ERROR [KafkaConsumer-73] payment_gateway.kafka - Kafka Consumer Lag Critical: Topic 'payment-events' partition 0 lag is 56287.

2026-08-30T17:26:18.561771Z ERROR [KafkaConsumer-65] payment_gateway.kafka - Kafka Consumer Lag Critical: Topic 'payment-events' partition 0 lag is 48935.

2026-08-30T17:26:36.609921Z CRITICAL [PaymentWorker-59] payment_gateway.processor - Payment transaction tx_86842 failed with HTTP 502 Bad Gateway.
  Request Context: {"amount": 184, "currency": "USD", "gateway": "Stripe-v2", "attempt": 3}
  Exception: org.apache.http.conn.HttpHostConnectException: Connect to 10.244.2.45:8080 failed: Connection refused
    at org.apache.http.impl.conn.DefaultHttpClientConnectionOperator.connect(DefaultHttpClientConnectionOperator.java:159)
    at org.apache.http.impl.conn.PoolingHttpClientConnectionManager.connect(PoolingHttpClientConnectionManager.java:376)

2026-08-30T17:26:48.644742Z CRITICAL [PaymentWorker-16] payment_gateway.processor - Payment transaction tx_34783 failed with HTTP 502 Bad Gateway.
  Request Context: {"amount": 60, "currency": "USD", "gateway": "Stripe-v2", "attempt": 3}
  Exception: org.apache.http.conn.HttpHostConnectException: Connect to 10.244.2.45:8080 failed: Connection refused
    at org.apache.http.impl.conn.DefaultHttpClientConnectionOperator.connect(DefaultHttpClientConnectionOperator.java:159)
    at org.apache.http.impl.conn.PoolingHttpClientConnectionManager.connect(PoolingHttpClientConnectionManager.java:376)

2026-08-30T17:26:54.665617Z ERROR [KafkaConsumer-45] payment_gateway.kafka - Kafka Consumer Lag Critical: Topic 'payment-events' partition 1 lag is 75891.

2026-08-30T17:27:12.711956Z ERROR [KafkaConsumer-92] payment_gateway.kafka - Kafka Consumer Lag Critical: Topic 'payment-events' partition 1 lag is 79753.

2026-08-30T17:27:15.718157Z ERROR [KafkaConsumer-43] payment_gateway.kafka - Kafka Consumer Lag Critical: Topic 'payment-events' partition 1 lag is 65570.

2026-08-30T17:27:21.729391Z ERROR [KafkaConsumer-79] payment_gateway.kafka - Kafka Consumer Lag Critical: Topic 'payment-events' partition 0 lag is 62844.

2026-08-30T17:27:24.785338Z ERROR [KafkaConsumer-33] payment_gateway.kafka - Kafka Consumer Lag Critical: Topic 'payment-events' partition 0 lag is 66274.

2026-08-30T17:27:36.821626Z ERROR [KafkaConsumer-18] payment_gateway.kafka - Kafka Consumer Lag Critical: Topic 'payment-events' partition 0 lag is 41390.

2026-08-30T17:27:39.833155Z CRITICAL [PaymentWorker-99] payment_gateway.processor - Payment transaction tx_90771 failed with HTTP 502 Bad Gateway.
  Request Context: {"amount": 319, "currency": "USD", "gateway": "Stripe-v2", "attempt": 3}
  Exception: org.apache.http.conn.HttpHostConnectException: Connect to 10.244.2.45:8080 failed: Connection refused
    at org.apache.http.impl.conn.DefaultHttpClientConnectionOperator.connect(DefaultHttpClientConnectionOperator.java:159)
    at org.apache.http.impl.conn.PoolingHttpClientConnectionManager.connect(PoolingHttpClientConnectionManager.java:376)

2026-08-30T17:27:42.840327Z CRITICAL [PaymentWorker-43] payment_gateway.processor - Payment transaction tx_45398 failed with HTTP 502 Bad Gateway.
  Request Context: {"amount": 459, "currency": "USD", "gateway": "Stripe-v2", "attempt": 3}
  Exception: org.apache.http.conn.HttpHostConnectException: Connect to 10.244.2.45:8080 failed: Connection refused
    at org.apache.http.impl.conn.DefaultHttpClientConnectionOperator.connect(DefaultHttpClientConnectionOperator.java:159)
    at org.apache.http.impl.conn.PoolingHttpClientConnectionManager.connect(PoolingHttpClientConnectionManager.java:376)

2026-08-30T17:27:51.860370Z ERROR [KafkaConsumer-32] payment_gateway.kafka - Kafka Consumer Lag Critical: Topic 'payment-events' partition 2 lag is 69892.

2026-08-30T17:27:57.882480Z CRITICAL [PaymentWorker-69] payment_gateway.processor - Payment transaction tx_86432 failed with HTTP 502 Bad Gateway.
  Request Context: {"amount": 442, "currency": "USD", "gateway": "Stripe-v2", "attempt": 3}
  Exception: org.apache.http.conn.HttpHostConnectException: Connect to 10.244.2.45:8080 failed: Connection refused
    at org.apache.http.impl.conn.DefaultHttpClientConnectionOperator.connect(DefaultHttpClientConnectionOperator.java:159)
    at org.apache.http.impl.conn.PoolingHttpClientConnectionManager.connect(PoolingHttpClientConnectionManager.java:376)

2026-08-30T17:28:03.894906Z CRITICAL [PaymentWorker-42] payment_gateway.processor - Payment transaction tx_27422 failed with HTTP 502 Bad Gateway.
  Request Context: {"amount": 219, "currency": "USD", "gateway": "Stripe-v2", "attempt": 3}
  Exception: org.apache.http.conn.HttpHostConnectException: Connect to 10.244.2.45:8080 failed: Connection refused
    at org.apache.http.impl.conn.DefaultHttpClientConnectionOperator.connect(DefaultHttpClientConnectionOperator.java:159)
    at org.apache.http.impl.conn.PoolingHttpClientConnectionManager.connect(PoolingHttpClientConnectionManager.java:376)

2026-08-30T17:28:12.912513Z CRITICAL [PaymentWorker-73] payment_gateway.processor - Payment transaction tx_59382 failed with HTTP 502 Bad Gateway.
  Request Context: {"amount": 496, "currency": "USD", "gateway": "Stripe-v2", "attempt": 3}
  Exception: org.apache.http.conn.HttpHostConnectException: Connect to 10.244.2.45:8080 failed: Connection refused
    at org.apache.http.impl.conn.DefaultHttpClientConnectionOperator.connect(DefaultHttpClientConnectionOperator.java:159)
    at org.apache.http.impl.conn.PoolingHttpClientConnectionManager.connect(PoolingHttpClientConnectionManager.java:376)

2026-08-30T17:28:30.965606Z ERROR [KafkaConsumer-34] payment_gateway.kafka - Kafka Consumer Lag Critical: Topic 'payment-events' partition 3 lag is 62858.

2026-08-30T17:28:46.009642Z ERROR [KafkaConsumer-81] payment_gateway.kafka - Kafka Consumer Lag Critical: Topic 'payment-events' partition 1 lag is 79390.

2026-08-30T17:28:55.043595Z ERROR [KafkaConsumer-71] payment_gateway.kafka - Kafka Consumer Lag Critical: Topic 'payment-events' partition 1 lag is 43102.

2026-08-30T17:28:58.050944Z ERROR [KafkaConsumer-84] payment_gateway.kafka - Kafka Consumer Lag Critical: Topic 'payment-events' partition 2 lag is 77646.

2026-08-30T17:29:07.073689Z ERROR [KafkaConsumer-71] payment_gateway.kafka - Kafka Consumer Lag Critical: Topic 'payment-events' partition 1 lag is 66339.

2026-08-30T17:29:19.097810Z CRITICAL [PaymentWorker-12] payment_gateway.processor - Payment transaction tx_74100 failed with HTTP 502 Bad Gateway.
  Request Context: {"amount": 76, "currency": "USD", "gateway": "Stripe-v2", "attempt": 3}
  Exception: org.apache.http.conn.HttpHostConnectException: Connect to 10.244.2.45:8080 failed: Connection refused
    at org.apache.http.impl.conn.DefaultHttpClientConnectionOperator.connect(DefaultHttpClientConnectionOperator.java:159)
    at org.apache.http.impl.conn.PoolingHttpClientConnectionManager.connect(PoolingHttpClientConnectionManager.java:376)

2026-08-30T17:29:34.129385Z CRITICAL [PaymentWorker-60] payment_gateway.processor - Payment transaction tx_74604 failed with HTTP 502 Bad Gateway.
  Request Context: {"amount": 385, "currency": "USD", "gateway": "Stripe-v2", "attempt": 3}
  Exception: org.apache.http.conn.HttpHostConnectException: Connect to 10.244.2.45:8080 failed: Connection refused
    at org.apache.http.impl.conn.DefaultHttpClientConnectionOperator.connect(DefaultHttpClientConnectionOperator.java:159)
    at org.apache.http.impl.conn.PoolingHttpClientConnectionManager.connect(PoolingHttpClientConnectionManager.java:376)

2026-08-30T17:29:40.141916Z CRITICAL [PaymentWorker-92] payment_gateway.processor - Payment transaction tx_81579 failed with HTTP 502 Bad Gateway.
  Request Context: {"amount": 112, "currency": "USD", "gateway": "Stripe-v2", "attempt": 3}
  Exception: org.apache.http.conn.HttpHostConnectException: Connect to 10.244.2.45:8080 failed: Connection refused
    at org.apache.http.impl.conn.DefaultHttpClientConnectionOperator.connect(DefaultHttpClientConnectionOperator.java:159)
    at org.apache.http.impl.conn.PoolingHttpClientConnectionManager.connect(PoolingHttpClientConnectionManager.java:376)

2026-08-30T17:29:49.162979Z CRITICAL [PaymentWorker-28] payment_gateway.processor - Payment transaction tx_80702 failed with HTTP 502 Bad Gateway.
  Request Context: {"amount": 260, "currency": "USD", "gateway": "Stripe-v2", "attempt": 3}
  Exception: org.apache.http.conn.HttpHostConnectException: Connect to 10.244.2.45:8080 failed: Connection refused
    at org.apache.http.impl.conn.DefaultHttpClientConnectionOperator.connect(DefaultHttpClientConnectionOperator.java:159)
    at org.apache.http.impl.conn.PoolingHttpClientConnectionManager.connect(PoolingHttpClientConnectionManager.java:376)

2026-08-30T17:29:55.175429Z CRITICAL [PaymentWorker-71] payment_gateway.processor - Payment transaction tx_39950 failed with HTTP 502 Bad Gateway.
  Request Context: {"amount": 471, "currency": "USD", "gateway": "Stripe-v2", "attempt": 3}
  Exception: org.apache.http.conn.HttpHostConnectException: Connect to 10.244.2.45:8080 failed: Connection refused
    at org.apache.http.impl.conn.DefaultHttpClientConnectionOperator.connect(DefaultHttpClientConnectionOperator.java:159)
    at org.apache.http.impl.conn.PoolingHttpClientConnectionManager.connect(PoolingHttpClientConnectionManager.java:376)

2026-08-30T17:29:58.180891Z CRITICAL [PaymentWorker-47] payment_gateway.processor - Payment transaction tx_45763 failed with HTTP 502 Bad Gateway.
  Request Context: {"amount": 263, "currency": "USD", "gateway": "Stripe-v2", "attempt": 3}
  Exception: org.apache.http.conn.HttpHostConnectException: Connect to 10.244.2.45:8080 failed: Connection refused
    at org.apache.http.impl.conn.DefaultHttpClientConnectionOperator.connect(DefaultHttpClientConnectionOperator.java:159)
    at org.apache.http.impl.conn.PoolingHttpClientConnectionManager.connect(PoolingHttpClientConnectionManager.java:376)

2026-08-30T17:30:10.205696Z ERROR [KafkaConsumer-52] payment_gateway.kafka - Kafka Consumer Lag Critical: Topic 'payment-events' partition 2 lag is 67975.

2026-08-30T17:30:16.217836Z CRITICAL [PaymentWorker-28] payment_gateway.processor - Payment transaction tx_27553 failed with HTTP 502 Bad Gateway.
  Request Context: {"amount": 34, "currency": "USD", "gateway": "Stripe-v2", "attempt": 3}
  Exception: org.apache.http.conn.HttpHostConnectException: Connect to 10.244.2.45:8080 failed: Connection refused
    at org.apache.http.impl.conn.DefaultHttpClientConnectionOperator.connect(DefaultHttpClientConnectionOperator.java:159)
    at org.apache.http.impl.conn.PoolingHttpClientConnectionManager.connect(PoolingHttpClientConnectionManager.java:376)

2026-08-30T17:30:19.222529Z ERROR [KafkaConsumer-91] payment_gateway.kafka - Kafka Consumer Lag Critical: Topic 'payment-events' partition 1 lag is 49256.

2026-08-30T17:30:25.235511Z CRITICAL [PaymentWorker-81] payment_gateway.processor - Payment transaction tx_87947 failed with HTTP 502 Bad Gateway.
  Request Context: {"amount": 134, "currency": "USD", "gateway": "Stripe-v2", "attempt": 3}
  Exception: org.apache.http.conn.HttpHostConnectException: Connect to 10.244.2.45:8080 failed: Connection refused
    at org.apache.http.impl.conn.DefaultHttpClientConnectionOperator.connect(DefaultHttpClientConnectionOperator.java:159)
    at org.apache.http.impl.conn.PoolingHttpClientConnectionManager.connect(PoolingHttpClientConnectionManager.java:376)

2026-08-30T17:30:28.241564Z ERROR [KafkaConsumer-38] payment_gateway.kafka - Kafka Consumer Lag Critical: Topic 'payment-events' partition 2 lag is 72896.

2026-08-30T17:30:31.246566Z CRITICAL [PaymentWorker-25] payment_gateway.processor - Payment transaction tx_71618 failed with HTTP 502 Bad Gateway.
  Request Context: {"amount": 491, "currency": "USD", "gateway": "Stripe-v2", "attempt": 3}
  Exception: org.apache.http.conn.HttpHostConnectException: Connect to 10.244.2.45:8080 failed: Connection refused
    at org.apache.http.impl.conn.DefaultHttpClientConnectionOperator.connect(DefaultHttpClientConnectionOperator.java:159)
    at org.apache.http.impl.conn.PoolingHttpClientConnectionManager.connect(PoolingHttpClientConnectionManager.java:376)

2026-08-30T17:30:43.278652Z ERROR [KafkaConsumer-21] payment_gateway.kafka - Kafka Consumer Lag Critical: Topic 'payment-events' partition 0 lag is 45636.

2026-08-30T17:30:46.284246Z CRITICAL [PaymentWorker-57] payment_gateway.processor - Payment transaction tx_64534 failed with HTTP 502 Bad Gateway.
  Request Context: {"amount": 409, "currency": "USD", "gateway": "Stripe-v2", "attempt": 3}
  Exception: org.apache.http.conn.HttpHostConnectException: Connect to 10.244.2.45:8080 failed: Connection refused
    at org.apache.http.impl.conn.DefaultHttpClientConnectionOperator.connect(DefaultHttpClientConnectionOperator.java:159)
    at org.apache.http.impl.conn.PoolingHttpClientConnectionManager.connect(PoolingHttpClientConnectionManager.java:376)

2026-08-30T17:30:52.297521Z CRITICAL [PaymentWorker-85] payment_gateway.processor - Payment transaction tx_73276 failed with HTTP 502 Bad Gateway.
  Request Context: {"amount": 114, "currency": "USD", "gateway": "Stripe-v2", "attempt": 3}
  Exception: org.apache.http.conn.HttpHostConnectException: Connect to 10.244.2.45:8080 failed: Connection refused
    at org.apache.http.impl.conn.DefaultHttpClientConnectionOperator.connect(DefaultHttpClientConnectionOperator.java:159)
    at org.apache.http.impl.conn.PoolingHttpClientConnectionManager.connect(PoolingHttpClientConnectionManager.java:376)

2026-08-30T17:30:55.303007Z CRITICAL [PaymentWorker-74] payment_gateway.processor - Payment transaction tx_88707 failed with HTTP 502 Bad Gateway.
  Request Context: {"amount": 177, "currency": "USD", "gateway": "Stripe-v2", "attempt": 3}
  Exception: org.apache.http.conn.HttpHostConnectException: Connect to 10.244.2.45:8080 failed: Connection refused
    at org.apache.http.impl.conn.DefaultHttpClientConnectionOperator.connect(DefaultHttpClientConnectionOperator.java:159)
    at org.apache.http.impl.conn.PoolingHttpClientConnectionManager.connect(PoolingHttpClientConnectionManager.java:376)

2026-08-30T17:31:04.321500Z ERROR [KafkaConsumer-65] payment_gateway.kafka - Kafka Consumer Lag Critical: Topic 'payment-events' partition 1 lag is 50120.

2026-08-30T17:31:10.347558Z CRITICAL [PaymentWorker-59] payment_gateway.processor - Payment transaction tx_54966 failed with HTTP 502 Bad Gateway.
  Request Context: {"amount": 177, "currency": "USD", "gateway": "Stripe-v2", "attempt": 3}
  Exception: org.apache.http.conn.HttpHostConnectException: Connect to 10.244.2.45:8080 failed: Connection refused
    at org.apache.http.impl.conn.DefaultHttpClientConnectionOperator.connect(DefaultHttpClientConnectionOperator.java:159)
    at org.apache.http.impl.conn.PoolingHttpClientConnectionManager.connect(PoolingHttpClientConnectionManager.java:376)

2026-08-30T17:31:16.373211Z CRITICAL [PaymentWorker-57] payment_gateway.processor - Payment transaction tx_85383 failed with HTTP 502 Bad Gateway.
  Request Context: {"amount": 323, "currency": "USD", "gateway": "Stripe-v2", "attempt": 3}
  Exception: org.apache.http.conn.HttpHostConnectException: Connect to 10.244.2.45:8080 failed: Connection refused
    at org.apache.http.impl.conn.DefaultHttpClientConnectionOperator.connect(DefaultHttpClientConnectionOperator.java:159)
    at org.apache.http.impl.conn.PoolingHttpClientConnectionManager.connect(PoolingHttpClientConnectionManager.java:376)

2026-08-30T17:31:22.390963Z ERROR [KafkaConsumer-88] payment_gateway.kafka - Kafka Consumer Lag Critical: Topic 'payment-events' partition 0 lag is 46743.

2026-08-30T17:31:25.397209Z ERROR [KafkaConsumer-60] payment_gateway.kafka - Kafka Consumer Lag Critical: Topic 'payment-events' partition 3 lag is 49215.

2026-08-30T17:31:28.401961Z ERROR [KafkaConsumer-12] payment_gateway.kafka - Kafka Consumer Lag Critical: Topic 'payment-events' partition 1 lag is 45633.

2026-08-30T17:31:52.476969Z CRITICAL [PaymentWorker-40] payment_gateway.processor - Payment transaction tx_48332 failed with HTTP 502 Bad Gateway.
  Request Context: {"amount": 196, "currency": "USD", "gateway": "Stripe-v2", "attempt": 3}
  Exception: org.apache.http.conn.HttpHostConnectException: Connect to 10.244.2.45:8080 failed: Connection refused
    at org.apache.http.impl.conn.DefaultHttpClientConnectionOperator.connect(DefaultHttpClientConnectionOperator.java:159)
    at org.apache.http.impl.conn.PoolingHttpClientConnectionManager.connect(PoolingHttpClientConnectionManager.java:376)

2026-08-30T17:31:58.503609Z CRITICAL [PaymentWorker-29] payment_gateway.processor - Payment transaction tx_38908 failed with HTTP 502 Bad Gateway.
  Request Context: {"amount": 142, "currency": "USD", "gateway": "Stripe-v2", "attempt": 3}
  Exception: org.apache.http.conn.HttpHostConnectException: Connect to 10.244.2.45:8080 failed: Connection refused
    at org.apache.http.impl.conn.DefaultHttpClientConnectionOperator.connect(DefaultHttpClientConnectionOperator.java:159)
    at org.apache.http.impl.conn.PoolingHttpClientConnectionManager.connect(PoolingHttpClientConnectionManager.java:376)

2026-08-30T17:32:04.518231Z CRITICAL [PaymentWorker-96] payment_gateway.processor - Payment transaction tx_80432 failed with HTTP 502 Bad Gateway.
  Request Context: {"amount": 33, "currency": "USD", "gateway": "Stripe-v2", "attempt": 3}
  Exception: org.apache.http.conn.HttpHostConnectException: Connect to 10.244.2.45:8080 failed: Connection refused
    at org.apache.http.impl.conn.DefaultHttpClientConnectionOperator.connect(DefaultHttpClientConnectionOperator.java:159)
    at org.apache.http.impl.conn.PoolingHttpClientConnectionManager.connect(PoolingHttpClientConnectionManager.java:376)

2026-08-30T17:32:16.562004Z ERROR [KafkaConsumer-37] payment_gateway.kafka - Kafka Consumer Lag Critical: Topic 'payment-events' partition 1 lag is 55660.

2026-08-30T17:32:28.588392Z CRITICAL [PaymentWorker-15] payment_gateway.processor - Payment transaction tx_78011 failed with HTTP 502 Bad Gateway.
  Request Context: {"amount": 213, "currency": "USD", "gateway": "Stripe-v2", "attempt": 3}
  Exception: org.apache.http.conn.HttpHostConnectException: Connect to 10.244.2.45:8080 failed: Connection refused
    at org.apache.http.impl.conn.DefaultHttpClientConnectionOperator.connect(DefaultHttpClientConnectionOperator.java:159)
    at org.apache.http.impl.conn.PoolingHttpClientConnectionManager.connect(PoolingHttpClientConnectionManager.java:376)

2026-08-30T17:32:46.636267Z ERROR [KafkaConsumer-86] payment_gateway.kafka - Kafka Consumer Lag Critical: Topic 'payment-events' partition 0 lag is 74001.

2026-08-30T17:33:04.685053Z ERROR [KafkaConsumer-92] payment_gateway.kafka - Kafka Consumer Lag Critical: Topic 'payment-events' partition 3 lag is 45754.

2026-08-30T17:33:19.731071Z CRITICAL [PaymentWorker-75] payment_gateway.processor - Payment transaction tx_16229 failed with HTTP 502 Bad Gateway.
  Request Context: {"amount": 277, "currency": "USD", "gateway": "Stripe-v2", "attempt": 3}
  Exception: org.apache.http.conn.HttpHostConnectException: Connect to 10.244.2.45:8080 failed: Connection refused
    at org.apache.http.impl.conn.DefaultHttpClientConnectionOperator.connect(DefaultHttpClientConnectionOperator.java:159)
    at org.apache.http.impl.conn.PoolingHttpClientConnectionManager.connect(PoolingHttpClientConnectionManager.java:376)

2026-08-30T17:33:22.746949Z CRITICAL [PaymentWorker-20] payment_gateway.processor - Payment transaction tx_79325 failed with HTTP 502 Bad Gateway.
  Request Context: {"amount": 131, "currency": "USD", "gateway": "Stripe-v2", "attempt": 3}
  Exception: org.apache.http.conn.HttpHostConnectException: Connect to 10.244.2.45:8080 failed: Connection refused
    at org.apache.http.impl.conn.DefaultHttpClientConnectionOperator.connect(DefaultHttpClientConnectionOperator.java:159)
    at org.apache.http.impl.conn.PoolingHttpClientConnectionManager.connect(PoolingHttpClientConnectionManager.java:376)

2026-08-30T17:33:40.792470Z CRITICAL [PaymentWorker-61] payment_gateway.processor - Payment transaction tx_99211 failed with HTTP 502 Bad Gateway.
  Request Context: {"amount": 462, "currency": "USD", "gateway": "Stripe-v2", "attempt": 3}
  Exception: org.apache.http.conn.HttpHostConnectException: Connect to 10.244.2.45:8080 failed: Connection refused
    at org.apache.http.impl.conn.DefaultHttpClientConnectionOperator.connect(DefaultHttpClientConnectionOperator.java:159)
    at org.apache.http.impl.conn.PoolingHttpClientConnectionManager.connect(PoolingHttpClientConnectionManager.java:376)

2026-08-30T17:33:46.811699Z CRITICAL [PaymentWorker-11] payment_gateway.processor - Payment transaction tx_56154 failed with HTTP 502 Bad Gateway.
  Request Context: {"amount": 45, "currency": "USD", "gateway": "Stripe-v2", "attempt": 3}
  Exception: org.apache.http.conn.HttpHostConnectException: Connect to 10.244.2.45:8080 failed: Connection refused
    at org.apache.http.impl.conn.DefaultHttpClientConnectionOperator.connect(DefaultHttpClientConnectionOperator.java:159)
    at org.apache.http.impl.conn.PoolingHttpClientConnectionManager.connect(PoolingHttpClientConnectionManager.java:376)

2026-08-30T17:34:04.850105Z CRITICAL [PaymentWorker-96] payment_gateway.processor - Payment transaction tx_87458 failed with HTTP 502 Bad Gateway.
  Request Context: {"amount": 29, "currency": "USD", "gateway": "Stripe-v2", "attempt": 3}
  Exception: org.apache.http.conn.HttpHostConnectException: Connect to 10.244.2.45:8080 failed: Connection refused
    at org.apache.http.impl.conn.DefaultHttpClientConnectionOperator.connect(DefaultHttpClientConnectionOperator.java:159)
    at org.apache.http.impl.conn.PoolingHttpClientConnectionManager.connect(PoolingHttpClientConnectionManager.java:376)

2026-08-30T17:34:13.869900Z CRITICAL [PaymentWorker-37] payment_gateway.processor - Payment transaction tx_48664 failed with HTTP 502 Bad Gateway.
  Request Context: {"amount": 77, "currency": "USD", "gateway": "Stripe-v2", "attempt": 3}
  Exception: org.apache.http.conn.HttpHostConnectException: Connect to 10.244.2.45:8080 failed: Connection refused
    at org.apache.http.impl.conn.DefaultHttpClientConnectionOperator.connect(DefaultHttpClientConnectionOperator.java:159)
    at org.apache.http.impl.conn.PoolingHttpClientConnectionManager.connect(PoolingHttpClientConnectionManager.java:376)

2026-08-30T17:34:16.875818Z ERROR [KafkaConsumer-82] payment_gateway.kafka - Kafka Consumer Lag Critical: Topic 'payment-events' partition 0 lag is 75059.

2026-08-30T17:34:43.951731Z ERROR [KafkaConsumer-65] payment_gateway.kafka - Kafka Consumer Lag Critical: Topic 'payment-events' partition 1 lag is 71324.

2026-08-30T17:34:55.985355Z CRITICAL [PaymentWorker-50] payment_gateway.processor - Payment transaction tx_16124 failed with HTTP 502 Bad Gateway.
  Request Context: {"amount": 173, "currency": "USD", "gateway": "Stripe-v2", "attempt": 3}
  Exception: org.apache.http.conn.HttpHostConnectException: Connect to 10.244.2.45:8080 failed: Connection refused
    at org.apache.http.impl.conn.DefaultHttpClientConnectionOperator.connect(DefaultHttpClientConnectionOperator.java:159)
    at org.apache.http.impl.conn.PoolingHttpClientConnectionManager.connect(PoolingHttpClientConnectionManager.java:376)

2026-08-30T17:35:01.998515Z CRITICAL [PaymentWorker-90] payment_gateway.processor - Payment transaction tx_70641 failed with HTTP 502 Bad Gateway.
  Request Context: {"amount": 103, "currency": "USD", "gateway": "Stripe-v2", "attempt": 3}
  Exception: org.apache.http.conn.HttpHostConnectException: Connect to 10.244.2.45:8080 failed: Connection refused
    at org.apache.http.impl.conn.DefaultHttpClientConnectionOperator.connect(DefaultHttpClientConnectionOperator.java:159)
    at org.apache.http.impl.conn.PoolingHttpClientConnectionManager.connect(PoolingHttpClientConnectionManager.java:376)

2026-08-30T17:35:14.070194Z CRITICAL [PaymentWorker-76] payment_gateway.processor - Payment transaction tx_87474 failed with HTTP 502 Bad Gateway.
  Request Context: {"amount": 454, "currency": "USD", "gateway": "Stripe-v2", "attempt": 3}
  Exception: org.apache.http.conn.HttpHostConnectException: Connect to 10.244.2.45:8080 failed: Connection refused
    at org.apache.http.impl.conn.DefaultHttpClientConnectionOperator.connect(DefaultHttpClientConnectionOperator.java:159)
    at org.apache.http.impl.conn.PoolingHttpClientConnectionManager.connect(PoolingHttpClientConnectionManager.java:376)

2026-08-30T17:35:23.183114Z CRITICAL [PaymentWorker-62] payment_gateway.processor - Payment transaction tx_33216 failed with HTTP 502 Bad Gateway.
  Request Context: {"amount": 352, "currency": "USD", "gateway": "Stripe-v2", "attempt": 3}
  Exception: org.apache.http.conn.HttpHostConnectException: Connect to 10.244.2.45:8080 failed: Connection refused
    at org.apache.http.impl.conn.DefaultHttpClientConnectionOperator.connect(DefaultHttpClientConnectionOperator.java:159)
    at org.apache.http.impl.conn.PoolingHttpClientConnectionManager.connect(PoolingHttpClientConnectionManager.java:376)

2026-08-30T17:35:41.241543Z ERROR [KafkaConsumer-31] payment_gateway.kafka - Kafka Consumer Lag Critical: Topic 'payment-events' partition 2 lag is 41542.

2026-08-30T17:36:19.859410Z CRITICAL [PaymentWorker-55] payment_gateway.processor - Payment transaction tx_78002 failed with HTTP 502 Bad Gateway.
  Request Context: {"amount": 160, "currency": "USD", "gateway": "Stripe-v2", "attempt": 3}
  Exception: org.apache.http.conn.HttpHostConnectException: Connect to 10.244.2.45:8080 failed: Connection refused
    at org.apache.http.impl.conn.DefaultHttpClientConnectionOperator.connect(DefaultHttpClientConnectionOperator.java:159)
    at org.apache.http.impl.conn.PoolingHttpClientConnectionManager.connect(PoolingHttpClientConnectionManager.java:376)

2026-08-30T17:36:22.868661Z CRITICAL [PaymentWorker-37] payment_gateway.processor - Payment transaction tx_18940 failed with HTTP 502 Bad Gateway.
  Request Context: {"amount": 119, "currency": "USD", "gateway": "Stripe-v2", "attempt": 3}
  Exception: org.apache.http.conn.HttpHostConnectException: Connect to 10.244.2.45:8080 failed: Connection refused
    at org.apache.http.impl.conn.DefaultHttpClientConnectionOperator.connect(DefaultHttpClientConnectionOperator.java:159)
    at org.apache.http.impl.conn.PoolingHttpClientConnectionManager.connect(PoolingHttpClientConnectionManager.java:376)

2026-08-30T17:36:25.882769Z CRITICAL [PaymentWorker-11] payment_gateway.processor - Payment transaction tx_59892 failed with HTTP 502 Bad Gateway.
  Request Context: {"amount": 398, "currency": "USD", "gateway": "Stripe-v2", "attempt": 3}
  Exception: org.apache.http.conn.HttpHostConnectException: Connect to 10.244.2.45:8080 failed: Connection refused
    at org.apache.http.impl.conn.DefaultHttpClientConnectionOperator.connect(DefaultHttpClientConnectionOperator.java:159)
    at org.apache.http.impl.conn.PoolingHttpClientConnectionManager.connect(PoolingHttpClientConnectionManager.java:376)

2026-08-30T17:36:31.894494Z ERROR [KafkaConsumer-91] payment_gateway.kafka - Kafka Consumer Lag Critical: Topic 'payment-events' partition 1 lag is 64710.

2026-08-30T17:36:34.903638Z CRITICAL [PaymentWorker-58] payment_gateway.processor - Payment transaction tx_66721 failed with HTTP 502 Bad Gateway.
  Request Context: {"amount": 58, "currency": "USD", "gateway": "Stripe-v2", "attempt": 3}
  Exception: org.apache.http.conn.HttpHostConnectException: Connect to 10.244.2.45:8080 failed: Connection refused
    at org.apache.http.impl.conn.DefaultHttpClientConnectionOperator.connect(DefaultHttpClientConnectionOperator.java:159)
    at org.apache.http.impl.conn.PoolingHttpClientConnectionManager.connect(PoolingHttpClientConnectionManager.java:376)

2026-08-30T17:36:52.957957Z CRITICAL [PaymentWorker-56] payment_gateway.processor - Payment transaction tx_34805 failed with HTTP 502 Bad Gateway.
  Request Context: {"amount": 208, "currency": "USD", "gateway": "Stripe-v2", "attempt": 3}
  Exception: org.apache.http.conn.HttpHostConnectException: Connect to 10.244.2.45:8080 failed: Connection refused
    at org.apache.http.impl.conn.DefaultHttpClientConnectionOperator.connect(DefaultHttpClientConnectionOperator.java:159)
    at org.apache.http.impl.conn.PoolingHttpClientConnectionManager.connect(PoolingHttpClientConnectionManager.java:376)

2026-08-30T17:36:55.964589Z CRITICAL [PaymentWorker-64] payment_gateway.processor - Payment transaction tx_11195 failed with HTTP 502 Bad Gateway.
  Request Context: {"amount": 240, "currency": "USD", "gateway": "Stripe-v2", "attempt": 3}
  Exception: org.apache.http.conn.HttpHostConnectException: Connect to 10.244.2.45:8080 failed: Connection refused
    at org.apache.http.impl.conn.DefaultHttpClientConnectionOperator.connect(DefaultHttpClientConnectionOperator.java:159)
    at org.apache.http.impl.conn.PoolingHttpClientConnectionManager.connect(PoolingHttpClientConnectionManager.java:376)

2026-08-30T17:37:01.985792Z ERROR [KafkaConsumer-34] payment_gateway.kafka - Kafka Consumer Lag Critical: Topic 'payment-events' partition 0 lag is 68451.

2026-08-30T17:37:04.992455Z CRITICAL [PaymentWorker-70] payment_gateway.processor - Payment transaction tx_87408 failed with HTTP 502 Bad Gateway.
  Request Context: {"amount": 29, "currency": "USD", "gateway": "Stripe-v2", "attempt": 3}
  Exception: org.apache.http.conn.HttpHostConnectException: Connect to 10.244.2.45:8080 failed: Connection refused
    at org.apache.http.impl.conn.DefaultHttpClientConnectionOperator.connect(DefaultHttpClientConnectionOperator.java:159)
    at org.apache.http.impl.conn.PoolingHttpClientConnectionManager.connect(PoolingHttpClientConnectionManager.java:376)

2026-08-30T17:37:14.012828Z ERROR [KafkaConsumer-28] payment_gateway.kafka - Kafka Consumer Lag Critical: Topic 'payment-events' partition 2 lag is 74348.

2026-08-30T17:37:29.060766Z CRITICAL [PaymentWorker-85] payment_gateway.processor - Payment transaction tx_55533 failed with HTTP 502 Bad Gateway.
  Request Context: {"amount": 77, "currency": "USD", "gateway": "Stripe-v2", "attempt": 3}
  Exception: org.apache.http.conn.HttpHostConnectException: Connect to 10.244.2.45:8080 failed: Connection refused
    at org.apache.http.impl.conn.DefaultHttpClientConnectionOperator.connect(DefaultHttpClientConnectionOperator.java:159)
    at org.apache.http.impl.conn.PoolingHttpClientConnectionManager.connect(PoolingHttpClientConnectionManager.java:376)

2026-08-30T17:37:32.066867Z ERROR [KafkaConsumer-62] payment_gateway.kafka - Kafka Consumer Lag Critical: Topic 'payment-events' partition 1 lag is 70330.

2026-08-30T17:37:35.072429Z ERROR [KafkaConsumer-56] payment_gateway.kafka - Kafka Consumer Lag Critical: Topic 'payment-events' partition 3 lag is 73559.

2026-08-30T17:37:47.103187Z ERROR [KafkaConsumer-62] payment_gateway.kafka - Kafka Consumer Lag Critical: Topic 'payment-events' partition 2 lag is 79287.

2026-08-30T17:38:02.149650Z ERROR [KafkaConsumer-32] payment_gateway.kafka - Kafka Consumer Lag Critical: Topic 'payment-events' partition 2 lag is 49312.

2026-08-30T17:38:08.160496Z CRITICAL [PaymentWorker-29] payment_gateway.processor - Payment transaction tx_19584 failed with HTTP 502 Bad Gateway.
  Request Context: {"amount": 171, "currency": "USD", "gateway": "Stripe-v2", "attempt": 3}
  Exception: org.apache.http.conn.HttpHostConnectException: Connect to 10.244.2.45:8080 failed: Connection refused
    at org.apache.http.impl.conn.DefaultHttpClientConnectionOperator.connect(DefaultHttpClientConnectionOperator.java:159)
    at org.apache.http.impl.conn.PoolingHttpClientConnectionManager.connect(PoolingHttpClientConnectionManager.java:376)

2026-08-30T17:38:14.172856Z ERROR [KafkaConsumer-79] payment_gateway.kafka - Kafka Consumer Lag Critical: Topic 'payment-events' partition 3 lag is 58273.

2026-08-30T17:38:32.225714Z ERROR [KafkaConsumer-99] payment_gateway.kafka - Kafka Consumer Lag Critical: Topic 'payment-events' partition 3 lag is 77733.

2026-08-30T17:38:41.256382Z ERROR [KafkaConsumer-79] payment_gateway.kafka - Kafka Consumer Lag Critical: Topic 'payment-events' partition 2 lag is 53666.

2026-08-30T17:38:44.262188Z ERROR [KafkaConsumer-73] payment_gateway.kafka - Kafka Consumer Lag Critical: Topic 'payment-events' partition 0 lag is 74375.

2026-08-30T17:38:47.268299Z ERROR [KafkaConsumer-98] payment_gateway.kafka - Kafka Consumer Lag Critical: Topic 'payment-events' partition 0 lag is 60025.

2026-08-30T17:39:11.327209Z CRITICAL [PaymentWorker-41] payment_gateway.processor - Payment transaction tx_57167 failed with HTTP 502 Bad Gateway.
  Request Context: {"amount": 156, "currency": "USD", "gateway": "Stripe-v2", "attempt": 3}
  Exception: org.apache.http.conn.HttpHostConnectException: Connect to 10.244.2.45:8080 failed: Connection refused
    at org.apache.http.impl.conn.DefaultHttpClientConnectionOperator.connect(DefaultHttpClientConnectionOperator.java:159)
    at org.apache.http.impl.conn.PoolingHttpClientConnectionManager.connect(PoolingHttpClientConnectionManager.java:376)

2026-08-30T17:39:23.353058Z CRITICAL [PaymentWorker-88] payment_gateway.processor - Payment transaction tx_95159 failed with HTTP 502 Bad Gateway.
  Request Context: {"amount": 316, "currency": "USD", "gateway": "Stripe-v2", "attempt": 3}
  Exception: org.apache.http.conn.HttpHostConnectException: Connect to 10.244.2.45:8080 failed: Connection refused
    at org.apache.http.impl.conn.DefaultHttpClientConnectionOperator.connect(DefaultHttpClientConnectionOperator.java:159)
    at org.apache.http.impl.conn.PoolingHttpClientConnectionManager.connect(PoolingHttpClientConnectionManager.java:376)

2026-08-30T17:39:26.359981Z ERROR [KafkaConsumer-91] payment_gateway.kafka - Kafka Consumer Lag Critical: Topic 'payment-events' partition 1 lag is 65790.

2026-08-30T17:39:35.376596Z CRITICAL [PaymentWorker-56] payment_gateway.processor - Payment transaction tx_62173 failed with HTTP 502 Bad Gateway.
  Request Context: {"amount": 208, "currency": "USD", "gateway": "Stripe-v2", "attempt": 3}
  Exception: org.apache.http.conn.HttpHostConnectException: Connect to 10.244.2.45:8080 failed: Connection refused
    at org.apache.http.impl.conn.DefaultHttpClientConnectionOperator.connect(DefaultHttpClientConnectionOperator.java:159)
    at org.apache.http.impl.conn.PoolingHttpClientConnectionManager.connect(PoolingHttpClientConnectionManager.java:376)

2026-08-30T17:39:38.383857Z ERROR [KafkaConsumer-20] payment_gateway.kafka - Kafka Consumer Lag Critical: Topic 'payment-events' partition 1 lag is 49640.

2026-08-30T17:39:41.389788Z CRITICAL [PaymentWorker-82] payment_gateway.processor - Payment transaction tx_69958 failed with HTTP 502 Bad Gateway.
  Request Context: {"amount": 446, "currency": "USD", "gateway": "Stripe-v2", "attempt": 3}
  Exception: org.apache.http.conn.HttpHostConnectException: Connect to 10.244.2.45:8080 failed: Connection refused
    at org.apache.http.impl.conn.DefaultHttpClientConnectionOperator.connect(DefaultHttpClientConnectionOperator.java:159)
    at org.apache.http.impl.conn.PoolingHttpClientConnectionManager.connect(PoolingHttpClientConnectionManager.java:376)

2026-08-30T17:39:44.395906Z ERROR [KafkaConsumer-98] payment_gateway.kafka - Kafka Consumer Lag Critical: Topic 'payment-events' partition 3 lag is 78434.

2026-08-30T17:39:50.406677Z ERROR [KafkaConsumer-92] payment_gateway.kafka - Kafka Consumer Lag Critical: Topic 'payment-events' partition 0 lag is 41094.

2026-08-30T17:40:08.445133Z ERROR [KafkaConsumer-37] payment_gateway.kafka - Kafka Consumer Lag Critical: Topic 'payment-events' partition 0 lag is 52847.

2026-08-30T17:40:23.480808Z ERROR [KafkaConsumer-46] payment_gateway.kafka - Kafka Consumer Lag Critical: Topic 'payment-events' partition 2 lag is 48878.

2026-08-30T17:40:32.498690Z ERROR [KafkaConsumer-93] payment_gateway.kafka - Kafka Consumer Lag Critical: Topic 'payment-events' partition 0 lag is 62101.

2026-08-30T17:40:41.521204Z CRITICAL [PaymentWorker-94] payment_gateway.processor - Payment transaction tx_49752 failed with HTTP 502 Bad Gateway.
  Request Context: {"amount": 60, "currency": "USD", "gateway": "Stripe-v2", "attempt": 3}
  Exception: org.apache.http.conn.HttpHostConnectException: Connect to 10.244.2.45:8080 failed: Connection refused
    at org.apache.http.impl.conn.DefaultHttpClientConnectionOperator.connect(DefaultHttpClientConnectionOperator.java:159)
    at org.apache.http.impl.conn.PoolingHttpClientConnectionManager.connect(PoolingHttpClientConnectionManager.java:376)

2026-08-30T17:40:50.545762Z CRITICAL [PaymentWorker-19] payment_gateway.processor - Payment transaction tx_45181 failed with HTTP 502 Bad Gateway.
  Request Context: {"amount": 403, "currency": "USD", "gateway": "Stripe-v2", "attempt": 3}
  Exception: org.apache.http.conn.HttpHostConnectException: Connect to 10.244.2.45:8080 failed: Connection refused
    at org.apache.http.impl.conn.DefaultHttpClientConnectionOperator.connect(DefaultHttpClientConnectionOperator.java:159)
    at org.apache.http.impl.conn.PoolingHttpClientConnectionManager.connect(PoolingHttpClientConnectionManager.java:376)

2026-08-30T17:40:53.553670Z ERROR [KafkaConsumer-35] payment_gateway.kafka - Kafka Consumer Lag Critical: Topic 'payment-events' partition 2 lag is 47799.

2026-08-30T17:40:56.560124Z ERROR [KafkaConsumer-61] payment_gateway.kafka - Kafka Consumer Lag Critical: Topic 'payment-events' partition 1 lag is 65941.

2026-08-30T17:41:02.575151Z ERROR [KafkaConsumer-60] payment_gateway.kafka - Kafka Consumer Lag Critical: Topic 'payment-events' partition 2 lag is 77465.

2026-08-30T17:41:14.600358Z CRITICAL [PaymentWorker-50] payment_gateway.processor - Payment transaction tx_98789 failed with HTTP 502 Bad Gateway.
  Request Context: {"amount": 162, "currency": "USD", "gateway": "Stripe-v2", "attempt": 3}
  Exception: org.apache.http.conn.HttpHostConnectException: Connect to 10.244.2.45:8080 failed: Connection refused
    at org.apache.http.impl.conn.DefaultHttpClientConnectionOperator.connect(DefaultHttpClientConnectionOperator.java:159)
    at org.apache.http.impl.conn.PoolingHttpClientConnectionManager.connect(PoolingHttpClientConnectionManager.java:376)

2026-08-30T17:41:23.618669Z ERROR [KafkaConsumer-39] payment_gateway.kafka - Kafka Consumer Lag Critical: Topic 'payment-events' partition 3 lag is 50244.

2026-08-30T17:41:32.638433Z ERROR [KafkaConsumer-15] payment_gateway.kafka - Kafka Consumer Lag Critical: Topic 'payment-events' partition 1 lag is 74849.

2026-08-30T17:41:56.699335Z CRITICAL [PaymentWorker-99] payment_gateway.processor - Payment transaction tx_79723 failed with HTTP 502 Bad Gateway.
  Request Context: {"amount": 360, "currency": "USD", "gateway": "Stripe-v2", "attempt": 3}
  Exception: org.apache.http.conn.HttpHostConnectException: Connect to 10.244.2.45:8080 failed: Connection refused
    at org.apache.http.impl.conn.DefaultHttpClientConnectionOperator.connect(DefaultHttpClientConnectionOperator.java:159)
    at org.apache.http.impl.conn.PoolingHttpClientConnectionManager.connect(PoolingHttpClientConnectionManager.java:376)

2026-08-30T17:42:02.710720Z ERROR [KafkaConsumer-39] payment_gateway.kafka - Kafka Consumer Lag Critical: Topic 'payment-events' partition 2 lag is 57105.

2026-08-30T17:42:08.721698Z ERROR [KafkaConsumer-18] payment_gateway.kafka - Kafka Consumer Lag Critical: Topic 'payment-events' partition 1 lag is 63692.

2026-08-30T17:42:11.727032Z ERROR [KafkaConsumer-40] payment_gateway.kafka - Kafka Consumer Lag Critical: Topic 'payment-events' partition 2 lag is 50714.

2026-08-30T17:42:14.733360Z ERROR [KafkaConsumer-20] payment_gateway.kafka - Kafka Consumer Lag Critical: Topic 'payment-events' partition 1 lag is 43461.

2026-08-30T17:42:17.740201Z ERROR [KafkaConsumer-84] payment_gateway.kafka - Kafka Consumer Lag Critical: Topic 'payment-events' partition 1 lag is 63672.

2026-08-30T17:42:41.799296Z CRITICAL [PaymentWorker-10] payment_gateway.processor - Payment transaction tx_32785 failed with HTTP 502 Bad Gateway.
  Request Context: {"amount": 76, "currency": "USD", "gateway": "Stripe-v2", "attempt": 3}
  Exception: org.apache.http.conn.HttpHostConnectException: Connect to 10.244.2.45:8080 failed: Connection refused
    at org.apache.http.impl.conn.DefaultHttpClientConnectionOperator.connect(DefaultHttpClientConnectionOperator.java:159)
    at org.apache.http.impl.conn.PoolingHttpClientConnectionManager.connect(PoolingHttpClientConnectionManager.java:376)

2026-08-30T17:43:17.892719Z ERROR [KafkaConsumer-66] payment_gateway.kafka - Kafka Consumer Lag Critical: Topic 'payment-events' partition 1 lag is 72017.

2026-08-30T17:43:32.935173Z CRITICAL [PaymentWorker-74] payment_gateway.processor - Payment transaction tx_28114 failed with HTTP 502 Bad Gateway.
  Request Context: {"amount": 119, "currency": "USD", "gateway": "Stripe-v2", "attempt": 3}
  Exception: org.apache.http.conn.HttpHostConnectException: Connect to 10.244.2.45:8080 failed: Connection refused
    at org.apache.http.impl.conn.DefaultHttpClientConnectionOperator.connect(DefaultHttpClientConnectionOperator.java:159)
    at org.apache.http.impl.conn.PoolingHttpClientConnectionManager.connect(PoolingHttpClientConnectionManager.java:376)

2026-08-30T17:43:53.992689Z ERROR [KafkaConsumer-34] payment_gateway.kafka - Kafka Consumer Lag Critical: Topic 'payment-events' partition 1 lag is 71230.

2026-08-30T17:43:56.998912Z ERROR [KafkaConsumer-90] payment_gateway.kafka - Kafka Consumer Lag Critical: Topic 'payment-events' partition 2 lag is 50664.

2026-08-30T17:44:03.025346Z ERROR [KafkaConsumer-60] payment_gateway.kafka - Kafka Consumer Lag Critical: Topic 'payment-events' partition 0 lag is 79188.

2026-08-30T17:44:06.045054Z ERROR [KafkaConsumer-67] payment_gateway.kafka - Kafka Consumer Lag Critical: Topic 'payment-events' partition 3 lag is 55444.

2026-08-30T17:44:12.057431Z CRITICAL [PaymentWorker-38] payment_gateway.processor - Payment transaction tx_95410 failed with HTTP 502 Bad Gateway.
  Request Context: {"amount": 171, "currency": "USD", "gateway": "Stripe-v2", "attempt": 3}
  Exception: org.apache.http.conn.HttpHostConnectException: Connect to 10.244.2.45:8080 failed: Connection refused
    at org.apache.http.impl.conn.DefaultHttpClientConnectionOperator.connect(DefaultHttpClientConnectionOperator.java:159)
    at org.apache.http.impl.conn.PoolingHttpClientConnectionManager.connect(PoolingHttpClientConnectionManager.java:376)

2026-08-30T17:44:18.074395Z ERROR [KafkaConsumer-43] payment_gateway.kafka - Kafka Consumer Lag Critical: Topic 'payment-events' partition 2 lag is 69734.

2026-08-30T17:44:24.086484Z ERROR [KafkaConsumer-82] payment_gateway.kafka - Kafka Consumer Lag Critical: Topic 'payment-events' partition 0 lag is 67111.

2026-08-30T17:44:30.107667Z ERROR [KafkaConsumer-97] payment_gateway.kafka - Kafka Consumer Lag Critical: Topic 'payment-events' partition 0 lag is 60114.

2026-08-30T17:44:39.138916Z ERROR [KafkaConsumer-49] payment_gateway.kafka - Kafka Consumer Lag Critical: Topic 'payment-events' partition 0 lag is 71786.

2026-08-30T17:44:42.145123Z CRITICAL [PaymentWorker-10] payment_gateway.processor - Payment transaction tx_81566 failed with HTTP 502 Bad Gateway.
  Request Context: {"amount": 206, "currency": "USD", "gateway": "Stripe-v2", "attempt": 3}
  Exception: org.apache.http.conn.HttpHostConnectException: Connect to 10.244.2.45:8080 failed: Connection refused
    at org.apache.http.impl.conn.DefaultHttpClientConnectionOperator.connect(DefaultHttpClientConnectionOperator.java:159)
    at org.apache.http.impl.conn.PoolingHttpClientConnectionManager.connect(PoolingHttpClientConnectionManager.java:376)

2026-08-30T17:44:54.180059Z CRITICAL [PaymentWorker-23] payment_gateway.processor - Payment transaction tx_82036 failed with HTTP 502 Bad Gateway.
  Request Context: {"amount": 394, "currency": "USD", "gateway": "Stripe-v2", "attempt": 3}
  Exception: org.apache.http.conn.HttpHostConnectException: Connect to 10.244.2.45:8080 failed: Connection refused
    at org.apache.http.impl.conn.DefaultHttpClientConnectionOperator.connect(DefaultHttpClientConnectionOperator.java:159)
    at org.apache.http.impl.conn.PoolingHttpClientConnectionManager.connect(PoolingHttpClientConnectionManager.java:376)

2026-08-30T17:45:00.201117Z ERROR [KafkaConsumer-55] payment_gateway.kafka - Kafka Consumer Lag Critical: Topic 'payment-events' partition 2 lag is 71024.

2026-08-30T17:45:03.208428Z ERROR [KafkaConsumer-87] payment_gateway.kafka - Kafka Consumer Lag Critical: Topic 'payment-events' partition 1 lag is 57380.

2026-08-30T17:45:09.220476Z CRITICAL [PaymentWorker-17] payment_gateway.processor - Payment transaction tx_46167 failed with HTTP 502 Bad Gateway.
  Request Context: {"amount": 136, "currency": "USD", "gateway": "Stripe-v2", "attempt": 3}
  Exception: org.apache.http.conn.HttpHostConnectException: Connect to 10.244.2.45:8080 failed: Connection refused
    at org.apache.http.impl.conn.DefaultHttpClientConnectionOperator.connect(DefaultHttpClientConnectionOperator.java:159)
    at org.apache.http.impl.conn.PoolingHttpClientConnectionManager.connect(PoolingHttpClientConnectionManager.java:376)

2026-08-30T17:45:18.251682Z ERROR [KafkaConsumer-99] payment_gateway.kafka - Kafka Consumer Lag Critical: Topic 'payment-events' partition 1 lag is 79096.

2026-08-30T17:45:24.272583Z CRITICAL [PaymentWorker-10] payment_gateway.processor - Payment transaction tx_51676 failed with HTTP 502 Bad Gateway.
  Request Context: {"amount": 24, "currency": "USD", "gateway": "Stripe-v2", "attempt": 3}
  Exception: org.apache.http.conn.HttpHostConnectException: Connect to 10.244.2.45:8080 failed: Connection refused
    at org.apache.http.impl.conn.DefaultHttpClientConnectionOperator.connect(DefaultHttpClientConnectionOperator.java:159)
    at org.apache.http.impl.conn.PoolingHttpClientConnectionManager.connect(PoolingHttpClientConnectionManager.java:376)

2026-08-30T17:45:36.301724Z ERROR [KafkaConsumer-87] payment_gateway.kafka - Kafka Consumer Lag Critical: Topic 'payment-events' partition 0 lag is 75694.

2026-08-30T17:45:39.308431Z ERROR [KafkaConsumer-22] payment_gateway.kafka - Kafka Consumer Lag Critical: Topic 'payment-events' partition 0 lag is 59609.

2026-08-30T17:45:45.324054Z CRITICAL [PaymentWorker-20] payment_gateway.processor - Payment transaction tx_13054 failed with HTTP 502 Bad Gateway.
  Request Context: {"amount": 480, "currency": "USD", "gateway": "Stripe-v2", "attempt": 3}
  Exception: org.apache.http.conn.HttpHostConnectException: Connect to 10.244.2.45:8080 failed: Connection refused
    at org.apache.http.impl.conn.DefaultHttpClientConnectionOperator.connect(DefaultHttpClientConnectionOperator.java:159)
    at org.apache.http.impl.conn.PoolingHttpClientConnectionManager.connect(PoolingHttpClientConnectionManager.java:376)

2026-08-30T17:46:03.363828Z CRITICAL [PaymentWorker-36] payment_gateway.processor - Payment transaction tx_53230 failed with HTTP 502 Bad Gateway.
  Request Context: {"amount": 354, "currency": "USD", "gateway": "Stripe-v2", "attempt": 3}
  Exception: org.apache.http.conn.HttpHostConnectException: Connect to 10.244.2.45:8080 failed: Connection refused
    at org.apache.http.impl.conn.DefaultHttpClientConnectionOperator.connect(DefaultHttpClientConnectionOperator.java:159)
    at org.apache.http.impl.conn.PoolingHttpClientConnectionManager.connect(PoolingHttpClientConnectionManager.java:376)

2026-08-30T17:46:09.381272Z ERROR [KafkaConsumer-67] payment_gateway.kafka - Kafka Consumer Lag Critical: Topic 'payment-events' partition 2 lag is 44167.

2026-08-30T17:46:21.409056Z CRITICAL [PaymentWorker-40] payment_gateway.processor - Payment transaction tx_92025 failed with HTTP 502 Bad Gateway.
  Request Context: {"amount": 435, "currency": "USD", "gateway": "Stripe-v2", "attempt": 3}
  Exception: org.apache.http.conn.HttpHostConnectException: Connect to 10.244.2.45:8080 failed: Connection refused
    at org.apache.http.impl.conn.DefaultHttpClientConnectionOperator.connect(DefaultHttpClientConnectionOperator.java:159)
    at org.apache.http.impl.conn.PoolingHttpClientConnectionManager.connect(PoolingHttpClientConnectionManager.java:376)

2026-08-30T17:46:24.416820Z CRITICAL [PaymentWorker-73] payment_gateway.processor - Payment transaction tx_54437 failed with HTTP 502 Bad Gateway.
  Request Context: {"amount": 154, "currency": "USD", "gateway": "Stripe-v2", "attempt": 3}
  Exception: org.apache.http.conn.HttpHostConnectException: Connect to 10.244.2.45:8080 failed: Connection refused
    at org.apache.http.impl.conn.DefaultHttpClientConnectionOperator.connect(DefaultHttpClientConnectionOperator.java:159)
    at org.apache.http.impl.conn.PoolingHttpClientConnectionManager.connect(PoolingHttpClientConnectionManager.java:376)

2026-08-30T17:46:45.481879Z CRITICAL [PaymentWorker-51] payment_gateway.processor - Payment transaction tx_37879 failed with HTTP 502 Bad Gateway.
  Request Context: {"amount": 198, "currency": "USD", "gateway": "Stripe-v2", "attempt": 3}
  Exception: org.apache.http.conn.HttpHostConnectException: Connect to 10.244.2.45:8080 failed: Connection refused
    at org.apache.http.impl.conn.DefaultHttpClientConnectionOperator.connect(DefaultHttpClientConnectionOperator.java:159)
    at org.apache.http.impl.conn.PoolingHttpClientConnectionManager.connect(PoolingHttpClientConnectionManager.java:376)

2026-08-30T17:47:03.516142Z ERROR [KafkaConsumer-27] payment_gateway.kafka - Kafka Consumer Lag Critical: Topic 'payment-events' partition 1 lag is 66223.

2026-08-30T17:47:21.577891Z CRITICAL [PaymentWorker-82] payment_gateway.processor - Payment transaction tx_45677 failed with HTTP 502 Bad Gateway.
  Request Context: {"amount": 33, "currency": "USD", "gateway": "Stripe-v2", "attempt": 3}
  Exception: org.apache.http.conn.HttpHostConnectException: Connect to 10.244.2.45:8080 failed: Connection refused
    at org.apache.http.impl.conn.DefaultHttpClientConnectionOperator.connect(DefaultHttpClientConnectionOperator.java:159)
    at org.apache.http.impl.conn.PoolingHttpClientConnectionManager.connect(PoolingHttpClientConnectionManager.java:376)

2026-08-30T17:47:27.593162Z CRITICAL [PaymentWorker-21] payment_gateway.processor - Payment transaction tx_60324 failed with HTTP 502 Bad Gateway.
  Request Context: {"amount": 316, "currency": "USD", "gateway": "Stripe-v2", "attempt": 3}
  Exception: org.apache.http.conn.HttpHostConnectException: Connect to 10.244.2.45:8080 failed: Connection refused
    at org.apache.http.impl.conn.DefaultHttpClientConnectionOperator.connect(DefaultHttpClientConnectionOperator.java:159)
    at org.apache.http.impl.conn.PoolingHttpClientConnectionManager.connect(PoolingHttpClientConnectionManager.java:376)

2026-08-30T17:47:30.598560Z CRITICAL [PaymentWorker-70] payment_gateway.processor - Payment transaction tx_44870 failed with HTTP 502 Bad Gateway.
  Request Context: {"amount": 395, "currency": "USD", "gateway": "Stripe-v2", "attempt": 3}
  Exception: org.apache.http.conn.HttpHostConnectException: Connect to 10.244.2.45:8080 failed: Connection refused
    at org.apache.http.impl.conn.DefaultHttpClientConnectionOperator.connect(DefaultHttpClientConnectionOperator.java:159)
    at org.apache.http.impl.conn.PoolingHttpClientConnectionManager.connect(PoolingHttpClientConnectionManager.java:376)

2026-08-30T17:47:51.646301Z ERROR [KafkaConsumer-15] payment_gateway.kafka - Kafka Consumer Lag Critical: Topic 'payment-events' partition 1 lag is 65009.

2026-08-30T17:47:54.652315Z CRITICAL [PaymentWorker-43] payment_gateway.processor - Payment transaction tx_97634 failed with HTTP 502 Bad Gateway.
  Request Context: {"amount": 337, "currency": "USD", "gateway": "Stripe-v2", "attempt": 3}
  Exception: org.apache.http.conn.HttpHostConnectException: Connect to 10.244.2.45:8080 failed: Connection refused
    at org.apache.http.impl.conn.DefaultHttpClientConnectionOperator.connect(DefaultHttpClientConnectionOperator.java:159)
    at org.apache.http.impl.conn.PoolingHttpClientConnectionManager.connect(PoolingHttpClientConnectionManager.java:376)

2026-08-30T17:48:00.665136Z CRITICAL [PaymentWorker-83] payment_gateway.processor - Payment transaction tx_38253 failed with HTTP 502 Bad Gateway.
  Request Context: {"amount": 290, "currency": "USD", "gateway": "Stripe-v2", "attempt": 3}
  Exception: org.apache.http.conn.HttpHostConnectException: Connect to 10.244.2.45:8080 failed: Connection refused
    at org.apache.http.impl.conn.DefaultHttpClientConnectionOperator.connect(DefaultHttpClientConnectionOperator.java:159)
    at org.apache.http.impl.conn.PoolingHttpClientConnectionManager.connect(PoolingHttpClientConnectionManager.java:376)

2026-08-30T17:48:06.678044Z CRITICAL [PaymentWorker-33] payment_gateway.processor - Payment transaction tx_52762 failed with HTTP 502 Bad Gateway.
  Request Context: {"amount": 485, "currency": "USD", "gateway": "Stripe-v2", "attempt": 3}
  Exception: org.apache.http.conn.HttpHostConnectException: Connect to 10.244.2.45:8080 failed: Connection refused
    at org.apache.http.impl.conn.DefaultHttpClientConnectionOperator.connect(DefaultHttpClientConnectionOperator.java:159)
    at org.apache.http.impl.conn.PoolingHttpClientConnectionManager.connect(PoolingHttpClientConnectionManager.java:376)

2026-08-30T17:48:15.700807Z CRITICAL [PaymentWorker-36] payment_gateway.processor - Payment transaction tx_88430 failed with HTTP 502 Bad Gateway.
  Request Context: {"amount": 206, "currency": "USD", "gateway": "Stripe-v2", "attempt": 3}
  Exception: org.apache.http.conn.HttpHostConnectException: Connect to 10.244.2.45:8080 failed: Connection refused
    at org.apache.http.impl.conn.DefaultHttpClientConnectionOperator.connect(DefaultHttpClientConnectionOperator.java:159)
    at org.apache.http.impl.conn.PoolingHttpClientConnectionManager.connect(PoolingHttpClientConnectionManager.java:376)

2026-08-30T17:48:24.737317Z ERROR [KafkaConsumer-65] payment_gateway.kafka - Kafka Consumer Lag Critical: Topic 'payment-events' partition 2 lag is 60121.

2026-08-30T17:48:27.751861Z ERROR [KafkaConsumer-69] payment_gateway.kafka - Kafka Consumer Lag Critical: Topic 'payment-events' partition 0 lag is 61863.

2026-08-30T17:48:42.802536Z CRITICAL [PaymentWorker-63] payment_gateway.processor - Payment transaction tx_80103 failed with HTTP 502 Bad Gateway.
  Request Context: {"amount": 211, "currency": "USD", "gateway": "Stripe-v2", "attempt": 3}
  Exception: org.apache.http.conn.HttpHostConnectException: Connect to 10.244.2.45:8080 failed: Connection refused
    at org.apache.http.impl.conn.DefaultHttpClientConnectionOperator.connect(DefaultHttpClientConnectionOperator.java:159)
    at org.apache.http.impl.conn.PoolingHttpClientConnectionManager.connect(PoolingHttpClientConnectionManager.java:376)

2026-08-30T17:49:03.860706Z ERROR [KafkaConsumer-83] payment_gateway.kafka - Kafka Consumer Lag Critical: Topic 'payment-events' partition 3 lag is 58473.

2026-08-30T17:49:09.883302Z ERROR [KafkaConsumer-63] payment_gateway.kafka - Kafka Consumer Lag Critical: Topic 'payment-events' partition 1 lag is 73195.

2026-08-30T17:49:15.896008Z ERROR [KafkaConsumer-30] payment_gateway.kafka - Kafka Consumer Lag Critical: Topic 'payment-events' partition 2 lag is 69849.

2026-08-30T17:49:30.941910Z CRITICAL [PaymentWorker-98] payment_gateway.processor - Payment transaction tx_67263 failed with HTTP 502 Bad Gateway.
  Request Context: {"amount": 14, "currency": "USD", "gateway": "Stripe-v2", "attempt": 3}
  Exception: org.apache.http.conn.HttpHostConnectException: Connect to 10.244.2.45:8080 failed: Connection refused
    at org.apache.http.impl.conn.DefaultHttpClientConnectionOperator.connect(DefaultHttpClientConnectionOperator.java:159)
    at org.apache.http.impl.conn.PoolingHttpClientConnectionManager.connect(PoolingHttpClientConnectionManager.java:376)

2026-08-30T17:49:33.955932Z ERROR [KafkaConsumer-60] payment_gateway.kafka - Kafka Consumer Lag Critical: Topic 'payment-events' partition 2 lag is 75031.

2026-08-30T17:49:58.286787Z CRITICAL [PaymentWorker-86] payment_gateway.processor - Payment transaction tx_14395 failed with HTTP 502 Bad Gateway.
  Request Context: {"amount": 459, "currency": "USD", "gateway": "Stripe-v2", "attempt": 3}
  Exception: org.apache.http.conn.HttpHostConnectException: Connect to 10.244.2.45:8080 failed: Connection refused
    at org.apache.http.impl.conn.DefaultHttpClientConnectionOperator.connect(DefaultHttpClientConnectionOperator.java:159)
    at org.apache.http.impl.conn.PoolingHttpClientConnectionManager.connect(PoolingHttpClientConnectionManager.java:376)

2026-08-30T17:50:01.405125Z ERROR [KafkaConsumer-47] payment_gateway.kafka - Kafka Consumer Lag Critical: Topic 'payment-events' partition 2 lag is 54734.

2026-08-30T17:50:10.424660Z ERROR [KafkaConsumer-20] payment_gateway.kafka - Kafka Consumer Lag Critical: Topic 'payment-events' partition 3 lag is 70707.

2026-08-30T17:50:16.438128Z ERROR [KafkaConsumer-37] payment_gateway.kafka - Kafka Consumer Lag Critical: Topic 'payment-events' partition 1 lag is 40649.

2026-08-30T17:50:19.454344Z CRITICAL [PaymentWorker-78] payment_gateway.processor - Payment transaction tx_42684 failed with HTTP 502 Bad Gateway.
  Request Context: {"amount": 219, "currency": "USD", "gateway": "Stripe-v2", "attempt": 3}
  Exception: org.apache.http.conn.HttpHostConnectException: Connect to 10.244.2.45:8080 failed: Connection refused
    at org.apache.http.impl.conn.DefaultHttpClientConnectionOperator.connect(DefaultHttpClientConnectionOperator.java:159)
    at org.apache.http.impl.conn.PoolingHttpClientConnectionManager.connect(PoolingHttpClientConnectionManager.java:376)

2026-08-30T17:50:22.466752Z ERROR [KafkaConsumer-23] payment_gateway.kafka - Kafka Consumer Lag Critical: Topic 'payment-events' partition 3 lag is 59359.

2026-08-30T17:50:28.489365Z CRITICAL [PaymentWorker-78] payment_gateway.processor - Payment transaction tx_67012 failed with HTTP 502 Bad Gateway.
  Request Context: {"amount": 325, "currency": "USD", "gateway": "Stripe-v2", "attempt": 3}
  Exception: org.apache.http.conn.HttpHostConnectException: Connect to 10.244.2.45:8080 failed: Connection refused
    at org.apache.http.impl.conn.DefaultHttpClientConnectionOperator.connect(DefaultHttpClientConnectionOperator.java:159)
    at org.apache.http.impl.conn.PoolingHttpClientConnectionManager.connect(PoolingHttpClientConnectionManager.java:376)

2026-08-30T17:50:34.502986Z ERROR [KafkaConsumer-39] payment_gateway.kafka - Kafka Consumer Lag Critical: Topic 'payment-events' partition 2 lag is 57925.

2026-08-30T17:50:43.531197Z CRITICAL [PaymentWorker-82] payment_gateway.processor - Payment transaction tx_68626 failed with HTTP 502 Bad Gateway.
  Request Context: {"amount": 258, "currency": "USD", "gateway": "Stripe-v2", "attempt": 3}
  Exception: org.apache.http.conn.HttpHostConnectException: Connect to 10.244.2.45:8080 failed: Connection refused
    at org.apache.http.impl.conn.DefaultHttpClientConnectionOperator.connect(DefaultHttpClientConnectionOperator.java:159)
    at org.apache.http.impl.conn.PoolingHttpClientConnectionManager.connect(PoolingHttpClientConnectionManager.java:376)

2026-08-30T17:50:46.537793Z CRITICAL [PaymentWorker-44] payment_gateway.processor - Payment transaction tx_29368 failed with HTTP 502 Bad Gateway.
  Request Context: {"amount": 18, "currency": "USD", "gateway": "Stripe-v2", "attempt": 3}
  Exception: org.apache.http.conn.HttpHostConnectException: Connect to 10.244.2.45:8080 failed: Connection refused
    at org.apache.http.impl.conn.DefaultHttpClientConnectionOperator.connect(DefaultHttpClientConnectionOperator.java:159)
    at org.apache.http.impl.conn.PoolingHttpClientConnectionManager.connect(PoolingHttpClientConnectionManager.java:376)

2026-08-30T17:50:52.559532Z CRITICAL [PaymentWorker-97] payment_gateway.processor - Payment transaction tx_43061 failed with HTTP 502 Bad Gateway.
  Request Context: {"amount": 284, "currency": "USD", "gateway": "Stripe-v2", "attempt": 3}
  Exception: org.apache.http.conn.HttpHostConnectException: Connect to 10.244.2.45:8080 failed: Connection refused
    at org.apache.http.impl.conn.DefaultHttpClientConnectionOperator.connect(DefaultHttpClientConnectionOperator.java:159)
    at org.apache.http.impl.conn.PoolingHttpClientConnectionManager.connect(PoolingHttpClientConnectionManager.java:376)

2026-08-30T17:51:01.589877Z CRITICAL [PaymentWorker-47] payment_gateway.processor - Payment transaction tx_80766 failed with HTTP 502 Bad Gateway.
  Request Context: {"amount": 141, "currency": "USD", "gateway": "Stripe-v2", "attempt": 3}
  Exception: org.apache.http.conn.HttpHostConnectException: Connect to 10.244.2.45:8080 failed: Connection refused
    at org.apache.http.impl.conn.DefaultHttpClientConnectionOperator.connect(DefaultHttpClientConnectionOperator.java:159)
    at org.apache.http.impl.conn.PoolingHttpClientConnectionManager.connect(PoolingHttpClientConnectionManager.java:376)

2026-08-30T17:51:19.637532Z ERROR [KafkaConsumer-21] payment_gateway.kafka - Kafka Consumer Lag Critical: Topic 'payment-events' partition 0 lag is 53073.

2026-08-30T17:51:22.643632Z ERROR [KafkaConsumer-31] payment_gateway.kafka - Kafka Consumer Lag Critical: Topic 'payment-events' partition 2 lag is 70419.

2026-08-30T17:51:34.667952Z CRITICAL [PaymentWorker-42] payment_gateway.processor - Payment transaction tx_10322 failed with HTTP 502 Bad Gateway.
  Request Context: {"amount": 245, "currency": "USD", "gateway": "Stripe-v2", "attempt": 3}
  Exception: org.apache.http.conn.HttpHostConnectException: Connect to 10.244.2.45:8080 failed: Connection refused
    at org.apache.http.impl.conn.DefaultHttpClientConnectionOperator.connect(DefaultHttpClientConnectionOperator.java:159)
    at org.apache.http.impl.conn.PoolingHttpClientConnectionManager.connect(PoolingHttpClientConnectionManager.java:376)

2026-08-30T17:51:38.048389Z ERROR [KafkaConsumer-69] payment_gateway.kafka - Kafka Consumer Lag Critical: Topic 'payment-events' partition 1 lag is 56456.

2026-08-30T17:51:41.054105Z CRITICAL [PaymentWorker-97] payment_gateway.processor - Payment transaction tx_46115 failed with HTTP 502 Bad Gateway.
  Request Context: {"amount": 204, "currency": "USD", "gateway": "Stripe-v2", "attempt": 3}
  Exception: org.apache.http.conn.HttpHostConnectException: Connect to 10.244.2.45:8080 failed: Connection refused
    at org.apache.http.impl.conn.DefaultHttpClientConnectionOperator.connect(DefaultHttpClientConnectionOperator.java:159)
    at org.apache.http.impl.conn.PoolingHttpClientConnectionManager.connect(PoolingHttpClientConnectionManager.java:376)

2026-08-30T17:51:44.110502Z CRITICAL [PaymentWorker-68] payment_gateway.processor - Payment transaction tx_91937 failed with HTTP 502 Bad Gateway.
  Request Context: {"amount": 367, "currency": "USD", "gateway": "Stripe-v2", "attempt": 3}
  Exception: org.apache.http.conn.HttpHostConnectException: Connect to 10.244.2.45:8080 failed: Connection refused
    at org.apache.http.impl.conn.DefaultHttpClientConnectionOperator.connect(DefaultHttpClientConnectionOperator.java:159)
    at org.apache.http.impl.conn.PoolingHttpClientConnectionManager.connect(PoolingHttpClientConnectionManager.java:376)

2026-08-30T17:51:47.119702Z ERROR [KafkaConsumer-42] payment_gateway.kafka - Kafka Consumer Lag Critical: Topic 'payment-events' partition 2 lag is 41482.

2026-08-30T17:51:50.132162Z CRITICAL [PaymentWorker-45] payment_gateway.processor - Payment transaction tx_81331 failed with HTTP 502 Bad Gateway.
  Request Context: {"amount": 343, "currency": "USD", "gateway": "Stripe-v2", "attempt": 3}
  Exception: org.apache.http.conn.HttpHostConnectException: Connect to 10.244.2.45:8080 failed: Connection refused
    at org.apache.http.impl.conn.DefaultHttpClientConnectionOperator.connect(DefaultHttpClientConnectionOperator.java:159)
    at org.apache.http.impl.conn.PoolingHttpClientConnectionManager.connect(PoolingHttpClientConnectionManager.java:376)

2026-08-30T17:52:05.174180Z CRITICAL [PaymentWorker-12] payment_gateway.processor - Payment transaction tx_18716 failed with HTTP 502 Bad Gateway.
  Request Context: {"amount": 11, "currency": "USD", "gateway": "Stripe-v2", "attempt": 3}
  Exception: org.apache.http.conn.HttpHostConnectException: Connect to 10.244.2.45:8080 failed: Connection refused
    at org.apache.http.impl.conn.DefaultHttpClientConnectionOperator.connect(DefaultHttpClientConnectionOperator.java:159)
    at org.apache.http.impl.conn.PoolingHttpClientConnectionManager.connect(PoolingHttpClientConnectionManager.java:376)

2026-08-30T17:52:20.204733Z CRITICAL [PaymentWorker-66] payment_gateway.processor - Payment transaction tx_95321 failed with HTTP 502 Bad Gateway.
  Request Context: {"amount": 192, "currency": "USD", "gateway": "Stripe-v2", "attempt": 3}
  Exception: org.apache.http.conn.HttpHostConnectException: Connect to 10.244.2.45:8080 failed: Connection refused
    at org.apache.http.impl.conn.DefaultHttpClientConnectionOperator.connect(DefaultHttpClientConnectionOperator.java:159)
    at org.apache.http.impl.conn.PoolingHttpClientConnectionManager.connect(PoolingHttpClientConnectionManager.java:376)

2026-08-30T17:52:29.226755Z ERROR [KafkaConsumer-46] payment_gateway.kafka - Kafka Consumer Lag Critical: Topic 'payment-events' partition 2 lag is 64553.

2026-08-30T17:52:32.233269Z ERROR [KafkaConsumer-81] payment_gateway.kafka - Kafka Consumer Lag Critical: Topic 'payment-events' partition 1 lag is 66017.

2026-08-30T17:52:35.239011Z CRITICAL [PaymentWorker-26] payment_gateway.processor - Payment transaction tx_71994 failed with HTTP 502 Bad Gateway.
  Request Context: {"amount": 231, "currency": "USD", "gateway": "Stripe-v2", "attempt": 3}
  Exception: org.apache.http.conn.HttpHostConnectException: Connect to 10.244.2.45:8080 failed: Connection refused
    at org.apache.http.impl.conn.DefaultHttpClientConnectionOperator.connect(DefaultHttpClientConnectionOperator.java:159)
    at org.apache.http.impl.conn.PoolingHttpClientConnectionManager.connect(PoolingHttpClientConnectionManager.java:376)

2026-08-30T17:52:47.264281Z CRITICAL [PaymentWorker-54] payment_gateway.processor - Payment transaction tx_64197 failed with HTTP 502 Bad Gateway.
  Request Context: {"amount": 36, "currency": "USD", "gateway": "Stripe-v2", "attempt": 3}
  Exception: org.apache.http.conn.HttpHostConnectException: Connect to 10.244.2.45:8080 failed: Connection refused
    at org.apache.http.impl.conn.DefaultHttpClientConnectionOperator.connect(DefaultHttpClientConnectionOperator.java:159)
    at org.apache.http.impl.conn.PoolingHttpClientConnectionManager.connect(PoolingHttpClientConnectionManager.java:376)

2026-08-30T17:52:59.298139Z ERROR [KafkaConsumer-71] payment_gateway.kafka - Kafka Consumer Lag Critical: Topic 'payment-events' partition 3 lag is 79563.

2026-08-30T17:53:02.305083Z ERROR [KafkaConsumer-58] payment_gateway.kafka - Kafka Consumer Lag Critical: Topic 'payment-events' partition 2 lag is 63944.

2026-08-30T17:53:08.328445Z ERROR [KafkaConsumer-62] payment_gateway.kafka - Kafka Consumer Lag Critical: Topic 'payment-events' partition 3 lag is 70529.

2026-08-30T17:53:11.334079Z CRITICAL [PaymentWorker-23] payment_gateway.processor - Payment transaction tx_28732 failed with HTTP 502 Bad Gateway.
  Request Context: {"amount": 113, "currency": "USD", "gateway": "Stripe-v2", "attempt": 3}
  Exception: org.apache.http.conn.HttpHostConnectException: Connect to 10.244.2.45:8080 failed: Connection refused
    at org.apache.http.impl.conn.DefaultHttpClientConnectionOperator.connect(DefaultHttpClientConnectionOperator.java:159)
    at org.apache.http.impl.conn.PoolingHttpClientConnectionManager.connect(PoolingHttpClientConnectionManager.java:376)

2026-08-30T17:53:23.360114Z ERROR [KafkaConsumer-47] payment_gateway.kafka - Kafka Consumer Lag Critical: Topic 'payment-events' partition 1 lag is 71864.

2026-08-30T17:53:38.457817Z ERROR [KafkaConsumer-48] payment_gateway.kafka - Kafka Consumer Lag Critical: Topic 'payment-events' partition 0 lag is 45914.

2026-08-30T17:53:47.488317Z CRITICAL [PaymentWorker-85] payment_gateway.processor - Payment transaction tx_46999 failed with HTTP 502 Bad Gateway.
  Request Context: {"amount": 101, "currency": "USD", "gateway": "Stripe-v2", "attempt": 3}
  Exception: org.apache.http.conn.HttpHostConnectException: Connect to 10.244.2.45:8080 failed: Connection refused
    at org.apache.http.impl.conn.DefaultHttpClientConnectionOperator.connect(DefaultHttpClientConnectionOperator.java:159)
    at org.apache.http.impl.conn.PoolingHttpClientConnectionManager.connect(PoolingHttpClientConnectionManager.java:376)

2026-08-30T17:53:53.499974Z ERROR [KafkaConsumer-18] payment_gateway.kafka - Kafka Consumer Lag Critical: Topic 'payment-events' partition 0 lag is 60565.

2026-08-30T17:53:59.512999Z CRITICAL [PaymentWorker-68] payment_gateway.processor - Payment transaction tx_61858 failed with HTTP 502 Bad Gateway.
  Request Context: {"amount": 492, "currency": "USD", "gateway": "Stripe-v2", "attempt": 3}
  Exception: org.apache.http.conn.HttpHostConnectException: Connect to 10.244.2.45:8080 failed: Connection refused
    at org.apache.http.impl.conn.DefaultHttpClientConnectionOperator.connect(DefaultHttpClientConnectionOperator.java:159)
    at org.apache.http.impl.conn.PoolingHttpClientConnectionManager.connect(PoolingHttpClientConnectionManager.java:376)

2026-08-30T17:54:08.534040Z ERROR [KafkaConsumer-58] payment_gateway.kafka - Kafka Consumer Lag Critical: Topic 'payment-events' partition 0 lag is 45385.

2026-08-30T17:54:11.542132Z ERROR [KafkaConsumer-11] payment_gateway.kafka - Kafka Consumer Lag Critical: Topic 'payment-events' partition 3 lag is 69548.

2026-08-30T17:54:29.593562Z ERROR [KafkaConsumer-10] payment_gateway.kafka - Kafka Consumer Lag Critical: Topic 'payment-events' partition 1 lag is 65075.

2026-08-30T17:54:35.605091Z CRITICAL [PaymentWorker-51] payment_gateway.processor - Payment transaction tx_13985 failed with HTTP 502 Bad Gateway.
  Request Context: {"amount": 158, "currency": "USD", "gateway": "Stripe-v2", "attempt": 3}
  Exception: org.apache.http.conn.HttpHostConnectException: Connect to 10.244.2.45:8080 failed: Connection refused
    at org.apache.http.impl.conn.DefaultHttpClientConnectionOperator.connect(DefaultHttpClientConnectionOperator.java:159)
    at org.apache.http.impl.conn.PoolingHttpClientConnectionManager.connect(PoolingHttpClientConnectionManager.java:376)

2026-08-30T17:54:44.624737Z ERROR [KafkaConsumer-35] payment_gateway.kafka - Kafka Consumer Lag Critical: Topic 'payment-events' partition 3 lag is 48525.

2026-08-30T17:54:47.630954Z CRITICAL [PaymentWorker-94] payment_gateway.processor - Payment transaction tx_52932 failed with HTTP 502 Bad Gateway.
  Request Context: {"amount": 401, "currency": "USD", "gateway": "Stripe-v2", "attempt": 3}
  Exception: org.apache.http.conn.HttpHostConnectException: Connect to 10.244.2.45:8080 failed: Connection refused
    at org.apache.http.impl.conn.DefaultHttpClientConnectionOperator.connect(DefaultHttpClientConnectionOperator.java:159)
    at org.apache.http.impl.conn.PoolingHttpClientConnectionManager.connect(PoolingHttpClientConnectionManager.java:376)

2026-08-30T17:55:17.702611Z ERROR [KafkaConsumer-65] payment_gateway.kafka - Kafka Consumer Lag Critical: Topic 'payment-events' partition 0 lag is 68184.

2026-08-30T17:55:20.707786Z CRITICAL [PaymentWorker-49] payment_gateway.processor - Payment transaction tx_69428 failed with HTTP 502 Bad Gateway.
  Request Context: {"amount": 491, "currency": "USD", "gateway": "Stripe-v2", "attempt": 3}
  Exception: org.apache.http.conn.HttpHostConnectException: Connect to 10.244.2.45:8080 failed: Connection refused
    at org.apache.http.impl.conn.DefaultHttpClientConnectionOperator.connect(DefaultHttpClientConnectionOperator.java:159)
    at org.apache.http.impl.conn.PoolingHttpClientConnectionManager.connect(PoolingHttpClientConnectionManager.java:376)

2026-08-30T17:55:38.751410Z ERROR [KafkaConsumer-12] payment_gateway.kafka - Kafka Consumer Lag Critical: Topic 'payment-events' partition 0 lag is 65023.

2026-08-30T17:55:50.783628Z ERROR [KafkaConsumer-43] payment_gateway.kafka - Kafka Consumer Lag Critical: Topic 'payment-events' partition 2 lag is 74397.

2026-08-30T17:55:53.788983Z CRITICAL [PaymentWorker-43] payment_gateway.processor - Payment transaction tx_23144 failed with HTTP 502 Bad Gateway.
  Request Context: {"amount": 368, "currency": "USD", "gateway": "Stripe-v2", "attempt": 3}
  Exception: org.apache.http.conn.HttpHostConnectException: Connect to 10.244.2.45:8080 failed: Connection refused
    at org.apache.http.impl.conn.DefaultHttpClientConnectionOperator.connect(DefaultHttpClientConnectionOperator.java:159)
    at org.apache.http.impl.conn.PoolingHttpClientConnectionManager.connect(PoolingHttpClientConnectionManager.java:376)

2026-08-30T17:55:56.795755Z ERROR [KafkaConsumer-32] payment_gateway.kafka - Kafka Consumer Lag Critical: Topic 'payment-events' partition 1 lag is 51781.

2026-08-30T17:55:59.801932Z CRITICAL [PaymentWorker-24] payment_gateway.processor - Payment transaction tx_90868 failed with HTTP 502 Bad Gateway.
  Request Context: {"amount": 75, "currency": "USD", "gateway": "Stripe-v2", "attempt": 3}
  Exception: org.apache.http.conn.HttpHostConnectException: Connect to 10.244.2.45:8080 failed: Connection refused
    at org.apache.http.impl.conn.DefaultHttpClientConnectionOperator.connect(DefaultHttpClientConnectionOperator.java:159)
    at org.apache.http.impl.conn.PoolingHttpClientConnectionManager.connect(PoolingHttpClientConnectionManager.java:376)

2026-08-30T17:56:05.819412Z CRITICAL [PaymentWorker-75] payment_gateway.processor - Payment transaction tx_95056 failed with HTTP 502 Bad Gateway.
  Request Context: {"amount": 64, "currency": "USD", "gateway": "Stripe-v2", "attempt": 3}
  Exception: org.apache.http.conn.HttpHostConnectException: Connect to 10.244.2.45:8080 failed: Connection refused
    at org.apache.http.impl.conn.DefaultHttpClientConnectionOperator.connect(DefaultHttpClientConnectionOperator.java:159)
    at org.apache.http.impl.conn.PoolingHttpClientConnectionManager.connect(PoolingHttpClientConnectionManager.java:376)

2026-08-30T17:56:11.830941Z CRITICAL [PaymentWorker-21] payment_gateway.processor - Payment transaction tx_56729 failed with HTTP 502 Bad Gateway.
  Request Context: {"amount": 152, "currency": "USD", "gateway": "Stripe-v2", "attempt": 3}
  Exception: org.apache.http.conn.HttpHostConnectException: Connect to 10.244.2.45:8080 failed: Connection refused
    at org.apache.http.impl.conn.DefaultHttpClientConnectionOperator.connect(DefaultHttpClientConnectionOperator.java:159)
    at org.apache.http.impl.conn.PoolingHttpClientConnectionManager.connect(PoolingHttpClientConnectionManager.java:376)

2026-08-30T17:56:14.836575Z ERROR [KafkaConsumer-61] payment_gateway.kafka - Kafka Consumer Lag Critical: Topic 'payment-events' partition 0 lag is 44531.

2026-08-30T17:56:20.846819Z ERROR [KafkaConsumer-99] payment_gateway.kafka - Kafka Consumer Lag Critical: Topic 'payment-events' partition 0 lag is 63550.

2026-08-30T17:56:23.852271Z ERROR [KafkaConsumer-50] payment_gateway.kafka - Kafka Consumer Lag Critical: Topic 'payment-events' partition 0 lag is 43871.

2026-08-30T17:56:29.862081Z CRITICAL [PaymentWorker-29] payment_gateway.processor - Payment transaction tx_51610 failed with HTTP 502 Bad Gateway.
  Request Context: {"amount": 95, "currency": "USD", "gateway": "Stripe-v2", "attempt": 3}
  Exception: org.apache.http.conn.HttpHostConnectException: Connect to 10.244.2.45:8080 failed: Connection refused
    at org.apache.http.impl.conn.DefaultHttpClientConnectionOperator.connect(DefaultHttpClientConnectionOperator.java:159)
    at org.apache.http.impl.conn.PoolingHttpClientConnectionManager.connect(PoolingHttpClientConnectionManager.java:376)

2026-08-30T17:56:32.868360Z CRITICAL [PaymentWorker-49] payment_gateway.processor - Payment transaction tx_43732 failed with HTTP 502 Bad Gateway.
  Request Context: {"amount": 322, "currency": "USD", "gateway": "Stripe-v2", "attempt": 3}
  Exception: org.apache.http.conn.HttpHostConnectException: Connect to 10.244.2.45:8080 failed: Connection refused
    at org.apache.http.impl.conn.DefaultHttpClientConnectionOperator.connect(DefaultHttpClientConnectionOperator.java:159)
    at org.apache.http.impl.conn.PoolingHttpClientConnectionManager.connect(PoolingHttpClientConnectionManager.java:376)

2026-08-30T17:56:38.885754Z ERROR [KafkaConsumer-36] payment_gateway.kafka - Kafka Consumer Lag Critical: Topic 'payment-events' partition 0 lag is 71158.

2026-08-30T17:56:41.905414Z CRITICAL [PaymentWorker-66] payment_gateway.processor - Payment transaction tx_88115 failed with HTTP 502 Bad Gateway.
  Request Context: {"amount": 100, "currency": "USD", "gateway": "Stripe-v2", "attempt": 3}
  Exception: org.apache.http.conn.HttpHostConnectException: Connect to 10.244.2.45:8080 failed: Connection refused
    at org.apache.http.impl.conn.DefaultHttpClientConnectionOperator.connect(DefaultHttpClientConnectionOperator.java:159)
    at org.apache.http.impl.conn.PoolingHttpClientConnectionManager.connect(PoolingHttpClientConnectionManager.java:376)

2026-08-30T17:56:44.915808Z ERROR [KafkaConsumer-35] payment_gateway.kafka - Kafka Consumer Lag Critical: Topic 'payment-events' partition 2 lag is 54902.

2026-08-30T17:56:47.922064Z CRITICAL [PaymentWorker-24] payment_gateway.processor - Payment transaction tx_40547 failed with HTTP 502 Bad Gateway.
  Request Context: {"amount": 499, "currency": "USD", "gateway": "Stripe-v2", "attempt": 3}
  Exception: org.apache.http.conn.HttpHostConnectException: Connect to 10.244.2.45:8080 failed: Connection refused
    at org.apache.http.impl.conn.DefaultHttpClientConnectionOperator.connect(DefaultHttpClientConnectionOperator.java:159)
    at org.apache.http.impl.conn.PoolingHttpClientConnectionManager.connect(PoolingHttpClientConnectionManager.java:376)

2026-08-30T17:57:11.978919Z CRITICAL [PaymentWorker-58] payment_gateway.processor - Payment transaction tx_29579 failed with HTTP 502 Bad Gateway.
  Request Context: {"amount": 259, "currency": "USD", "gateway": "Stripe-v2", "attempt": 3}
  Exception: org.apache.http.conn.HttpHostConnectException: Connect to 10.244.2.45:8080 failed: Connection refused
    at org.apache.http.impl.conn.DefaultHttpClientConnectionOperator.connect(DefaultHttpClientConnectionOperator.java:159)
    at org.apache.http.impl.conn.PoolingHttpClientConnectionManager.connect(PoolingHttpClientConnectionManager.java:376)

2026-08-30T17:57:17.999679Z CRITICAL [PaymentWorker-29] payment_gateway.processor - Payment transaction tx_61395 failed with HTTP 502 Bad Gateway.
  Request Context: {"amount": 329, "currency": "USD", "gateway": "Stripe-v2", "attempt": 3}
  Exception: org.apache.http.conn.HttpHostConnectException: Connect to 10.244.2.45:8080 failed: Connection refused
    at org.apache.http.impl.conn.DefaultHttpClientConnectionOperator.connect(DefaultHttpClientConnectionOperator.java:159)
    at org.apache.http.impl.conn.PoolingHttpClientConnectionManager.connect(PoolingHttpClientConnectionManager.java:376)

2026-08-30T17:57:30.040561Z CRITICAL [PaymentWorker-28] payment_gateway.processor - Payment transaction tx_69415 failed with HTTP 502 Bad Gateway.
  Request Context: {"amount": 224, "currency": "USD", "gateway": "Stripe-v2", "attempt": 3}
  Exception: org.apache.http.conn.HttpHostConnectException: Connect to 10.244.2.45:8080 failed: Connection refused
    at org.apache.http.impl.conn.DefaultHttpClientConnectionOperator.connect(DefaultHttpClientConnectionOperator.java:159)
    at org.apache.http.impl.conn.PoolingHttpClientConnectionManager.connect(PoolingHttpClientConnectionManager.java:376)

2026-08-30T17:57:36.055389Z ERROR [KafkaConsumer-73] payment_gateway.kafka - Kafka Consumer Lag Critical: Topic 'payment-events' partition 3 lag is 44108.

2026-08-30T17:57:54.098996Z CRITICAL [PaymentWorker-13] payment_gateway.processor - Payment transaction tx_24485 failed with HTTP 502 Bad Gateway.
  Request Context: {"amount": 70, "currency": "USD", "gateway": "Stripe-v2", "attempt": 3}
  Exception: org.apache.http.conn.HttpHostConnectException: Connect to 10.244.2.45:8080 failed: Connection refused
    at org.apache.http.impl.conn.DefaultHttpClientConnectionOperator.connect(DefaultHttpClientConnectionOperator.java:159)
    at org.apache.http.impl.conn.PoolingHttpClientConnectionManager.connect(PoolingHttpClientConnectionManager.java:376)

2026-08-30T17:58:31.044575Z CRITICAL [PaymentWorker-59] payment_gateway.processor - Payment transaction tx_32558 failed with HTTP 502 Bad Gateway.
  Request Context: {"amount": 321, "currency": "USD", "gateway": "Stripe-v2", "attempt": 3}
  Exception: org.apache.http.conn.HttpHostConnectException: Connect to 10.244.2.45:8080 failed: Connection refused
    at org.apache.http.impl.conn.DefaultHttpClientConnectionOperator.connect(DefaultHttpClientConnectionOperator.java:159)
    at org.apache.http.impl.conn.PoolingHttpClientConnectionManager.connect(PoolingHttpClientConnectionManager.java:376)

2026-08-30T17:58:34.050196Z ERROR [KafkaConsumer-13] payment_gateway.kafka - Kafka Consumer Lag Critical: Topic 'payment-events' partition 3 lag is 64235.

2026-08-30T17:58:52.229823Z CRITICAL [PaymentWorker-64] payment_gateway.processor - Payment transaction tx_37847 failed with HTTP 502 Bad Gateway.
  Request Context: {"amount": 480, "currency": "USD", "gateway": "Stripe-v2", "attempt": 3}
  Exception: org.apache.http.conn.HttpHostConnectException: Connect to 10.244.2.45:8080 failed: Connection refused
    at org.apache.http.impl.conn.DefaultHttpClientConnectionOperator.connect(DefaultHttpClientConnectionOperator.java:159)
    at org.apache.http.impl.conn.PoolingHttpClientConnectionManager.connect(PoolingHttpClientConnectionManager.java:376)

2026-08-30T17:58:58.242849Z CRITICAL [PaymentWorker-74] payment_gateway.processor - Payment transaction tx_73423 failed with HTTP 502 Bad Gateway.
  Request Context: {"amount": 473, "currency": "USD", "gateway": "Stripe-v2", "attempt": 3}
  Exception: org.apache.http.conn.HttpHostConnectException: Connect to 10.244.2.45:8080 failed: Connection refused
    at org.apache.http.impl.conn.DefaultHttpClientConnectionOperator.connect(DefaultHttpClientConnectionOperator.java:159)
    at org.apache.http.impl.conn.PoolingHttpClientConnectionManager.connect(PoolingHttpClientConnectionManager.java:376)

2026-08-30T17:59:01.253489Z ERROR [KafkaConsumer-46] payment_gateway.kafka - Kafka Consumer Lag Critical: Topic 'payment-events' partition 0 lag is 50377.

2026-08-30T17:59:10.270044Z CRITICAL [PaymentWorker-55] payment_gateway.processor - Payment transaction tx_92991 failed with HTTP 502 Bad Gateway.
  Request Context: {"amount": 86, "currency": "USD", "gateway": "Stripe-v2", "attempt": 3}
  Exception: org.apache.http.conn.HttpHostConnectException: Connect to 10.244.2.45:8080 failed: Connection refused
    at org.apache.http.impl.conn.DefaultHttpClientConnectionOperator.connect(DefaultHttpClientConnectionOperator.java:159)
    at org.apache.http.impl.conn.PoolingHttpClientConnectionManager.connect(PoolingHttpClientConnectionManager.java:376)

2026-08-30T17:59:13.275301Z ERROR [KafkaConsumer-79] payment_gateway.kafka - Kafka Consumer Lag Critical: Topic 'payment-events' partition 3 lag is 54617.

2026-08-30T17:59:22.308639Z ERROR [KafkaConsumer-82] payment_gateway.kafka - Kafka Consumer Lag Critical: Topic 'payment-events' partition 1 lag is 55634.

2026-08-30T17:59:37.347732Z CRITICAL [PaymentWorker-68] payment_gateway.processor - Payment transaction tx_77197 failed with HTTP 502 Bad Gateway.
  Request Context: {"amount": 223, "currency": "USD", "gateway": "Stripe-v2", "attempt": 3}
  Exception: org.apache.http.conn.HttpHostConnectException: Connect to 10.244.2.45:8080 failed: Connection refused
    at org.apache.http.impl.conn.DefaultHttpClientConnectionOperator.connect(DefaultHttpClientConnectionOperator.java:159)
    at org.apache.http.impl.conn.PoolingHttpClientConnectionManager.connect(PoolingHttpClientConnectionManager.java:376)

2026-08-30T18:00:04.423103Z ERROR [KafkaConsumer-93] payment_gateway.kafka - Kafka Consumer Lag Critical: Topic 'payment-events' partition 0 lag is 67887.

2026-08-30T18:00:35.626715Z CRITICAL [PaymentWorker-10] payment_gateway.processor - Payment transaction tx_54542 failed with HTTP 502 Bad Gateway.
  Request Context: {"amount": 357, "currency": "USD", "gateway": "Stripe-v2", "attempt": 3}
  Exception: org.apache.http.conn.HttpHostConnectException: Connect to 10.244.2.45:8080 failed: Connection refused
    at org.apache.http.impl.conn.DefaultHttpClientConnectionOperator.connect(DefaultHttpClientConnectionOperator.java:159)
    at org.apache.http.impl.conn.PoolingHttpClientConnectionManager.connect(PoolingHttpClientConnectionManager.java:376)

2026-08-30T18:00:41.637693Z CRITICAL [PaymentWorker-18] payment_gateway.processor - Payment transaction tx_76403 failed with HTTP 502 Bad Gateway.
  Request Context: {"amount": 178, "currency": "USD", "gateway": "Stripe-v2", "attempt": 3}
  Exception: org.apache.http.conn.HttpHostConnectException: Connect to 10.244.2.45:8080 failed: Connection refused
    at org.apache.http.impl.conn.DefaultHttpClientConnectionOperator.connect(DefaultHttpClientConnectionOperator.java:159)
    at org.apache.http.impl.conn.PoolingHttpClientConnectionManager.connect(PoolingHttpClientConnectionManager.java:376)

2026-08-30T18:00:47.655626Z CRITICAL [PaymentWorker-95] payment_gateway.processor - Payment transaction tx_48445 failed with HTTP 502 Bad Gateway.
  Request Context: {"amount": 149, "currency": "USD", "gateway": "Stripe-v2", "attempt": 3}
  Exception: org.apache.http.conn.HttpHostConnectException: Connect to 10.244.2.45:8080 failed: Connection refused
    at org.apache.http.impl.conn.DefaultHttpClientConnectionOperator.connect(DefaultHttpClientConnectionOperator.java:159)
    at org.apache.http.impl.conn.PoolingHttpClientConnectionManager.connect(PoolingHttpClientConnectionManager.java:376)

2026-08-30T18:00:50.661822Z ERROR [KafkaConsumer-48] payment_gateway.kafka - Kafka Consumer Lag Critical: Topic 'payment-events' partition 3 lag is 44679.

2026-08-30T18:00:53.666904Z CRITICAL [PaymentWorker-32] payment_gateway.processor - Payment transaction tx_31700 failed with HTTP 502 Bad Gateway.
  Request Context: {"amount": 253, "currency": "USD", "gateway": "Stripe-v2", "attempt": 3}
  Exception: org.apache.http.conn.HttpHostConnectException: Connect to 10.244.2.45:8080 failed: Connection refused
    at org.apache.http.impl.conn.DefaultHttpClientConnectionOperator.connect(DefaultHttpClientConnectionOperator.java:159)
    at org.apache.http.impl.conn.PoolingHttpClientConnectionManager.connect(PoolingHttpClientConnectionManager.java:376)

2026-08-30T18:01:17.742040Z CRITICAL [PaymentWorker-40] payment_gateway.processor - Payment transaction tx_60183 failed with HTTP 502 Bad Gateway.
  Request Context: {"amount": 26, "currency": "USD", "gateway": "Stripe-v2", "attempt": 3}
  Exception: org.apache.http.conn.HttpHostConnectException: Connect to 10.244.2.45:8080 failed: Connection refused
    at org.apache.http.impl.conn.DefaultHttpClientConnectionOperator.connect(DefaultHttpClientConnectionOperator.java:159)
    at org.apache.http.impl.conn.PoolingHttpClientConnectionManager.connect(PoolingHttpClientConnectionManager.java:376)

2026-08-30T18:01:20.747617Z CRITICAL [PaymentWorker-90] payment_gateway.processor - Payment transaction tx_45374 failed with HTTP 502 Bad Gateway.
  Request Context: {"amount": 491, "currency": "USD", "gateway": "Stripe-v2", "attempt": 3}
  Exception: org.apache.http.conn.HttpHostConnectException: Connect to 10.244.2.45:8080 failed: Connection refused
    at org.apache.http.impl.conn.DefaultHttpClientConnectionOperator.connect(DefaultHttpClientConnectionOperator.java:159)
    at org.apache.http.impl.conn.PoolingHttpClientConnectionManager.connect(PoolingHttpClientConnectionManager.java:376)

2026-08-30T18:01:38.779559Z CRITICAL [PaymentWorker-24] payment_gateway.processor - Payment transaction tx_99415 failed with HTTP 502 Bad Gateway.
  Request Context: {"amount": 255, "currency": "USD", "gateway": "Stripe-v2", "attempt": 3}
  Exception: org.apache.http.conn.HttpHostConnectException: Connect to 10.244.2.45:8080 failed: Connection refused
    at org.apache.http.impl.conn.DefaultHttpClientConnectionOperator.connect(DefaultHttpClientConnectionOperator.java:159)
    at org.apache.http.impl.conn.PoolingHttpClientConnectionManager.connect(PoolingHttpClientConnectionManager.java:376)

2026-08-30T18:01:41.785728Z CRITICAL [PaymentWorker-22] payment_gateway.processor - Payment transaction tx_97944 failed with HTTP 502 Bad Gateway.
  Request Context: {"amount": 489, "currency": "USD", "gateway": "Stripe-v2", "attempt": 3}
  Exception: org.apache.http.conn.HttpHostConnectException: Connect to 10.244.2.45:8080 failed: Connection refused
    at org.apache.http.impl.conn.DefaultHttpClientConnectionOperator.connect(DefaultHttpClientConnectionOperator.java:159)
    at org.apache.http.impl.conn.PoolingHttpClientConnectionManager.connect(PoolingHttpClientConnectionManager.java:376)

2026-08-30T18:02:13.843987Z CRITICAL [PaymentWorker-43] payment_gateway.processor - Payment transaction tx_48428 failed with HTTP 502 Bad Gateway.
  Request Context: {"amount": 283, "currency": "USD", "gateway": "Stripe-v2", "attempt": 3}
  Exception: org.apache.http.conn.HttpHostConnectException: Connect to 10.244.2.45:8080 failed: Connection refused
    at org.apache.http.impl.conn.DefaultHttpClientConnectionOperator.connect(DefaultHttpClientConnectionOperator.java:159)
    at org.apache.http.impl.conn.PoolingHttpClientConnectionManager.connect(PoolingHttpClientConnectionManager.java:376)

2026-08-30T18:02:22.865588Z CRITICAL [PaymentWorker-20] payment_gateway.processor - Payment transaction tx_61344 failed with HTTP 502 Bad Gateway.
  Request Context: {"amount": 208, "currency": "USD", "gateway": "Stripe-v2", "attempt": 3}
  Exception: org.apache.http.conn.HttpHostConnectException: Connect to 10.244.2.45:8080 failed: Connection refused
    at org.apache.http.impl.conn.DefaultHttpClientConnectionOperator.connect(DefaultHttpClientConnectionOperator.java:159)
    at org.apache.http.impl.conn.PoolingHttpClientConnectionManager.connect(PoolingHttpClientConnectionManager.java:376)

2026-08-30T18:02:25.872439Z CRITICAL [PaymentWorker-54] payment_gateway.processor - Payment transaction tx_56358 failed with HTTP 502 Bad Gateway.
  Request Context: {"amount": 203, "currency": "USD", "gateway": "Stripe-v2", "attempt": 3}
  Exception: org.apache.http.conn.HttpHostConnectException: Connect to 10.244.2.45:8080 failed: Connection refused
    at org.apache.http.impl.conn.DefaultHttpClientConnectionOperator.connect(DefaultHttpClientConnectionOperator.java:159)
    at org.apache.http.impl.conn.PoolingHttpClientConnectionManager.connect(PoolingHttpClientConnectionManager.java:376)

2026-08-30T18:02:28.879206Z CRITICAL [PaymentWorker-68] payment_gateway.processor - Payment transaction tx_80989 failed with HTTP 502 Bad Gateway.
  Request Context: {"amount": 235, "currency": "USD", "gateway": "Stripe-v2", "attempt": 3}
  Exception: org.apache.http.conn.HttpHostConnectException: Connect to 10.244.2.45:8080 failed: Connection refused
    at org.apache.http.impl.conn.DefaultHttpClientConnectionOperator.connect(DefaultHttpClientConnectionOperator.java:159)
    at org.apache.http.impl.conn.PoolingHttpClientConnectionManager.connect(PoolingHttpClientConnectionManager.java:376)

2026-08-30T18:02:52.942097Z CRITICAL [PaymentWorker-93] payment_gateway.processor - Payment transaction tx_48321 failed with HTTP 502 Bad Gateway.
  Request Context: {"amount": 231, "currency": "USD", "gateway": "Stripe-v2", "attempt": 3}
  Exception: org.apache.http.conn.HttpHostConnectException: Connect to 10.244.2.45:8080 failed: Connection refused
    at org.apache.http.impl.conn.DefaultHttpClientConnectionOperator.connect(DefaultHttpClientConnectionOperator.java:159)
    at org.apache.http.impl.conn.PoolingHttpClientConnectionManager.connect(PoolingHttpClientConnectionManager.java:376)

2026-08-30T18:03:07.980739Z CRITICAL [PaymentWorker-11] payment_gateway.processor - Payment transaction tx_50579 failed with HTTP 502 Bad Gateway.
  Request Context: {"amount": 175, "currency": "USD", "gateway": "Stripe-v2", "attempt": 3}
  Exception: org.apache.http.conn.HttpHostConnectException: Connect to 10.244.2.45:8080 failed: Connection refused
    at org.apache.http.impl.conn.DefaultHttpClientConnectionOperator.connect(DefaultHttpClientConnectionOperator.java:159)
    at org.apache.http.impl.conn.PoolingHttpClientConnectionManager.connect(PoolingHttpClientConnectionManager.java:376)

2026-08-30T18:03:44.061445Z ERROR [KafkaConsumer-28] payment_gateway.kafka - Kafka Consumer Lag Critical: Topic 'payment-events' partition 0 lag is 79322.

2026-08-30T18:03:56.093724Z CRITICAL [PaymentWorker-16] payment_gateway.processor - Payment transaction tx_35677 failed with HTTP 502 Bad Gateway.
  Request Context: {"amount": 454, "currency": "USD", "gateway": "Stripe-v2", "attempt": 3}
  Exception: org.apache.http.conn.HttpHostConnectException: Connect to 10.244.2.45:8080 failed: Connection refused
    at org.apache.http.impl.conn.DefaultHttpClientConnectionOperator.connect(DefaultHttpClientConnectionOperator.java:159)
    at org.apache.http.impl.conn.PoolingHttpClientConnectionManager.connect(PoolingHttpClientConnectionManager.java:376)

2026-08-30T18:04:02.106035Z ERROR [KafkaConsumer-38] payment_gateway.kafka - Kafka Consumer Lag Critical: Topic 'payment-events' partition 0 lag is 74208.

2026-08-30T18:04:08.121386Z ERROR [KafkaConsumer-51] payment_gateway.kafka - Kafka Consumer Lag Critical: Topic 'payment-events' partition 3 lag is 70385.

2026-08-30T18:04:14.143201Z ERROR [KafkaConsumer-92] payment_gateway.kafka - Kafka Consumer Lag Critical: Topic 'payment-events' partition 3 lag is 51958.

2026-08-30T18:04:38.204642Z CRITICAL [PaymentWorker-90] payment_gateway.processor - Payment transaction tx_11839 failed with HTTP 502 Bad Gateway.
  Request Context: {"amount": 150, "currency": "USD", "gateway": "Stripe-v2", "attempt": 3}
  Exception: org.apache.http.conn.HttpHostConnectException: Connect to 10.244.2.45:8080 failed: Connection refused
    at org.apache.http.impl.conn.DefaultHttpClientConnectionOperator.connect(DefaultHttpClientConnectionOperator.java:159)
    at org.apache.http.impl.conn.PoolingHttpClientConnectionManager.connect(PoolingHttpClientConnectionManager.java:376)

2026-08-30T18:04:47.236701Z CRITICAL [PaymentWorker-96] payment_gateway.processor - Payment transaction tx_84662 failed with HTTP 502 Bad Gateway.
  Request Context: {"amount": 317, "currency": "USD", "gateway": "Stripe-v2", "attempt": 3}
  Exception: org.apache.http.conn.HttpHostConnectException: Connect to 10.244.2.45:8080 failed: Connection refused
    at org.apache.http.impl.conn.DefaultHttpClientConnectionOperator.connect(DefaultHttpClientConnectionOperator.java:159)
    at org.apache.http.impl.conn.PoolingHttpClientConnectionManager.connect(PoolingHttpClientConnectionManager.java:376)

2026-08-30T18:04:53.248073Z ERROR [KafkaConsumer-13] payment_gateway.kafka - Kafka Consumer Lag Critical: Topic 'payment-events' partition 2 lag is 53526.

2026-08-30T18:04:56.253755Z CRITICAL [PaymentWorker-76] payment_gateway.processor - Payment transaction tx_84890 failed with HTTP 502 Bad Gateway.
  Request Context: {"amount": 168, "currency": "USD", "gateway": "Stripe-v2", "attempt": 3}
  Exception: org.apache.http.conn.HttpHostConnectException: Connect to 10.244.2.45:8080 failed: Connection refused
    at org.apache.http.impl.conn.DefaultHttpClientConnectionOperator.connect(DefaultHttpClientConnectionOperator.java:159)
    at org.apache.http.impl.conn.PoolingHttpClientConnectionManager.connect(PoolingHttpClientConnectionManager.java:376)

2026-08-30T18:05:05.269971Z CRITICAL [PaymentWorker-42] payment_gateway.processor - Payment transaction tx_14955 failed with HTTP 502 Bad Gateway.
  Request Context: {"amount": 246, "currency": "USD", "gateway": "Stripe-v2", "attempt": 3}
  Exception: org.apache.http.conn.HttpHostConnectException: Connect to 10.244.2.45:8080 failed: Connection refused
    at org.apache.http.impl.conn.DefaultHttpClientConnectionOperator.connect(DefaultHttpClientConnectionOperator.java:159)
    at org.apache.http.impl.conn.PoolingHttpClientConnectionManager.connect(PoolingHttpClientConnectionManager.java:376)

2026-08-30T18:05:08.275458Z ERROR [KafkaConsumer-77] payment_gateway.kafka - Kafka Consumer Lag Critical: Topic 'payment-events' partition 1 lag is 76991.

2026-08-30T18:05:20.297126Z CRITICAL [PaymentWorker-72] payment_gateway.processor - Payment transaction tx_83321 failed with HTTP 502 Bad Gateway.
  Request Context: {"amount": 107, "currency": "USD", "gateway": "Stripe-v2", "attempt": 3}
  Exception: org.apache.http.conn.HttpHostConnectException: Connect to 10.244.2.45:8080 failed: Connection refused
    at org.apache.http.impl.conn.DefaultHttpClientConnectionOperator.connect(DefaultHttpClientConnectionOperator.java:159)
    at org.apache.http.impl.conn.PoolingHttpClientConnectionManager.connect(PoolingHttpClientConnectionManager.java:376)

2026-08-30T18:05:32.322813Z CRITICAL [PaymentWorker-55] payment_gateway.processor - Payment transaction tx_38580 failed with HTTP 502 Bad Gateway.
  Request Context: {"amount": 375, "currency": "USD", "gateway": "Stripe-v2", "attempt": 3}
  Exception: org.apache.http.conn.HttpHostConnectException: Connect to 10.244.2.45:8080 failed: Connection refused
    at org.apache.http.impl.conn.DefaultHttpClientConnectionOperator.connect(DefaultHttpClientConnectionOperator.java:159)
    at org.apache.http.impl.conn.PoolingHttpClientConnectionManager.connect(PoolingHttpClientConnectionManager.java:376)

2026-08-30T18:06:02.387830Z ERROR [KafkaConsumer-91] payment_gateway.kafka - Kafka Consumer Lag Critical: Topic 'payment-events' partition 3 lag is 46563.

2026-08-30T18:06:08.402943Z ERROR [KafkaConsumer-56] payment_gateway.kafka - Kafka Consumer Lag Critical: Topic 'payment-events' partition 0 lag is 51232.

2026-08-30T18:06:14.415719Z CRITICAL [PaymentWorker-64] payment_gateway.processor - Payment transaction tx_79168 failed with HTTP 502 Bad Gateway.
  Request Context: {"amount": 213, "currency": "USD", "gateway": "Stripe-v2", "attempt": 3}
  Exception: org.apache.http.conn.HttpHostConnectException: Connect to 10.244.2.45:8080 failed: Connection refused
    at org.apache.http.impl.conn.DefaultHttpClientConnectionOperator.connect(DefaultHttpClientConnectionOperator.java:159)
    at org.apache.http.impl.conn.PoolingHttpClientConnectionManager.connect(PoolingHttpClientConnectionManager.java:376)

2026-08-30T18:06:20.426660Z ERROR [KafkaConsumer-85] payment_gateway.kafka - Kafka Consumer Lag Critical: Topic 'payment-events' partition 1 lag is 44184.

2026-08-30T18:06:29.446548Z CRITICAL [PaymentWorker-25] payment_gateway.processor - Payment transaction tx_58303 failed with HTTP 502 Bad Gateway.
  Request Context: {"amount": 148, "currency": "USD", "gateway": "Stripe-v2", "attempt": 3}
  Exception: org.apache.http.conn.HttpHostConnectException: Connect to 10.244.2.45:8080 failed: Connection refused
    at org.apache.http.impl.conn.DefaultHttpClientConnectionOperator.connect(DefaultHttpClientConnectionOperator.java:159)
    at org.apache.http.impl.conn.PoolingHttpClientConnectionManager.connect(PoolingHttpClientConnectionManager.java:376)

2026-08-30T18:06:53.510612Z CRITICAL [PaymentWorker-68] payment_gateway.processor - Payment transaction tx_51030 failed with HTTP 502 Bad Gateway.
  Request Context: {"amount": 60, "currency": "USD", "gateway": "Stripe-v2", "attempt": 3}
  Exception: org.apache.http.conn.HttpHostConnectException: Connect to 10.244.2.45:8080 failed: Connection refused
    at org.apache.http.impl.conn.DefaultHttpClientConnectionOperator.connect(DefaultHttpClientConnectionOperator.java:159)
    at org.apache.http.impl.conn.PoolingHttpClientConnectionManager.connect(PoolingHttpClientConnectionManager.java:376)

2026-08-30T18:06:59.523129Z CRITICAL [PaymentWorker-34] payment_gateway.processor - Payment transaction tx_16930 failed with HTTP 502 Bad Gateway.
  Request Context: {"amount": 324, "currency": "USD", "gateway": "Stripe-v2", "attempt": 3}
  Exception: org.apache.http.conn.HttpHostConnectException: Connect to 10.244.2.45:8080 failed: Connection refused
    at org.apache.http.impl.conn.DefaultHttpClientConnectionOperator.connect(DefaultHttpClientConnectionOperator.java:159)
    at org.apache.http.impl.conn.PoolingHttpClientConnectionManager.connect(PoolingHttpClientConnectionManager.java:376)

2026-08-30T18:07:08.682281Z ERROR [KafkaConsumer-17] payment_gateway.kafka - Kafka Consumer Lag Critical: Topic 'payment-events' partition 1 lag is 45127.

2026-08-30T18:07:16.145685Z CRITICAL [PaymentWorker-19] payment_gateway.processor - Payment transaction tx_56228 failed with HTTP 502 Bad Gateway.
  Request Context: {"amount": 424, "currency": "USD", "gateway": "Stripe-v2", "attempt": 3}
  Exception: org.apache.http.conn.HttpHostConnectException: Connect to 10.244.2.45:8080 failed: Connection refused
    at org.apache.http.impl.conn.DefaultHttpClientConnectionOperator.connect(DefaultHttpClientConnectionOperator.java:159)
    at org.apache.http.impl.conn.PoolingHttpClientConnectionManager.connect(PoolingHttpClientConnectionManager.java:376)

2026-08-30T18:07:17.705676Z CRITICAL [PaymentWorker-86] payment_gateway.processor - Payment transaction tx_35806 failed with HTTP 502 Bad Gateway.
  Request Context: {"amount": 301, "currency": "USD", "gateway": "Stripe-v2", "attempt": 3}
  Exception: org.apache.http.conn.HttpHostConnectException: Connect to 10.244.2.45:8080 failed: Connection refused
    at org.apache.http.impl.conn.DefaultHttpClientConnectionOperator.connect(DefaultHttpClientConnectionOperator.java:159)
    at org.apache.http.impl.conn.PoolingHttpClientConnectionManager.connect(PoolingHttpClientConnectionManager.java:376)

2026-08-30T18:07:20.712199Z ERROR [KafkaConsumer-28] payment_gateway.kafka - Kafka Consumer Lag Critical: Topic 'payment-events' partition 0 lag is 59097.

2026-08-30T18:07:23.718423Z CRITICAL [PaymentWorker-20] payment_gateway.processor - Payment transaction tx_22044 failed with HTTP 502 Bad Gateway.
  Request Context: {"amount": 306, "currency": "USD", "gateway": "Stripe-v2", "attempt": 3}
  Exception: org.apache.http.conn.HttpHostConnectException: Connect to 10.244.2.45:8080 failed: Connection refused
    at org.apache.http.impl.conn.DefaultHttpClientConnectionOperator.connect(DefaultHttpClientConnectionOperator.java:159)
    at org.apache.http.impl.conn.PoolingHttpClientConnectionManager.connect(PoolingHttpClientConnectionManager.java:376)

2026-08-30T18:07:35.743386Z ERROR [KafkaConsumer-64] payment_gateway.kafka - Kafka Consumer Lag Critical: Topic 'payment-events' partition 3 lag is 79049.

2026-08-30T18:07:44.765319Z CRITICAL [PaymentWorker-73] payment_gateway.processor - Payment transaction tx_12993 failed with HTTP 502 Bad Gateway.
  Request Context: {"amount": 14, "currency": "USD", "gateway": "Stripe-v2", "attempt": 3}
  Exception: org.apache.http.conn.HttpHostConnectException: Connect to 10.244.2.45:8080 failed: Connection refused
    at org.apache.http.impl.conn.DefaultHttpClientConnectionOperator.connect(DefaultHttpClientConnectionOperator.java:159)
    at org.apache.http.impl.conn.PoolingHttpClientConnectionManager.connect(PoolingHttpClientConnectionManager.java:376)

2026-08-30T18:07:47.771709Z CRITICAL [PaymentWorker-39] payment_gateway.processor - Payment transaction tx_77850 failed with HTTP 502 Bad Gateway.
  Request Context: {"amount": 268, "currency": "USD", "gateway": "Stripe-v2", "attempt": 3}
  Exception: org.apache.http.conn.HttpHostConnectException: Connect to 10.244.2.45:8080 failed: Connection refused
    at org.apache.http.impl.conn.DefaultHttpClientConnectionOperator.connect(DefaultHttpClientConnectionOperator.java:159)
    at org.apache.http.impl.conn.PoolingHttpClientConnectionManager.connect(PoolingHttpClientConnectionManager.java:376)

2026-08-30T18:08:05.809299Z ERROR [KafkaConsumer-20] payment_gateway.kafka - Kafka Consumer Lag Critical: Topic 'payment-events' partition 2 lag is 73512.

2026-08-30T18:08:11.820348Z ERROR [KafkaConsumer-21] payment_gateway.kafka - Kafka Consumer Lag Critical: Topic 'payment-events' partition 3 lag is 45642.

2026-08-30T18:08:17.831982Z ERROR [KafkaConsumer-39] payment_gateway.kafka - Kafka Consumer Lag Critical: Topic 'payment-events' partition 0 lag is 55186.

2026-08-30T18:08:26.849470Z CRITICAL [PaymentWorker-35] payment_gateway.processor - Payment transaction tx_42687 failed with HTTP 502 Bad Gateway.
  Request Context: {"amount": 451, "currency": "USD", "gateway": "Stripe-v2", "attempt": 3}
  Exception: org.apache.http.conn.HttpHostConnectException: Connect to 10.244.2.45:8080 failed: Connection refused
    at org.apache.http.impl.conn.DefaultHttpClientConnectionOperator.connect(DefaultHttpClientConnectionOperator.java:159)
    at org.apache.http.impl.conn.PoolingHttpClientConnectionManager.connect(PoolingHttpClientConnectionManager.java:376)

2026-08-30T18:08:32.863154Z ERROR [KafkaConsumer-72] payment_gateway.kafka - Kafka Consumer Lag Critical: Topic 'payment-events' partition 2 lag is 42723.

2026-08-30T18:08:35.868347Z CRITICAL [PaymentWorker-18] payment_gateway.processor - Payment transaction tx_44470 failed with HTTP 502 Bad Gateway.
  Request Context: {"amount": 395, "currency": "USD", "gateway": "Stripe-v2", "attempt": 3}
  Exception: org.apache.http.conn.HttpHostConnectException: Connect to 10.244.2.45:8080 failed: Connection refused
    at org.apache.http.impl.conn.DefaultHttpClientConnectionOperator.connect(DefaultHttpClientConnectionOperator.java:159)
    at org.apache.http.impl.conn.PoolingHttpClientConnectionManager.connect(PoolingHttpClientConnectionManager.java:376)

2026-08-30T18:08:44.890119Z ERROR [KafkaConsumer-47] payment_gateway.kafka - Kafka Consumer Lag Critical: Topic 'payment-events' partition 0 lag is 67042.

2026-08-30T18:09:08.939269Z ERROR [KafkaConsumer-82] payment_gateway.kafka - Kafka Consumer Lag Critical: Topic 'payment-events' partition 3 lag is 66954.

2026-08-30T18:09:27.253146Z ERROR [KafkaConsumer-43] payment_gateway.kafka - Kafka Consumer Lag Critical: Topic 'payment-events' partition 2 lag is 68717.

2026-08-30T18:09:30.261731Z ERROR [KafkaConsumer-36] payment_gateway.kafka - Kafka Consumer Lag Critical: Topic 'payment-events' partition 0 lag is 65326.

2026-08-30T18:09:33.271562Z ERROR [KafkaConsumer-72] payment_gateway.kafka - Kafka Consumer Lag Critical: Topic 'payment-events' partition 0 lag is 74800.

2026-08-30T18:09:39.291641Z ERROR [KafkaConsumer-41] payment_gateway.kafka - Kafka Consumer Lag Critical: Topic 'payment-events' partition 0 lag is 51126.

2026-08-30T18:09:45.305397Z ERROR [KafkaConsumer-69] payment_gateway.kafka - Kafka Consumer Lag Critical: Topic 'payment-events' partition 0 lag is 58842.

2026-08-30T18:09:51.322894Z ERROR [KafkaConsumer-42] payment_gateway.kafka - Kafka Consumer Lag Critical: Topic 'payment-events' partition 1 lag is 73604.

2026-08-30T18:09:54.329216Z CRITICAL [PaymentWorker-80] payment_gateway.processor - Payment transaction tx_99527 failed with HTTP 502 Bad Gateway.
  Request Context: {"amount": 242, "currency": "USD", "gateway": "Stripe-v2", "attempt": 3}
  Exception: org.apache.http.conn.HttpHostConnectException: Connect to 10.244.2.45:8080 failed: Connection refused
    at org.apache.http.impl.conn.DefaultHttpClientConnectionOperator.connect(DefaultHttpClientConnectionOperator.java:159)
    at org.apache.http.impl.conn.PoolingHttpClientConnectionManager.connect(PoolingHttpClientConnectionManager.java:376)

2026-08-30T18:10:00.341216Z ERROR [KafkaConsumer-66] payment_gateway.kafka - Kafka Consumer Lag Critical: Topic 'payment-events' partition 2 lag is 67238.

2026-08-30T18:10:09.361959Z ERROR [KafkaConsumer-30] payment_gateway.kafka - Kafka Consumer Lag Critical: Topic 'payment-events' partition 0 lag is 69745.

2026-08-30T18:10:18.391695Z CRITICAL [PaymentWorker-77] payment_gateway.processor - Payment transaction tx_99384 failed with HTTP 502 Bad Gateway.
  Request Context: {"amount": 369, "currency": "USD", "gateway": "Stripe-v2", "attempt": 3}
  Exception: org.apache.http.conn.HttpHostConnectException: Connect to 10.244.2.45:8080 failed: Connection refused
    at org.apache.http.impl.conn.DefaultHttpClientConnectionOperator.connect(DefaultHttpClientConnectionOperator.java:159)
    at org.apache.http.impl.conn.PoolingHttpClientConnectionManager.connect(PoolingHttpClientConnectionManager.java:376)

2026-08-30T18:10:21.397446Z CRITICAL [PaymentWorker-19] payment_gateway.processor - Payment transaction tx_99712 failed with HTTP 502 Bad Gateway.
  Request Context: {"amount": 214, "currency": "USD", "gateway": "Stripe-v2", "attempt": 3}
  Exception: org.apache.http.conn.HttpHostConnectException: Connect to 10.244.2.45:8080 failed: Connection refused
    at org.apache.http.impl.conn.DefaultHttpClientConnectionOperator.connect(DefaultHttpClientConnectionOperator.java:159)
    at org.apache.http.impl.conn.PoolingHttpClientConnectionManager.connect(PoolingHttpClientConnectionManager.java:376)

2026-08-30T18:10:24.402536Z CRITICAL [PaymentWorker-79] payment_gateway.processor - Payment transaction tx_76181 failed with HTTP 502 Bad Gateway.
  Request Context: {"amount": 394, "currency": "USD", "gateway": "Stripe-v2", "attempt": 3}
  Exception: org.apache.http.conn.HttpHostConnectException: Connect to 10.244.2.45:8080 failed: Connection refused
    at org.apache.http.impl.conn.DefaultHttpClientConnectionOperator.connect(DefaultHttpClientConnectionOperator.java:159)
    at org.apache.http.impl.conn.PoolingHttpClientConnectionManager.connect(PoolingHttpClientConnectionManager.java:376)

2026-08-30T18:10:42.441678Z ERROR [KafkaConsumer-31] payment_gateway.kafka - Kafka Consumer Lag Critical: Topic 'payment-events' partition 1 lag is 47250.

2026-08-30T18:10:45.448306Z CRITICAL [PaymentWorker-83] payment_gateway.processor - Payment transaction tx_97090 failed with HTTP 502 Bad Gateway.
  Request Context: {"amount": 70, "currency": "USD", "gateway": "Stripe-v2", "attempt": 3}
  Exception: org.apache.http.conn.HttpHostConnectException: Connect to 10.244.2.45:8080 failed: Connection refused
    at org.apache.http.impl.conn.DefaultHttpClientConnectionOperator.connect(DefaultHttpClientConnectionOperator.java:159)
    at org.apache.http.impl.conn.PoolingHttpClientConnectionManager.connect(PoolingHttpClientConnectionManager.java:376)

2026-08-30T18:10:51.463200Z ERROR [KafkaConsumer-81] payment_gateway.kafka - Kafka Consumer Lag Critical: Topic 'payment-events' partition 0 lag is 59821.

2026-08-30T18:10:54.469509Z ERROR [KafkaConsumer-85] payment_gateway.kafka - Kafka Consumer Lag Critical: Topic 'payment-events' partition 2 lag is 61698.

2026-08-30T18:10:57.475844Z ERROR [KafkaConsumer-25] payment_gateway.kafka - Kafka Consumer Lag Critical: Topic 'payment-events' partition 1 lag is 66245.

2026-08-30T18:11:03.486667Z ERROR [KafkaConsumer-75] payment_gateway.kafka - Kafka Consumer Lag Critical: Topic 'payment-events' partition 2 lag is 75040.

2026-08-30T18:11:06.493550Z ERROR [KafkaConsumer-90] payment_gateway.kafka - Kafka Consumer Lag Critical: Topic 'payment-events' partition 2 lag is 75470.

2026-08-30T18:11:09.501072Z CRITICAL [PaymentWorker-62] payment_gateway.processor - Payment transaction tx_29360 failed with HTTP 502 Bad Gateway.
  Request Context: {"amount": 250, "currency": "USD", "gateway": "Stripe-v2", "attempt": 3}
  Exception: org.apache.http.conn.HttpHostConnectException: Connect to 10.244.2.45:8080 failed: Connection refused
    at org.apache.http.impl.conn.DefaultHttpClientConnectionOperator.connect(DefaultHttpClientConnectionOperator.java:159)
    at org.apache.http.impl.conn.PoolingHttpClientConnectionManager.connect(PoolingHttpClientConnectionManager.java:376)

2026-08-30T18:11:12.507931Z CRITICAL [PaymentWorker-51] payment_gateway.processor - Payment transaction tx_10883 failed with HTTP 502 Bad Gateway.
  Request Context: {"amount": 180, "currency": "USD", "gateway": "Stripe-v2", "attempt": 3}
  Exception: org.apache.http.conn.HttpHostConnectException: Connect to 10.244.2.45:8080 failed: Connection refused
    at org.apache.http.impl.conn.DefaultHttpClientConnectionOperator.connect(DefaultHttpClientConnectionOperator.java:159)
    at org.apache.http.impl.conn.PoolingHttpClientConnectionManager.connect(PoolingHttpClientConnectionManager.java:376)

2026-08-30T18:11:46.891138Z ERROR [KafkaConsumer-78] payment_gateway.kafka - Kafka Consumer Lag Critical: Topic 'payment-events' partition 2 lag is 75640.

2026-08-30T18:11:52.906640Z CRITICAL [PaymentWorker-60] payment_gateway.processor - Payment transaction tx_79282 failed with HTTP 502 Bad Gateway.
  Request Context: {"amount": 126, "currency": "USD", "gateway": "Stripe-v2", "attempt": 3}
  Exception: org.apache.http.conn.HttpHostConnectException: Connect to 10.244.2.45:8080 failed: Connection refused
    at org.apache.http.impl.conn.DefaultHttpClientConnectionOperator.connect(DefaultHttpClientConnectionOperator.java:159)
    at org.apache.http.impl.conn.PoolingHttpClientConnectionManager.connect(PoolingHttpClientConnectionManager.java:376)

2026-08-30T18:12:01.927433Z ERROR [KafkaConsumer-20] payment_gateway.kafka - Kafka Consumer Lag Critical: Topic 'payment-events' partition 1 lag is 66907.

2026-08-30T18:12:04.937578Z ERROR [KafkaConsumer-16] payment_gateway.kafka - Kafka Consumer Lag Critical: Topic 'payment-events' partition 1 lag is 58586.

2026-08-30T18:12:07.949166Z ERROR [KafkaConsumer-42] payment_gateway.kafka - Kafka Consumer Lag Critical: Topic 'payment-events' partition 3 lag is 68984.

2026-08-30T18:12:10.954749Z CRITICAL [PaymentWorker-62] payment_gateway.processor - Payment transaction tx_45737 failed with HTTP 502 Bad Gateway.
  Request Context: {"amount": 280, "currency": "USD", "gateway": "Stripe-v2", "attempt": 3}
  Exception: org.apache.http.conn.HttpHostConnectException: Connect to 10.244.2.45:8080 failed: Connection refused
    at org.apache.http.impl.conn.DefaultHttpClientConnectionOperator.connect(DefaultHttpClientConnectionOperator.java:159)
    at org.apache.http.impl.conn.PoolingHttpClientConnectionManager.connect(PoolingHttpClientConnectionManager.java:376)

2026-08-30T18:12:25.995152Z CRITICAL [PaymentWorker-73] payment_gateway.processor - Payment transaction tx_22873 failed with HTTP 502 Bad Gateway.
  Request Context: {"amount": 376, "currency": "USD", "gateway": "Stripe-v2", "attempt": 3}
  Exception: org.apache.http.conn.HttpHostConnectException: Connect to 10.244.2.45:8080 failed: Connection refused
    at org.apache.http.impl.conn.DefaultHttpClientConnectionOperator.connect(DefaultHttpClientConnectionOperator.java:159)
    at org.apache.http.impl.conn.PoolingHttpClientConnectionManager.connect(PoolingHttpClientConnectionManager.java:376)

2026-08-30T18:12:35.016929Z CRITICAL [PaymentWorker-66] payment_gateway.processor - Payment transaction tx_22179 failed with HTTP 502 Bad Gateway.
  Request Context: {"amount": 391, "currency": "USD", "gateway": "Stripe-v2", "attempt": 3}
  Exception: org.apache.http.conn.HttpHostConnectException: Connect to 10.244.2.45:8080 failed: Connection refused
    at org.apache.http.impl.conn.DefaultHttpClientConnectionOperator.connect(DefaultHttpClientConnectionOperator.java:159)
    at org.apache.http.impl.conn.PoolingHttpClientConnectionManager.connect(PoolingHttpClientConnectionManager.java:376)

2026-08-30T18:12:38.025536Z CRITICAL [PaymentWorker-65] payment_gateway.processor - Payment transaction tx_11098 failed with HTTP 502 Bad Gateway.
  Request Context: {"amount": 216, "currency": "USD", "gateway": "Stripe-v2", "attempt": 3}
  Exception: org.apache.http.conn.HttpHostConnectException: Connect to 10.244.2.45:8080 failed: Connection refused
    at org.apache.http.impl.conn.DefaultHttpClientConnectionOperator.connect(DefaultHttpClientConnectionOperator.java:159)
    at org.apache.http.impl.conn.PoolingHttpClientConnectionManager.connect(PoolingHttpClientConnectionManager.java:376)

2026-08-30T18:13:05.084617Z ERROR [KafkaConsumer-63] payment_gateway.kafka - Kafka Consumer Lag Critical: Topic 'payment-events' partition 3 lag is 51491.

2026-08-30T18:13:08.099491Z ERROR [KafkaConsumer-29] payment_gateway.kafka - Kafka Consumer Lag Critical: Topic 'payment-events' partition 2 lag is 50832.

2026-08-30T18:13:11.114492Z ERROR [KafkaConsumer-91] payment_gateway.kafka - Kafka Consumer Lag Critical: Topic 'payment-events' partition 0 lag is 65191.

2026-08-30T18:13:14.121391Z ERROR [KafkaConsumer-71] payment_gateway.kafka - Kafka Consumer Lag Critical: Topic 'payment-events' partition 0 lag is 58268.

2026-08-30T18:13:20.132558Z CRITICAL [PaymentWorker-25] payment_gateway.processor - Payment transaction tx_14928 failed with HTTP 502 Bad Gateway.
  Request Context: {"amount": 219, "currency": "USD", "gateway": "Stripe-v2", "attempt": 3}
  Exception: org.apache.http.conn.HttpHostConnectException: Connect to 10.244.2.45:8080 failed: Connection refused
    at org.apache.http.impl.conn.DefaultHttpClientConnectionOperator.connect(DefaultHttpClientConnectionOperator.java:159)
    at org.apache.http.impl.conn.PoolingHttpClientConnectionManager.connect(PoolingHttpClientConnectionManager.java:376)

2026-08-30T18:13:23.138127Z ERROR [KafkaConsumer-30] payment_gateway.kafka - Kafka Consumer Lag Critical: Topic 'payment-events' partition 1 lag is 62258.

2026-08-30T18:13:26.143512Z CRITICAL [PaymentWorker-95] payment_gateway.processor - Payment transaction tx_71719 failed with HTTP 502 Bad Gateway.
  Request Context: {"amount": 92, "currency": "USD", "gateway": "Stripe-v2", "attempt": 3}
  Exception: org.apache.http.conn.HttpHostConnectException: Connect to 10.244.2.45:8080 failed: Connection refused
    at org.apache.http.impl.conn.DefaultHttpClientConnectionOperator.connect(DefaultHttpClientConnectionOperator.java:159)
    at org.apache.http.impl.conn.PoolingHttpClientConnectionManager.connect(PoolingHttpClientConnectionManager.java:376)

2026-08-30T18:13:32.154344Z ERROR [KafkaConsumer-64] payment_gateway.kafka - Kafka Consumer Lag Critical: Topic 'payment-events' partition 2 lag is 64411.

2026-08-30T18:13:44.209714Z CRITICAL [PaymentWorker-57] payment_gateway.processor - Payment transaction tx_46861 failed with HTTP 502 Bad Gateway.
  Request Context: {"amount": 299, "currency": "USD", "gateway": "Stripe-v2", "attempt": 3}
  Exception: org.apache.http.conn.HttpHostConnectException: Connect to 10.244.2.45:8080 failed: Connection refused
    at org.apache.http.impl.conn.DefaultHttpClientConnectionOperator.connect(DefaultHttpClientConnectionOperator.java:159)
    at org.apache.http.impl.conn.PoolingHttpClientConnectionManager.connect(PoolingHttpClientConnectionManager.java:376)

2026-08-30T18:13:47.219539Z ERROR [KafkaConsumer-27] payment_gateway.kafka - Kafka Consumer Lag Critical: Topic 'payment-events' partition 2 lag is 45017.

2026-08-30T18:13:59.364284Z CRITICAL [PaymentWorker-57] payment_gateway.processor - Payment transaction tx_38879 failed with HTTP 502 Bad Gateway.
  Request Context: {"amount": 312, "currency": "USD", "gateway": "Stripe-v2", "attempt": 3}
  Exception: org.apache.http.conn.HttpHostConnectException: Connect to 10.244.2.45:8080 failed: Connection refused
    at org.apache.http.impl.conn.DefaultHttpClientConnectionOperator.connect(DefaultHttpClientConnectionOperator.java:159)
    at org.apache.http.impl.conn.PoolingHttpClientConnectionManager.connect(PoolingHttpClientConnectionManager.java:376)

2026-08-30T18:14:08.387400Z ERROR [KafkaConsumer-78] payment_gateway.kafka - Kafka Consumer Lag Critical: Topic 'payment-events' partition 2 lag is 46234.

2026-08-30T18:14:56.618660Z CRITICAL [PaymentWorker-75] payment_gateway.processor - Payment transaction tx_84841 failed with HTTP 502 Bad Gateway.
  Request Context: {"amount": 386, "currency": "USD", "gateway": "Stripe-v2", "attempt": 3}
  Exception: org.apache.http.conn.HttpHostConnectException: Connect to 10.244.2.45:8080 failed: Connection refused
    at org.apache.http.impl.conn.DefaultHttpClientConnectionOperator.connect(DefaultHttpClientConnectionOperator.java:159)
    at org.apache.http.impl.conn.PoolingHttpClientConnectionManager.connect(PoolingHttpClientConnectionManager.java:376)

2026-08-30T18:15:26.688614Z ERROR [KafkaConsumer-29] payment_gateway.kafka - Kafka Consumer Lag Critical: Topic 'payment-events' partition 1 lag is 71851.

2026-08-30T18:15:29.693703Z ERROR [KafkaConsumer-53] payment_gateway.kafka - Kafka Consumer Lag Critical: Topic 'payment-events' partition 1 lag is 45556.

2026-08-30T18:15:35.705085Z CRITICAL [PaymentWorker-47] payment_gateway.processor - Payment transaction tx_63914 failed with HTTP 502 Bad Gateway.
  Request Context: {"amount": 267, "currency": "USD", "gateway": "Stripe-v2", "attempt": 3}
  Exception: org.apache.http.conn.HttpHostConnectException: Connect to 10.244.2.45:8080 failed: Connection refused
    at org.apache.http.impl.conn.DefaultHttpClientConnectionOperator.connect(DefaultHttpClientConnectionOperator.java:159)
    at org.apache.http.impl.conn.PoolingHttpClientConnectionManager.connect(PoolingHttpClientConnectionManager.java:376)

2026-08-30T18:15:47.741035Z ERROR [KafkaConsumer-63] payment_gateway.kafka - Kafka Consumer Lag Critical: Topic 'payment-events' partition 3 lag is 41399.

2026-08-30T18:15:56.771231Z CRITICAL [PaymentWorker-49] payment_gateway.processor - Payment transaction tx_99991 failed with HTTP 502 Bad Gateway.
  Request Context: {"amount": 372, "currency": "USD", "gateway": "Stripe-v2", "attempt": 3}
  Exception: org.apache.http.conn.HttpHostConnectException: Connect to 10.244.2.45:8080 failed: Connection refused
    at org.apache.http.impl.conn.DefaultHttpClientConnectionOperator.connect(DefaultHttpClientConnectionOperator.java:159)
    at org.apache.http.impl.conn.PoolingHttpClientConnectionManager.connect(PoolingHttpClientConnectionManager.java:376)

2026-08-30T18:16:02.791186Z CRITICAL [PaymentWorker-13] payment_gateway.processor - Payment transaction tx_31554 failed with HTTP 502 Bad Gateway.
  Request Context: {"amount": 327, "currency": "USD", "gateway": "Stripe-v2", "attempt": 3}
  Exception: org.apache.http.conn.HttpHostConnectException: Connect to 10.244.2.45:8080 failed: Connection refused
    at org.apache.http.impl.conn.DefaultHttpClientConnectionOperator.connect(DefaultHttpClientConnectionOperator.java:159)
    at org.apache.http.impl.conn.PoolingHttpClientConnectionManager.connect(PoolingHttpClientConnectionManager.java:376)

2026-08-30T18:16:14.813730Z ERROR [KafkaConsumer-39] payment_gateway.kafka - Kafka Consumer Lag Critical: Topic 'payment-events' partition 3 lag is 60643.

2026-08-30T18:16:23.833372Z CRITICAL [PaymentWorker-96] payment_gateway.processor - Payment transaction tx_95579 failed with HTTP 502 Bad Gateway.
  Request Context: {"amount": 92, "currency": "USD", "gateway": "Stripe-v2", "attempt": 3}
  Exception: org.apache.http.conn.HttpHostConnectException: Connect to 10.244.2.45:8080 failed: Connection refused
    at org.apache.http.impl.conn.DefaultHttpClientConnectionOperator.connect(DefaultHttpClientConnectionOperator.java:159)
    at org.apache.http.impl.conn.PoolingHttpClientConnectionManager.connect(PoolingHttpClientConnectionManager.java:376)

2026-08-30T18:16:35.865107Z CRITICAL [PaymentWorker-84] payment_gateway.processor - Payment transaction tx_95762 failed with HTTP 502 Bad Gateway.
  Request Context: {"amount": 381, "currency": "USD", "gateway": "Stripe-v2", "attempt": 3}
  Exception: org.apache.http.conn.HttpHostConnectException: Connect to 10.244.2.45:8080 failed: Connection refused
    at org.apache.http.impl.conn.DefaultHttpClientConnectionOperator.connect(DefaultHttpClientConnectionOperator.java:159)
    at org.apache.http.impl.conn.PoolingHttpClientConnectionManager.connect(PoolingHttpClientConnectionManager.java:376)

2026-08-30T18:16:41.903734Z ERROR [KafkaConsumer-86] payment_gateway.kafka - Kafka Consumer Lag Critical: Topic 'payment-events' partition 0 lag is 59166.

2026-08-30T18:16:47.931564Z CRITICAL [PaymentWorker-18] payment_gateway.processor - Payment transaction tx_88006 failed with HTTP 502 Bad Gateway.
  Request Context: {"amount": 106, "currency": "USD", "gateway": "Stripe-v2", "attempt": 3}
  Exception: org.apache.http.conn.HttpHostConnectException: Connect to 10.244.2.45:8080 failed: Connection refused
    at org.apache.http.impl.conn.DefaultHttpClientConnectionOperator.connect(DefaultHttpClientConnectionOperator.java:159)
    at org.apache.http.impl.conn.PoolingHttpClientConnectionManager.connect(PoolingHttpClientConnectionManager.java:376)

2026-08-30T18:16:56.970171Z CRITICAL [PaymentWorker-68] payment_gateway.processor - Payment transaction tx_94727 failed with HTTP 502 Bad Gateway.
  Request Context: {"amount": 80, "currency": "USD", "gateway": "Stripe-v2", "attempt": 3}
  Exception: org.apache.http.conn.HttpHostConnectException: Connect to 10.244.2.45:8080 failed: Connection refused
    at org.apache.http.impl.conn.DefaultHttpClientConnectionOperator.connect(DefaultHttpClientConnectionOperator.java:159)
    at org.apache.http.impl.conn.PoolingHttpClientConnectionManager.connect(PoolingHttpClientConnectionManager.java:376)

2026-08-30T18:17:06.019069Z ERROR [KafkaConsumer-79] payment_gateway.kafka - Kafka Consumer Lag Critical: Topic 'payment-events' partition 2 lag is 57630.

2026-08-30T18:17:12.230066Z ERROR [KafkaConsumer-20] payment_gateway.kafka - Kafka Consumer Lag Critical: Topic 'payment-events' partition 2 lag is 58042.

2026-08-30T18:17:21.802283Z CRITICAL [PaymentWorker-92] payment_gateway.processor - Payment transaction tx_89094 failed with HTTP 502 Bad Gateway.
  Request Context: {"amount": 383, "currency": "USD", "gateway": "Stripe-v2", "attempt": 3}
  Exception: org.apache.http.conn.HttpHostConnectException: Connect to 10.244.2.45:8080 failed: Connection refused
    at org.apache.http.impl.conn.DefaultHttpClientConnectionOperator.connect(DefaultHttpClientConnectionOperator.java:159)
    at org.apache.http.impl.conn.PoolingHttpClientConnectionManager.connect(PoolingHttpClientConnectionManager.java:376)

2026-08-30T18:17:24.806899Z CRITICAL [PaymentWorker-65] payment_gateway.processor - Payment transaction tx_36333 failed with HTTP 502 Bad Gateway.
  Request Context: {"amount": 285, "currency": "USD", "gateway": "Stripe-v2", "attempt": 3}
  Exception: org.apache.http.conn.HttpHostConnectException: Connect to 10.244.2.45:8080 failed: Connection refused
    at org.apache.http.impl.conn.DefaultHttpClientConnectionOperator.connect(DefaultHttpClientConnectionOperator.java:159)
    at org.apache.http.impl.conn.PoolingHttpClientConnectionManager.connect(PoolingHttpClientConnectionManager.java:376)

2026-08-30T18:17:30.819567Z CRITICAL [PaymentWorker-58] payment_gateway.processor - Payment transaction tx_46925 failed with HTTP 502 Bad Gateway.
  Request Context: {"amount": 248, "currency": "USD", "gateway": "Stripe-v2", "attempt": 3}
  Exception: org.apache.http.conn.HttpHostConnectException: Connect to 10.244.2.45:8080 failed: Connection refused
    at org.apache.http.impl.conn.DefaultHttpClientConnectionOperator.connect(DefaultHttpClientConnectionOperator.java:159)
    at org.apache.http.impl.conn.PoolingHttpClientConnectionManager.connect(PoolingHttpClientConnectionManager.java:376)

2026-08-30T18:17:36.864253Z ERROR [KafkaConsumer-47] payment_gateway.kafka - Kafka Consumer Lag Critical: Topic 'payment-events' partition 2 lag is 74790.

2026-08-30T18:17:39.871363Z ERROR [KafkaConsumer-96] payment_gateway.kafka - Kafka Consumer Lag Critical: Topic 'payment-events' partition 2 lag is 73260.

2026-08-30T18:17:54.916292Z ERROR [KafkaConsumer-47] payment_gateway.kafka - Kafka Consumer Lag Critical: Topic 'payment-events' partition 0 lag is 62014.

2026-08-30T18:18:03.936589Z CRITICAL [PaymentWorker-42] payment_gateway.processor - Payment transaction tx_36431 failed with HTTP 502 Bad Gateway.
  Request Context: {"amount": 134, "currency": "USD", "gateway": "Stripe-v2", "attempt": 3}
  Exception: org.apache.http.conn.HttpHostConnectException: Connect to 10.244.2.45:8080 failed: Connection refused
    at org.apache.http.impl.conn.DefaultHttpClientConnectionOperator.connect(DefaultHttpClientConnectionOperator.java:159)
    at org.apache.http.impl.conn.PoolingHttpClientConnectionManager.connect(PoolingHttpClientConnectionManager.java:376)

2026-08-30T18:18:27.988159Z CRITICAL [PaymentWorker-75] payment_gateway.processor - Payment transaction tx_88296 failed with HTTP 502 Bad Gateway.
  Request Context: {"amount": 227, "currency": "USD", "gateway": "Stripe-v2", "attempt": 3}
  Exception: org.apache.http.conn.HttpHostConnectException: Connect to 10.244.2.45:8080 failed: Connection refused
    at org.apache.http.impl.conn.DefaultHttpClientConnectionOperator.connect(DefaultHttpClientConnectionOperator.java:159)
    at org.apache.http.impl.conn.PoolingHttpClientConnectionManager.connect(PoolingHttpClientConnectionManager.java:376)

2026-08-30T18:18:34.093311Z CRITICAL [PaymentWorker-89] payment_gateway.processor - Payment transaction tx_29499 failed with HTTP 502 Bad Gateway.
  Request Context: {"amount": 103, "currency": "USD", "gateway": "Stripe-v2", "attempt": 3}
  Exception: org.apache.http.conn.HttpHostConnectException: Connect to 10.244.2.45:8080 failed: Connection refused
    at org.apache.http.impl.conn.DefaultHttpClientConnectionOperator.connect(DefaultHttpClientConnectionOperator.java:159)
    at org.apache.http.impl.conn.PoolingHttpClientConnectionManager.connect(PoolingHttpClientConnectionManager.java:376)

2026-08-30T18:18:40.107719Z CRITICAL [PaymentWorker-84] payment_gateway.processor - Payment transaction tx_69785 failed with HTTP 502 Bad Gateway.
  Request Context: {"amount": 212, "currency": "USD", "gateway": "Stripe-v2", "attempt": 3}
  Exception: org.apache.http.conn.HttpHostConnectException: Connect to 10.244.2.45:8080 failed: Connection refused
    at org.apache.http.impl.conn.DefaultHttpClientConnectionOperator.connect(DefaultHttpClientConnectionOperator.java:159)
    at org.apache.http.impl.conn.PoolingHttpClientConnectionManager.connect(PoolingHttpClientConnectionManager.java:376)

2026-08-30T18:18:49.131459Z CRITICAL [PaymentWorker-68] payment_gateway.processor - Payment transaction tx_59518 failed with HTTP 502 Bad Gateway.
  Request Context: {"amount": 231, "currency": "USD", "gateway": "Stripe-v2", "attempt": 3}
  Exception: org.apache.http.conn.HttpHostConnectException: Connect to 10.244.2.45:8080 failed: Connection refused
    at org.apache.http.impl.conn.DefaultHttpClientConnectionOperator.connect(DefaultHttpClientConnectionOperator.java:159)
    at org.apache.http.impl.conn.PoolingHttpClientConnectionManager.connect(PoolingHttpClientConnectionManager.java:376)

2026-08-30T18:19:04.166076Z ERROR [KafkaConsumer-99] payment_gateway.kafka - Kafka Consumer Lag Critical: Topic 'payment-events' partition 0 lag is 54740.

2026-08-30T18:19:10.178977Z ERROR [KafkaConsumer-26] payment_gateway.kafka - Kafka Consumer Lag Critical: Topic 'payment-events' partition 3 lag is 44486.

2026-08-30T18:19:13.184679Z CRITICAL [PaymentWorker-83] payment_gateway.processor - Payment transaction tx_14498 failed with HTTP 502 Bad Gateway.
  Request Context: {"amount": 18, "currency": "USD", "gateway": "Stripe-v2", "attempt": 3}
  Exception: org.apache.http.conn.HttpHostConnectException: Connect to 10.244.2.45:8080 failed: Connection refused
    at org.apache.http.impl.conn.DefaultHttpClientConnectionOperator.connect(DefaultHttpClientConnectionOperator.java:159)
    at org.apache.http.impl.conn.PoolingHttpClientConnectionManager.connect(PoolingHttpClientConnectionManager.java:376)

2026-08-30T18:19:22.203663Z ERROR [KafkaConsumer-48] payment_gateway.kafka - Kafka Consumer Lag Critical: Topic 'payment-events' partition 1 lag is 74425.

2026-08-30T18:19:55.319132Z ERROR [KafkaConsumer-79] payment_gateway.kafka - Kafka Consumer Lag Critical: Topic 'payment-events' partition 0 lag is 48843.

2026-08-30T18:19:58.333324Z CRITICAL [PaymentWorker-76] payment_gateway.processor - Payment transaction tx_11596 failed with HTTP 502 Bad Gateway.
  Request Context: {"amount": 322, "currency": "USD", "gateway": "Stripe-v2", "attempt": 3}
  Exception: org.apache.http.conn.HttpHostConnectException: Connect to 10.244.2.45:8080 failed: Connection refused
    at org.apache.http.impl.conn.DefaultHttpClientConnectionOperator.connect(DefaultHttpClientConnectionOperator.java:159)
    at org.apache.http.impl.conn.PoolingHttpClientConnectionManager.connect(PoolingHttpClientConnectionManager.java:376)

2026-08-30T18:20:07.357916Z ERROR [KafkaConsumer-80] payment_gateway.kafka - Kafka Consumer Lag Critical: Topic 'payment-events' partition 3 lag is 53718.

2026-08-30T18:20:28.421397Z ERROR [KafkaConsumer-54] payment_gateway.kafka - Kafka Consumer Lag Critical: Topic 'payment-events' partition 3 lag is 76870.

2026-08-30T18:20:37.438083Z CRITICAL [PaymentWorker-77] payment_gateway.processor - Payment transaction tx_28938 failed with HTTP 502 Bad Gateway.
  Request Context: {"amount": 364, "currency": "USD", "gateway": "Stripe-v2", "attempt": 3}
  Exception: org.apache.http.conn.HttpHostConnectException: Connect to 10.244.2.45:8080 failed: Connection refused
    at org.apache.http.impl.conn.DefaultHttpClientConnectionOperator.connect(DefaultHttpClientConnectionOperator.java:159)
    at org.apache.http.impl.conn.PoolingHttpClientConnectionManager.connect(PoolingHttpClientConnectionManager.java:376)

2026-08-30T18:20:58.726036Z CRITICAL [PaymentWorker-33] payment_gateway.processor - Payment transaction tx_41418 failed with HTTP 502 Bad Gateway.
  Request Context: {"amount": 338, "currency": "USD", "gateway": "Stripe-v2", "attempt": 3}
  Exception: org.apache.http.conn.HttpHostConnectException: Connect to 10.244.2.45:8080 failed: Connection refused
    at org.apache.http.impl.conn.DefaultHttpClientConnectionOperator.connect(DefaultHttpClientConnectionOperator.java:159)
    at org.apache.http.impl.conn.PoolingHttpClientConnectionManager.connect(PoolingHttpClientConnectionManager.java:376)

2026-08-30T18:21:04.841953Z CRITICAL [PaymentWorker-91] payment_gateway.processor - Payment transaction tx_19137 failed with HTTP 502 Bad Gateway.
  Request Context: {"amount": 66, "currency": "USD", "gateway": "Stripe-v2", "attempt": 3}
  Exception: org.apache.http.conn.HttpHostConnectException: Connect to 10.244.2.45:8080 failed: Connection refused
    at org.apache.http.impl.conn.DefaultHttpClientConnectionOperator.connect(DefaultHttpClientConnectionOperator.java:159)
    at org.apache.http.impl.conn.PoolingHttpClientConnectionManager.connect(PoolingHttpClientConnectionManager.java:376)

2026-08-30T18:21:13.965605Z CRITICAL [PaymentWorker-24] payment_gateway.processor - Payment transaction tx_99986 failed with HTTP 502 Bad Gateway.
  Request Context: {"amount": 265, "currency": "USD", "gateway": "Stripe-v2", "attempt": 3}
  Exception: org.apache.http.conn.HttpHostConnectException: Connect to 10.244.2.45:8080 failed: Connection refused
    at org.apache.http.impl.conn.DefaultHttpClientConnectionOperator.connect(DefaultHttpClientConnectionOperator.java:159)
    at org.apache.http.impl.conn.PoolingHttpClientConnectionManager.connect(PoolingHttpClientConnectionManager.java:376)

2026-08-30T18:21:16.972342Z CRITICAL [PaymentWorker-89] payment_gateway.processor - Payment transaction tx_28873 failed with HTTP 502 Bad Gateway.
  Request Context: {"amount": 258, "currency": "USD", "gateway": "Stripe-v2", "attempt": 3}
  Exception: org.apache.http.conn.HttpHostConnectException: Connect to 10.244.2.45:8080 failed: Connection refused
    at org.apache.http.impl.conn.DefaultHttpClientConnectionOperator.connect(DefaultHttpClientConnectionOperator.java:159)
    at org.apache.http.impl.conn.PoolingHttpClientConnectionManager.connect(PoolingHttpClientConnectionManager.java:376)

2026-08-30T18:21:25.986271Z CRITICAL [PaymentWorker-33] payment_gateway.processor - Payment transaction tx_33731 failed with HTTP 502 Bad Gateway.
  Request Context: {"amount": 424, "currency": "USD", "gateway": "Stripe-v2", "attempt": 3}
  Exception: org.apache.http.conn.HttpHostConnectException: Connect to 10.244.2.45:8080 failed: Connection refused
    at org.apache.http.impl.conn.DefaultHttpClientConnectionOperator.connect(DefaultHttpClientConnectionOperator.java:159)
    at org.apache.http.impl.conn.PoolingHttpClientConnectionManager.connect(PoolingHttpClientConnectionManager.java:376)

2026-08-30T18:21:35.004695Z ERROR [KafkaConsumer-83] payment_gateway.kafka - Kafka Consumer Lag Critical: Topic 'payment-events' partition 1 lag is 56894.

2026-08-30T18:21:38.010116Z ERROR [KafkaConsumer-15] payment_gateway.kafka - Kafka Consumer Lag Critical: Topic 'payment-events' partition 2 lag is 40506.

2026-08-30T18:21:50.053767Z ERROR [KafkaConsumer-95] payment_gateway.kafka - Kafka Consumer Lag Critical: Topic 'payment-events' partition 1 lag is 54728.

2026-08-30T18:21:53.059532Z CRITICAL [PaymentWorker-50] payment_gateway.processor - Payment transaction tx_53390 failed with HTTP 502 Bad Gateway.
  Request Context: {"amount": 330, "currency": "USD", "gateway": "Stripe-v2", "attempt": 3}
  Exception: org.apache.http.conn.HttpHostConnectException: Connect to 10.244.2.45:8080 failed: Connection refused
    at org.apache.http.impl.conn.DefaultHttpClientConnectionOperator.connect(DefaultHttpClientConnectionOperator.java:159)
    at org.apache.http.impl.conn.PoolingHttpClientConnectionManager.connect(PoolingHttpClientConnectionManager.java:376)

2026-08-30T18:22:02.081146Z CRITICAL [PaymentWorker-62] payment_gateway.processor - Payment transaction tx_21942 failed with HTTP 502 Bad Gateway.
  Request Context: {"amount": 386, "currency": "USD", "gateway": "Stripe-v2", "attempt": 3}
  Exception: org.apache.http.conn.HttpHostConnectException: Connect to 10.244.2.45:8080 failed: Connection refused
    at org.apache.http.impl.conn.DefaultHttpClientConnectionOperator.connect(DefaultHttpClientConnectionOperator.java:159)
    at org.apache.http.impl.conn.PoolingHttpClientConnectionManager.connect(PoolingHttpClientConnectionManager.java:376)

2026-08-30T18:22:11.098328Z ERROR [KafkaConsumer-83] payment_gateway.kafka - Kafka Consumer Lag Critical: Topic 'payment-events' partition 3 lag is 76451.

2026-08-30T18:22:14.108418Z CRITICAL [PaymentWorker-44] payment_gateway.processor - Payment transaction tx_64097 failed with HTTP 502 Bad Gateway.
  Request Context: {"amount": 17, "currency": "USD", "gateway": "Stripe-v2", "attempt": 3}
  Exception: org.apache.http.conn.HttpHostConnectException: Connect to 10.244.2.45:8080 failed: Connection refused
    at org.apache.http.impl.conn.DefaultHttpClientConnectionOperator.connect(DefaultHttpClientConnectionOperator.java:159)
    at org.apache.http.impl.conn.PoolingHttpClientConnectionManager.connect(PoolingHttpClientConnectionManager.java:376)

2026-08-30T18:22:20.122906Z CRITICAL [PaymentWorker-63] payment_gateway.processor - Payment transaction tx_25044 failed with HTTP 502 Bad Gateway.
  Request Context: {"amount": 347, "currency": "USD", "gateway": "Stripe-v2", "attempt": 3}
  Exception: org.apache.http.conn.HttpHostConnectException: Connect to 10.244.2.45:8080 failed: Connection refused
    at org.apache.http.impl.conn.DefaultHttpClientConnectionOperator.connect(DefaultHttpClientConnectionOperator.java:159)
    at org.apache.http.impl.conn.PoolingHttpClientConnectionManager.connect(PoolingHttpClientConnectionManager.java:376)

2026-08-30T18:23:32.475176Z CRITICAL [PaymentWorker-23] payment_gateway.processor - Payment transaction tx_76745 failed with HTTP 502 Bad Gateway.
  Request Context: {"amount": 275, "currency": "USD", "gateway": "Stripe-v2", "attempt": 3}
  Exception: org.apache.http.conn.HttpHostConnectException: Connect to 10.244.2.45:8080 failed: Connection refused
    at org.apache.http.impl.conn.DefaultHttpClientConnectionOperator.connect(DefaultHttpClientConnectionOperator.java:159)
    at org.apache.http.impl.conn.PoolingHttpClientConnectionManager.connect(PoolingHttpClientConnectionManager.java:376)

2026-08-30T18:23:38.489661Z ERROR [KafkaConsumer-42] payment_gateway.kafka - Kafka Consumer Lag Critical: Topic 'payment-events' partition 0 lag is 57091.

2026-08-30T18:23:44.500126Z CRITICAL [PaymentWorker-51] payment_gateway.processor - Payment transaction tx_42885 failed with HTTP 502 Bad Gateway.
  Request Context: {"amount": 448, "currency": "USD", "gateway": "Stripe-v2", "attempt": 3}
  Exception: org.apache.http.conn.HttpHostConnectException: Connect to 10.244.2.45:8080 failed: Connection refused
    at org.apache.http.impl.conn.DefaultHttpClientConnectionOperator.connect(DefaultHttpClientConnectionOperator.java:159)
    at org.apache.http.impl.conn.PoolingHttpClientConnectionManager.connect(PoolingHttpClientConnectionManager.java:376)

2026-08-30T18:23:50.534917Z ERROR [KafkaConsumer-54] payment_gateway.kafka - Kafka Consumer Lag Critical: Topic 'payment-events' partition 3 lag is 70149.

2026-08-30T18:24:02.558793Z CRITICAL [PaymentWorker-38] payment_gateway.processor - Payment transaction tx_45197 failed with HTTP 502 Bad Gateway.
  Request Context: {"amount": 190, "currency": "USD", "gateway": "Stripe-v2", "attempt": 3}
  Exception: org.apache.http.conn.HttpHostConnectException: Connect to 10.244.2.45:8080 failed: Connection refused
    at org.apache.http.impl.conn.DefaultHttpClientConnectionOperator.connect(DefaultHttpClientConnectionOperator.java:159)
    at org.apache.http.impl.conn.PoolingHttpClientConnectionManager.connect(PoolingHttpClientConnectionManager.java:376)

2026-08-30T18:24:05.564154Z ERROR [KafkaConsumer-17] payment_gateway.kafka - Kafka Consumer Lag Critical: Topic 'payment-events' partition 3 lag is 40273.

2026-08-30T18:24:20.608266Z CRITICAL [PaymentWorker-25] payment_gateway.processor - Payment transaction tx_44586 failed with HTTP 502 Bad Gateway.
  Request Context: {"amount": 203, "currency": "USD", "gateway": "Stripe-v2", "attempt": 3}
  Exception: org.apache.http.conn.HttpHostConnectException: Connect to 10.244.2.45:8080 failed: Connection refused
    at org.apache.http.impl.conn.DefaultHttpClientConnectionOperator.connect(DefaultHttpClientConnectionOperator.java:159)
    at org.apache.http.impl.conn.PoolingHttpClientConnectionManager.connect(PoolingHttpClientConnectionManager.java:376)

2026-08-30T18:24:26.630763Z ERROR [KafkaConsumer-22] payment_gateway.kafka - Kafka Consumer Lag Critical: Topic 'payment-events' partition 3 lag is 68724.

2026-08-30T18:24:29.636463Z ERROR [KafkaConsumer-53] payment_gateway.kafka - Kafka Consumer Lag Critical: Topic 'payment-events' partition 1 lag is 75469.

2026-08-30T18:24:41.666841Z ERROR [KafkaConsumer-71] payment_gateway.kafka - Kafka Consumer Lag Critical: Topic 'payment-events' partition 1 lag is 47987.

2026-08-30T18:24:44.672111Z ERROR [KafkaConsumer-90] payment_gateway.kafka - Kafka Consumer Lag Critical: Topic 'payment-events' partition 2 lag is 44416.

2026-08-30T18:25:23.758225Z ERROR [KafkaConsumer-52] payment_gateway.kafka - Kafka Consumer Lag Critical: Topic 'payment-events' partition 3 lag is 61346.

2026-08-30T18:25:26.764184Z CRITICAL [PaymentWorker-63] payment_gateway.processor - Payment transaction tx_44250 failed with HTTP 502 Bad Gateway.
  Request Context: {"amount": 354, "currency": "USD", "gateway": "Stripe-v2", "attempt": 3}
  Exception: org.apache.http.conn.HttpHostConnectException: Connect to 10.244.2.45:8080 failed: Connection refused
    at org.apache.http.impl.conn.DefaultHttpClientConnectionOperator.connect(DefaultHttpClientConnectionOperator.java:159)
    at org.apache.http.impl.conn.PoolingHttpClientConnectionManager.connect(PoolingHttpClientConnectionManager.java:376)

2026-08-30T18:25:32.775477Z CRITICAL [PaymentWorker-39] payment_gateway.processor - Payment transaction tx_96278 failed with HTTP 502 Bad Gateway.
  Request Context: {"amount": 446, "currency": "USD", "gateway": "Stripe-v2", "attempt": 3}
  Exception: org.apache.http.conn.HttpHostConnectException: Connect to 10.244.2.45:8080 failed: Connection refused
    at org.apache.http.impl.conn.DefaultHttpClientConnectionOperator.connect(DefaultHttpClientConnectionOperator.java:159)
    at org.apache.http.impl.conn.PoolingHttpClientConnectionManager.connect(PoolingHttpClientConnectionManager.java:376)

2026-08-30T18:25:41.792994Z CRITICAL [PaymentWorker-80] payment_gateway.processor - Payment transaction tx_89402 failed with HTTP 502 Bad Gateway.
  Request Context: {"amount": 230, "currency": "USD", "gateway": "Stripe-v2", "attempt": 3}
  Exception: org.apache.http.conn.HttpHostConnectException: Connect to 10.244.2.45:8080 failed: Connection refused
    at org.apache.http.impl.conn.DefaultHttpClientConnectionOperator.connect(DefaultHttpClientConnectionOperator.java:159)
    at org.apache.http.impl.conn.PoolingHttpClientConnectionManager.connect(PoolingHttpClientConnectionManager.java:376)

2026-08-30T18:25:53.826837Z CRITICAL [PaymentWorker-19] payment_gateway.processor - Payment transaction tx_19646 failed with HTTP 502 Bad Gateway.
  Request Context: {"amount": 21, "currency": "USD", "gateway": "Stripe-v2", "attempt": 3}
  Exception: org.apache.http.conn.HttpHostConnectException: Connect to 10.244.2.45:8080 failed: Connection refused
    at org.apache.http.impl.conn.DefaultHttpClientConnectionOperator.connect(DefaultHttpClientConnectionOperator.java:159)
    at org.apache.http.impl.conn.PoolingHttpClientConnectionManager.connect(PoolingHttpClientConnectionManager.java:376)

2026-08-30T18:26:05.850862Z ERROR [KafkaConsumer-45] payment_gateway.kafka - Kafka Consumer Lag Critical: Topic 'payment-events' partition 1 lag is 45187.

2026-08-30T18:26:11.878465Z CRITICAL [PaymentWorker-90] payment_gateway.processor - Payment transaction tx_38345 failed with HTTP 502 Bad Gateway.
  Request Context: {"amount": 338, "currency": "USD", "gateway": "Stripe-v2", "attempt": 3}
  Exception: org.apache.http.conn.HttpHostConnectException: Connect to 10.244.2.45:8080 failed: Connection refused
    at org.apache.http.impl.conn.DefaultHttpClientConnectionOperator.connect(DefaultHttpClientConnectionOperator.java:159)
    at org.apache.http.impl.conn.PoolingHttpClientConnectionManager.connect(PoolingHttpClientConnectionManager.java:376)

2026-08-30T18:26:21.101230Z ERROR [KafkaConsumer-69] payment_gateway.kafka - Kafka Consumer Lag Critical: Topic 'payment-events' partition 1 lag is 73992.

2026-08-30T18:26:33.898913Z ERROR [KafkaConsumer-15] payment_gateway.kafka - Kafka Consumer Lag Critical: Topic 'payment-events' partition 3 lag is 53432.

2026-08-30T18:26:43.106826Z CRITICAL [PaymentWorker-86] payment_gateway.processor - Payment transaction tx_29397 failed with HTTP 502 Bad Gateway.
  Request Context: {"amount": 290, "currency": "USD", "gateway": "Stripe-v2", "attempt": 3}
  Exception: org.apache.http.conn.HttpHostConnectException: Connect to 10.244.2.45:8080 failed: Connection refused
    at org.apache.http.impl.conn.DefaultHttpClientConnectionOperator.connect(DefaultHttpClientConnectionOperator.java:159)
    at org.apache.http.impl.conn.PoolingHttpClientConnectionManager.connect(PoolingHttpClientConnectionManager.java:376)

2026-08-30T18:26:55.186104Z CRITICAL [PaymentWorker-85] payment_gateway.processor - Payment transaction tx_19039 failed with HTTP 502 Bad Gateway.
  Request Context: {"amount": 112, "currency": "USD", "gateway": "Stripe-v2", "attempt": 3}
  Exception: org.apache.http.conn.HttpHostConnectException: Connect to 10.244.2.45:8080 failed: Connection refused
    at org.apache.http.impl.conn.DefaultHttpClientConnectionOperator.connect(DefaultHttpClientConnectionOperator.java:159)
    at org.apache.http.impl.conn.PoolingHttpClientConnectionManager.connect(PoolingHttpClientConnectionManager.java:376)

2026-08-30T18:27:01.218329Z CRITICAL [PaymentWorker-67] payment_gateway.processor - Payment transaction tx_10957 failed with HTTP 502 Bad Gateway.
  Request Context: {"amount": 296, "currency": "USD", "gateway": "Stripe-v2", "attempt": 3}
  Exception: org.apache.http.conn.HttpHostConnectException: Connect to 10.244.2.45:8080 failed: Connection refused
    at org.apache.http.impl.conn.DefaultHttpClientConnectionOperator.connect(DefaultHttpClientConnectionOperator.java:159)
    at org.apache.http.impl.conn.PoolingHttpClientConnectionManager.connect(PoolingHttpClientConnectionManager.java:376)

2026-08-30T18:27:07.231858Z ERROR [KafkaConsumer-49] payment_gateway.kafka - Kafka Consumer Lag Critical: Topic 'payment-events' partition 0 lag is 78164.

2026-08-30T18:27:13.252112Z CRITICAL [PaymentWorker-60] payment_gateway.processor - Payment transaction tx_33981 failed with HTTP 502 Bad Gateway.
  Request Context: {"amount": 315, "currency": "USD", "gateway": "Stripe-v2", "attempt": 3}
  Exception: org.apache.http.conn.HttpHostConnectException: Connect to 10.244.2.45:8080 failed: Connection refused
    at org.apache.http.impl.conn.DefaultHttpClientConnectionOperator.connect(DefaultHttpClientConnectionOperator.java:159)
    at org.apache.http.impl.conn.PoolingHttpClientConnectionManager.connect(PoolingHttpClientConnectionManager.java:376)

2026-08-30T18:27:19.267319Z ERROR [KafkaConsumer-98] payment_gateway.kafka - Kafka Consumer Lag Critical: Topic 'payment-events' partition 2 lag is 42832.

2026-08-30T18:27:25.280281Z ERROR [KafkaConsumer-30] payment_gateway.kafka - Kafka Consumer Lag Critical: Topic 'payment-events' partition 2 lag is 54975.

2026-08-30T18:27:28.295052Z CRITICAL [PaymentWorker-49] payment_gateway.processor - Payment transaction tx_19974 failed with HTTP 502 Bad Gateway.
  Request Context: {"amount": 389, "currency": "USD", "gateway": "Stripe-v2", "attempt": 3}
  Exception: org.apache.http.conn.HttpHostConnectException: Connect to 10.244.2.45:8080 failed: Connection refused
    at org.apache.http.impl.conn.DefaultHttpClientConnectionOperator.connect(DefaultHttpClientConnectionOperator.java:159)
    at org.apache.http.impl.conn.PoolingHttpClientConnectionManager.connect(PoolingHttpClientConnectionManager.java:376)

2026-08-30T18:27:37.317955Z ERROR [KafkaConsumer-92] payment_gateway.kafka - Kafka Consumer Lag Critical: Topic 'payment-events' partition 2 lag is 53317.

2026-08-30T18:27:46.341311Z ERROR [KafkaConsumer-48] payment_gateway.kafka - Kafka Consumer Lag Critical: Topic 'payment-events' partition 1 lag is 71245.

2026-08-30T18:27:58.374534Z ERROR [KafkaConsumer-23] payment_gateway.kafka - Kafka Consumer Lag Critical: Topic 'payment-events' partition 2 lag is 56962.

2026-08-30T18:28:01.379889Z ERROR [KafkaConsumer-80] payment_gateway.kafka - Kafka Consumer Lag Critical: Topic 'payment-events' partition 0 lag is 75423.

2026-08-30T18:28:04.386179Z CRITICAL [PaymentWorker-40] payment_gateway.processor - Payment transaction tx_45061 failed with HTTP 502 Bad Gateway.
  Request Context: {"amount": 442, "currency": "USD", "gateway": "Stripe-v2", "attempt": 3}
  Exception: org.apache.http.conn.HttpHostConnectException: Connect to 10.244.2.45:8080 failed: Connection refused
    at org.apache.http.impl.conn.DefaultHttpClientConnectionOperator.connect(DefaultHttpClientConnectionOperator.java:159)
    at org.apache.http.impl.conn.PoolingHttpClientConnectionManager.connect(PoolingHttpClientConnectionManager.java:376)

2026-08-30T18:28:07.394521Z ERROR [KafkaConsumer-93] payment_gateway.kafka - Kafka Consumer Lag Critical: Topic 'payment-events' partition 0 lag is 43234.

2026-08-30T18:28:19.418507Z CRITICAL [PaymentWorker-72] payment_gateway.processor - Payment transaction tx_18901 failed with HTTP 502 Bad Gateway.
  Request Context: {"amount": 121, "currency": "USD", "gateway": "Stripe-v2", "attempt": 3}
  Exception: org.apache.http.conn.HttpHostConnectException: Connect to 10.244.2.45:8080 failed: Connection refused
    at org.apache.http.impl.conn.DefaultHttpClientConnectionOperator.connect(DefaultHttpClientConnectionOperator.java:159)
    at org.apache.http.impl.conn.PoolingHttpClientConnectionManager.connect(PoolingHttpClientConnectionManager.java:376)

2026-08-30T18:28:46.473513Z CRITICAL [PaymentWorker-23] payment_gateway.processor - Payment transaction tx_79806 failed with HTTP 502 Bad Gateway.
  Request Context: {"amount": 349, "currency": "USD", "gateway": "Stripe-v2", "attempt": 3}
  Exception: org.apache.http.conn.HttpHostConnectException: Connect to 10.244.2.45:8080 failed: Connection refused
    at org.apache.http.impl.conn.DefaultHttpClientConnectionOperator.connect(DefaultHttpClientConnectionOperator.java:159)
    at org.apache.http.impl.conn.PoolingHttpClientConnectionManager.connect(PoolingHttpClientConnectionManager.java:376)

2026-08-30T18:28:55.499273Z CRITICAL [PaymentWorker-99] payment_gateway.processor - Payment transaction tx_39659 failed with HTTP 502 Bad Gateway.
  Request Context: {"amount": 131, "currency": "USD", "gateway": "Stripe-v2", "attempt": 3}
  Exception: org.apache.http.conn.HttpHostConnectException: Connect to 10.244.2.45:8080 failed: Connection refused
    at org.apache.http.impl.conn.DefaultHttpClientConnectionOperator.connect(DefaultHttpClientConnectionOperator.java:159)
    at org.apache.http.impl.conn.PoolingHttpClientConnectionManager.connect(PoolingHttpClientConnectionManager.java:376)

2026-08-30T18:29:19.564964Z CRITICAL [PaymentWorker-70] payment_gateway.processor - Payment transaction tx_24478 failed with HTTP 502 Bad Gateway.
  Request Context: {"amount": 193, "currency": "USD", "gateway": "Stripe-v2", "attempt": 3}
  Exception: org.apache.http.conn.HttpHostConnectException: Connect to 10.244.2.45:8080 failed: Connection refused
    at org.apache.http.impl.conn.DefaultHttpClientConnectionOperator.connect(DefaultHttpClientConnectionOperator.java:159)
    at org.apache.http.impl.conn.PoolingHttpClientConnectionManager.connect(PoolingHttpClientConnectionManager.java:376)

2026-08-30T18:29:25.579575Z CRITICAL [PaymentWorker-12] payment_gateway.processor - Payment transaction tx_49978 failed with HTTP 502 Bad Gateway.
  Request Context: {"amount": 86, "currency": "USD", "gateway": "Stripe-v2", "attempt": 3}
  Exception: org.apache.http.conn.HttpHostConnectException: Connect to 10.244.2.45:8080 failed: Connection refused
    at org.apache.http.impl.conn.DefaultHttpClientConnectionOperator.connect(DefaultHttpClientConnectionOperator.java:159)
    at org.apache.http.impl.conn.PoolingHttpClientConnectionManager.connect(PoolingHttpClientConnectionManager.java:376)

2026-08-30T18:29:28.586300Z ERROR [KafkaConsumer-93] payment_gateway.kafka - Kafka Consumer Lag Critical: Topic 'payment-events' partition 0 lag is 61701.

2026-08-30T18:29:31.592256Z ERROR [KafkaConsumer-11] payment_gateway.kafka - Kafka Consumer Lag Critical: Topic 'payment-events' partition 1 lag is 70627.

2026-08-30T18:29:34.598638Z ERROR [KafkaConsumer-31] payment_gateway.kafka - Kafka Consumer Lag Critical: Topic 'payment-events' partition 0 lag is 42948.

2026-08-30T18:29:37.606239Z ERROR [KafkaConsumer-32] payment_gateway.kafka - Kafka Consumer Lag Critical: Topic 'payment-events' partition 3 lag is 65969.

2026-08-30T18:29:43.618573Z CRITICAL [PaymentWorker-21] payment_gateway.processor - Payment transaction tx_60185 failed with HTTP 502 Bad Gateway.
  Request Context: {"amount": 497, "currency": "USD", "gateway": "Stripe-v2", "attempt": 3}
  Exception: org.apache.http.conn.HttpHostConnectException: Connect to 10.244.2.45:8080 failed: Connection refused
    at org.apache.http.impl.conn.DefaultHttpClientConnectionOperator.connect(DefaultHttpClientConnectionOperator.java:159)
    at org.apache.http.impl.conn.PoolingHttpClientConnectionManager.connect(PoolingHttpClientConnectionManager.java:376)

2026-08-30T18:29:52.648738Z ERROR [KafkaConsumer-21] payment_gateway.kafka - Kafka Consumer Lag Critical: Topic 'payment-events' partition 0 lag is 61168.

2026-08-30T18:30:01.667353Z ERROR [KafkaConsumer-29] payment_gateway.kafka - Kafka Consumer Lag Critical: Topic 'payment-events' partition 3 lag is 41001.

2026-08-30T18:30:04.673841Z CRITICAL [PaymentWorker-21] payment_gateway.processor - Payment transaction tx_35315 failed with HTTP 502 Bad Gateway.
  Request Context: {"amount": 101, "currency": "USD", "gateway": "Stripe-v2", "attempt": 3}
  Exception: org.apache.http.conn.HttpHostConnectException: Connect to 10.244.2.45:8080 failed: Connection refused
    at org.apache.http.impl.conn.DefaultHttpClientConnectionOperator.connect(DefaultHttpClientConnectionOperator.java:159)
    at org.apache.http.impl.conn.PoolingHttpClientConnectionManager.connect(PoolingHttpClientConnectionManager.java:376)

2026-08-30T18:30:13.690553Z ERROR [KafkaConsumer-24] payment_gateway.kafka - Kafka Consumer Lag Critical: Topic 'payment-events' partition 3 lag is 66101.

2026-08-30T18:30:16.697645Z ERROR [KafkaConsumer-63] payment_gateway.kafka - Kafka Consumer Lag Critical: Topic 'payment-events' partition 0 lag is 73171.

2026-08-30T18:30:25.721869Z CRITICAL [PaymentWorker-63] payment_gateway.processor - Payment transaction tx_82173 failed with HTTP 502 Bad Gateway.
  Request Context: {"amount": 19, "currency": "USD", "gateway": "Stripe-v2", "attempt": 3}
  Exception: org.apache.http.conn.HttpHostConnectException: Connect to 10.244.2.45:8080 failed: Connection refused
    at org.apache.http.impl.conn.DefaultHttpClientConnectionOperator.connect(DefaultHttpClientConnectionOperator.java:159)
    at org.apache.http.impl.conn.PoolingHttpClientConnectionManager.connect(PoolingHttpClientConnectionManager.java:376)

2026-08-30T18:30:46.762326Z ERROR [KafkaConsumer-84] payment_gateway.kafka - Kafka Consumer Lag Critical: Topic 'payment-events' partition 2 lag is 78676.

2026-08-30T18:30:52.778729Z ERROR [KafkaConsumer-37] payment_gateway.kafka - Kafka Consumer Lag Critical: Topic 'payment-events' partition 0 lag is 73229.

2026-08-30T18:31:04.804912Z CRITICAL [PaymentWorker-24] payment_gateway.processor - Payment transaction tx_34081 failed with HTTP 502 Bad Gateway.
  Request Context: {"amount": 367, "currency": "USD", "gateway": "Stripe-v2", "attempt": 3}
  Exception: org.apache.http.conn.HttpHostConnectException: Connect to 10.244.2.45:8080 failed: Connection refused
    at org.apache.http.impl.conn.DefaultHttpClientConnectionOperator.connect(DefaultHttpClientConnectionOperator.java:159)
    at org.apache.http.impl.conn.PoolingHttpClientConnectionManager.connect(PoolingHttpClientConnectionManager.java:376)

2026-08-30T18:31:10.816192Z ERROR [KafkaConsumer-30] payment_gateway.kafka - Kafka Consumer Lag Critical: Topic 'payment-events' partition 2 lag is 76386.

2026-08-30T18:31:19.832467Z CRITICAL [PaymentWorker-42] payment_gateway.processor - Payment transaction tx_72552 failed with HTTP 502 Bad Gateway.
  Request Context: {"amount": 333, "currency": "USD", "gateway": "Stripe-v2", "attempt": 3}
  Exception: org.apache.http.conn.HttpHostConnectException: Connect to 10.244.2.45:8080 failed: Connection refused
    at org.apache.http.impl.conn.DefaultHttpClientConnectionOperator.connect(DefaultHttpClientConnectionOperator.java:159)
    at org.apache.http.impl.conn.PoolingHttpClientConnectionManager.connect(PoolingHttpClientConnectionManager.java:376)

2026-08-30T18:31:25.846185Z CRITICAL [PaymentWorker-42] payment_gateway.processor - Payment transaction tx_78603 failed with HTTP 502 Bad Gateway.
  Request Context: {"amount": 487, "currency": "USD", "gateway": "Stripe-v2", "attempt": 3}
  Exception: org.apache.http.conn.HttpHostConnectException: Connect to 10.244.2.45:8080 failed: Connection refused
    at org.apache.http.impl.conn.DefaultHttpClientConnectionOperator.connect(DefaultHttpClientConnectionOperator.java:159)
    at org.apache.http.impl.conn.PoolingHttpClientConnectionManager.connect(PoolingHttpClientConnectionManager.java:376)

2026-08-30T18:31:28.851632Z CRITICAL [PaymentWorker-57] payment_gateway.processor - Payment transaction tx_12216 failed with HTTP 502 Bad Gateway.
  Request Context: {"amount": 232, "currency": "USD", "gateway": "Stripe-v2", "attempt": 3}
  Exception: org.apache.http.conn.HttpHostConnectException: Connect to 10.244.2.45:8080 failed: Connection refused
    at org.apache.http.impl.conn.DefaultHttpClientConnectionOperator.connect(DefaultHttpClientConnectionOperator.java:159)
    at org.apache.http.impl.conn.PoolingHttpClientConnectionManager.connect(PoolingHttpClientConnectionManager.java:376)

2026-08-30T18:31:37.870609Z ERROR [KafkaConsumer-18] payment_gateway.kafka - Kafka Consumer Lag Critical: Topic 'payment-events' partition 2 lag is 61137.

2026-08-30T18:31:52.900200Z ERROR [KafkaConsumer-93] payment_gateway.kafka - Kafka Consumer Lag Critical: Topic 'payment-events' partition 0 lag is 69068.

2026-08-30T18:31:55.905105Z CRITICAL [PaymentWorker-33] payment_gateway.processor - Payment transaction tx_77707 failed with HTTP 502 Bad Gateway.
  Request Context: {"amount": 330, "currency": "USD", "gateway": "Stripe-v2", "attempt": 3}
  Exception: org.apache.http.conn.HttpHostConnectException: Connect to 10.244.2.45:8080 failed: Connection refused
    at org.apache.http.impl.conn.DefaultHttpClientConnectionOperator.connect(DefaultHttpClientConnectionOperator.java:159)
    at org.apache.http.impl.conn.PoolingHttpClientConnectionManager.connect(PoolingHttpClientConnectionManager.java:376)

2026-08-30T18:32:04.936664Z CRITICAL [PaymentWorker-46] payment_gateway.processor - Payment transaction tx_99004 failed with HTTP 502 Bad Gateway.
  Request Context: {"amount": 372, "currency": "USD", "gateway": "Stripe-v2", "attempt": 3}
  Exception: org.apache.http.conn.HttpHostConnectException: Connect to 10.244.2.45:8080 failed: Connection refused
    at org.apache.http.impl.conn.DefaultHttpClientConnectionOperator.connect(DefaultHttpClientConnectionOperator.java:159)
    at org.apache.http.impl.conn.PoolingHttpClientConnectionManager.connect(PoolingHttpClientConnectionManager.java:376)

2026-08-30T18:32:19.973227Z CRITICAL [PaymentWorker-40] payment_gateway.processor - Payment transaction tx_10117 failed with HTTP 502 Bad Gateway.
  Request Context: {"amount": 285, "currency": "USD", "gateway": "Stripe-v2", "attempt": 3}
  Exception: org.apache.http.conn.HttpHostConnectException: Connect to 10.244.2.45:8080 failed: Connection refused
    at org.apache.http.impl.conn.DefaultHttpClientConnectionOperator.connect(DefaultHttpClientConnectionOperator.java:159)
    at org.apache.http.impl.conn.PoolingHttpClientConnectionManager.connect(PoolingHttpClientConnectionManager.java:376)

2026-08-30T18:32:22.980572Z CRITICAL [PaymentWorker-74] payment_gateway.processor - Payment transaction tx_78910 failed with HTTP 502 Bad Gateway.
  Request Context: {"amount": 471, "currency": "USD", "gateway": "Stripe-v2", "attempt": 3}
  Exception: org.apache.http.conn.HttpHostConnectException: Connect to 10.244.2.45:8080 failed: Connection refused
    at org.apache.http.impl.conn.DefaultHttpClientConnectionOperator.connect(DefaultHttpClientConnectionOperator.java:159)
    at org.apache.http.impl.conn.PoolingHttpClientConnectionManager.connect(PoolingHttpClientConnectionManager.java:376)

2026-08-30T18:32:35.004241Z CRITICAL [PaymentWorker-78] payment_gateway.processor - Payment transaction tx_12057 failed with HTTP 502 Bad Gateway.
  Request Context: {"amount": 365, "currency": "USD", "gateway": "Stripe-v2", "attempt": 3}
  Exception: org.apache.http.conn.HttpHostConnectException: Connect to 10.244.2.45:8080 failed: Connection refused
    at org.apache.http.impl.conn.DefaultHttpClientConnectionOperator.connect(DefaultHttpClientConnectionOperator.java:159)
    at org.apache.http.impl.conn.PoolingHttpClientConnectionManager.connect(PoolingHttpClientConnectionManager.java:376)

2026-08-30T18:32:56.051710Z ERROR [KafkaConsumer-69] payment_gateway.kafka - Kafka Consumer Lag Critical: Topic 'payment-events' partition 2 lag is 74926.

2026-08-30T18:33:05.069598Z ERROR [KafkaConsumer-87] payment_gateway.kafka - Kafka Consumer Lag Critical: Topic 'payment-events' partition 1 lag is 40194.

2026-08-30T18:33:08.076348Z ERROR [KafkaConsumer-92] payment_gateway.kafka - Kafka Consumer Lag Critical: Topic 'payment-events' partition 1 lag is 70623.

2026-08-30T18:33:20.103622Z ERROR [KafkaConsumer-97] payment_gateway.kafka - Kafka Consumer Lag Critical: Topic 'payment-events' partition 0 lag is 53258.

2026-08-30T18:33:23.120925Z ERROR [KafkaConsumer-56] payment_gateway.kafka - Kafka Consumer Lag Critical: Topic 'payment-events' partition 2 lag is 70164.

2026-08-30T18:33:26.125854Z ERROR [KafkaConsumer-58] payment_gateway.kafka - Kafka Consumer Lag Critical: Topic 'payment-events' partition 0 lag is 71097.

2026-08-30T18:33:38.157535Z CRITICAL [PaymentWorker-25] payment_gateway.processor - Payment transaction tx_98088 failed with HTTP 502 Bad Gateway.
  Request Context: {"amount": 256, "currency": "USD", "gateway": "Stripe-v2", "attempt": 3}
  Exception: org.apache.http.conn.HttpHostConnectException: Connect to 10.244.2.45:8080 failed: Connection refused
    at org.apache.http.impl.conn.DefaultHttpClientConnectionOperator.connect(DefaultHttpClientConnectionOperator.java:159)
    at org.apache.http.impl.conn.PoolingHttpClientConnectionManager.connect(PoolingHttpClientConnectionManager.java:376)

2026-08-30T18:33:41.163169Z CRITICAL [PaymentWorker-88] payment_gateway.processor - Payment transaction tx_79965 failed with HTTP 502 Bad Gateway.
  Request Context: {"amount": 439, "currency": "USD", "gateway": "Stripe-v2", "attempt": 3}
  Exception: org.apache.http.conn.HttpHostConnectException: Connect to 10.244.2.45:8080 failed: Connection refused
    at org.apache.http.impl.conn.DefaultHttpClientConnectionOperator.connect(DefaultHttpClientConnectionOperator.java:159)
    at org.apache.http.impl.conn.PoolingHttpClientConnectionManager.connect(PoolingHttpClientConnectionManager.java:376)

2026-08-30T18:33:44.170610Z ERROR [KafkaConsumer-46] payment_gateway.kafka - Kafka Consumer Lag Critical: Topic 'payment-events' partition 2 lag is 48406.

2026-08-30T18:33:56.200665Z CRITICAL [PaymentWorker-16] payment_gateway.processor - Payment transaction tx_41452 failed with HTTP 502 Bad Gateway.
  Request Context: {"amount": 13, "currency": "USD", "gateway": "Stripe-v2", "attempt": 3}
  Exception: org.apache.http.conn.HttpHostConnectException: Connect to 10.244.2.45:8080 failed: Connection refused
    at org.apache.http.impl.conn.DefaultHttpClientConnectionOperator.connect(DefaultHttpClientConnectionOperator.java:159)
    at org.apache.http.impl.conn.PoolingHttpClientConnectionManager.connect(PoolingHttpClientConnectionManager.java:376)

2026-08-30T18:34:08.227933Z CRITICAL [PaymentWorker-87] payment_gateway.processor - Payment transaction tx_73626 failed with HTTP 502 Bad Gateway.
  Request Context: {"amount": 334, "currency": "USD", "gateway": "Stripe-v2", "attempt": 3}
  Exception: org.apache.http.conn.HttpHostConnectException: Connect to 10.244.2.45:8080 failed: Connection refused
    at org.apache.http.impl.conn.DefaultHttpClientConnectionOperator.connect(DefaultHttpClientConnectionOperator.java:159)
    at org.apache.http.impl.conn.PoolingHttpClientConnectionManager.connect(PoolingHttpClientConnectionManager.java:376)

2026-08-30T18:34:23.257393Z CRITICAL [PaymentWorker-82] payment_gateway.processor - Payment transaction tx_94443 failed with HTTP 502 Bad Gateway.
  Request Context: {"amount": 168, "currency": "USD", "gateway": "Stripe-v2", "attempt": 3}
  Exception: org.apache.http.conn.HttpHostConnectException: Connect to 10.244.2.45:8080 failed: Connection refused
    at org.apache.http.impl.conn.DefaultHttpClientConnectionOperator.connect(DefaultHttpClientConnectionOperator.java:159)
    at org.apache.http.impl.conn.PoolingHttpClientConnectionManager.connect(PoolingHttpClientConnectionManager.java:376)

2026-08-30T18:34:38.295143Z CRITICAL [PaymentWorker-11] payment_gateway.processor - Payment transaction tx_83670 failed with HTTP 502 Bad Gateway.
  Request Context: {"amount": 438, "currency": "USD", "gateway": "Stripe-v2", "attempt": 3}
  Exception: org.apache.http.conn.HttpHostConnectException: Connect to 10.244.2.45:8080 failed: Connection refused
    at org.apache.http.impl.conn.DefaultHttpClientConnectionOperator.connect(DefaultHttpClientConnectionOperator.java:159)
    at org.apache.http.impl.conn.PoolingHttpClientConnectionManager.connect(PoolingHttpClientConnectionManager.java:376)

2026-08-30T18:34:59.340130Z CRITICAL [PaymentWorker-44] payment_gateway.processor - Payment transaction tx_42914 failed with HTTP 502 Bad Gateway.
  Request Context: {"amount": 317, "currency": "USD", "gateway": "Stripe-v2", "attempt": 3}
  Exception: org.apache.http.conn.HttpHostConnectException: Connect to 10.244.2.45:8080 failed: Connection refused
    at org.apache.http.impl.conn.DefaultHttpClientConnectionOperator.connect(DefaultHttpClientConnectionOperator.java:159)
    at org.apache.http.impl.conn.PoolingHttpClientConnectionManager.connect(PoolingHttpClientConnectionManager.java:376)

2026-08-30T18:35:02.346570Z ERROR [KafkaConsumer-45] payment_gateway.kafka - Kafka Consumer Lag Critical: Topic 'payment-events' partition 3 lag is 47347.

2026-08-30T18:35:05.352850Z ERROR [KafkaConsumer-75] payment_gateway.kafka - Kafka Consumer Lag Critical: Topic 'payment-events' partition 2 lag is 60353.

2026-08-30T18:35:08.360291Z CRITICAL [PaymentWorker-14] payment_gateway.processor - Payment transaction tx_61098 failed with HTTP 502 Bad Gateway.
  Request Context: {"amount": 271, "currency": "USD", "gateway": "Stripe-v2", "attempt": 3}
  Exception: org.apache.http.conn.HttpHostConnectException: Connect to 10.244.2.45:8080 failed: Connection refused
    at org.apache.http.impl.conn.DefaultHttpClientConnectionOperator.connect(DefaultHttpClientConnectionOperator.java:159)
    at org.apache.http.impl.conn.PoolingHttpClientConnectionManager.connect(PoolingHttpClientConnectionManager.java:376)

2026-08-30T18:35:11.365374Z ERROR [KafkaConsumer-42] payment_gateway.kafka - Kafka Consumer Lag Critical: Topic 'payment-events' partition 2 lag is 43092.

2026-08-30T18:35:29.404437Z ERROR [KafkaConsumer-27] payment_gateway.kafka - Kafka Consumer Lag Critical: Topic 'payment-events' partition 1 lag is 49402.

2026-08-30T18:35:38.421978Z ERROR [KafkaConsumer-40] payment_gateway.kafka - Kafka Consumer Lag Critical: Topic 'payment-events' partition 1 lag is 40497.

2026-08-30T18:35:47.439400Z ERROR [KafkaConsumer-28] payment_gateway.kafka - Kafka Consumer Lag Critical: Topic 'payment-events' partition 3 lag is 56410.

2026-08-30T18:35:50.444529Z ERROR [KafkaConsumer-70] payment_gateway.kafka - Kafka Consumer Lag Critical: Topic 'payment-events' partition 0 lag is 55952.

2026-08-30T18:35:53.452280Z ERROR [KafkaConsumer-17] payment_gateway.kafka - Kafka Consumer Lag Critical: Topic 'payment-events' partition 0 lag is 77081.

2026-08-30T18:36:20.523947Z ERROR [KafkaConsumer-74] payment_gateway.kafka - Kafka Consumer Lag Critical: Topic 'payment-events' partition 1 lag is 70711.

2026-08-30T18:36:38.558430Z CRITICAL [PaymentWorker-73] payment_gateway.processor - Payment transaction tx_83491 failed with HTTP 502 Bad Gateway.
  Request Context: {"amount": 237, "currency": "USD", "gateway": "Stripe-v2", "attempt": 3}
  Exception: org.apache.http.conn.HttpHostConnectException: Connect to 10.244.2.45:8080 failed: Connection refused
    at org.apache.http.impl.conn.DefaultHttpClientConnectionOperator.connect(DefaultHttpClientConnectionOperator.java:159)
    at org.apache.http.impl.conn.PoolingHttpClientConnectionManager.connect(PoolingHttpClientConnectionManager.java:376)

2026-08-30T18:36:44.569828Z CRITICAL [PaymentWorker-90] payment_gateway.processor - Payment transaction tx_49390 failed with HTTP 502 Bad Gateway.
  Request Context: {"amount": 387, "currency": "USD", "gateway": "Stripe-v2", "attempt": 3}
  Exception: org.apache.http.conn.HttpHostConnectException: Connect to 10.244.2.45:8080 failed: Connection refused
    at org.apache.http.impl.conn.DefaultHttpClientConnectionOperator.connect(DefaultHttpClientConnectionOperator.java:159)
    at org.apache.http.impl.conn.PoolingHttpClientConnectionManager.connect(PoolingHttpClientConnectionManager.java:376)

2026-08-30T18:36:47.576631Z CRITICAL [PaymentWorker-65] payment_gateway.processor - Payment transaction tx_87783 failed with HTTP 502 Bad Gateway.
  Request Context: {"amount": 321, "currency": "USD", "gateway": "Stripe-v2", "attempt": 3}
  Exception: org.apache.http.conn.HttpHostConnectException: Connect to 10.244.2.45:8080 failed: Connection refused
    at org.apache.http.impl.conn.DefaultHttpClientConnectionOperator.connect(DefaultHttpClientConnectionOperator.java:159)
    at org.apache.http.impl.conn.PoolingHttpClientConnectionManager.connect(PoolingHttpClientConnectionManager.java:376)

2026-08-30T18:36:50.581889Z ERROR [KafkaConsumer-53] payment_gateway.kafka - Kafka Consumer Lag Critical: Topic 'payment-events' partition 3 lag is 76350.

2026-08-30T18:36:56.598249Z ERROR [KafkaConsumer-81] payment_gateway.kafka - Kafka Consumer Lag Critical: Topic 'payment-events' partition 0 lag is 41990.

2026-08-30T18:36:59.604238Z ERROR [KafkaConsumer-48] payment_gateway.kafka - Kafka Consumer Lag Critical: Topic 'payment-events' partition 1 lag is 52243.

2026-08-30T18:37:02.611044Z CRITICAL [PaymentWorker-86] payment_gateway.processor - Payment transaction tx_28820 failed with HTTP 502 Bad Gateway.
  Request Context: {"amount": 35, "currency": "USD", "gateway": "Stripe-v2", "attempt": 3}
  Exception: org.apache.http.conn.HttpHostConnectException: Connect to 10.244.2.45:8080 failed: Connection refused
    at org.apache.http.impl.conn.DefaultHttpClientConnectionOperator.connect(DefaultHttpClientConnectionOperator.java:159)
    at org.apache.http.impl.conn.PoolingHttpClientConnectionManager.connect(PoolingHttpClientConnectionManager.java:376)

2026-08-30T18:37:11.629359Z ERROR [KafkaConsumer-17] payment_gateway.kafka - Kafka Consumer Lag Critical: Topic 'payment-events' partition 2 lag is 67143.

2026-08-30T18:37:23.653744Z ERROR [KafkaConsumer-97] payment_gateway.kafka - Kafka Consumer Lag Critical: Topic 'payment-events' partition 3 lag is 41878.

2026-08-30T18:37:35.682273Z CRITICAL [PaymentWorker-31] payment_gateway.processor - Payment transaction tx_87938 failed with HTTP 502 Bad Gateway.
  Request Context: {"amount": 448, "currency": "USD", "gateway": "Stripe-v2", "attempt": 3}
  Exception: org.apache.http.conn.HttpHostConnectException: Connect to 10.244.2.45:8080 failed: Connection refused
    at org.apache.http.impl.conn.DefaultHttpClientConnectionOperator.connect(DefaultHttpClientConnectionOperator.java:159)
    at org.apache.http.impl.conn.PoolingHttpClientConnectionManager.connect(PoolingHttpClientConnectionManager.java:376)

2026-08-30T18:37:59.731329Z ERROR [KafkaConsumer-11] payment_gateway.kafka - Kafka Consumer Lag Critical: Topic 'payment-events' partition 2 lag is 78700.

2026-08-30T18:38:08.748887Z CRITICAL [PaymentWorker-67] payment_gateway.processor - Payment transaction tx_76614 failed with HTTP 502 Bad Gateway.
  Request Context: {"amount": 368, "currency": "USD", "gateway": "Stripe-v2", "attempt": 3}
  Exception: org.apache.http.conn.HttpHostConnectException: Connect to 10.244.2.45:8080 failed: Connection refused
    at org.apache.http.impl.conn.DefaultHttpClientConnectionOperator.connect(DefaultHttpClientConnectionOperator.java:159)
    at org.apache.http.impl.conn.PoolingHttpClientConnectionManager.connect(PoolingHttpClientConnectionManager.java:376)

2026-08-30T18:38:44.821978Z CRITICAL [PaymentWorker-55] payment_gateway.processor - Payment transaction tx_79067 failed with HTTP 502 Bad Gateway.
  Request Context: {"amount": 25, "currency": "USD", "gateway": "Stripe-v2", "attempt": 3}
  Exception: org.apache.http.conn.HttpHostConnectException: Connect to 10.244.2.45:8080 failed: Connection refused
    at org.apache.http.impl.conn.DefaultHttpClientConnectionOperator.connect(DefaultHttpClientConnectionOperator.java:159)
    at org.apache.http.impl.conn.PoolingHttpClientConnectionManager.connect(PoolingHttpClientConnectionManager.java:376)

2026-08-30T18:38:50.833151Z CRITICAL [PaymentWorker-56] payment_gateway.processor - Payment transaction tx_91051 failed with HTTP 502 Bad Gateway.
  Request Context: {"amount": 374, "currency": "USD", "gateway": "Stripe-v2", "attempt": 3}
  Exception: org.apache.http.conn.HttpHostConnectException: Connect to 10.244.2.45:8080 failed: Connection refused
    at org.apache.http.impl.conn.DefaultHttpClientConnectionOperator.connect(DefaultHttpClientConnectionOperator.java:159)
    at org.apache.http.impl.conn.PoolingHttpClientConnectionManager.connect(PoolingHttpClientConnectionManager.java:376)

2026-08-30T18:38:53.843503Z ERROR [KafkaConsumer-51] payment_gateway.kafka - Kafka Consumer Lag Critical: Topic 'payment-events' partition 3 lag is 56150.

2026-08-30T18:39:02.870386Z ERROR [KafkaConsumer-34] payment_gateway.kafka - Kafka Consumer Lag Critical: Topic 'payment-events' partition 0 lag is 42496.

2026-08-30T18:39:05.876649Z ERROR [KafkaConsumer-78] payment_gateway.kafka - Kafka Consumer Lag Critical: Topic 'payment-events' partition 1 lag is 74173.

2026-08-30T18:39:08.883067Z ERROR [KafkaConsumer-70] payment_gateway.kafka - Kafka Consumer Lag Critical: Topic 'payment-events' partition 0 lag is 71714.

2026-08-30T18:39:26.941571Z CRITICAL [PaymentWorker-88] payment_gateway.processor - Payment transaction tx_75935 failed with HTTP 502 Bad Gateway.
  Request Context: {"amount": 168, "currency": "USD", "gateway": "Stripe-v2", "attempt": 3}
  Exception: org.apache.http.conn.HttpHostConnectException: Connect to 10.244.2.45:8080 failed: Connection refused
    at org.apache.http.impl.conn.DefaultHttpClientConnectionOperator.connect(DefaultHttpClientConnectionOperator.java:159)
    at org.apache.http.impl.conn.PoolingHttpClientConnectionManager.connect(PoolingHttpClientConnectionManager.java:376)

2026-08-30T18:39:33.040060Z ERROR [KafkaConsumer-10] payment_gateway.kafka - Kafka Consumer Lag Critical: Topic 'payment-events' partition 1 lag is 50495.

2026-08-30T18:39:36.045382Z CRITICAL [PaymentWorker-18] payment_gateway.processor - Payment transaction tx_20250 failed with HTTP 502 Bad Gateway.
  Request Context: {"amount": 152, "currency": "USD", "gateway": "Stripe-v2", "attempt": 3}
  Exception: org.apache.http.conn.HttpHostConnectException: Connect to 10.244.2.45:8080 failed: Connection refused
    at org.apache.http.impl.conn.DefaultHttpClientConnectionOperator.connect(DefaultHttpClientConnectionOperator.java:159)
    at org.apache.http.impl.conn.PoolingHttpClientConnectionManager.connect(PoolingHttpClientConnectionManager.java:376)

2026-08-30T18:39:45.075401Z ERROR [KafkaConsumer-63] payment_gateway.kafka - Kafka Consumer Lag Critical: Topic 'payment-events' partition 0 lag is 64608.

2026-08-30T18:39:48.083930Z CRITICAL [PaymentWorker-99] payment_gateway.processor - Payment transaction tx_30943 failed with HTTP 502 Bad Gateway.
  Request Context: {"amount": 219, "currency": "USD", "gateway": "Stripe-v2", "attempt": 3}
  Exception: org.apache.http.conn.HttpHostConnectException: Connect to 10.244.2.45:8080 failed: Connection refused
    at org.apache.http.impl.conn.DefaultHttpClientConnectionOperator.connect(DefaultHttpClientConnectionOperator.java:159)
    at org.apache.http.impl.conn.PoolingHttpClientConnectionManager.connect(PoolingHttpClientConnectionManager.java:376)

2026-08-30T18:39:54.097140Z ERROR [KafkaConsumer-88] payment_gateway.kafka - Kafka Consumer Lag Critical: Topic 'payment-events' partition 0 lag is 57555.

2026-08-30T18:40:06.134600Z CRITICAL [PaymentWorker-56] payment_gateway.processor - Payment transaction tx_58898 failed with HTTP 502 Bad Gateway.
  Request Context: {"amount": 278, "currency": "USD", "gateway": "Stripe-v2", "attempt": 3}
  Exception: org.apache.http.conn.HttpHostConnectException: Connect to 10.244.2.45:8080 failed: Connection refused
    at org.apache.http.impl.conn.DefaultHttpClientConnectionOperator.connect(DefaultHttpClientConnectionOperator.java:159)
    at org.apache.http.impl.conn.PoolingHttpClientConnectionManager.connect(PoolingHttpClientConnectionManager.java:376)

2026-08-30T18:40:09.140024Z CRITICAL [PaymentWorker-89] payment_gateway.processor - Payment transaction tx_48952 failed with HTTP 502 Bad Gateway.
  Request Context: {"amount": 150, "currency": "USD", "gateway": "Stripe-v2", "attempt": 3}
  Exception: org.apache.http.conn.HttpHostConnectException: Connect to 10.244.2.45:8080 failed: Connection refused
    at org.apache.http.impl.conn.DefaultHttpClientConnectionOperator.connect(DefaultHttpClientConnectionOperator.java:159)
    at org.apache.http.impl.conn.PoolingHttpClientConnectionManager.connect(PoolingHttpClientConnectionManager.java:376)

2026-08-30T18:40:15.162860Z ERROR [KafkaConsumer-96] payment_gateway.kafka - Kafka Consumer Lag Critical: Topic 'payment-events' partition 2 lag is 41822.

2026-08-30T18:40:18.170919Z CRITICAL [PaymentWorker-78] payment_gateway.processor - Payment transaction tx_49386 failed with HTTP 502 Bad Gateway.
  Request Context: {"amount": 323, "currency": "USD", "gateway": "Stripe-v2", "attempt": 3}
  Exception: org.apache.http.conn.HttpHostConnectException: Connect to 10.244.2.45:8080 failed: Connection refused
    at org.apache.http.impl.conn.DefaultHttpClientConnectionOperator.connect(DefaultHttpClientConnectionOperator.java:159)
    at org.apache.http.impl.conn.PoolingHttpClientConnectionManager.connect(PoolingHttpClientConnectionManager.java:376)

2026-08-30T18:40:24.208335Z CRITICAL [PaymentWorker-58] payment_gateway.processor - Payment transaction tx_27123 failed with HTTP 502 Bad Gateway.
  Request Context: {"amount": 282, "currency": "USD", "gateway": "Stripe-v2", "attempt": 3}
  Exception: org.apache.http.conn.HttpHostConnectException: Connect to 10.244.2.45:8080 failed: Connection refused
    at org.apache.http.impl.conn.DefaultHttpClientConnectionOperator.connect(DefaultHttpClientConnectionOperator.java:159)
    at org.apache.http.impl.conn.PoolingHttpClientConnectionManager.connect(PoolingHttpClientConnectionManager.java:376)

2026-08-30T18:40:33.226891Z ERROR [KafkaConsumer-49] payment_gateway.kafka - Kafka Consumer Lag Critical: Topic 'payment-events' partition 2 lag is 71315.

2026-08-30T18:40:42.254875Z CRITICAL [PaymentWorker-77] payment_gateway.processor - Payment transaction tx_62118 failed with HTTP 502 Bad Gateway.
  Request Context: {"amount": 480, "currency": "USD", "gateway": "Stripe-v2", "attempt": 3}
  Exception: org.apache.http.conn.HttpHostConnectException: Connect to 10.244.2.45:8080 failed: Connection refused
    at org.apache.http.impl.conn.DefaultHttpClientConnectionOperator.connect(DefaultHttpClientConnectionOperator.java:159)
    at org.apache.http.impl.conn.PoolingHttpClientConnectionManager.connect(PoolingHttpClientConnectionManager.java:376)

2026-08-30T18:40:51.272160Z ERROR [KafkaConsumer-45] payment_gateway.kafka - Kafka Consumer Lag Critical: Topic 'payment-events' partition 0 lag is 44977.

2026-08-30T18:40:54.286136Z CRITICAL [PaymentWorker-34] payment_gateway.processor - Payment transaction tx_71724 failed with HTTP 502 Bad Gateway.
  Request Context: {"amount": 437, "currency": "USD", "gateway": "Stripe-v2", "attempt": 3}
  Exception: org.apache.http.conn.HttpHostConnectException: Connect to 10.244.2.45:8080 failed: Connection refused
    at org.apache.http.impl.conn.DefaultHttpClientConnectionOperator.connect(DefaultHttpClientConnectionOperator.java:159)
    at org.apache.http.impl.conn.PoolingHttpClientConnectionManager.connect(PoolingHttpClientConnectionManager.java:376)

2026-08-30T18:40:57.291260Z CRITICAL [PaymentWorker-79] payment_gateway.processor - Payment transaction tx_32392 failed with HTTP 502 Bad Gateway.
  Request Context: {"amount": 331, "currency": "USD", "gateway": "Stripe-v2", "attempt": 3}
  Exception: org.apache.http.conn.HttpHostConnectException: Connect to 10.244.2.45:8080 failed: Connection refused
    at org.apache.http.impl.conn.DefaultHttpClientConnectionOperator.connect(DefaultHttpClientConnectionOperator.java:159)
    at org.apache.http.impl.conn.PoolingHttpClientConnectionManager.connect(PoolingHttpClientConnectionManager.java:376)

2026-08-30T18:41:03.301958Z CRITICAL [PaymentWorker-66] payment_gateway.processor - Payment transaction tx_71294 failed with HTTP 502 Bad Gateway.
  Request Context: {"amount": 378, "currency": "USD", "gateway": "Stripe-v2", "attempt": 3}
  Exception: org.apache.http.conn.HttpHostConnectException: Connect to 10.244.2.45:8080 failed: Connection refused
    at org.apache.http.impl.conn.DefaultHttpClientConnectionOperator.connect(DefaultHttpClientConnectionOperator.java:159)
    at org.apache.http.impl.conn.PoolingHttpClientConnectionManager.connect(PoolingHttpClientConnectionManager.java:376)

2026-08-30T18:41:09.313308Z CRITICAL [PaymentWorker-78] payment_gateway.processor - Payment transaction tx_96478 failed with HTTP 502 Bad Gateway.
  Request Context: {"amount": 32, "currency": "USD", "gateway": "Stripe-v2", "attempt": 3}
  Exception: org.apache.http.conn.HttpHostConnectException: Connect to 10.244.2.45:8080 failed: Connection refused
    at org.apache.http.impl.conn.DefaultHttpClientConnectionOperator.connect(DefaultHttpClientConnectionOperator.java:159)
    at org.apache.http.impl.conn.PoolingHttpClientConnectionManager.connect(PoolingHttpClientConnectionManager.java:376)

2026-08-30T18:41:12.321240Z CRITICAL [PaymentWorker-57] payment_gateway.processor - Payment transaction tx_65232 failed with HTTP 502 Bad Gateway.
  Request Context: {"amount": 262, "currency": "USD", "gateway": "Stripe-v2", "attempt": 3}
  Exception: org.apache.http.conn.HttpHostConnectException: Connect to 10.244.2.45:8080 failed: Connection refused
    at org.apache.http.impl.conn.DefaultHttpClientConnectionOperator.connect(DefaultHttpClientConnectionOperator.java:159)
    at org.apache.http.impl.conn.PoolingHttpClientConnectionManager.connect(PoolingHttpClientConnectionManager.java:376)

2026-08-30T18:41:18.334074Z ERROR [KafkaConsumer-67] payment_gateway.kafka - Kafka Consumer Lag Critical: Topic 'payment-events' partition 2 lag is 69335.

2026-08-30T18:41:33.364429Z ERROR [KafkaConsumer-19] payment_gateway.kafka - Kafka Consumer Lag Critical: Topic 'payment-events' partition 3 lag is 68600.

2026-08-30T18:41:39.377853Z CRITICAL [PaymentWorker-25] payment_gateway.processor - Payment transaction tx_67266 failed with HTTP 502 Bad Gateway.
  Request Context: {"amount": 243, "currency": "USD", "gateway": "Stripe-v2", "attempt": 3}
  Exception: org.apache.http.conn.HttpHostConnectException: Connect to 10.244.2.45:8080 failed: Connection refused
    at org.apache.http.impl.conn.DefaultHttpClientConnectionOperator.connect(DefaultHttpClientConnectionOperator.java:159)
    at org.apache.http.impl.conn.PoolingHttpClientConnectionManager.connect(PoolingHttpClientConnectionManager.java:376)

2026-08-30T18:41:48.395094Z CRITICAL [PaymentWorker-23] payment_gateway.processor - Payment transaction tx_44347 failed with HTTP 502 Bad Gateway.
  Request Context: {"amount": 336, "currency": "USD", "gateway": "Stripe-v2", "attempt": 3}
  Exception: org.apache.http.conn.HttpHostConnectException: Connect to 10.244.2.45:8080 failed: Connection refused
    at org.apache.http.impl.conn.DefaultHttpClientConnectionOperator.connect(DefaultHttpClientConnectionOperator.java:159)
    at org.apache.http.impl.conn.PoolingHttpClientConnectionManager.connect(PoolingHttpClientConnectionManager.java:376)

2026-08-30T18:42:06.444938Z ERROR [KafkaConsumer-98] payment_gateway.kafka - Kafka Consumer Lag Critical: Topic 'payment-events' partition 1 lag is 50067.

2026-08-30T18:42:30.506412Z CRITICAL [PaymentWorker-22] payment_gateway.processor - Payment transaction tx_12030 failed with HTTP 502 Bad Gateway.
  Request Context: {"amount": 353, "currency": "USD", "gateway": "Stripe-v2", "attempt": 3}
  Exception: org.apache.http.conn.HttpHostConnectException: Connect to 10.244.2.45:8080 failed: Connection refused
    at org.apache.http.impl.conn.DefaultHttpClientConnectionOperator.connect(DefaultHttpClientConnectionOperator.java:159)
    at org.apache.http.impl.conn.PoolingHttpClientConnectionManager.connect(PoolingHttpClientConnectionManager.java:376)

2026-08-30T18:42:36.519629Z ERROR [KafkaConsumer-41] payment_gateway.kafka - Kafka Consumer Lag Critical: Topic 'payment-events' partition 3 lag is 40449.

2026-08-30T18:42:57.572054Z ERROR [KafkaConsumer-40] payment_gateway.kafka - Kafka Consumer Lag Critical: Topic 'payment-events' partition 0 lag is 77124.

2026-08-30T18:43:12.608516Z CRITICAL [PaymentWorker-68] payment_gateway.processor - Payment transaction tx_79888 failed with HTTP 502 Bad Gateway.
  Request Context: {"amount": 162, "currency": "USD", "gateway": "Stripe-v2", "attempt": 3}
  Exception: org.apache.http.conn.HttpHostConnectException: Connect to 10.244.2.45:8080 failed: Connection refused
    at org.apache.http.impl.conn.DefaultHttpClientConnectionOperator.connect(DefaultHttpClientConnectionOperator.java:159)
    at org.apache.http.impl.conn.PoolingHttpClientConnectionManager.connect(PoolingHttpClientConnectionManager.java:376)

2026-08-30T18:43:24.635712Z CRITICAL [PaymentWorker-48] payment_gateway.processor - Payment transaction tx_64890 failed with HTTP 502 Bad Gateway.
  Request Context: {"amount": 313, "currency": "USD", "gateway": "Stripe-v2", "attempt": 3}
  Exception: org.apache.http.conn.HttpHostConnectException: Connect to 10.244.2.45:8080 failed: Connection refused
    at org.apache.http.impl.conn.DefaultHttpClientConnectionOperator.connect(DefaultHttpClientConnectionOperator.java:159)
    at org.apache.http.impl.conn.PoolingHttpClientConnectionManager.connect(PoolingHttpClientConnectionManager.java:376)

2026-08-30T18:43:30.646372Z ERROR [KafkaConsumer-30] payment_gateway.kafka - Kafka Consumer Lag Critical: Topic 'payment-events' partition 1 lag is 47602.

2026-08-30T18:43:54.701137Z ERROR [KafkaConsumer-63] payment_gateway.kafka - Kafka Consumer Lag Critical: Topic 'payment-events' partition 3 lag is 42977.

2026-08-30T18:43:57.711506Z ERROR [KafkaConsumer-91] payment_gateway.kafka - Kafka Consumer Lag Critical: Topic 'payment-events' partition 1 lag is 59092.

2026-08-30T18:44:06.729352Z ERROR [KafkaConsumer-47] payment_gateway.kafka - Kafka Consumer Lag Critical: Topic 'payment-events' partition 0 lag is 55320.

2026-08-30T18:44:18.753247Z CRITICAL [PaymentWorker-96] payment_gateway.processor - Payment transaction tx_68041 failed with HTTP 502 Bad Gateway.
  Request Context: {"amount": 216, "currency": "USD", "gateway": "Stripe-v2", "attempt": 3}
  Exception: org.apache.http.conn.HttpHostConnectException: Connect to 10.244.2.45:8080 failed: Connection refused
    at org.apache.http.impl.conn.DefaultHttpClientConnectionOperator.connect(DefaultHttpClientConnectionOperator.java:159)
    at org.apache.http.impl.conn.PoolingHttpClientConnectionManager.connect(PoolingHttpClientConnectionManager.java:376)

2026-08-30T18:44:21.760322Z CRITICAL [PaymentWorker-40] payment_gateway.processor - Payment transaction tx_21818 failed with HTTP 502 Bad Gateway.
  Request Context: {"amount": 333, "currency": "USD", "gateway": "Stripe-v2", "attempt": 3}
  Exception: org.apache.http.conn.HttpHostConnectException: Connect to 10.244.2.45:8080 failed: Connection refused
    at org.apache.http.impl.conn.DefaultHttpClientConnectionOperator.connect(DefaultHttpClientConnectionOperator.java:159)
    at org.apache.http.impl.conn.PoolingHttpClientConnectionManager.connect(PoolingHttpClientConnectionManager.java:376)

2026-08-30T18:44:24.770009Z ERROR [KafkaConsumer-82] payment_gateway.kafka - Kafka Consumer Lag Critical: Topic 'payment-events' partition 2 lag is 43351.

2026-08-30T18:44:27.775404Z CRITICAL [PaymentWorker-65] payment_gateway.processor - Payment transaction tx_16274 failed with HTTP 502 Bad Gateway.
  Request Context: {"amount": 312, "currency": "USD", "gateway": "Stripe-v2", "attempt": 3}
  Exception: org.apache.http.conn.HttpHostConnectException: Connect to 10.244.2.45:8080 failed: Connection refused
    at org.apache.http.impl.conn.DefaultHttpClientConnectionOperator.connect(DefaultHttpClientConnectionOperator.java:159)
    at org.apache.http.impl.conn.PoolingHttpClientConnectionManager.connect(PoolingHttpClientConnectionManager.java:376)

2026-08-30T18:44:42.813184Z CRITICAL [PaymentWorker-38] payment_gateway.processor - Payment transaction tx_92244 failed with HTTP 502 Bad Gateway.
  Request Context: {"amount": 112, "currency": "USD", "gateway": "Stripe-v2", "attempt": 3}
  Exception: org.apache.http.conn.HttpHostConnectException: Connect to 10.244.2.45:8080 failed: Connection refused
    at org.apache.http.impl.conn.DefaultHttpClientConnectionOperator.connect(DefaultHttpClientConnectionOperator.java:159)
    at org.apache.http.impl.conn.PoolingHttpClientConnectionManager.connect(PoolingHttpClientConnectionManager.java:376)

2026-08-30T18:44:45.821976Z ERROR [KafkaConsumer-60] payment_gateway.kafka - Kafka Consumer Lag Critical: Topic 'payment-events' partition 1 lag is 59653.

2026-08-30T18:45:15.893467Z ERROR [KafkaConsumer-40] payment_gateway.kafka - Kafka Consumer Lag Critical: Topic 'payment-events' partition 3 lag is 45459.

2026-08-30T18:45:18.899164Z CRITICAL [PaymentWorker-60] payment_gateway.processor - Payment transaction tx_21412 failed with HTTP 502 Bad Gateway.
  Request Context: {"amount": 114, "currency": "USD", "gateway": "Stripe-v2", "attempt": 3}
  Exception: org.apache.http.conn.HttpHostConnectException: Connect to 10.244.2.45:8080 failed: Connection refused
    at org.apache.http.impl.conn.DefaultHttpClientConnectionOperator.connect(DefaultHttpClientConnectionOperator.java:159)
    at org.apache.http.impl.conn.PoolingHttpClientConnectionManager.connect(PoolingHttpClientConnectionManager.java:376)

2026-08-30T18:45:21.906147Z CRITICAL [PaymentWorker-81] payment_gateway.processor - Payment transaction tx_25224 failed with HTTP 502 Bad Gateway.
  Request Context: {"amount": 130, "currency": "USD", "gateway": "Stripe-v2", "attempt": 3}
  Exception: org.apache.http.conn.HttpHostConnectException: Connect to 10.244.2.45:8080 failed: Connection refused
    at org.apache.http.impl.conn.DefaultHttpClientConnectionOperator.connect(DefaultHttpClientConnectionOperator.java:159)
    at org.apache.http.impl.conn.PoolingHttpClientConnectionManager.connect(PoolingHttpClientConnectionManager.java:376)

2026-08-30T18:45:27.927693Z ERROR [KafkaConsumer-20] payment_gateway.kafka - Kafka Consumer Lag Critical: Topic 'payment-events' partition 1 lag is 63648.

2026-08-30T18:45:33.940027Z CRITICAL [PaymentWorker-55] payment_gateway.processor - Payment transaction tx_78664 failed with HTTP 502 Bad Gateway.
  Request Context: {"amount": 156, "currency": "USD", "gateway": "Stripe-v2", "attempt": 3}
  Exception: org.apache.http.conn.HttpHostConnectException: Connect to 10.244.2.45:8080 failed: Connection refused
    at org.apache.http.impl.conn.DefaultHttpClientConnectionOperator.connect(DefaultHttpClientConnectionOperator.java:159)
    at org.apache.http.impl.conn.PoolingHttpClientConnectionManager.connect(PoolingHttpClientConnectionManager.java:376)

2026-08-30T18:45:36.954981Z CRITICAL [PaymentWorker-42] payment_gateway.processor - Payment transaction tx_91004 failed with HTTP 502 Bad Gateway.
  Request Context: {"amount": 219, "currency": "USD", "gateway": "Stripe-v2", "attempt": 3}
  Exception: org.apache.http.conn.HttpHostConnectException: Connect to 10.244.2.45:8080 failed: Connection refused
    at org.apache.http.impl.conn.DefaultHttpClientConnectionOperator.connect(DefaultHttpClientConnectionOperator.java:159)
    at org.apache.http.impl.conn.PoolingHttpClientConnectionManager.connect(PoolingHttpClientConnectionManager.java:376)

2026-08-30T18:45:39.962310Z CRITICAL [PaymentWorker-95] payment_gateway.processor - Payment transaction tx_87577 failed with HTTP 502 Bad Gateway.
  Request Context: {"amount": 493, "currency": "USD", "gateway": "Stripe-v2", "attempt": 3}
  Exception: org.apache.http.conn.HttpHostConnectException: Connect to 10.244.2.45:8080 failed: Connection refused
    at org.apache.http.impl.conn.DefaultHttpClientConnectionOperator.connect(DefaultHttpClientConnectionOperator.java:159)
    at org.apache.http.impl.conn.PoolingHttpClientConnectionManager.connect(PoolingHttpClientConnectionManager.java:376)

2026-08-30T18:45:42.969255Z CRITICAL [PaymentWorker-75] payment_gateway.processor - Payment transaction tx_99361 failed with HTTP 502 Bad Gateway.
  Request Context: {"amount": 480, "currency": "USD", "gateway": "Stripe-v2", "attempt": 3}
  Exception: org.apache.http.conn.HttpHostConnectException: Connect to 10.244.2.45:8080 failed: Connection refused
    at org.apache.http.impl.conn.DefaultHttpClientConnectionOperator.connect(DefaultHttpClientConnectionOperator.java:159)
    at org.apache.http.impl.conn.PoolingHttpClientConnectionManager.connect(PoolingHttpClientConnectionManager.java:376)

2026-08-30T18:46:04.027859Z ERROR [KafkaConsumer-69] payment_gateway.kafka - Kafka Consumer Lag Critical: Topic 'payment-events' partition 0 lag is 42618.

2026-08-30T18:46:07.037213Z ERROR [KafkaConsumer-16] payment_gateway.kafka - Kafka Consumer Lag Critical: Topic 'payment-events' partition 2 lag is 62888.

2026-08-30T18:46:13.052510Z CRITICAL [PaymentWorker-75] payment_gateway.processor - Payment transaction tx_27418 failed with HTTP 502 Bad Gateway.
  Request Context: {"amount": 437, "currency": "USD", "gateway": "Stripe-v2", "attempt": 3}
  Exception: org.apache.http.conn.HttpHostConnectException: Connect to 10.244.2.45:8080 failed: Connection refused
    at org.apache.http.impl.conn.DefaultHttpClientConnectionOperator.connect(DefaultHttpClientConnectionOperator.java:159)
    at org.apache.http.impl.conn.PoolingHttpClientConnectionManager.connect(PoolingHttpClientConnectionManager.java:376)

2026-08-30T18:46:22.081134Z CRITICAL [PaymentWorker-93] payment_gateway.processor - Payment transaction tx_74379 failed with HTTP 502 Bad Gateway.
  Request Context: {"amount": 135, "currency": "USD", "gateway": "Stripe-v2", "attempt": 3}
  Exception: org.apache.http.conn.HttpHostConnectException: Connect to 10.244.2.45:8080 failed: Connection refused
    at org.apache.http.impl.conn.DefaultHttpClientConnectionOperator.connect(DefaultHttpClientConnectionOperator.java:159)
    at org.apache.http.impl.conn.PoolingHttpClientConnectionManager.connect(PoolingHttpClientConnectionManager.java:376)

2026-08-30T18:46:28.096058Z ERROR [KafkaConsumer-80] payment_gateway.kafka - Kafka Consumer Lag Critical: Topic 'payment-events' partition 0 lag is 68393.

2026-08-30T18:46:49.181206Z CRITICAL [PaymentWorker-41] payment_gateway.processor - Payment transaction tx_50778 failed with HTTP 502 Bad Gateway.
  Request Context: {"amount": 56, "currency": "USD", "gateway": "Stripe-v2", "attempt": 3}
  Exception: org.apache.http.conn.HttpHostConnectException: Connect to 10.244.2.45:8080 failed: Connection refused
    at org.apache.http.impl.conn.DefaultHttpClientConnectionOperator.connect(DefaultHttpClientConnectionOperator.java:159)
    at org.apache.http.impl.conn.PoolingHttpClientConnectionManager.connect(PoolingHttpClientConnectionManager.java:376)

2026-08-30T18:46:52.187610Z ERROR [KafkaConsumer-21] payment_gateway.kafka - Kafka Consumer Lag Critical: Topic 'payment-events' partition 2 lag is 44688.

2026-08-30T18:46:58.205655Z ERROR [KafkaConsumer-54] payment_gateway.kafka - Kafka Consumer Lag Critical: Topic 'payment-events' partition 1 lag is 61530.

2026-08-30T18:47:16.289646Z ERROR [KafkaConsumer-15] payment_gateway.kafka - Kafka Consumer Lag Critical: Topic 'payment-events' partition 0 lag is 71236.

2026-08-30T18:47:28.326886Z CRITICAL [PaymentWorker-63] payment_gateway.processor - Payment transaction tx_81992 failed with HTTP 502 Bad Gateway.
  Request Context: {"amount": 289, "currency": "USD", "gateway": "Stripe-v2", "attempt": 3}
  Exception: org.apache.http.conn.HttpHostConnectException: Connect to 10.244.2.45:8080 failed: Connection refused
    at org.apache.http.impl.conn.DefaultHttpClientConnectionOperator.connect(DefaultHttpClientConnectionOperator.java:159)
    at org.apache.http.impl.conn.PoolingHttpClientConnectionManager.connect(PoolingHttpClientConnectionManager.java:376)

2026-08-30T18:47:31.337250Z ERROR [KafkaConsumer-33] payment_gateway.kafka - Kafka Consumer Lag Critical: Topic 'payment-events' partition 0 lag is 59640.

2026-08-30T18:47:34.342658Z ERROR [KafkaConsumer-89] payment_gateway.kafka - Kafka Consumer Lag Critical: Topic 'payment-events' partition 1 lag is 55334.

2026-08-30T18:47:58.409000Z CRITICAL [PaymentWorker-90] payment_gateway.processor - Payment transaction tx_84411 failed with HTTP 502 Bad Gateway.
  Request Context: {"amount": 444, "currency": "USD", "gateway": "Stripe-v2", "attempt": 3}
  Exception: org.apache.http.conn.HttpHostConnectException: Connect to 10.244.2.45:8080 failed: Connection refused
    at org.apache.http.impl.conn.DefaultHttpClientConnectionOperator.connect(DefaultHttpClientConnectionOperator.java:159)
    at org.apache.http.impl.conn.PoolingHttpClientConnectionManager.connect(PoolingHttpClientConnectionManager.java:376)

2026-08-30T18:48:07.426494Z ERROR [KafkaConsumer-13] payment_gateway.kafka - Kafka Consumer Lag Critical: Topic 'payment-events' partition 2 lag is 44278.

2026-08-30T18:48:19.457897Z CRITICAL [PaymentWorker-28] payment_gateway.processor - Payment transaction tx_99218 failed with HTTP 502 Bad Gateway.
  Request Context: {"amount": 437, "currency": "USD", "gateway": "Stripe-v2", "attempt": 3}
  Exception: org.apache.http.conn.HttpHostConnectException: Connect to 10.244.2.45:8080 failed: Connection refused
    at org.apache.http.impl.conn.DefaultHttpClientConnectionOperator.connect(DefaultHttpClientConnectionOperator.java:159)
    at org.apache.http.impl.conn.PoolingHttpClientConnectionManager.connect(PoolingHttpClientConnectionManager.java:376)

2026-08-30T18:48:43.521411Z ERROR [KafkaConsumer-16] payment_gateway.kafka - Kafka Consumer Lag Critical: Topic 'payment-events' partition 1 lag is 44386.

2026-08-30T18:48:46.528486Z ERROR [KafkaConsumer-91] payment_gateway.kafka - Kafka Consumer Lag Critical: Topic 'payment-events' partition 2 lag is 68911.

2026-08-30T18:48:55.574062Z ERROR [KafkaConsumer-74] payment_gateway.kafka - Kafka Consumer Lag Critical: Topic 'payment-events' partition 1 lag is 79413.

2026-08-30T18:48:58.591130Z CRITICAL [PaymentWorker-65] payment_gateway.processor - Payment transaction tx_43047 failed with HTTP 502 Bad Gateway.
  Request Context: {"amount": 263, "currency": "USD", "gateway": "Stripe-v2", "attempt": 3}
  Exception: org.apache.http.conn.HttpHostConnectException: Connect to 10.244.2.45:8080 failed: Connection refused
    at org.apache.http.impl.conn.DefaultHttpClientConnectionOperator.connect(DefaultHttpClientConnectionOperator.java:159)
    at org.apache.http.impl.conn.PoolingHttpClientConnectionManager.connect(PoolingHttpClientConnectionManager.java:376)

2026-08-30T18:49:04.606824Z ERROR [KafkaConsumer-62] payment_gateway.kafka - Kafka Consumer Lag Critical: Topic 'payment-events' partition 1 lag is 73052.

2026-08-30T18:49:07.649644Z ERROR [KafkaConsumer-19] payment_gateway.kafka - Kafka Consumer Lag Critical: Topic 'payment-events' partition 2 lag is 75555.

2026-08-30T18:49:13.662088Z ERROR [KafkaConsumer-57] payment_gateway.kafka - Kafka Consumer Lag Critical: Topic 'payment-events' partition 2 lag is 47993.

2026-08-30T18:49:31.774320Z ERROR [KafkaConsumer-69] payment_gateway.kafka - Kafka Consumer Lag Critical: Topic 'payment-events' partition 3 lag is 52817.

2026-08-30T18:49:37.799374Z ERROR [KafkaConsumer-78] payment_gateway.kafka - Kafka Consumer Lag Critical: Topic 'payment-events' partition 2 lag is 70958.

2026-08-30T18:49:46.846581Z CRITICAL [PaymentWorker-39] payment_gateway.processor - Payment transaction tx_16483 failed with HTTP 502 Bad Gateway.
  Request Context: {"amount": 133, "currency": "USD", "gateway": "Stripe-v2", "attempt": 3}
  Exception: org.apache.http.conn.HttpHostConnectException: Connect to 10.244.2.45:8080 failed: Connection refused
    at org.apache.http.impl.conn.DefaultHttpClientConnectionOperator.connect(DefaultHttpClientConnectionOperator.java:159)
    at org.apache.http.impl.conn.PoolingHttpClientConnectionManager.connect(PoolingHttpClientConnectionManager.java:376)

2026-08-30T18:50:16.914335Z ERROR [KafkaConsumer-38] payment_gateway.kafka - Kafka Consumer Lag Critical: Topic 'payment-events' partition 0 lag is 64387.

2026-08-30T18:50:19.920982Z CRITICAL [PaymentWorker-83] payment_gateway.processor - Payment transaction tx_15345 failed with HTTP 502 Bad Gateway.
  Request Context: {"amount": 370, "currency": "USD", "gateway": "Stripe-v2", "attempt": 3}
  Exception: org.apache.http.conn.HttpHostConnectException: Connect to 10.244.2.45:8080 failed: Connection refused
    at org.apache.http.impl.conn.DefaultHttpClientConnectionOperator.connect(DefaultHttpClientConnectionOperator.java:159)
    at org.apache.http.impl.conn.PoolingHttpClientConnectionManager.connect(PoolingHttpClientConnectionManager.java:376)

2026-08-30T18:50:31.945974Z ERROR [KafkaConsumer-17] payment_gateway.kafka - Kafka Consumer Lag Critical: Topic 'payment-events' partition 1 lag is 51430.

2026-08-30T18:50:37.959158Z ERROR [KafkaConsumer-13] payment_gateway.kafka - Kafka Consumer Lag Critical: Topic 'payment-events' partition 2 lag is 61691.

2026-08-30T18:50:40.974428Z ERROR [KafkaConsumer-98] payment_gateway.kafka - Kafka Consumer Lag Critical: Topic 'payment-events' partition 3 lag is 59164.

2026-08-30T18:50:43.980481Z ERROR [KafkaConsumer-84] payment_gateway.kafka - Kafka Consumer Lag Critical: Topic 'payment-events' partition 2 lag is 58597.

2026-08-30T18:50:46.986371Z CRITICAL [PaymentWorker-65] payment_gateway.processor - Payment transaction tx_74794 failed with HTTP 502 Bad Gateway.
  Request Context: {"amount": 401, "currency": "USD", "gateway": "Stripe-v2", "attempt": 3}
  Exception: org.apache.http.conn.HttpHostConnectException: Connect to 10.244.2.45:8080 failed: Connection refused
    at org.apache.http.impl.conn.DefaultHttpClientConnectionOperator.connect(DefaultHttpClientConnectionOperator.java:159)
    at org.apache.http.impl.conn.PoolingHttpClientConnectionManager.connect(PoolingHttpClientConnectionManager.java:376)

2026-08-30T18:51:05.030091Z ERROR [KafkaConsumer-35] payment_gateway.kafka - Kafka Consumer Lag Critical: Topic 'payment-events' partition 2 lag is 58163.

2026-08-30T18:51:11.042255Z ERROR [KafkaConsumer-52] payment_gateway.kafka - Kafka Consumer Lag Critical: Topic 'payment-events' partition 2 lag is 46890.

2026-08-30T18:51:14.048678Z CRITICAL [PaymentWorker-49] payment_gateway.processor - Payment transaction tx_19098 failed with HTTP 502 Bad Gateway.
  Request Context: {"amount": 421, "currency": "USD", "gateway": "Stripe-v2", "attempt": 3}
  Exception: org.apache.http.conn.HttpHostConnectException: Connect to 10.244.2.45:8080 failed: Connection refused
    at org.apache.http.impl.conn.DefaultHttpClientConnectionOperator.connect(DefaultHttpClientConnectionOperator.java:159)
    at org.apache.http.impl.conn.PoolingHttpClientConnectionManager.connect(PoolingHttpClientConnectionManager.java:376)

2026-08-30T18:51:26.072461Z CRITICAL [PaymentWorker-77] payment_gateway.processor - Payment transaction tx_25716 failed with HTTP 502 Bad Gateway.
  Request Context: {"amount": 166, "currency": "USD", "gateway": "Stripe-v2", "attempt": 3}
  Exception: org.apache.http.conn.HttpHostConnectException: Connect to 10.244.2.45:8080 failed: Connection refused
    at org.apache.http.impl.conn.DefaultHttpClientConnectionOperator.connect(DefaultHttpClientConnectionOperator.java:159)
    at org.apache.http.impl.conn.PoolingHttpClientConnectionManager.connect(PoolingHttpClientConnectionManager.java:376)

2026-08-30T18:51:29.079721Z ERROR [KafkaConsumer-90] payment_gateway.kafka - Kafka Consumer Lag Critical: Topic 'payment-events' partition 2 lag is 46739.

2026-08-30T18:51:32.085241Z CRITICAL [PaymentWorker-58] payment_gateway.processor - Payment transaction tx_98171 failed with HTTP 502 Bad Gateway.
  Request Context: {"amount": 151, "currency": "USD", "gateway": "Stripe-v2", "attempt": 3}
  Exception: org.apache.http.conn.HttpHostConnectException: Connect to 10.244.2.45:8080 failed: Connection refused
    at org.apache.http.impl.conn.DefaultHttpClientConnectionOperator.connect(DefaultHttpClientConnectionOperator.java:159)
    at org.apache.http.impl.conn.PoolingHttpClientConnectionManager.connect(PoolingHttpClientConnectionManager.java:376)

2026-08-30T18:51:38.098477Z CRITICAL [PaymentWorker-28] payment_gateway.processor - Payment transaction tx_11502 failed with HTTP 502 Bad Gateway.
  Request Context: {"amount": 444, "currency": "USD", "gateway": "Stripe-v2", "attempt": 3}
  Exception: org.apache.http.conn.HttpHostConnectException: Connect to 10.244.2.45:8080 failed: Connection refused
    at org.apache.http.impl.conn.DefaultHttpClientConnectionOperator.connect(DefaultHttpClientConnectionOperator.java:159)
    at org.apache.http.impl.conn.PoolingHttpClientConnectionManager.connect(PoolingHttpClientConnectionManager.java:376)

2026-08-30T18:51:44.122254Z ERROR [KafkaConsumer-82] payment_gateway.kafka - Kafka Consumer Lag Critical: Topic 'payment-events' partition 3 lag is 62727.

2026-08-30T18:51:53.154345Z ERROR [KafkaConsumer-65] payment_gateway.kafka - Kafka Consumer Lag Critical: Topic 'payment-events' partition 0 lag is 52849.

2026-08-30T18:52:08.195977Z ERROR [KafkaConsumer-20] payment_gateway.kafka - Kafka Consumer Lag Critical: Topic 'payment-events' partition 0 lag is 53667.

2026-08-30T18:52:17.217083Z CRITICAL [PaymentWorker-48] payment_gateway.processor - Payment transaction tx_58803 failed with HTTP 502 Bad Gateway.
  Request Context: {"amount": 369, "currency": "USD", "gateway": "Stripe-v2", "attempt": 3}
  Exception: org.apache.http.conn.HttpHostConnectException: Connect to 10.244.2.45:8080 failed: Connection refused
    at org.apache.http.impl.conn.DefaultHttpClientConnectionOperator.connect(DefaultHttpClientConnectionOperator.java:159)
    at org.apache.http.impl.conn.PoolingHttpClientConnectionManager.connect(PoolingHttpClientConnectionManager.java:376)

2026-08-30T18:52:20.223879Z CRITICAL [PaymentWorker-11] payment_gateway.processor - Payment transaction tx_34489 failed with HTTP 502 Bad Gateway.
  Request Context: {"amount": 143, "currency": "USD", "gateway": "Stripe-v2", "attempt": 3}
  Exception: org.apache.http.conn.HttpHostConnectException: Connect to 10.244.2.45:8080 failed: Connection refused
    at org.apache.http.impl.conn.DefaultHttpClientConnectionOperator.connect(DefaultHttpClientConnectionOperator.java:159)
    at org.apache.http.impl.conn.PoolingHttpClientConnectionManager.connect(PoolingHttpClientConnectionManager.java:376)

2026-08-30T18:52:23.230527Z ERROR [KafkaConsumer-73] payment_gateway.kafka - Kafka Consumer Lag Critical: Topic 'payment-events' partition 3 lag is 41879.

2026-08-30T18:52:26.235583Z ERROR [KafkaConsumer-36] payment_gateway.kafka - Kafka Consumer Lag Critical: Topic 'payment-events' partition 1 lag is 46735.

2026-08-30T18:52:29.250321Z ERROR [KafkaConsumer-21] payment_gateway.kafka - Kafka Consumer Lag Critical: Topic 'payment-events' partition 0 lag is 46044.

2026-08-30T18:52:38.270653Z ERROR [KafkaConsumer-62] payment_gateway.kafka - Kafka Consumer Lag Critical: Topic 'payment-events' partition 2 lag is 41266.

2026-08-30T18:52:44.290844Z CRITICAL [PaymentWorker-90] payment_gateway.processor - Payment transaction tx_30113 failed with HTTP 502 Bad Gateway.
  Request Context: {"amount": 355, "currency": "USD", "gateway": "Stripe-v2", "attempt": 3}
  Exception: org.apache.http.conn.HttpHostConnectException: Connect to 10.244.2.45:8080 failed: Connection refused
    at org.apache.http.impl.conn.DefaultHttpClientConnectionOperator.connect(DefaultHttpClientConnectionOperator.java:159)
    at org.apache.http.impl.conn.PoolingHttpClientConnectionManager.connect(PoolingHttpClientConnectionManager.java:376)

2026-08-30T18:52:47.297748Z CRITICAL [PaymentWorker-60] payment_gateway.processor - Payment transaction tx_76585 failed with HTTP 502 Bad Gateway.
  Request Context: {"amount": 81, "currency": "USD", "gateway": "Stripe-v2", "attempt": 3}
  Exception: org.apache.http.conn.HttpHostConnectException: Connect to 10.244.2.45:8080 failed: Connection refused
    at org.apache.http.impl.conn.DefaultHttpClientConnectionOperator.connect(DefaultHttpClientConnectionOperator.java:159)
    at org.apache.http.impl.conn.PoolingHttpClientConnectionManager.connect(PoolingHttpClientConnectionManager.java:376)

2026-08-30T18:52:50.304470Z ERROR [KafkaConsumer-62] payment_gateway.kafka - Kafka Consumer Lag Critical: Topic 'payment-events' partition 2 lag is 61383.

2026-08-30T18:53:08.368251Z ERROR [KafkaConsumer-85] payment_gateway.kafka - Kafka Consumer Lag Critical: Topic 'payment-events' partition 1 lag is 69006.

2026-08-30T18:53:11.373730Z CRITICAL [PaymentWorker-26] payment_gateway.processor - Payment transaction tx_19576 failed with HTTP 502 Bad Gateway.
  Request Context: {"amount": 383, "currency": "USD", "gateway": "Stripe-v2", "attempt": 3}
  Exception: org.apache.http.conn.HttpHostConnectException: Connect to 10.244.2.45:8080 failed: Connection refused
    at org.apache.http.impl.conn.DefaultHttpClientConnectionOperator.connect(DefaultHttpClientConnectionOperator.java:159)
    at org.apache.http.impl.conn.PoolingHttpClientConnectionManager.connect(PoolingHttpClientConnectionManager.java:376)

2026-08-30T18:53:14.380176Z ERROR [KafkaConsumer-88] payment_gateway.kafka - Kafka Consumer Lag Critical: Topic 'payment-events' partition 0 lag is 47609.

2026-08-30T18:53:20.403277Z CRITICAL [PaymentWorker-69] payment_gateway.processor - Payment transaction tx_30483 failed with HTTP 502 Bad Gateway.
  Request Context: {"amount": 122, "currency": "USD", "gateway": "Stripe-v2", "attempt": 3}
  Exception: org.apache.http.conn.HttpHostConnectException: Connect to 10.244.2.45:8080 failed: Connection refused
    at org.apache.http.impl.conn.DefaultHttpClientConnectionOperator.connect(DefaultHttpClientConnectionOperator.java:159)
    at org.apache.http.impl.conn.PoolingHttpClientConnectionManager.connect(PoolingHttpClientConnectionManager.java:376)

2026-08-30T18:53:32.427574Z CRITICAL [PaymentWorker-66] payment_gateway.processor - Payment transaction tx_70236 failed with HTTP 502 Bad Gateway.
  Request Context: {"amount": 169, "currency": "USD", "gateway": "Stripe-v2", "attempt": 3}
  Exception: org.apache.http.conn.HttpHostConnectException: Connect to 10.244.2.45:8080 failed: Connection refused
    at org.apache.http.impl.conn.DefaultHttpClientConnectionOperator.connect(DefaultHttpClientConnectionOperator.java:159)
    at org.apache.http.impl.conn.PoolingHttpClientConnectionManager.connect(PoolingHttpClientConnectionManager.java:376)

2026-08-30T18:53:41.452160Z ERROR [KafkaConsumer-61] payment_gateway.kafka - Kafka Consumer Lag Critical: Topic 'payment-events' partition 2 lag is 45595.

2026-08-30T18:53:44.468294Z ERROR [KafkaConsumer-54] payment_gateway.kafka - Kafka Consumer Lag Critical: Topic 'payment-events' partition 0 lag is 72549.

2026-08-30T18:53:50.481802Z ERROR [KafkaConsumer-18] payment_gateway.kafka - Kafka Consumer Lag Critical: Topic 'payment-events' partition 2 lag is 67504.

2026-08-30T18:53:56.517008Z CRITICAL [PaymentWorker-52] payment_gateway.processor - Payment transaction tx_93672 failed with HTTP 502 Bad Gateway.
  Request Context: {"amount": 215, "currency": "USD", "gateway": "Stripe-v2", "attempt": 3}
  Exception: org.apache.http.conn.HttpHostConnectException: Connect to 10.244.2.45:8080 failed: Connection refused
    at org.apache.http.impl.conn.DefaultHttpClientConnectionOperator.connect(DefaultHttpClientConnectionOperator.java:159)
    at org.apache.http.impl.conn.PoolingHttpClientConnectionManager.connect(PoolingHttpClientConnectionManager.java:376)

2026-08-30T18:54:05.543381Z CRITICAL [PaymentWorker-28] payment_gateway.processor - Payment transaction tx_83037 failed with HTTP 502 Bad Gateway.
  Request Context: {"amount": 473, "currency": "USD", "gateway": "Stripe-v2", "attempt": 3}
  Exception: org.apache.http.conn.HttpHostConnectException: Connect to 10.244.2.45:8080 failed: Connection refused
    at org.apache.http.impl.conn.DefaultHttpClientConnectionOperator.connect(DefaultHttpClientConnectionOperator.java:159)
    at org.apache.http.impl.conn.PoolingHttpClientConnectionManager.connect(PoolingHttpClientConnectionManager.java:376)

2026-08-30T18:54:08.552912Z ERROR [KafkaConsumer-79] payment_gateway.kafka - Kafka Consumer Lag Critical: Topic 'payment-events' partition 0 lag is 63703.

2026-08-30T18:54:14.566356Z ERROR [KafkaConsumer-54] payment_gateway.kafka - Kafka Consumer Lag Critical: Topic 'payment-events' partition 2 lag is 68009.

2026-08-30T18:54:35.684102Z ERROR [KafkaConsumer-69] payment_gateway.kafka - Kafka Consumer Lag Critical: Topic 'payment-events' partition 3 lag is 56031.

2026-08-30T18:54:50.717494Z CRITICAL [PaymentWorker-44] payment_gateway.processor - Payment transaction tx_34401 failed with HTTP 502 Bad Gateway.
  Request Context: {"amount": 251, "currency": "USD", "gateway": "Stripe-v2", "attempt": 3}
  Exception: org.apache.http.conn.HttpHostConnectException: Connect to 10.244.2.45:8080 failed: Connection refused
    at org.apache.http.impl.conn.DefaultHttpClientConnectionOperator.connect(DefaultHttpClientConnectionOperator.java:159)
    at org.apache.http.impl.conn.PoolingHttpClientConnectionManager.connect(PoolingHttpClientConnectionManager.java:376)

2026-08-30T18:55:05.764129Z ERROR [KafkaConsumer-68] payment_gateway.kafka - Kafka Consumer Lag Critical: Topic 'payment-events' partition 3 lag is 67826.

2026-08-30T18:55:23.813102Z CRITICAL [PaymentWorker-12] payment_gateway.processor - Payment transaction tx_10237 failed with HTTP 502 Bad Gateway.
  Request Context: {"amount": 354, "currency": "USD", "gateway": "Stripe-v2", "attempt": 3}
  Exception: org.apache.http.conn.HttpHostConnectException: Connect to 10.244.2.45:8080 failed: Connection refused
    at org.apache.http.impl.conn.DefaultHttpClientConnectionOperator.connect(DefaultHttpClientConnectionOperator.java:159)
    at org.apache.http.impl.conn.PoolingHttpClientConnectionManager.connect(PoolingHttpClientConnectionManager.java:376)

2026-08-30T18:55:26.823686Z ERROR [KafkaConsumer-48] payment_gateway.kafka - Kafka Consumer Lag Critical: Topic 'payment-events' partition 3 lag is 58826.

2026-08-30T18:55:41.857647Z ERROR [KafkaConsumer-56] payment_gateway.kafka - Kafka Consumer Lag Critical: Topic 'payment-events' partition 3 lag is 57187.

2026-08-30T18:55:50.879216Z CRITICAL [PaymentWorker-68] payment_gateway.processor - Payment transaction tx_64752 failed with HTTP 502 Bad Gateway.
  Request Context: {"amount": 273, "currency": "USD", "gateway": "Stripe-v2", "attempt": 3}
  Exception: org.apache.http.conn.HttpHostConnectException: Connect to 10.244.2.45:8080 failed: Connection refused
    at org.apache.http.impl.conn.DefaultHttpClientConnectionOperator.connect(DefaultHttpClientConnectionOperator.java:159)
    at org.apache.http.impl.conn.PoolingHttpClientConnectionManager.connect(PoolingHttpClientConnectionManager.java:376)

2026-08-30T18:55:53.884915Z ERROR [KafkaConsumer-59] payment_gateway.kafka - Kafka Consumer Lag Critical: Topic 'payment-events' partition 3 lag is 40250.

2026-08-30T18:55:56.900293Z ERROR [KafkaConsumer-68] payment_gateway.kafka - Kafka Consumer Lag Critical: Topic 'payment-events' partition 3 lag is 45230.

2026-08-30T18:55:59.906173Z ERROR [KafkaConsumer-46] payment_gateway.kafka - Kafka Consumer Lag Critical: Topic 'payment-events' partition 3 lag is 60062.

2026-08-30T18:56:05.918998Z CRITICAL [PaymentWorker-26] payment_gateway.processor - Payment transaction tx_49991 failed with HTTP 502 Bad Gateway.
  Request Context: {"amount": 335, "currency": "USD", "gateway": "Stripe-v2", "attempt": 3}
  Exception: org.apache.http.conn.HttpHostConnectException: Connect to 10.244.2.45:8080 failed: Connection refused
    at org.apache.http.impl.conn.DefaultHttpClientConnectionOperator.connect(DefaultHttpClientConnectionOperator.java:159)
    at org.apache.http.impl.conn.PoolingHttpClientConnectionManager.connect(PoolingHttpClientConnectionManager.java:376)

2026-08-30T18:56:29.978691Z CRITICAL [PaymentWorker-87] payment_gateway.processor - Payment transaction tx_64869 failed with HTTP 502 Bad Gateway.
  Request Context: {"amount": 456, "currency": "USD", "gateway": "Stripe-v2", "attempt": 3}
  Exception: org.apache.http.conn.HttpHostConnectException: Connect to 10.244.2.45:8080 failed: Connection refused
    at org.apache.http.impl.conn.DefaultHttpClientConnectionOperator.connect(DefaultHttpClientConnectionOperator.java:159)
    at org.apache.http.impl.conn.PoolingHttpClientConnectionManager.connect(PoolingHttpClientConnectionManager.java:376)

2026-08-30T18:56:38.999102Z ERROR [KafkaConsumer-73] payment_gateway.kafka - Kafka Consumer Lag Critical: Topic 'payment-events' partition 0 lag is 46492.

2026-08-30T18:56:51.029758Z CRITICAL [PaymentWorker-65] payment_gateway.processor - Payment transaction tx_37025 failed with HTTP 502 Bad Gateway.
  Request Context: {"amount": 281, "currency": "USD", "gateway": "Stripe-v2", "attempt": 3}
  Exception: org.apache.http.conn.HttpHostConnectException: Connect to 10.244.2.45:8080 failed: Connection refused
    at org.apache.http.impl.conn.DefaultHttpClientConnectionOperator.connect(DefaultHttpClientConnectionOperator.java:159)
    at org.apache.http.impl.conn.PoolingHttpClientConnectionManager.connect(PoolingHttpClientConnectionManager.java:376)

2026-08-30T18:57:21.129552Z CRITICAL [PaymentWorker-64] payment_gateway.processor - Payment transaction tx_33904 failed with HTTP 502 Bad Gateway.
  Request Context: {"amount": 47, "currency": "USD", "gateway": "Stripe-v2", "attempt": 3}
  Exception: org.apache.http.conn.HttpHostConnectException: Connect to 10.244.2.45:8080 failed: Connection refused
    at org.apache.http.impl.conn.DefaultHttpClientConnectionOperator.connect(DefaultHttpClientConnectionOperator.java:159)
    at org.apache.http.impl.conn.PoolingHttpClientConnectionManager.connect(PoolingHttpClientConnectionManager.java:376)

2026-08-30T18:57:24.135880Z CRITICAL [PaymentWorker-16] payment_gateway.processor - Payment transaction tx_44707 failed with HTTP 502 Bad Gateway.
  Request Context: {"amount": 435, "currency": "USD", "gateway": "Stripe-v2", "attempt": 3}
  Exception: org.apache.http.conn.HttpHostConnectException: Connect to 10.244.2.45:8080 failed: Connection refused
    at org.apache.http.impl.conn.DefaultHttpClientConnectionOperator.connect(DefaultHttpClientConnectionOperator.java:159)
    at org.apache.http.impl.conn.PoolingHttpClientConnectionManager.connect(PoolingHttpClientConnectionManager.java:376)

2026-08-30T18:57:27.141573Z ERROR [KafkaConsumer-84] payment_gateway.kafka - Kafka Consumer Lag Critical: Topic 'payment-events' partition 2 lag is 58610.

2026-08-30T18:57:30.149858Z CRITICAL [PaymentWorker-31] payment_gateway.processor - Payment transaction tx_76977 failed with HTTP 502 Bad Gateway.
  Request Context: {"amount": 238, "currency": "USD", "gateway": "Stripe-v2", "attempt": 3}
  Exception: org.apache.http.conn.HttpHostConnectException: Connect to 10.244.2.45:8080 failed: Connection refused
    at org.apache.http.impl.conn.DefaultHttpClientConnectionOperator.connect(DefaultHttpClientConnectionOperator.java:159)
    at org.apache.http.impl.conn.PoolingHttpClientConnectionManager.connect(PoolingHttpClientConnectionManager.java:376)

2026-08-30T18:57:45.182181Z CRITICAL [PaymentWorker-68] payment_gateway.processor - Payment transaction tx_21546 failed with HTTP 502 Bad Gateway.
  Request Context: {"amount": 227, "currency": "USD", "gateway": "Stripe-v2", "attempt": 3}
  Exception: org.apache.http.conn.HttpHostConnectException: Connect to 10.244.2.45:8080 failed: Connection refused
    at org.apache.http.impl.conn.DefaultHttpClientConnectionOperator.connect(DefaultHttpClientConnectionOperator.java:159)
    at org.apache.http.impl.conn.PoolingHttpClientConnectionManager.connect(PoolingHttpClientConnectionManager.java:376)

2026-08-30T18:57:51.195584Z ERROR [KafkaConsumer-25] payment_gateway.kafka - Kafka Consumer Lag Critical: Topic 'payment-events' partition 1 lag is 43537.

2026-08-30T18:57:54.200885Z ERROR [KafkaConsumer-54] payment_gateway.kafka - Kafka Consumer Lag Critical: Topic 'payment-events' partition 3 lag is 53655.

2026-08-30T18:58:30.295330Z ERROR [KafkaConsumer-25] payment_gateway.kafka - Kafka Consumer Lag Critical: Topic 'payment-events' partition 0 lag is 52887.

2026-08-30T18:58:39.315120Z CRITICAL [PaymentWorker-72] payment_gateway.processor - Payment transaction tx_47532 failed with HTTP 502 Bad Gateway.
  Request Context: {"amount": 352, "currency": "USD", "gateway": "Stripe-v2", "attempt": 3}
  Exception: org.apache.http.conn.HttpHostConnectException: Connect to 10.244.2.45:8080 failed: Connection refused
    at org.apache.http.impl.conn.DefaultHttpClientConnectionOperator.connect(DefaultHttpClientConnectionOperator.java:159)
    at org.apache.http.impl.conn.PoolingHttpClientConnectionManager.connect(PoolingHttpClientConnectionManager.java:376)

2026-08-30T18:58:45.334412Z CRITICAL [PaymentWorker-63] payment_gateway.processor - Payment transaction tx_18768 failed with HTTP 502 Bad Gateway.
  Request Context: {"amount": 24, "currency": "USD", "gateway": "Stripe-v2", "attempt": 3}
  Exception: org.apache.http.conn.HttpHostConnectException: Connect to 10.244.2.45:8080 failed: Connection refused
    at org.apache.http.impl.conn.DefaultHttpClientConnectionOperator.connect(DefaultHttpClientConnectionOperator.java:159)
    at org.apache.http.impl.conn.PoolingHttpClientConnectionManager.connect(PoolingHttpClientConnectionManager.java:376)

2026-08-30T18:58:48.341036Z ERROR [KafkaConsumer-83] payment_gateway.kafka - Kafka Consumer Lag Critical: Topic 'payment-events' partition 2 lag is 45409.

2026-08-30T18:59:24.448895Z ERROR [KafkaConsumer-76] payment_gateway.kafka - Kafka Consumer Lag Critical: Topic 'payment-events' partition 0 lag is 49926.

2026-08-30T18:59:36.483371Z ERROR [KafkaConsumer-64] payment_gateway.kafka - Kafka Consumer Lag Critical: Topic 'payment-events' partition 1 lag is 49818.

2026-08-30T18:59:39.497149Z CRITICAL [PaymentWorker-23] payment_gateway.processor - Payment transaction tx_77537 failed with HTTP 502 Bad Gateway.
  Request Context: {"amount": 19, "currency": "USD", "gateway": "Stripe-v2", "attempt": 3}
  Exception: org.apache.http.conn.HttpHostConnectException: Connect to 10.244.2.45:8080 failed: Connection refused
    at org.apache.http.impl.conn.DefaultHttpClientConnectionOperator.connect(DefaultHttpClientConnectionOperator.java:159)
    at org.apache.http.impl.conn.PoolingHttpClientConnectionManager.connect(PoolingHttpClientConnectionManager.java:376)

2026-08-30T18:59:42.513359Z ERROR [KafkaConsumer-31] payment_gateway.kafka - Kafka Consumer Lag Critical: Topic 'payment-events' partition 2 lag is 48380.

2026-08-30T18:59:48.526336Z CRITICAL [PaymentWorker-95] payment_gateway.processor - Payment transaction tx_27214 failed with HTTP 502 Bad Gateway.
  Request Context: {"amount": 489, "currency": "USD", "gateway": "Stripe-v2", "attempt": 3}
  Exception: org.apache.http.conn.HttpHostConnectException: Connect to 10.244.2.45:8080 failed: Connection refused
    at org.apache.http.impl.conn.DefaultHttpClientConnectionOperator.connect(DefaultHttpClientConnectionOperator.java:159)
    at org.apache.http.impl.conn.PoolingHttpClientConnectionManager.connect(PoolingHttpClientConnectionManager.java:376)

2026-08-30T19:00:06.577622Z ERROR [KafkaConsumer-83] payment_gateway.kafka - Kafka Consumer Lag Critical: Topic 'payment-events' partition 3 lag is 50044.

2026-08-30T19:00:12.599749Z ERROR [KafkaConsumer-37] payment_gateway.kafka - Kafka Consumer Lag Critical: Topic 'payment-events' partition 1 lag is 76238.

2026-08-30T19:00:42.675247Z ERROR [KafkaConsumer-74] payment_gateway.kafka - Kafka Consumer Lag Critical: Topic 'payment-events' partition 3 lag is 63291.

2026-08-30T19:00:45.682259Z CRITICAL [PaymentWorker-14] payment_gateway.processor - Payment transaction tx_52217 failed with HTTP 502 Bad Gateway.
  Request Context: {"amount": 28, "currency": "USD", "gateway": "Stripe-v2", "attempt": 3}
  Exception: org.apache.http.conn.HttpHostConnectException: Connect to 10.244.2.45:8080 failed: Connection refused
    at org.apache.http.impl.conn.DefaultHttpClientConnectionOperator.connect(DefaultHttpClientConnectionOperator.java:159)
    at org.apache.http.impl.conn.PoolingHttpClientConnectionManager.connect(PoolingHttpClientConnectionManager.java:376)

2026-08-30T19:00:48.695922Z CRITICAL [PaymentWorker-36] payment_gateway.processor - Payment transaction tx_62588 failed with HTTP 502 Bad Gateway.
  Request Context: {"amount": 83, "currency": "USD", "gateway": "Stripe-v2", "attempt": 3}
  Exception: org.apache.http.conn.HttpHostConnectException: Connect to 10.244.2.45:8080 failed: Connection refused
    at org.apache.http.impl.conn.DefaultHttpClientConnectionOperator.connect(DefaultHttpClientConnectionOperator.java:159)
    at org.apache.http.impl.conn.PoolingHttpClientConnectionManager.connect(PoolingHttpClientConnectionManager.java:376)

2026-08-30T19:00:51.701945Z CRITICAL [PaymentWorker-32] payment_gateway.processor - Payment transaction tx_68076 failed with HTTP 502 Bad Gateway.
  Request Context: {"amount": 304, "currency": "USD", "gateway": "Stripe-v2", "attempt": 3}
  Exception: org.apache.http.conn.HttpHostConnectException: Connect to 10.244.2.45:8080 failed: Connection refused
    at org.apache.http.impl.conn.DefaultHttpClientConnectionOperator.connect(DefaultHttpClientConnectionOperator.java:159)
    at org.apache.http.impl.conn.PoolingHttpClientConnectionManager.connect(PoolingHttpClientConnectionManager.java:376)

2026-08-30T19:00:57.718558Z CRITICAL [PaymentWorker-15] payment_gateway.processor - Payment transaction tx_34577 failed with HTTP 502 Bad Gateway.
  Request Context: {"amount": 203, "currency": "USD", "gateway": "Stripe-v2", "attempt": 3}
  Exception: org.apache.http.conn.HttpHostConnectException: Connect to 10.244.2.45:8080 failed: Connection refused
    at org.apache.http.impl.conn.DefaultHttpClientConnectionOperator.connect(DefaultHttpClientConnectionOperator.java:159)
    at org.apache.http.impl.conn.PoolingHttpClientConnectionManager.connect(PoolingHttpClientConnectionManager.java:376)

2026-08-30T19:01:21.770885Z ERROR [KafkaConsumer-20] payment_gateway.kafka - Kafka Consumer Lag Critical: Topic 'payment-events' partition 3 lag is 77632.

2026-08-30T19:01:27.783590Z CRITICAL [PaymentWorker-31] payment_gateway.processor - Payment transaction tx_81105 failed with HTTP 502 Bad Gateway.
  Request Context: {"amount": 283, "currency": "USD", "gateway": "Stripe-v2", "attempt": 3}
  Exception: org.apache.http.conn.HttpHostConnectException: Connect to 10.244.2.45:8080 failed: Connection refused
    at org.apache.http.impl.conn.DefaultHttpClientConnectionOperator.connect(DefaultHttpClientConnectionOperator.java:159)
    at org.apache.http.impl.conn.PoolingHttpClientConnectionManager.connect(PoolingHttpClientConnectionManager.java:376)

2026-08-30T19:01:42.813711Z CRITICAL [PaymentWorker-84] payment_gateway.processor - Payment transaction tx_45106 failed with HTTP 502 Bad Gateway.
  Request Context: {"amount": 235, "currency": "USD", "gateway": "Stripe-v2", "attempt": 3}
  Exception: org.apache.http.conn.HttpHostConnectException: Connect to 10.244.2.45:8080 failed: Connection refused
    at org.apache.http.impl.conn.DefaultHttpClientConnectionOperator.connect(DefaultHttpClientConnectionOperator.java:159)
    at org.apache.http.impl.conn.PoolingHttpClientConnectionManager.connect(PoolingHttpClientConnectionManager.java:376)

2026-08-30T19:01:51.833054Z CRITICAL [PaymentWorker-72] payment_gateway.processor - Payment transaction tx_75238 failed with HTTP 502 Bad Gateway.
  Request Context: {"amount": 269, "currency": "USD", "gateway": "Stripe-v2", "attempt": 3}
  Exception: org.apache.http.conn.HttpHostConnectException: Connect to 10.244.2.45:8080 failed: Connection refused
    at org.apache.http.impl.conn.DefaultHttpClientConnectionOperator.connect(DefaultHttpClientConnectionOperator.java:159)
    at org.apache.http.impl.conn.PoolingHttpClientConnectionManager.connect(PoolingHttpClientConnectionManager.java:376)

2026-08-30T19:01:57.845245Z CRITICAL [PaymentWorker-20] payment_gateway.processor - Payment transaction tx_15685 failed with HTTP 502 Bad Gateway.
  Request Context: {"amount": 489, "currency": "USD", "gateway": "Stripe-v2", "attempt": 3}
  Exception: org.apache.http.conn.HttpHostConnectException: Connect to 10.244.2.45:8080 failed: Connection refused
    at org.apache.http.impl.conn.DefaultHttpClientConnectionOperator.connect(DefaultHttpClientConnectionOperator.java:159)
    at org.apache.http.impl.conn.PoolingHttpClientConnectionManager.connect(PoolingHttpClientConnectionManager.java:376)

2026-08-30T19:02:03.858063Z ERROR [KafkaConsumer-80] payment_gateway.kafka - Kafka Consumer Lag Critical: Topic 'payment-events' partition 3 lag is 70917.

2026-08-30T19:02:12.890419Z ERROR [KafkaConsumer-27] payment_gateway.kafka - Kafka Consumer Lag Critical: Topic 'payment-events' partition 0 lag is 59839.

2026-08-30T19:02:33.943041Z CRITICAL [PaymentWorker-53] payment_gateway.processor - Payment transaction tx_83674 failed with HTTP 502 Bad Gateway.
  Request Context: {"amount": 129, "currency": "USD", "gateway": "Stripe-v2", "attempt": 3}
  Exception: org.apache.http.conn.HttpHostConnectException: Connect to 10.244.2.45:8080 failed: Connection refused
    at org.apache.http.impl.conn.DefaultHttpClientConnectionOperator.connect(DefaultHttpClientConnectionOperator.java:159)
    at org.apache.http.impl.conn.PoolingHttpClientConnectionManager.connect(PoolingHttpClientConnectionManager.java:376)

2026-08-30T19:02:54.988807Z CRITICAL [PaymentWorker-53] payment_gateway.processor - Payment transaction tx_60899 failed with HTTP 502 Bad Gateway.
  Request Context: {"amount": 97, "currency": "USD", "gateway": "Stripe-v2", "attempt": 3}
  Exception: org.apache.http.conn.HttpHostConnectException: Connect to 10.244.2.45:8080 failed: Connection refused
    at org.apache.http.impl.conn.DefaultHttpClientConnectionOperator.connect(DefaultHttpClientConnectionOperator.java:159)
    at org.apache.http.impl.conn.PoolingHttpClientConnectionManager.connect(PoolingHttpClientConnectionManager.java:376)

2026-08-30T19:03:07.015465Z CRITICAL [PaymentWorker-24] payment_gateway.processor - Payment transaction tx_27107 failed with HTTP 502 Bad Gateway.
  Request Context: {"amount": 378, "currency": "USD", "gateway": "Stripe-v2", "attempt": 3}
  Exception: org.apache.http.conn.HttpHostConnectException: Connect to 10.244.2.45:8080 failed: Connection refused
    at org.apache.http.impl.conn.DefaultHttpClientConnectionOperator.connect(DefaultHttpClientConnectionOperator.java:159)
    at org.apache.http.impl.conn.PoolingHttpClientConnectionManager.connect(PoolingHttpClientConnectionManager.java:376)

2026-08-30T19:03:19.047658Z ERROR [KafkaConsumer-81] payment_gateway.kafka - Kafka Consumer Lag Critical: Topic 'payment-events' partition 2 lag is 77813.

2026-08-30T19:03:22.110804Z CRITICAL [PaymentWorker-33] payment_gateway.processor - Payment transaction tx_26795 failed with HTTP 502 Bad Gateway.
  Request Context: {"amount": 328, "currency": "USD", "gateway": "Stripe-v2", "attempt": 3}
  Exception: org.apache.http.conn.HttpHostConnectException: Connect to 10.244.2.45:8080 failed: Connection refused
    at org.apache.http.impl.conn.DefaultHttpClientConnectionOperator.connect(DefaultHttpClientConnectionOperator.java:159)
    at org.apache.http.impl.conn.PoolingHttpClientConnectionManager.connect(PoolingHttpClientConnectionManager.java:376)

2026-08-30T19:03:25.366852Z ERROR [KafkaConsumer-94] payment_gateway.kafka - Kafka Consumer Lag Critical: Topic 'payment-events' partition 3 lag is 57925.

2026-08-30T19:03:28.373921Z ERROR [KafkaConsumer-71] payment_gateway.kafka - Kafka Consumer Lag Critical: Topic 'payment-events' partition 1 lag is 60484.

2026-08-30T19:03:34.391915Z CRITICAL [PaymentWorker-60] payment_gateway.processor - Payment transaction tx_75851 failed with HTTP 502 Bad Gateway.
  Request Context: {"amount": 189, "currency": "USD", "gateway": "Stripe-v2", "attempt": 3}
  Exception: org.apache.http.conn.HttpHostConnectException: Connect to 10.244.2.45:8080 failed: Connection refused
    at org.apache.http.impl.conn.DefaultHttpClientConnectionOperator.connect(DefaultHttpClientConnectionOperator.java:159)
    at org.apache.http.impl.conn.PoolingHttpClientConnectionManager.connect(PoolingHttpClientConnectionManager.java:376)

2026-08-30T19:04:27.567784Z CRITICAL [PaymentWorker-19] payment_gateway.processor - Payment transaction tx_22782 failed with HTTP 502 Bad Gateway.
  Request Context: {"amount": 390, "currency": "USD", "gateway": "Stripe-v2", "attempt": 3}
  Exception: org.apache.http.conn.HttpHostConnectException: Connect to 10.244.2.45:8080 failed: Connection refused
    at org.apache.http.impl.conn.DefaultHttpClientConnectionOperator.connect(DefaultHttpClientConnectionOperator.java:159)
    at org.apache.http.impl.conn.PoolingHttpClientConnectionManager.connect(PoolingHttpClientConnectionManager.java:376)

2026-08-30T19:04:30.573519Z ERROR [KafkaConsumer-68] payment_gateway.kafka - Kafka Consumer Lag Critical: Topic 'payment-events' partition 2 lag is 49286.

2026-08-30T19:04:33.579296Z ERROR [KafkaConsumer-44] payment_gateway.kafka - Kafka Consumer Lag Critical: Topic 'payment-events' partition 1 lag is 55964.

2026-08-30T19:04:45.602553Z CRITICAL [PaymentWorker-20] payment_gateway.processor - Payment transaction tx_55791 failed with HTTP 502 Bad Gateway.
  Request Context: {"amount": 223, "currency": "USD", "gateway": "Stripe-v2", "attempt": 3}
  Exception: org.apache.http.conn.HttpHostConnectException: Connect to 10.244.2.45:8080 failed: Connection refused
    at org.apache.http.impl.conn.DefaultHttpClientConnectionOperator.connect(DefaultHttpClientConnectionOperator.java:159)
    at org.apache.http.impl.conn.PoolingHttpClientConnectionManager.connect(PoolingHttpClientConnectionManager.java:376)

2026-08-30T19:05:06.705357Z CRITICAL [PaymentWorker-13] payment_gateway.processor - Payment transaction tx_69383 failed with HTTP 502 Bad Gateway.
  Request Context: {"amount": 468, "currency": "USD", "gateway": "Stripe-v2", "attempt": 3}
  Exception: org.apache.http.conn.HttpHostConnectException: Connect to 10.244.2.45:8080 failed: Connection refused
    at org.apache.http.impl.conn.DefaultHttpClientConnectionOperator.connect(DefaultHttpClientConnectionOperator.java:159)
    at org.apache.http.impl.conn.PoolingHttpClientConnectionManager.connect(PoolingHttpClientConnectionManager.java:376)

2026-08-30T19:05:12.807272Z ERROR [KafkaConsumer-48] payment_gateway.kafka - Kafka Consumer Lag Critical: Topic 'payment-events' partition 3 lag is 56084.

2026-08-30T19:05:15.813153Z ERROR [KafkaConsumer-54] payment_gateway.kafka - Kafka Consumer Lag Critical: Topic 'payment-events' partition 2 lag is 64428.

2026-08-30T19:05:24.829855Z CRITICAL [PaymentWorker-60] payment_gateway.processor - Payment transaction tx_71399 failed with HTTP 502 Bad Gateway.
  Request Context: {"amount": 221, "currency": "USD", "gateway": "Stripe-v2", "attempt": 3}
  Exception: org.apache.http.conn.HttpHostConnectException: Connect to 10.244.2.45:8080 failed: Connection refused
    at org.apache.http.impl.conn.DefaultHttpClientConnectionOperator.connect(DefaultHttpClientConnectionOperator.java:159)
    at org.apache.http.impl.conn.PoolingHttpClientConnectionManager.connect(PoolingHttpClientConnectionManager.java:376)

2026-08-30T19:05:27.835503Z CRITICAL [PaymentWorker-52] payment_gateway.processor - Payment transaction tx_71459 failed with HTTP 502 Bad Gateway.
  Request Context: {"amount": 48, "currency": "USD", "gateway": "Stripe-v2", "attempt": 3}
  Exception: org.apache.http.conn.HttpHostConnectException: Connect to 10.244.2.45:8080 failed: Connection refused
    at org.apache.http.impl.conn.DefaultHttpClientConnectionOperator.connect(DefaultHttpClientConnectionOperator.java:159)
    at org.apache.http.impl.conn.PoolingHttpClientConnectionManager.connect(PoolingHttpClientConnectionManager.java:376)

2026-08-30T19:05:45.867298Z CRITICAL [PaymentWorker-46] payment_gateway.processor - Payment transaction tx_68842 failed with HTTP 502 Bad Gateway.
  Request Context: {"amount": 120, "currency": "USD", "gateway": "Stripe-v2", "attempt": 3}
  Exception: org.apache.http.conn.HttpHostConnectException: Connect to 10.244.2.45:8080 failed: Connection refused
    at org.apache.http.impl.conn.DefaultHttpClientConnectionOperator.connect(DefaultHttpClientConnectionOperator.java:159)
    at org.apache.http.impl.conn.PoolingHttpClientConnectionManager.connect(PoolingHttpClientConnectionManager.java:376)

2026-08-30T19:06:03.899267Z CRITICAL [PaymentWorker-90] payment_gateway.processor - Payment transaction tx_65123 failed with HTTP 502 Bad Gateway.
  Request Context: {"amount": 402, "currency": "USD", "gateway": "Stripe-v2", "attempt": 3}
  Exception: org.apache.http.conn.HttpHostConnectException: Connect to 10.244.2.45:8080 failed: Connection refused
    at org.apache.http.impl.conn.DefaultHttpClientConnectionOperator.connect(DefaultHttpClientConnectionOperator.java:159)
    at org.apache.http.impl.conn.PoolingHttpClientConnectionManager.connect(PoolingHttpClientConnectionManager.java:376)

2026-08-30T19:06:24.938648Z CRITICAL [PaymentWorker-41] payment_gateway.processor - Payment transaction tx_18942 failed with HTTP 502 Bad Gateway.
  Request Context: {"amount": 121, "currency": "USD", "gateway": "Stripe-v2", "attempt": 3}
  Exception: org.apache.http.conn.HttpHostConnectException: Connect to 10.244.2.45:8080 failed: Connection refused
    at org.apache.http.impl.conn.DefaultHttpClientConnectionOperator.connect(DefaultHttpClientConnectionOperator.java:159)
    at org.apache.http.impl.conn.PoolingHttpClientConnectionManager.connect(PoolingHttpClientConnectionManager.java:376)

2026-08-30T19:06:27.943460Z ERROR [KafkaConsumer-26] payment_gateway.kafka - Kafka Consumer Lag Critical: Topic 'payment-events' partition 0 lag is 73761.

2026-08-30T19:06:49.029598Z ERROR [KafkaConsumer-72] payment_gateway.kafka - Kafka Consumer Lag Critical: Topic 'payment-events' partition 2 lag is 55484.

2026-08-30T19:06:52.036913Z CRITICAL [PaymentWorker-48] payment_gateway.processor - Payment transaction tx_75834 failed with HTTP 502 Bad Gateway.
  Request Context: {"amount": 337, "currency": "USD", "gateway": "Stripe-v2", "attempt": 3}
  Exception: org.apache.http.conn.HttpHostConnectException: Connect to 10.244.2.45:8080 failed: Connection refused
    at org.apache.http.impl.conn.DefaultHttpClientConnectionOperator.connect(DefaultHttpClientConnectionOperator.java:159)
    at org.apache.http.impl.conn.PoolingHttpClientConnectionManager.connect(PoolingHttpClientConnectionManager.java:376)

2026-08-30T19:06:55.043750Z ERROR [KafkaConsumer-47] payment_gateway.kafka - Kafka Consumer Lag Critical: Topic 'payment-events' partition 2 lag is 60874.

2026-08-30T19:07:01.067661Z CRITICAL [PaymentWorker-47] payment_gateway.processor - Payment transaction tx_23593 failed with HTTP 502 Bad Gateway.
  Request Context: {"amount": 248, "currency": "USD", "gateway": "Stripe-v2", "attempt": 3}
  Exception: org.apache.http.conn.HttpHostConnectException: Connect to 10.244.2.45:8080 failed: Connection refused
    at org.apache.http.impl.conn.DefaultHttpClientConnectionOperator.connect(DefaultHttpClientConnectionOperator.java:159)
    at org.apache.http.impl.conn.PoolingHttpClientConnectionManager.connect(PoolingHttpClientConnectionManager.java:376)

2026-08-30T19:07:04.081071Z ERROR [KafkaConsumer-67] payment_gateway.kafka - Kafka Consumer Lag Critical: Topic 'payment-events' partition 3 lag is 64139.

2026-08-30T19:07:13.097306Z ERROR [KafkaConsumer-88] payment_gateway.kafka - Kafka Consumer Lag Critical: Topic 'payment-events' partition 2 lag is 74876.

2026-08-30T19:07:22.119336Z ERROR [KafkaConsumer-85] payment_gateway.kafka - Kafka Consumer Lag Critical: Topic 'payment-events' partition 3 lag is 56386.

2026-08-30T19:07:37.263607Z CRITICAL [PaymentWorker-99] payment_gateway.processor - Payment transaction tx_49822 failed with HTTP 502 Bad Gateway.
  Request Context: {"amount": 311, "currency": "USD", "gateway": "Stripe-v2", "attempt": 3}
  Exception: org.apache.http.conn.HttpHostConnectException: Connect to 10.244.2.45:8080 failed: Connection refused
    at org.apache.http.impl.conn.DefaultHttpClientConnectionOperator.connect(DefaultHttpClientConnectionOperator.java:159)
    at org.apache.http.impl.conn.PoolingHttpClientConnectionManager.connect(PoolingHttpClientConnectionManager.java:376)

2026-08-30T19:07:43.328009Z ERROR [KafkaConsumer-17] payment_gateway.kafka - Kafka Consumer Lag Critical: Topic 'payment-events' partition 2 lag is 72169.

2026-08-30T19:07:49.340642Z ERROR [KafkaConsumer-40] payment_gateway.kafka - Kafka Consumer Lag Critical: Topic 'payment-events' partition 1 lag is 74432.

2026-08-30T19:07:52.346759Z ERROR [KafkaConsumer-64] payment_gateway.kafka - Kafka Consumer Lag Critical: Topic 'payment-events' partition 3 lag is 53441.

2026-08-30T19:08:19.437306Z ERROR [KafkaConsumer-43] payment_gateway.kafka - Kafka Consumer Lag Critical: Topic 'payment-events' partition 2 lag is 76756.

2026-08-30T19:08:22.442844Z CRITICAL [PaymentWorker-88] payment_gateway.processor - Payment transaction tx_66025 failed with HTTP 502 Bad Gateway.
  Request Context: {"amount": 24, "currency": "USD", "gateway": "Stripe-v2", "attempt": 3}
  Exception: org.apache.http.conn.HttpHostConnectException: Connect to 10.244.2.45:8080 failed: Connection refused
    at org.apache.http.impl.conn.DefaultHttpClientConnectionOperator.connect(DefaultHttpClientConnectionOperator.java:159)
    at org.apache.http.impl.conn.PoolingHttpClientConnectionManager.connect(PoolingHttpClientConnectionManager.java:376)

2026-08-30T19:08:25.447958Z ERROR [KafkaConsumer-69] payment_gateway.kafka - Kafka Consumer Lag Critical: Topic 'payment-events' partition 1 lag is 44940.

2026-08-30T19:08:31.466754Z ERROR [KafkaConsumer-48] payment_gateway.kafka - Kafka Consumer Lag Critical: Topic 'payment-events' partition 0 lag is 50691.

2026-08-30T19:08:34.471980Z ERROR [KafkaConsumer-62] payment_gateway.kafka - Kafka Consumer Lag Critical: Topic 'payment-events' partition 0 lag is 50301.

2026-08-30T19:08:37.478335Z ERROR [KafkaConsumer-17] payment_gateway.kafka - Kafka Consumer Lag Critical: Topic 'payment-events' partition 1 lag is 49429.

2026-08-30T19:08:49.500280Z ERROR [KafkaConsumer-61] payment_gateway.kafka - Kafka Consumer Lag Critical: Topic 'payment-events' partition 3 lag is 71326.

2026-08-30T19:08:55.512059Z ERROR [KafkaConsumer-17] payment_gateway.kafka - Kafka Consumer Lag Critical: Topic 'payment-events' partition 0 lag is 46644.

2026-08-30T19:09:07.532858Z CRITICAL [PaymentWorker-73] payment_gateway.processor - Payment transaction tx_81678 failed with HTTP 502 Bad Gateway.
  Request Context: {"amount": 243, "currency": "USD", "gateway": "Stripe-v2", "attempt": 3}
  Exception: org.apache.http.conn.HttpHostConnectException: Connect to 10.244.2.45:8080 failed: Connection refused
    at org.apache.http.impl.conn.DefaultHttpClientConnectionOperator.connect(DefaultHttpClientConnectionOperator.java:159)
    at org.apache.http.impl.conn.PoolingHttpClientConnectionManager.connect(PoolingHttpClientConnectionManager.java:376)

2026-08-30T19:09:16.563346Z CRITICAL [PaymentWorker-43] payment_gateway.processor - Payment transaction tx_59035 failed with HTTP 502 Bad Gateway.
  Request Context: {"amount": 237, "currency": "USD", "gateway": "Stripe-v2", "attempt": 3}
  Exception: org.apache.http.conn.HttpHostConnectException: Connect to 10.244.2.45:8080 failed: Connection refused
    at org.apache.http.impl.conn.DefaultHttpClientConnectionOperator.connect(DefaultHttpClientConnectionOperator.java:159)
    at org.apache.http.impl.conn.PoolingHttpClientConnectionManager.connect(PoolingHttpClientConnectionManager.java:376)

2026-08-30T19:09:34.597449Z ERROR [KafkaConsumer-83] payment_gateway.kafka - Kafka Consumer Lag Critical: Topic 'payment-events' partition 1 lag is 40133.

2026-08-30T19:09:43.613675Z ERROR [KafkaConsumer-44] payment_gateway.kafka - Kafka Consumer Lag Critical: Topic 'payment-events' partition 2 lag is 78745.

2026-08-30T19:09:49.623964Z CRITICAL [PaymentWorker-12] payment_gateway.processor - Payment transaction tx_18030 failed with HTTP 502 Bad Gateway.
  Request Context: {"amount": 435, "currency": "USD", "gateway": "Stripe-v2", "attempt": 3}
  Exception: org.apache.http.conn.HttpHostConnectException: Connect to 10.244.2.45:8080 failed: Connection refused
    at org.apache.http.impl.conn.DefaultHttpClientConnectionOperator.connect(DefaultHttpClientConnectionOperator.java:159)
    at org.apache.http.impl.conn.PoolingHttpClientConnectionManager.connect(PoolingHttpClientConnectionManager.java:376)

2026-08-30T19:09:52.630814Z CRITICAL [PaymentWorker-15] payment_gateway.processor - Payment transaction tx_85196 failed with HTTP 502 Bad Gateway.
  Request Context: {"amount": 429, "currency": "USD", "gateway": "Stripe-v2", "attempt": 3}
  Exception: org.apache.http.conn.HttpHostConnectException: Connect to 10.244.2.45:8080 failed: Connection refused
    at org.apache.http.impl.conn.DefaultHttpClientConnectionOperator.connect(DefaultHttpClientConnectionOperator.java:159)
    at org.apache.http.impl.conn.PoolingHttpClientConnectionManager.connect(PoolingHttpClientConnectionManager.java:376)

2026-08-30T19:10:01.653128Z CRITICAL [PaymentWorker-74] payment_gateway.processor - Payment transaction tx_86296 failed with HTTP 502 Bad Gateway.
  Request Context: {"amount": 364, "currency": "USD", "gateway": "Stripe-v2", "attempt": 3}
  Exception: org.apache.http.conn.HttpHostConnectException: Connect to 10.244.2.45:8080 failed: Connection refused
    at org.apache.http.impl.conn.DefaultHttpClientConnectionOperator.connect(DefaultHttpClientConnectionOperator.java:159)
    at org.apache.http.impl.conn.PoolingHttpClientConnectionManager.connect(PoolingHttpClientConnectionManager.java:376)

2026-08-30T19:10:04.660691Z CRITICAL [PaymentWorker-57] payment_gateway.processor - Payment transaction tx_42042 failed with HTTP 502 Bad Gateway.
  Request Context: {"amount": 56, "currency": "USD", "gateway": "Stripe-v2", "attempt": 3}
  Exception: org.apache.http.conn.HttpHostConnectException: Connect to 10.244.2.45:8080 failed: Connection refused
    at org.apache.http.impl.conn.DefaultHttpClientConnectionOperator.connect(DefaultHttpClientConnectionOperator.java:159)
    at org.apache.http.impl.conn.PoolingHttpClientConnectionManager.connect(PoolingHttpClientConnectionManager.java:376)

2026-08-30T19:10:19.699928Z CRITICAL [PaymentWorker-25] payment_gateway.processor - Payment transaction tx_30581 failed with HTTP 502 Bad Gateway.
  Request Context: {"amount": 45, "currency": "USD", "gateway": "Stripe-v2", "attempt": 3}
  Exception: org.apache.http.conn.HttpHostConnectException: Connect to 10.244.2.45:8080 failed: Connection refused
    at org.apache.http.impl.conn.DefaultHttpClientConnectionOperator.connect(DefaultHttpClientConnectionOperator.java:159)
    at org.apache.http.impl.conn.PoolingHttpClientConnectionManager.connect(PoolingHttpClientConnectionManager.java:376)

2026-08-30T19:10:28.716635Z ERROR [KafkaConsumer-88] payment_gateway.kafka - Kafka Consumer Lag Critical: Topic 'payment-events' partition 0 lag is 47901.

2026-08-30T19:10:34.727709Z CRITICAL [PaymentWorker-36] payment_gateway.processor - Payment transaction tx_96455 failed with HTTP 502 Bad Gateway.
  Request Context: {"amount": 386, "currency": "USD", "gateway": "Stripe-v2", "attempt": 3}
  Exception: org.apache.http.conn.HttpHostConnectException: Connect to 10.244.2.45:8080 failed: Connection refused
    at org.apache.http.impl.conn.DefaultHttpClientConnectionOperator.connect(DefaultHttpClientConnectionOperator.java:159)
    at org.apache.http.impl.conn.PoolingHttpClientConnectionManager.connect(PoolingHttpClientConnectionManager.java:376)

2026-08-30T19:10:43.752473Z CRITICAL [PaymentWorker-91] payment_gateway.processor - Payment transaction tx_95421 failed with HTTP 502 Bad Gateway.
  Request Context: {"amount": 31, "currency": "USD", "gateway": "Stripe-v2", "attempt": 3}
  Exception: org.apache.http.conn.HttpHostConnectException: Connect to 10.244.2.45:8080 failed: Connection refused
    at org.apache.http.impl.conn.DefaultHttpClientConnectionOperator.connect(DefaultHttpClientConnectionOperator.java:159)
    at org.apache.http.impl.conn.PoolingHttpClientConnectionManager.connect(PoolingHttpClientConnectionManager.java:376)

2026-08-30T19:10:49.771375Z ERROR [KafkaConsumer-58] payment_gateway.kafka - Kafka Consumer Lag Critical: Topic 'payment-events' partition 0 lag is 61088.

2026-08-30T19:10:52.776564Z ERROR [KafkaConsumer-67] payment_gateway.kafka - Kafka Consumer Lag Critical: Topic 'payment-events' partition 1 lag is 44136.

2026-08-30T19:10:55.782248Z ERROR [KafkaConsumer-72] payment_gateway.kafka - Kafka Consumer Lag Critical: Topic 'payment-events' partition 3 lag is 44927.

2026-08-30T19:10:58.788124Z ERROR [KafkaConsumer-59] payment_gateway.kafka - Kafka Consumer Lag Critical: Topic 'payment-events' partition 2 lag is 53772.

2026-08-30T19:11:01.799892Z CRITICAL [PaymentWorker-98] payment_gateway.processor - Payment transaction tx_80785 failed with HTTP 502 Bad Gateway.
  Request Context: {"amount": 311, "currency": "USD", "gateway": "Stripe-v2", "attempt": 3}
  Exception: org.apache.http.conn.HttpHostConnectException: Connect to 10.244.2.45:8080 failed: Connection refused
    at org.apache.http.impl.conn.DefaultHttpClientConnectionOperator.connect(DefaultHttpClientConnectionOperator.java:159)
    at org.apache.http.impl.conn.PoolingHttpClientConnectionManager.connect(PoolingHttpClientConnectionManager.java:376)

2026-08-30T19:11:10.816920Z ERROR [KafkaConsumer-84] payment_gateway.kafka - Kafka Consumer Lag Critical: Topic 'payment-events' partition 0 lag is 43063.

2026-08-30T19:11:13.832739Z CRITICAL [PaymentWorker-74] payment_gateway.processor - Payment transaction tx_96095 failed with HTTP 502 Bad Gateway.
  Request Context: {"amount": 471, "currency": "USD", "gateway": "Stripe-v2", "attempt": 3}
  Exception: org.apache.http.conn.HttpHostConnectException: Connect to 10.244.2.45:8080 failed: Connection refused
    at org.apache.http.impl.conn.DefaultHttpClientConnectionOperator.connect(DefaultHttpClientConnectionOperator.java:159)
    at org.apache.http.impl.conn.PoolingHttpClientConnectionManager.connect(PoolingHttpClientConnectionManager.java:376)

2026-08-30T19:11:16.837985Z ERROR [KafkaConsumer-97] payment_gateway.kafka - Kafka Consumer Lag Critical: Topic 'payment-events' partition 3 lag is 48013.

2026-08-30T19:11:19.843531Z CRITICAL [PaymentWorker-78] payment_gateway.processor - Payment transaction tx_42812 failed with HTTP 502 Bad Gateway.
  Request Context: {"amount": 11, "currency": "USD", "gateway": "Stripe-v2", "attempt": 3}
  Exception: org.apache.http.conn.HttpHostConnectException: Connect to 10.244.2.45:8080 failed: Connection refused
    at org.apache.http.impl.conn.DefaultHttpClientConnectionOperator.connect(DefaultHttpClientConnectionOperator.java:159)
    at org.apache.http.impl.conn.PoolingHttpClientConnectionManager.connect(PoolingHttpClientConnectionManager.java:376)

2026-08-30T19:11:43.899114Z CRITICAL [PaymentWorker-44] payment_gateway.processor - Payment transaction tx_39670 failed with HTTP 502 Bad Gateway.
  Request Context: {"amount": 275, "currency": "USD", "gateway": "Stripe-v2", "attempt": 3}
  Exception: org.apache.http.conn.HttpHostConnectException: Connect to 10.244.2.45:8080 failed: Connection refused
    at org.apache.http.impl.conn.DefaultHttpClientConnectionOperator.connect(DefaultHttpClientConnectionOperator.java:159)
    at org.apache.http.impl.conn.PoolingHttpClientConnectionManager.connect(PoolingHttpClientConnectionManager.java:376)

2026-08-30T19:11:49.918971Z ERROR [KafkaConsumer-71] payment_gateway.kafka - Kafka Consumer Lag Critical: Topic 'payment-events' partition 1 lag is 50537.

2026-08-30T19:11:52.924569Z CRITICAL [PaymentWorker-66] payment_gateway.processor - Payment transaction tx_16149 failed with HTTP 502 Bad Gateway.
  Request Context: {"amount": 482, "currency": "USD", "gateway": "Stripe-v2", "attempt": 3}
  Exception: org.apache.http.conn.HttpHostConnectException: Connect to 10.244.2.45:8080 failed: Connection refused
    at org.apache.http.impl.conn.DefaultHttpClientConnectionOperator.connect(DefaultHttpClientConnectionOperator.java:159)
    at org.apache.http.impl.conn.PoolingHttpClientConnectionManager.connect(PoolingHttpClientConnectionManager.java:376)

2026-08-30T19:12:07.951736Z ERROR [KafkaConsumer-30] payment_gateway.kafka - Kafka Consumer Lag Critical: Topic 'payment-events' partition 0 lag is 57177.

2026-08-30T19:12:19.998681Z CRITICAL [PaymentWorker-24] payment_gateway.processor - Payment transaction tx_36058 failed with HTTP 502 Bad Gateway.
  Request Context: {"amount": 187, "currency": "USD", "gateway": "Stripe-v2", "attempt": 3}
  Exception: org.apache.http.conn.HttpHostConnectException: Connect to 10.244.2.45:8080 failed: Connection refused
    at org.apache.http.impl.conn.DefaultHttpClientConnectionOperator.connect(DefaultHttpClientConnectionOperator.java:159)
    at org.apache.http.impl.conn.PoolingHttpClientConnectionManager.connect(PoolingHttpClientConnectionManager.java:376)

2026-08-30T19:12:32.033572Z ERROR [KafkaConsumer-54] payment_gateway.kafka - Kafka Consumer Lag Critical: Topic 'payment-events' partition 0 lag is 77221.

2026-08-30T19:12:47.062158Z CRITICAL [PaymentWorker-62] payment_gateway.processor - Payment transaction tx_96255 failed with HTTP 502 Bad Gateway.
  Request Context: {"amount": 137, "currency": "USD", "gateway": "Stripe-v2", "attempt": 3}
  Exception: org.apache.http.conn.HttpHostConnectException: Connect to 10.244.2.45:8080 failed: Connection refused
    at org.apache.http.impl.conn.DefaultHttpClientConnectionOperator.connect(DefaultHttpClientConnectionOperator.java:159)
    at org.apache.http.impl.conn.PoolingHttpClientConnectionManager.connect(PoolingHttpClientConnectionManager.java:376)

2026-08-30T19:12:53.087857Z ERROR [KafkaConsumer-47] payment_gateway.kafka - Kafka Consumer Lag Critical: Topic 'payment-events' partition 1 lag is 47424.

2026-08-30T19:12:59.100324Z ERROR [KafkaConsumer-91] payment_gateway.kafka - Kafka Consumer Lag Critical: Topic 'payment-events' partition 3 lag is 52008.

2026-08-30T19:13:02.115506Z CRITICAL [PaymentWorker-33] payment_gateway.processor - Payment transaction tx_81558 failed with HTTP 502 Bad Gateway.
  Request Context: {"amount": 143, "currency": "USD", "gateway": "Stripe-v2", "attempt": 3}
  Exception: org.apache.http.conn.HttpHostConnectException: Connect to 10.244.2.45:8080 failed: Connection refused
    at org.apache.http.impl.conn.DefaultHttpClientConnectionOperator.connect(DefaultHttpClientConnectionOperator.java:159)
    at org.apache.http.impl.conn.PoolingHttpClientConnectionManager.connect(PoolingHttpClientConnectionManager.java:376)

2026-08-30T19:13:05.121457Z ERROR [KafkaConsumer-65] payment_gateway.kafka - Kafka Consumer Lag Critical: Topic 'payment-events' partition 0 lag is 44896.

2026-08-30T19:13:08.126824Z ERROR [KafkaConsumer-85] payment_gateway.kafka - Kafka Consumer Lag Critical: Topic 'payment-events' partition 1 lag is 49006.

2026-08-30T19:13:14.141786Z CRITICAL [PaymentWorker-20] payment_gateway.processor - Payment transaction tx_21010 failed with HTTP 502 Bad Gateway.
  Request Context: {"amount": 264, "currency": "USD", "gateway": "Stripe-v2", "attempt": 3}
  Exception: org.apache.http.conn.HttpHostConnectException: Connect to 10.244.2.45:8080 failed: Connection refused
    at org.apache.http.impl.conn.DefaultHttpClientConnectionOperator.connect(DefaultHttpClientConnectionOperator.java:159)
    at org.apache.http.impl.conn.PoolingHttpClientConnectionManager.connect(PoolingHttpClientConnectionManager.java:376)

2026-08-30T19:13:26.182978Z CRITICAL [PaymentWorker-64] payment_gateway.processor - Payment transaction tx_15971 failed with HTTP 502 Bad Gateway.
  Request Context: {"amount": 362, "currency": "USD", "gateway": "Stripe-v2", "attempt": 3}
  Exception: org.apache.http.conn.HttpHostConnectException: Connect to 10.244.2.45:8080 failed: Connection refused
    at org.apache.http.impl.conn.DefaultHttpClientConnectionOperator.connect(DefaultHttpClientConnectionOperator.java:159)
    at org.apache.http.impl.conn.PoolingHttpClientConnectionManager.connect(PoolingHttpClientConnectionManager.java:376)

2026-08-30T19:13:29.193213Z CRITICAL [PaymentWorker-72] payment_gateway.processor - Payment transaction tx_41513 failed with HTTP 502 Bad Gateway.
  Request Context: {"amount": 393, "currency": "USD", "gateway": "Stripe-v2", "attempt": 3}
  Exception: org.apache.http.conn.HttpHostConnectException: Connect to 10.244.2.45:8080 failed: Connection refused
    at org.apache.http.impl.conn.DefaultHttpClientConnectionOperator.connect(DefaultHttpClientConnectionOperator.java:159)
    at org.apache.http.impl.conn.PoolingHttpClientConnectionManager.connect(PoolingHttpClientConnectionManager.java:376)

2026-08-30T19:13:32.199074Z ERROR [KafkaConsumer-20] payment_gateway.kafka - Kafka Consumer Lag Critical: Topic 'payment-events' partition 3 lag is 71586.

2026-08-30T19:13:38.218964Z CRITICAL [PaymentWorker-67] payment_gateway.processor - Payment transaction tx_49674 failed with HTTP 502 Bad Gateway.
  Request Context: {"amount": 139, "currency": "USD", "gateway": "Stripe-v2", "attempt": 3}
  Exception: org.apache.http.conn.HttpHostConnectException: Connect to 10.244.2.45:8080 failed: Connection refused
    at org.apache.http.impl.conn.DefaultHttpClientConnectionOperator.connect(DefaultHttpClientConnectionOperator.java:159)
    at org.apache.http.impl.conn.PoolingHttpClientConnectionManager.connect(PoolingHttpClientConnectionManager.java:376)

2026-08-30T19:13:44.238912Z ERROR [KafkaConsumer-91] payment_gateway.kafka - Kafka Consumer Lag Critical: Topic 'payment-events' partition 2 lag is 47542.

2026-08-30T19:14:08.301538Z CRITICAL [PaymentWorker-23] payment_gateway.processor - Payment transaction tx_18406 failed with HTTP 502 Bad Gateway.
  Request Context: {"amount": 53, "currency": "USD", "gateway": "Stripe-v2", "attempt": 3}
  Exception: org.apache.http.conn.HttpHostConnectException: Connect to 10.244.2.45:8080 failed: Connection refused
    at org.apache.http.impl.conn.DefaultHttpClientConnectionOperator.connect(DefaultHttpClientConnectionOperator.java:159)
    at org.apache.http.impl.conn.PoolingHttpClientConnectionManager.connect(PoolingHttpClientConnectionManager.java:376)

2026-08-30T19:14:29.368779Z ERROR [KafkaConsumer-60] payment_gateway.kafka - Kafka Consumer Lag Critical: Topic 'payment-events' partition 3 lag is 78677.

2026-08-30T19:14:32.376014Z ERROR [KafkaConsumer-69] payment_gateway.kafka - Kafka Consumer Lag Critical: Topic 'payment-events' partition 2 lag is 79023.

2026-08-30T19:14:38.392502Z ERROR [KafkaConsumer-88] payment_gateway.kafka - Kafka Consumer Lag Critical: Topic 'payment-events' partition 0 lag is 73635.

2026-08-30T19:14:44.406108Z ERROR [KafkaConsumer-72] payment_gateway.kafka - Kafka Consumer Lag Critical: Topic 'payment-events' partition 2 lag is 58219.

2026-08-30T19:14:59.440915Z CRITICAL [PaymentWorker-98] payment_gateway.processor - Payment transaction tx_43727 failed with HTTP 502 Bad Gateway.
  Request Context: {"amount": 269, "currency": "USD", "gateway": "Stripe-v2", "attempt": 3}
  Exception: org.apache.http.conn.HttpHostConnectException: Connect to 10.244.2.45:8080 failed: Connection refused
    at org.apache.http.impl.conn.DefaultHttpClientConnectionOperator.connect(DefaultHttpClientConnectionOperator.java:159)
    at org.apache.http.impl.conn.PoolingHttpClientConnectionManager.connect(PoolingHttpClientConnectionManager.java:376)

2026-08-30T19:15:05.451528Z ERROR [KafkaConsumer-52] payment_gateway.kafka - Kafka Consumer Lag Critical: Topic 'payment-events' partition 2 lag is 48138.

2026-08-30T19:15:14.470787Z ERROR [KafkaConsumer-55] payment_gateway.kafka - Kafka Consumer Lag Critical: Topic 'payment-events' partition 0 lag is 55813.

2026-08-30T19:15:23.487820Z ERROR [KafkaConsumer-60] payment_gateway.kafka - Kafka Consumer Lag Critical: Topic 'payment-events' partition 1 lag is 51079.

2026-08-30T19:15:29.512958Z ERROR [KafkaConsumer-71] payment_gateway.kafka - Kafka Consumer Lag Critical: Topic 'payment-events' partition 2 lag is 65282.

2026-08-30T19:15:35.524100Z ERROR [KafkaConsumer-35] payment_gateway.kafka - Kafka Consumer Lag Critical: Topic 'payment-events' partition 1 lag is 63363.

2026-08-30T19:15:41.545254Z ERROR [KafkaConsumer-88] payment_gateway.kafka - Kafka Consumer Lag Critical: Topic 'payment-events' partition 1 lag is 49395.

2026-08-30T19:15:44.550404Z ERROR [KafkaConsumer-37] payment_gateway.kafka - Kafka Consumer Lag Critical: Topic 'payment-events' partition 3 lag is 46477.

2026-08-30T19:15:50.570312Z ERROR [KafkaConsumer-63] payment_gateway.kafka - Kafka Consumer Lag Critical: Topic 'payment-events' partition 2 lag is 51552.

2026-08-30T19:15:56.581126Z CRITICAL [PaymentWorker-69] payment_gateway.processor - Payment transaction tx_99136 failed with HTTP 502 Bad Gateway.
  Request Context: {"amount": 282, "currency": "USD", "gateway": "Stripe-v2", "attempt": 3}
  Exception: org.apache.http.conn.HttpHostConnectException: Connect to 10.244.2.45:8080 failed: Connection refused
    at org.apache.http.impl.conn.DefaultHttpClientConnectionOperator.connect(DefaultHttpClientConnectionOperator.java:159)
    at org.apache.http.impl.conn.PoolingHttpClientConnectionManager.connect(PoolingHttpClientConnectionManager.java:376)

2026-08-30T19:16:14.636181Z ERROR [KafkaConsumer-42] payment_gateway.kafka - Kafka Consumer Lag Critical: Topic 'payment-events' partition 1 lag is 45866.

2026-08-30T19:16:29.664679Z ERROR [KafkaConsumer-21] payment_gateway.kafka - Kafka Consumer Lag Critical: Topic 'payment-events' partition 0 lag is 71663.

2026-08-30T19:16:35.676859Z ERROR [KafkaConsumer-16] payment_gateway.kafka - Kafka Consumer Lag Critical: Topic 'payment-events' partition 2 lag is 72686.

2026-08-30T19:16:44.701197Z CRITICAL [PaymentWorker-97] payment_gateway.processor - Payment transaction tx_68801 failed with HTTP 502 Bad Gateway.
  Request Context: {"amount": 473, "currency": "USD", "gateway": "Stripe-v2", "attempt": 3}
  Exception: org.apache.http.conn.HttpHostConnectException: Connect to 10.244.2.45:8080 failed: Connection refused
    at org.apache.http.impl.conn.DefaultHttpClientConnectionOperator.connect(DefaultHttpClientConnectionOperator.java:159)
    at org.apache.http.impl.conn.PoolingHttpClientConnectionManager.connect(PoolingHttpClientConnectionManager.java:376)

2026-08-30T19:16:47.706499Z ERROR [KafkaConsumer-48] payment_gateway.kafka - Kafka Consumer Lag Critical: Topic 'payment-events' partition 2 lag is 77164.

2026-08-30T19:16:59.733771Z CRITICAL [PaymentWorker-90] payment_gateway.processor - Payment transaction tx_71441 failed with HTTP 502 Bad Gateway.
  Request Context: {"amount": 132, "currency": "USD", "gateway": "Stripe-v2", "attempt": 3}
  Exception: org.apache.http.conn.HttpHostConnectException: Connect to 10.244.2.45:8080 failed: Connection refused
    at org.apache.http.impl.conn.DefaultHttpClientConnectionOperator.connect(DefaultHttpClientConnectionOperator.java:159)
    at org.apache.http.impl.conn.PoolingHttpClientConnectionManager.connect(PoolingHttpClientConnectionManager.java:376)

2026-08-30T19:17:08.759749Z CRITICAL [PaymentWorker-30] payment_gateway.processor - Payment transaction tx_72525 failed with HTTP 502 Bad Gateway.
  Request Context: {"amount": 51, "currency": "USD", "gateway": "Stripe-v2", "attempt": 3}
  Exception: org.apache.http.conn.HttpHostConnectException: Connect to 10.244.2.45:8080 failed: Connection refused
    at org.apache.http.impl.conn.DefaultHttpClientConnectionOperator.connect(DefaultHttpClientConnectionOperator.java:159)
    at org.apache.http.impl.conn.PoolingHttpClientConnectionManager.connect(PoolingHttpClientConnectionManager.java:376)

2026-08-30T19:17:23.817156Z ERROR [KafkaConsumer-12] payment_gateway.kafka - Kafka Consumer Lag Critical: Topic 'payment-events' partition 0 lag is 65638.

2026-08-30T19:17:26.832188Z ERROR [KafkaConsumer-19] payment_gateway.kafka - Kafka Consumer Lag Critical: Topic 'payment-events' partition 3 lag is 40601.

2026-08-30T19:17:32.843472Z ERROR [KafkaConsumer-59] payment_gateway.kafka - Kafka Consumer Lag Critical: Topic 'payment-events' partition 0 lag is 42346.

2026-08-30T19:17:35.848855Z CRITICAL [PaymentWorker-71] payment_gateway.processor - Payment transaction tx_32703 failed with HTTP 502 Bad Gateway.
  Request Context: {"amount": 93, "currency": "USD", "gateway": "Stripe-v2", "attempt": 3}
  Exception: org.apache.http.conn.HttpHostConnectException: Connect to 10.244.2.45:8080 failed: Connection refused
    at org.apache.http.impl.conn.DefaultHttpClientConnectionOperator.connect(DefaultHttpClientConnectionOperator.java:159)
    at org.apache.http.impl.conn.PoolingHttpClientConnectionManager.connect(PoolingHttpClientConnectionManager.java:376)

2026-08-30T19:17:44.864662Z ERROR [KafkaConsumer-33] payment_gateway.kafka - Kafka Consumer Lag Critical: Topic 'payment-events' partition 1 lag is 56559.

2026-08-30T19:17:47.870880Z CRITICAL [PaymentWorker-49] payment_gateway.processor - Payment transaction tx_30222 failed with HTTP 502 Bad Gateway.
  Request Context: {"amount": 137, "currency": "USD", "gateway": "Stripe-v2", "attempt": 3}
  Exception: org.apache.http.conn.HttpHostConnectException: Connect to 10.244.2.45:8080 failed: Connection refused
    at org.apache.http.impl.conn.DefaultHttpClientConnectionOperator.connect(DefaultHttpClientConnectionOperator.java:159)
    at org.apache.http.impl.conn.PoolingHttpClientConnectionManager.connect(PoolingHttpClientConnectionManager.java:376)

2026-08-30T19:17:50.880908Z CRITICAL [PaymentWorker-43] payment_gateway.processor - Payment transaction tx_81024 failed with HTTP 502 Bad Gateway.
  Request Context: {"amount": 274, "currency": "USD", "gateway": "Stripe-v2", "attempt": 3}
  Exception: org.apache.http.conn.HttpHostConnectException: Connect to 10.244.2.45:8080 failed: Connection refused
    at org.apache.http.impl.conn.DefaultHttpClientConnectionOperator.connect(DefaultHttpClientConnectionOperator.java:159)
    at org.apache.http.impl.conn.PoolingHttpClientConnectionManager.connect(PoolingHttpClientConnectionManager.java:376)

2026-08-30T19:17:59.897079Z ERROR [KafkaConsumer-57] payment_gateway.kafka - Kafka Consumer Lag Critical: Topic 'payment-events' partition 0 lag is 42317.

2026-08-30T19:18:02.902676Z CRITICAL [PaymentWorker-42] payment_gateway.processor - Payment transaction tx_89887 failed with HTTP 502 Bad Gateway.
  Request Context: {"amount": 396, "currency": "USD", "gateway": "Stripe-v2", "attempt": 3}
  Exception: org.apache.http.conn.HttpHostConnectException: Connect to 10.244.2.45:8080 failed: Connection refused
    at org.apache.http.impl.conn.DefaultHttpClientConnectionOperator.connect(DefaultHttpClientConnectionOperator.java:159)
    at org.apache.http.impl.conn.PoolingHttpClientConnectionManager.connect(PoolingHttpClientConnectionManager.java:376)

2026-08-30T19:18:14.925679Z CRITICAL [PaymentWorker-85] payment_gateway.processor - Payment transaction tx_11380 failed with HTTP 502 Bad Gateway.
  Request Context: {"amount": 12, "currency": "USD", "gateway": "Stripe-v2", "attempt": 3}
  Exception: org.apache.http.conn.HttpHostConnectException: Connect to 10.244.2.45:8080 failed: Connection refused
    at org.apache.http.impl.conn.DefaultHttpClientConnectionOperator.connect(DefaultHttpClientConnectionOperator.java:159)
    at org.apache.http.impl.conn.PoolingHttpClientConnectionManager.connect(PoolingHttpClientConnectionManager.java:376)

2026-08-30T19:18:23.942559Z ERROR [KafkaConsumer-30] payment_gateway.kafka - Kafka Consumer Lag Critical: Topic 'payment-events' partition 2 lag is 70323.

2026-08-30T19:18:26.957890Z CRITICAL [PaymentWorker-46] payment_gateway.processor - Payment transaction tx_82425 failed with HTTP 502 Bad Gateway.
  Request Context: {"amount": 218, "currency": "USD", "gateway": "Stripe-v2", "attempt": 3}
  Exception: org.apache.http.conn.HttpHostConnectException: Connect to 10.244.2.45:8080 failed: Connection refused
    at org.apache.http.impl.conn.DefaultHttpClientConnectionOperator.connect(DefaultHttpClientConnectionOperator.java:159)
    at org.apache.http.impl.conn.PoolingHttpClientConnectionManager.connect(PoolingHttpClientConnectionManager.java:376)

2026-08-30T19:18:41.985281Z ERROR [KafkaConsumer-62] payment_gateway.kafka - Kafka Consumer Lag Critical: Topic 'payment-events' partition 2 lag is 64871.

2026-08-30T19:18:54.008171Z ERROR [KafkaConsumer-93] payment_gateway.kafka - Kafka Consumer Lag Critical: Topic 'payment-events' partition 1 lag is 55119.

2026-08-30T19:19:03.024378Z ERROR [KafkaConsumer-43] payment_gateway.kafka - Kafka Consumer Lag Critical: Topic 'payment-events' partition 1 lag is 57636.

2026-08-30T19:19:12.040734Z CRITICAL [PaymentWorker-64] payment_gateway.processor - Payment transaction tx_12305 failed with HTTP 502 Bad Gateway.
  Request Context: {"amount": 29, "currency": "USD", "gateway": "Stripe-v2", "attempt": 3}
  Exception: org.apache.http.conn.HttpHostConnectException: Connect to 10.244.2.45:8080 failed: Connection refused
    at org.apache.http.impl.conn.DefaultHttpClientConnectionOperator.connect(DefaultHttpClientConnectionOperator.java:159)
    at org.apache.http.impl.conn.PoolingHttpClientConnectionManager.connect(PoolingHttpClientConnectionManager.java:376)

2026-08-30T19:19:39.093729Z ERROR [KafkaConsumer-53] payment_gateway.kafka - Kafka Consumer Lag Critical: Topic 'payment-events' partition 3 lag is 55625.

2026-08-30T19:19:48.110212Z CRITICAL [PaymentWorker-43] payment_gateway.processor - Payment transaction tx_68069 failed with HTTP 502 Bad Gateway.
  Request Context: {"amount": 495, "currency": "USD", "gateway": "Stripe-v2", "attempt": 3}
  Exception: org.apache.http.conn.HttpHostConnectException: Connect to 10.244.2.45:8080 failed: Connection refused
    at org.apache.http.impl.conn.DefaultHttpClientConnectionOperator.connect(DefaultHttpClientConnectionOperator.java:159)
    at org.apache.http.impl.conn.PoolingHttpClientConnectionManager.connect(PoolingHttpClientConnectionManager.java:376)

2026-08-30T19:20:09.155375Z CRITICAL [PaymentWorker-54] payment_gateway.processor - Payment transaction tx_20130 failed with HTTP 502 Bad Gateway.
  Request Context: {"amount": 184, "currency": "USD", "gateway": "Stripe-v2", "attempt": 3}
  Exception: org.apache.http.conn.HttpHostConnectException: Connect to 10.244.2.45:8080 failed: Connection refused
    at org.apache.http.impl.conn.DefaultHttpClientConnectionOperator.connect(DefaultHttpClientConnectionOperator.java:159)
    at org.apache.http.impl.conn.PoolingHttpClientConnectionManager.connect(PoolingHttpClientConnectionManager.java:376)

2026-08-30T19:20:18.202317Z ERROR [KafkaConsumer-21] payment_gateway.kafka - Kafka Consumer Lag Critical: Topic 'payment-events' partition 0 lag is 79929.

2026-08-30T19:20:48.369363Z CRITICAL [PaymentWorker-70] payment_gateway.processor - Payment transaction tx_30885 failed with HTTP 502 Bad Gateway.
  Request Context: {"amount": 487, "currency": "USD", "gateway": "Stripe-v2", "attempt": 3}
  Exception: org.apache.http.conn.HttpHostConnectException: Connect to 10.244.2.45:8080 failed: Connection refused
    at org.apache.http.impl.conn.DefaultHttpClientConnectionOperator.connect(DefaultHttpClientConnectionOperator.java:159)
    at org.apache.http.impl.conn.PoolingHttpClientConnectionManager.connect(PoolingHttpClientConnectionManager.java:376)

2026-08-30T19:21:00.393878Z ERROR [KafkaConsumer-55] payment_gateway.kafka - Kafka Consumer Lag Critical: Topic 'payment-events' partition 0 lag is 55679.

2026-08-30T19:21:06.405065Z ERROR [KafkaConsumer-41] payment_gateway.kafka - Kafka Consumer Lag Critical: Topic 'payment-events' partition 1 lag is 53109.

2026-08-30T19:21:12.417060Z CRITICAL [PaymentWorker-48] payment_gateway.processor - Payment transaction tx_79925 failed with HTTP 502 Bad Gateway.
  Request Context: {"amount": 450, "currency": "USD", "gateway": "Stripe-v2", "attempt": 3}
  Exception: org.apache.http.conn.HttpHostConnectException: Connect to 10.244.2.45:8080 failed: Connection refused
    at org.apache.http.impl.conn.DefaultHttpClientConnectionOperator.connect(DefaultHttpClientConnectionOperator.java:159)
    at org.apache.http.impl.conn.PoolingHttpClientConnectionManager.connect(PoolingHttpClientConnectionManager.java:376)

2026-08-30T19:21:18.445441Z CRITICAL [PaymentWorker-63] payment_gateway.processor - Payment transaction tx_63438 failed with HTTP 502 Bad Gateway.
  Request Context: {"amount": 26, "currency": "USD", "gateway": "Stripe-v2", "attempt": 3}
  Exception: org.apache.http.conn.HttpHostConnectException: Connect to 10.244.2.45:8080 failed: Connection refused
    at org.apache.http.impl.conn.DefaultHttpClientConnectionOperator.connect(DefaultHttpClientConnectionOperator.java:159)
    at org.apache.http.impl.conn.PoolingHttpClientConnectionManager.connect(PoolingHttpClientConnectionManager.java:376)

2026-08-30T19:21:21.451453Z ERROR [KafkaConsumer-78] payment_gateway.kafka - Kafka Consumer Lag Critical: Topic 'payment-events' partition 3 lag is 54691.

2026-08-30T19:21:27.472506Z CRITICAL [PaymentWorker-42] payment_gateway.processor - Payment transaction tx_57280 failed with HTTP 502 Bad Gateway.
  Request Context: {"amount": 309, "currency": "USD", "gateway": "Stripe-v2", "attempt": 3}
  Exception: org.apache.http.conn.HttpHostConnectException: Connect to 10.244.2.45:8080 failed: Connection refused
    at org.apache.http.impl.conn.DefaultHttpClientConnectionOperator.connect(DefaultHttpClientConnectionOperator.java:159)
    at org.apache.http.impl.conn.PoolingHttpClientConnectionManager.connect(PoolingHttpClientConnectionManager.java:376)

2026-08-30T19:21:39.504435Z CRITICAL [PaymentWorker-85] payment_gateway.processor - Payment transaction tx_37567 failed with HTTP 502 Bad Gateway.
  Request Context: {"amount": 56, "currency": "USD", "gateway": "Stripe-v2", "attempt": 3}
  Exception: org.apache.http.conn.HttpHostConnectException: Connect to 10.244.2.45:8080 failed: Connection refused
    at org.apache.http.impl.conn.DefaultHttpClientConnectionOperator.connect(DefaultHttpClientConnectionOperator.java:159)
    at org.apache.http.impl.conn.PoolingHttpClientConnectionManager.connect(PoolingHttpClientConnectionManager.java:376)

2026-08-30T19:21:51.599436Z ERROR [KafkaConsumer-15] payment_gateway.kafka - Kafka Consumer Lag Critical: Topic 'payment-events' partition 3 lag is 66822.

2026-08-30T19:22:03.638230Z ERROR [KafkaConsumer-56] payment_gateway.kafka - Kafka Consumer Lag Critical: Topic 'payment-events' partition 0 lag is 66115.

2026-08-30T19:22:21.686203Z ERROR [KafkaConsumer-69] payment_gateway.kafka - Kafka Consumer Lag Critical: Topic 'payment-events' partition 3 lag is 64020.

2026-08-30T19:22:30.713481Z ERROR [KafkaConsumer-80] payment_gateway.kafka - Kafka Consumer Lag Critical: Topic 'payment-events' partition 3 lag is 45103.

2026-08-30T19:22:39.738219Z ERROR [KafkaConsumer-86] payment_gateway.kafka - Kafka Consumer Lag Critical: Topic 'payment-events' partition 0 lag is 47293.

2026-08-30T19:22:51.762567Z CRITICAL [PaymentWorker-77] payment_gateway.processor - Payment transaction tx_23275 failed with HTTP 502 Bad Gateway.
  Request Context: {"amount": 397, "currency": "USD", "gateway": "Stripe-v2", "attempt": 3}
  Exception: org.apache.http.conn.HttpHostConnectException: Connect to 10.244.2.45:8080 failed: Connection refused
    at org.apache.http.impl.conn.DefaultHttpClientConnectionOperator.connect(DefaultHttpClientConnectionOperator.java:159)
    at org.apache.http.impl.conn.PoolingHttpClientConnectionManager.connect(PoolingHttpClientConnectionManager.java:376)

2026-08-30T19:23:00.784397Z ERROR [KafkaConsumer-86] payment_gateway.kafka - Kafka Consumer Lag Critical: Topic 'payment-events' partition 2 lag is 63537.

2026-08-30T19:23:27.863548Z ERROR [KafkaConsumer-70] payment_gateway.kafka - Kafka Consumer Lag Critical: Topic 'payment-events' partition 0 lag is 58693.

2026-08-30T19:23:33.874174Z CRITICAL [PaymentWorker-52] payment_gateway.processor - Payment transaction tx_97471 failed with HTTP 502 Bad Gateway.
  Request Context: {"amount": 301, "currency": "USD", "gateway": "Stripe-v2", "attempt": 3}
  Exception: org.apache.http.conn.HttpHostConnectException: Connect to 10.244.2.45:8080 failed: Connection refused
    at org.apache.http.impl.conn.DefaultHttpClientConnectionOperator.connect(DefaultHttpClientConnectionOperator.java:159)
    at org.apache.http.impl.conn.PoolingHttpClientConnectionManager.connect(PoolingHttpClientConnectionManager.java:376)

2026-08-30T19:23:39.884970Z ERROR [KafkaConsumer-49] payment_gateway.kafka - Kafka Consumer Lag Critical: Topic 'payment-events' partition 2 lag is 59939.

2026-08-30T19:23:42.898674Z CRITICAL [PaymentWorker-46] payment_gateway.processor - Payment transaction tx_65258 failed with HTTP 502 Bad Gateway.
  Request Context: {"amount": 136, "currency": "USD", "gateway": "Stripe-v2", "attempt": 3}
  Exception: org.apache.http.conn.HttpHostConnectException: Connect to 10.244.2.45:8080 failed: Connection refused
    at org.apache.http.impl.conn.DefaultHttpClientConnectionOperator.connect(DefaultHttpClientConnectionOperator.java:159)
    at org.apache.http.impl.conn.PoolingHttpClientConnectionManager.connect(PoolingHttpClientConnectionManager.java:376)

2026-08-30T19:24:00.939422Z CRITICAL [PaymentWorker-20] payment_gateway.processor - Payment transaction tx_58786 failed with HTTP 502 Bad Gateway.
  Request Context: {"amount": 318, "currency": "USD", "gateway": "Stripe-v2", "attempt": 3}
  Exception: org.apache.http.conn.HttpHostConnectException: Connect to 10.244.2.45:8080 failed: Connection refused
    at org.apache.http.impl.conn.DefaultHttpClientConnectionOperator.connect(DefaultHttpClientConnectionOperator.java:159)
    at org.apache.http.impl.conn.PoolingHttpClientConnectionManager.connect(PoolingHttpClientConnectionManager.java:376)

2026-08-30T19:24:12.969616Z CRITICAL [PaymentWorker-51] payment_gateway.processor - Payment transaction tx_54113 failed with HTTP 502 Bad Gateway.
  Request Context: {"amount": 466, "currency": "USD", "gateway": "Stripe-v2", "attempt": 3}
  Exception: org.apache.http.conn.HttpHostConnectException: Connect to 10.244.2.45:8080 failed: Connection refused
    at org.apache.http.impl.conn.DefaultHttpClientConnectionOperator.connect(DefaultHttpClientConnectionOperator.java:159)
    at org.apache.http.impl.conn.PoolingHttpClientConnectionManager.connect(PoolingHttpClientConnectionManager.java:376)

2026-08-30T19:24:16.002237Z CRITICAL [PaymentWorker-35] payment_gateway.processor - Payment transaction tx_93126 failed with HTTP 502 Bad Gateway.
  Request Context: {"amount": 154, "currency": "USD", "gateway": "Stripe-v2", "attempt": 3}
  Exception: org.apache.http.conn.HttpHostConnectException: Connect to 10.244.2.45:8080 failed: Connection refused
    at org.apache.http.impl.conn.DefaultHttpClientConnectionOperator.connect(DefaultHttpClientConnectionOperator.java:159)
    at org.apache.http.impl.conn.PoolingHttpClientConnectionManager.connect(PoolingHttpClientConnectionManager.java:376)

2026-08-30T19:24:19.007490Z ERROR [KafkaConsumer-45] payment_gateway.kafka - Kafka Consumer Lag Critical: Topic 'payment-events' partition 0 lag is 72020.

2026-08-30T19:24:22.013021Z ERROR [KafkaConsumer-31] payment_gateway.kafka - Kafka Consumer Lag Critical: Topic 'payment-events' partition 0 lag is 54642.

2026-08-30T19:24:25.018166Z ERROR [KafkaConsumer-69] payment_gateway.kafka - Kafka Consumer Lag Critical: Topic 'payment-events' partition 3 lag is 52493.

2026-08-30T19:24:31.029004Z ERROR [KafkaConsumer-49] payment_gateway.kafka - Kafka Consumer Lag Critical: Topic 'payment-events' partition 1 lag is 41259.

2026-08-30T19:24:37.039653Z ERROR [KafkaConsumer-85] payment_gateway.kafka - Kafka Consumer Lag Critical: Topic 'payment-events' partition 0 lag is 44778.

2026-08-30T19:24:43.233841Z CRITICAL [PaymentWorker-64] payment_gateway.processor - Payment transaction tx_37296 failed with HTTP 502 Bad Gateway.
  Request Context: {"amount": 267, "currency": "USD", "gateway": "Stripe-v2", "attempt": 3}
  Exception: org.apache.http.conn.HttpHostConnectException: Connect to 10.244.2.45:8080 failed: Connection refused
    at org.apache.http.impl.conn.DefaultHttpClientConnectionOperator.connect(DefaultHttpClientConnectionOperator.java:159)
    at org.apache.http.impl.conn.PoolingHttpClientConnectionManager.connect(PoolingHttpClientConnectionManager.java:376)

2026-08-30T19:24:55.259513Z CRITICAL [PaymentWorker-12] payment_gateway.processor - Payment transaction tx_14718 failed with HTTP 502 Bad Gateway.
  Request Context: {"amount": 316, "currency": "USD", "gateway": "Stripe-v2", "attempt": 3}
  Exception: org.apache.http.conn.HttpHostConnectException: Connect to 10.244.2.45:8080 failed: Connection refused
    at org.apache.http.impl.conn.DefaultHttpClientConnectionOperator.connect(DefaultHttpClientConnectionOperator.java:159)
    at org.apache.http.impl.conn.PoolingHttpClientConnectionManager.connect(PoolingHttpClientConnectionManager.java:376)

2026-08-30T19:24:58.265213Z CRITICAL [PaymentWorker-98] payment_gateway.processor - Payment transaction tx_56512 failed with HTTP 502 Bad Gateway.
  Request Context: {"amount": 386, "currency": "USD", "gateway": "Stripe-v2", "attempt": 3}
  Exception: org.apache.http.conn.HttpHostConnectException: Connect to 10.244.2.45:8080 failed: Connection refused
    at org.apache.http.impl.conn.DefaultHttpClientConnectionOperator.connect(DefaultHttpClientConnectionOperator.java:159)
    at org.apache.http.impl.conn.PoolingHttpClientConnectionManager.connect(PoolingHttpClientConnectionManager.java:376)

2026-08-30T19:25:04.276678Z ERROR [KafkaConsumer-73] payment_gateway.kafka - Kafka Consumer Lag Critical: Topic 'payment-events' partition 0 lag is 73443.

2026-08-30T19:25:25.344102Z ERROR [KafkaConsumer-80] payment_gateway.kafka - Kafka Consumer Lag Critical: Topic 'payment-events' partition 0 lag is 59717.

2026-08-30T19:25:37.378589Z ERROR [KafkaConsumer-10] payment_gateway.kafka - Kafka Consumer Lag Critical: Topic 'payment-events' partition 1 lag is 46710.

2026-08-30T19:25:52.416239Z CRITICAL [PaymentWorker-45] payment_gateway.processor - Payment transaction tx_37754 failed with HTTP 502 Bad Gateway.
  Request Context: {"amount": 365, "currency": "USD", "gateway": "Stripe-v2", "attempt": 3}
  Exception: org.apache.http.conn.HttpHostConnectException: Connect to 10.244.2.45:8080 failed: Connection refused
    at org.apache.http.impl.conn.DefaultHttpClientConnectionOperator.connect(DefaultHttpClientConnectionOperator.java:159)
    at org.apache.http.impl.conn.PoolingHttpClientConnectionManager.connect(PoolingHttpClientConnectionManager.java:376)

2026-08-30T19:25:55.424871Z ERROR [KafkaConsumer-44] payment_gateway.kafka - Kafka Consumer Lag Critical: Topic 'payment-events' partition 3 lag is 56419.

2026-08-30T19:26:01.436763Z ERROR [KafkaConsumer-56] payment_gateway.kafka - Kafka Consumer Lag Critical: Topic 'payment-events' partition 2 lag is 65604.

2026-08-30T19:26:13.463290Z ERROR [KafkaConsumer-28] payment_gateway.kafka - Kafka Consumer Lag Critical: Topic 'payment-events' partition 2 lag is 73635.

2026-08-30T19:26:16.476064Z CRITICAL [PaymentWorker-55] payment_gateway.processor - Payment transaction tx_41384 failed with HTTP 502 Bad Gateway.
  Request Context: {"amount": 91, "currency": "USD", "gateway": "Stripe-v2", "attempt": 3}
  Exception: org.apache.http.conn.HttpHostConnectException: Connect to 10.244.2.45:8080 failed: Connection refused
    at org.apache.http.impl.conn.DefaultHttpClientConnectionOperator.connect(DefaultHttpClientConnectionOperator.java:159)
    at org.apache.http.impl.conn.PoolingHttpClientConnectionManager.connect(PoolingHttpClientConnectionManager.java:376)

2026-08-30T19:26:25.498099Z ERROR [KafkaConsumer-69] payment_gateway.kafka - Kafka Consumer Lag Critical: Topic 'payment-events' partition 0 lag is 74861.

2026-08-30T19:26:31.516249Z CRITICAL [PaymentWorker-58] payment_gateway.processor - Payment transaction tx_20506 failed with HTTP 502 Bad Gateway.
  Request Context: {"amount": 91, "currency": "USD", "gateway": "Stripe-v2", "attempt": 3}
  Exception: org.apache.http.conn.HttpHostConnectException: Connect to 10.244.2.45:8080 failed: Connection refused
    at org.apache.http.impl.conn.DefaultHttpClientConnectionOperator.connect(DefaultHttpClientConnectionOperator.java:159)
    at org.apache.http.impl.conn.PoolingHttpClientConnectionManager.connect(PoolingHttpClientConnectionManager.java:376)

2026-08-30T19:26:52.569318Z ERROR [KafkaConsumer-35] payment_gateway.kafka - Kafka Consumer Lag Critical: Topic 'payment-events' partition 2 lag is 68289.

2026-08-30T19:26:55.575818Z ERROR [KafkaConsumer-35] payment_gateway.kafka - Kafka Consumer Lag Critical: Topic 'payment-events' partition 3 lag is 68934.

2026-08-30T19:26:58.581859Z ERROR [KafkaConsumer-23] payment_gateway.kafka - Kafka Consumer Lag Critical: Topic 'payment-events' partition 0 lag is 59723.

2026-08-30T19:27:28.670727Z CRITICAL [PaymentWorker-12] payment_gateway.processor - Payment transaction tx_21778 failed with HTTP 502 Bad Gateway.
  Request Context: {"amount": 238, "currency": "USD", "gateway": "Stripe-v2", "attempt": 3}
  Exception: org.apache.http.conn.HttpHostConnectException: Connect to 10.244.2.45:8080 failed: Connection refused
    at org.apache.http.impl.conn.DefaultHttpClientConnectionOperator.connect(DefaultHttpClientConnectionOperator.java:159)
    at org.apache.http.impl.conn.PoolingHttpClientConnectionManager.connect(PoolingHttpClientConnectionManager.java:376)

2026-08-30T19:27:31.677250Z CRITICAL [PaymentWorker-54] payment_gateway.processor - Payment transaction tx_84704 failed with HTTP 502 Bad Gateway.
  Request Context: {"amount": 43, "currency": "USD", "gateway": "Stripe-v2", "attempt": 3}
  Exception: org.apache.http.conn.HttpHostConnectException: Connect to 10.244.2.45:8080 failed: Connection refused
    at org.apache.http.impl.conn.DefaultHttpClientConnectionOperator.connect(DefaultHttpClientConnectionOperator.java:159)
    at org.apache.http.impl.conn.PoolingHttpClientConnectionManager.connect(PoolingHttpClientConnectionManager.java:376)

2026-08-30T19:27:43.707684Z CRITICAL [PaymentWorker-29] payment_gateway.processor - Payment transaction tx_42125 failed with HTTP 502 Bad Gateway.
  Request Context: {"amount": 448, "currency": "USD", "gateway": "Stripe-v2", "attempt": 3}
  Exception: org.apache.http.conn.HttpHostConnectException: Connect to 10.244.2.45:8080 failed: Connection refused
    at org.apache.http.impl.conn.DefaultHttpClientConnectionOperator.connect(DefaultHttpClientConnectionOperator.java:159)
    at org.apache.http.impl.conn.PoolingHttpClientConnectionManager.connect(PoolingHttpClientConnectionManager.java:376)

2026-08-30T19:27:46.714576Z CRITICAL [PaymentWorker-30] payment_gateway.processor - Payment transaction tx_68696 failed with HTTP 502 Bad Gateway.
  Request Context: {"amount": 448, "currency": "USD", "gateway": "Stripe-v2", "attempt": 3}
  Exception: org.apache.http.conn.HttpHostConnectException: Connect to 10.244.2.45:8080 failed: Connection refused
    at org.apache.http.impl.conn.DefaultHttpClientConnectionOperator.connect(DefaultHttpClientConnectionOperator.java:159)
    at org.apache.http.impl.conn.PoolingHttpClientConnectionManager.connect(PoolingHttpClientConnectionManager.java:376)

2026-08-30T19:27:49.723173Z ERROR [KafkaConsumer-40] payment_gateway.kafka - Kafka Consumer Lag Critical: Topic 'payment-events' partition 3 lag is 73007.

2026-08-30T19:27:52.730015Z ERROR [KafkaConsumer-80] payment_gateway.kafka - Kafka Consumer Lag Critical: Topic 'payment-events' partition 2 lag is 70175.

2026-08-30T19:27:55.761744Z CRITICAL [PaymentWorker-97] payment_gateway.processor - Payment transaction tx_35248 failed with HTTP 502 Bad Gateway.
  Request Context: {"amount": 195, "currency": "USD", "gateway": "Stripe-v2", "attempt": 3}
  Exception: org.apache.http.conn.HttpHostConnectException: Connect to 10.244.2.45:8080 failed: Connection refused
    at org.apache.http.impl.conn.DefaultHttpClientConnectionOperator.connect(DefaultHttpClientConnectionOperator.java:159)
    at org.apache.http.impl.conn.PoolingHttpClientConnectionManager.connect(PoolingHttpClientConnectionManager.java:376)

2026-08-30T19:28:19.907152Z ERROR [KafkaConsumer-43] payment_gateway.kafka - Kafka Consumer Lag Critical: Topic 'payment-events' partition 1 lag is 55387.

2026-08-30T19:28:40.949959Z CRITICAL [PaymentWorker-83] payment_gateway.processor - Payment transaction tx_44384 failed with HTTP 502 Bad Gateway.
  Request Context: {"amount": 433, "currency": "USD", "gateway": "Stripe-v2", "attempt": 3}
  Exception: org.apache.http.conn.HttpHostConnectException: Connect to 10.244.2.45:8080 failed: Connection refused
    at org.apache.http.impl.conn.DefaultHttpClientConnectionOperator.connect(DefaultHttpClientConnectionOperator.java:159)
    at org.apache.http.impl.conn.PoolingHttpClientConnectionManager.connect(PoolingHttpClientConnectionManager.java:376)

2026-08-30T19:28:59.004461Z ERROR [KafkaConsumer-41] payment_gateway.kafka - Kafka Consumer Lag Critical: Topic 'payment-events' partition 1 lag is 40367.

2026-08-30T19:29:11.028681Z CRITICAL [PaymentWorker-14] payment_gateway.processor - Payment transaction tx_70279 failed with HTTP 502 Bad Gateway.
  Request Context: {"amount": 88, "currency": "USD", "gateway": "Stripe-v2", "attempt": 3}
  Exception: org.apache.http.conn.HttpHostConnectException: Connect to 10.244.2.45:8080 failed: Connection refused
    at org.apache.http.impl.conn.DefaultHttpClientConnectionOperator.connect(DefaultHttpClientConnectionOperator.java:159)
    at org.apache.http.impl.conn.PoolingHttpClientConnectionManager.connect(PoolingHttpClientConnectionManager.java:376)

2026-08-30T19:29:47.134966Z ERROR [KafkaConsumer-99] payment_gateway.kafka - Kafka Consumer Lag Critical: Topic 'payment-events' partition 0 lag is 57218.

2026-08-30T19:29:50.141293Z CRITICAL [PaymentWorker-42] payment_gateway.processor - Payment transaction tx_83665 failed with HTTP 502 Bad Gateway.
  Request Context: {"amount": 175, "currency": "USD", "gateway": "Stripe-v2", "attempt": 3}
  Exception: org.apache.http.conn.HttpHostConnectException: Connect to 10.244.2.45:8080 failed: Connection refused
    at org.apache.http.impl.conn.DefaultHttpClientConnectionOperator.connect(DefaultHttpClientConnectionOperator.java:159)
    at org.apache.http.impl.conn.PoolingHttpClientConnectionManager.connect(PoolingHttpClientConnectionManager.java:376)

2026-08-30T19:29:56.152977Z ERROR [KafkaConsumer-20] payment_gateway.kafka - Kafka Consumer Lag Critical: Topic 'payment-events' partition 3 lag is 54828.

2026-08-30T19:29:59.158203Z CRITICAL [PaymentWorker-71] payment_gateway.processor - Payment transaction tx_71004 failed with HTTP 502 Bad Gateway.
  Request Context: {"amount": 122, "currency": "USD", "gateway": "Stripe-v2", "attempt": 3}
  Exception: org.apache.http.conn.HttpHostConnectException: Connect to 10.244.2.45:8080 failed: Connection refused
    at org.apache.http.impl.conn.DefaultHttpClientConnectionOperator.connect(DefaultHttpClientConnectionOperator.java:159)
    at org.apache.http.impl.conn.PoolingHttpClientConnectionManager.connect(PoolingHttpClientConnectionManager.java:376)

